commit f723e4067841ca1c1001ce75de47b3615df0926a
Author:     semantic-release-bot <semantic-release-bot@martynus.net>
AuthorDate: 2025-11-05
Commit:     semantic-release-bot <semantic-release-bot@martynus.net>
CommitDate: 2025-11-05

    chore(release): 1.5.0-dev.27
    
    # [1.5.0-dev.27](https://github.com/Genesis-Technologies-LLC/artistevolve-fe/compare/v1.5.0-dev.26...v1.5.0-dev.27) (2025-11-05)
    
    ### Bug Fixes
    
    * **projects:** Timezone date validation [EVO-2440] ([53a2f3f](https://github.com/Genesis-Technologies-LLC/artistevolve-fe/commit/53a2f3fb51d1cc396135c7e22a040b47b4f1f1fb))

CHANGELOG.md

commit 53a2f3fb51d1cc396135c7e22a040b47b4f1f1fb
Author:     darshanbajgain-sys <darshan.bajgain@inicreatechnologies.com>
AuthorDate: 2025-11-05
Commit:     GitHub <noreply@github.com>
CommitDate: 2025-11-05

    fix(projects): Timezone date validation [EVO-2440]
    
    * refactor(buzzfactoryui): Buzzfactory level progress ui [EVO-2352]
    
    * fix(dashboard): Null data display message [EVO-2043]
    
    * fix(content): Location & privacy prefilled [EVO-2323]
    
    * fix(projects): Timezone date validation [EVO-2440]

app/(dashboard)/dashboard/page.tsx
app/content-publish/content-studio/page.tsx
components/buzz-factory/BadgeProgression.tsx
components/buzz-factory/BuzzFactory.tsx
components/buzz-factory/Level1/Level1Content.tsx
components/buzz-factory/Level2/Level2Content.tsx
components/buzz-factory/Level3/Level3Content.tsx
components/buzz-factory/Level4/Level4Content.tsx
components/buzz-factory/Level5/Level5Content.tsx
components/buzz-factory/components/LevelHeaderCompact.tsx
components/common/Content.tsx
components/common/FollowersGrowthChart.tsx
components/common/hooks/usePostDraft.ts
components/svg/DefaultBadge.tsx
components/svg/LevelIndicatorSvg.tsx
components/tasks/CreateEvent.tsx
components/tasks/CreateTask.tsx
components/tasks/CustomProjectForm.tsx
lib/utils/dateUtils.ts

commit 20cb7d22fce346b434a9ffd3724dac280a255ad5
Author:     semantic-release-bot <semantic-release-bot@martynus.net>
AuthorDate: 2025-11-05
Commit:     semantic-release-bot <semantic-release-bot@martynus.net>
CommitDate: 2025-11-05

    chore(release): 1.5.0-dev.26
    
    # [1.5.0-dev.26](https://github.com/Genesis-Technologies-LLC/artistevolve-fe/compare/v1.5.0-dev.25...v1.5.0-dev.26) (2025-11-05)
    
    ### Bug Fixes
    
    * **tasks:** Task Creation with Project,est&Tag quick edits[EVO-2441] ([7841cad](https://github.com/Genesis-Technologies-LLC/artistevolve-fe/commit/7841cadf675719eff8938d56ef905370a9cc106f))

CHANGELOG.md

commit 7841cadf675719eff8938d56ef905370a9cc106f
Author:     Rajib Shrestha <33756765+Rajibshrestha59@users.noreply.github.com>
AuthorDate: 2025-11-05
Commit:     GitHub <noreply@github.com>
CommitDate: 2025-11-05

    fix(tasks): Task Creation with Project,est&Tag quick edits[EVO-2441]
    
    * fix(bug): Popover edits,timeline ui,tags&date validation fixes[EVO-2338]
    
    * fix(tasks): Fix timeline,added tag,priority across project[EVO-2288]
    
    * fix(tasks): Task Creation with Project,est&Tag quick edits[EVO-2441]
    
    * fix: Fixed any error in linting [EVO-2428]
    
    ---------
    
    Co-authored-by: sans <sanskar.karki@inicreatechnologies.com>

CHANGELOG.md
app/(dashboard)/dashboard/page.tsx
components/common/CurrentProject.tsx
components/common/CurrentProjectSkeleton.tsx
components/common/SocialTasks.tsx
components/common/TaskGroup.tsx
components/common/TaskGroupDashboard.tsx
components/tasks/CreateTask.tsx
components/tasks/DailyTimeline.tsx
components/tasks/ProjectDetailsPopover.tsx
components/tasks/TasksPage.tsx
components/tasks/utils/TagPickerPopover.tsx
components/ui/Toast.tsx
lib/api/tasksApi.ts

commit 97e9e8cf249d605e2369faff0d8b14e00f18cf35
Author:     semantic-release-bot <semantic-release-bot@martynus.net>
AuthorDate: 2025-11-05
Commit:     semantic-release-bot <semantic-release-bot@martynus.net>
CommitDate: 2025-11-05

    chore(release): 1.5.0-dev.25
    
    # [1.5.0-dev.25](https://github.com/Genesis-Technologies-LLC/artistevolve-fe/compare/v1.5.0-dev.24...v1.5.0-dev.25) (2025-11-05)
    
    ### Features
    
    * **chatbot:** Fix race conditions and chat state bugs [EVO-2435] ([67ae7ce](https://github.com/Genesis-Technologies-LLC/artistevolve-fe/commit/67ae7ce76a5f96c9e17fe0af5b6571b58fef0769))

CHANGELOG.md

commit 67ae7ce76a5f96c9e17fe0af5b6571b58fef0769
Author:     Henry Cikanek <cikanekhenry@gmail.com>
AuthorDate: 2025-11-04
Commit:     GitHub <noreply@github.com>
CommitDate: 2025-11-05

    feat(chatbot): Fix race conditions and chat state bugs [EVO-2435]
    
    - Implement smart chat deletion behavior that creates new chat when deleting active conversation
    - Fix race condition where messages appeared in wrong chat during rapid switching
      - Add requestChatIdRef and currentActiveChatIdRef to track chat IDs accurately
      - Conditionally update UI based on current active chat while always saving to history
    - Add background message sync to display completed messages when returning to chat
      - Prevent stale backend data from overwriting newer local messages
      - Sync messages from chatHistory when activeChatId changes
    - Implement instant title updates in sidebar when smart titles arrive from backend
      - Track title changes using refs to trigger conversation list refetch
    - Fix React key prop warning in ChatHistorySidebar by using conversationId with fallbacks
    - Remove manual refetchConversation call to prevent 404 errors on chat deletion
    
    These changes ensure messages persist correctly across chat switches and improve overall UX reliability.

components/chatbot/ArtiChat.tsx
components/chatbot/components/ChatHistorySidebar.tsx
components/chatbot/hooks/useChatActions.ts

commit f83a19c212389bc4cb69bb9e434ffd0ecdec5df7
Author:     semantic-release-bot <semantic-release-bot@martynus.net>
AuthorDate: 2025-11-05
Commit:     semantic-release-bot <semantic-release-bot@martynus.net>
CommitDate: 2025-11-05

    chore(release): 1.5.0-dev.24
    
    # [1.5.0-dev.24](https://github.com/Genesis-Technologies-LLC/artistevolve-fe/compare/v1.5.0-dev.23...v1.5.0-dev.24) (2025-11-05)
    
    ### Bug Fixes
    
    * **metrics:** Show message if no data found, formatting [EVO-2438] ([7c41007](https://github.com/Genesis-Technologies-LLC/artistevolve-fe/commit/7c41007608317fcb7fb98aa59fc5e92471e6cd2f))

CHANGELOG.md

commit 7c41007608317fcb7fb98aa59fc5e92471e6cd2f
Author:     Jacob Stallings <jacobcstallings@icloud.com>
AuthorDate: 2025-11-05
Commit:     GitHub <noreply@github.com>
CommitDate: 2025-11-05

    fix(metrics): Show message if no data found, formatting [EVO-2438]

components/social-streaming/AnalyticsSection.tsx
components/social-streaming/hooks/useSocialAnalyticsApi.ts

commit f9cf6068d480ab7d671e651e1cc12c8f72f3a9ed
Author:     semantic-release-bot <semantic-release-bot@martynus.net>
AuthorDate: 2025-11-04
Commit:     semantic-release-bot <semantic-release-bot@martynus.net>
CommitDate: 2025-11-04

    chore(release): 1.5.0-dev.23
    
    # [1.5.0-dev.23](https://github.com/Genesis-Technologies-LLC/artistevolve-fe/compare/v1.5.0-dev.22...v1.5.0-dev.23) (2025-11-04)
    
    ### Bug Fixes
    
    * **tasks:** Fix timeline,added tag,priority in project [EVO-2288] ([4db8777](https://github.com/Genesis-Technologies-LLC/artistevolve-fe/commit/4db8777576e1f52fe4f3d0f1182c84b24bcbf681))

CHANGELOG.md

commit 4db8777576e1f52fe4f3d0f1182c84b24bcbf681
Author:     Sanskar-Karki01 <sanskar.karki@inicreatechnologies.com>
AuthorDate: 2025-11-04
Commit:     GitHub <noreply@github.com>
CommitDate: 2025-11-04

    fix(tasks): Fix timeline,added tag,priority in project [EVO-2288]
    
    * fix(bug): Popover edits,timeline ui,tags&date validation fixes[EVO-2338]
    
    * fix(tasks): Fix timeline,added tag,priority across project[EVO-2288]

CHANGELOG.md
components/common/Content.tsx
components/common/ContentSkeleton.tsx
components/common/SocialTasks.tsx
components/common/TaskGroup.tsx
components/common/TaskGroupDashboard.tsx
components/common/TimelineChart.tsx
components/svg/TagSvgOutline.tsx
components/tasks/CustomProjectForm.tsx
components/tasks/TasksPage.tsx
components/tasks/bulk-operations/BulkSelectionPopover.tsx
components/tasks/hooks/useTasksPageActions.ts
components/tasks/hooks/useTasksPageState.ts
components/tasks/views/TableView.tsx
components/tasks/views/TimelineView.tsx

commit ce30bde93f1a26023e197d2ec952457b1302f62b
Author:     semantic-release-bot <semantic-release-bot@martynus.net>
AuthorDate: 2025-11-04
Commit:     semantic-release-bot <semantic-release-bot@martynus.net>
CommitDate: 2025-11-04

    chore(release): 1.5.0-dev.22
    
    # [1.5.0-dev.22](https://github.com/Genesis-Technologies-LLC/artistevolve-fe/compare/v1.5.0-dev.21...v1.5.0-dev.22) (2025-11-04)
    
    ### Bug Fixes
    
    * **content:** Content studio profile pic fallback p2 [EVO-2333] ([77433ff](https://github.com/Genesis-Technologies-LLC/artistevolve-fe/commit/77433ff3bbd93601d015597f0cb57dcacd20fab8))

CHANGELOG.md

commit 77433ff3bbd93601d015597f0cb57dcacd20fab8
Author:     Jacob Stallings <jacobcstallings@icloud.com>
AuthorDate: 2025-11-04
Commit:     GitHub <noreply@github.com>
CommitDate: 2025-11-04

    fix(content): Content studio profile pic fallback p2 [EVO-2333]
    
    * fix(content): Add profile icon fallback for socials [EVO-2333]
    
    * fix(content): Content studio profile pic fallback p2 [EVO-2333]

components/common/Socials.tsx
lib/consts.ts
next.config.ts
public/fallback-profile-icon.jpg
public/user-filled.png
public/user.png

commit 6d67e909d90f380e0444d7f67d70f5f9921fb96a
Author:     darshanbajgain-sys <darshan.bajgain@inicreatechnologies.com>
AuthorDate: 2025-11-04
Commit:     GitHub <noreply@github.com>
CommitDate: 2025-11-04

    refactor(content): Payload type and field changed [EVO-2417]
    
    * refactor(dashboard): Follower growth chart [EVO-2043]
    
    * refactor(calendar): Defualt 6 am start time [EVO-2371]
    
    * refactor(content): Location autocomplete, visibility [EVO-2417]
    
    * refactor(projects): Creating project loader [EVO-2395]
    
    * refactor(calender): Copy to all [EVO-2363] [EVO-2362] [EVO-2365]
    
    * refactor(content): Payload type and field changed  [EVO-2417]

app/(dashboard)/calendar/settings/page.tsx
app/content-publish/content-studio/page.tsx
components/common/CalendarSettingsSkeleton.tsx
components/common/ContentDetails.tsx
components/common/FollowersGrowthChart.tsx
components/common/hooks/usePostDraft.ts
components/common/hooks/usePostScheduling.ts
components/social-streaming/hooks/useSocialProgressChartApi.ts
components/tasks/CreateEvent.tsx
components/tasks/CreateProject.tsx
components/ui/TimePicker.tsx
lib/api/types.ts

commit c5f018a91c15a7e21909f178830230fe541b56d0
Author:     semantic-release-bot <semantic-release-bot@martynus.net>
AuthorDate: 2025-11-04
Commit:     semantic-release-bot <semantic-release-bot@martynus.net>
CommitDate: 2025-11-04

    chore(release): 1.5.0-dev.21
    
    # [1.5.0-dev.21](https://github.com/Genesis-Technologies-LLC/artistevolve-fe/compare/v1.5.0-dev.20...v1.5.0-dev.21) (2025-11-04)
    
    ### Bug Fixes
    
    * Change project title in README.md [EVO-2309] ([5d5ea90](https://github.com/Genesis-Technologies-LLC/artistevolve-fe/commit/5d5ea905e4ba750aede85a71d094ef96dc72c4bb))

CHANGELOG.md

commit 5d5ea905e4ba750aede85a71d094ef96dc72c4bb
Author:     Rajib Shrestha <33756765+Rajibshrestha59@users.noreply.github.com>
AuthorDate: 2025-11-04
Commit:     GitHub <noreply@github.com>
CommitDate: 2025-11-04

    fix: Change project title in README.md [EVO-2309]
    
    Updated project title in README.

README.md

commit 0df871095951ac98f311412a8286632af0e171ca
Author:     Rajib Shresth <rajibstha059@gmail.com>
AuthorDate: 2025-11-04
Commit:     Rajib Shresth <rajibstha059@gmail.com>
CommitDate: 2025-11-04

    refactor(chat): Simplify suggestion mapping and improve code [EVO-2309]

components/chatbot/hooks/useChatActions.ts

commit 88278fafe21783d8a798cef72c27f02a8cf72ebf
Author:     semantic-release-bot <semantic-release-bot@martynus.net>
AuthorDate: 2025-11-04
Commit:     semantic-release-bot <semantic-release-bot@martynus.net>
CommitDate: 2025-11-04

    chore(release): 1.5.0-dev.20
    
    # [1.5.0-dev.20](https://github.com/Genesis-Technologies-LLC/artistevolve-fe/compare/v1.5.0-dev.19...v1.5.0-dev.20) (2025-11-04)
    
    ### Bug Fixes
    
    * **chat:** Enable task selection in task mode [EVO-2258] ([f34374f](https://github.com/Genesis-Technologies-LLC/artistevolve-fe/commit/f34374f0cdc6ef98e77f18aa335c2ee57ded6bda))

CHANGELOG.md

commit f34374f0cdc6ef98e77f18aa335c2ee57ded6bda
Author:     Henry Cikanek <cikanekhenry@gmail.com>
AuthorDate: 2025-11-03
Commit:     GitHub <noreply@github.com>
CommitDate: 2025-11-04

    fix(chat): Enable task selection in task mode [EVO-2258]
    
    * feat: Add streaming chat functionality
    
    Implements real-time streaming chat using Server-Sent Events (SSE) for responsive user experience.
    
    Core Implementation:
    - streamChatWithAI function with native fetch API and SSE parsing
    - useStreamingChat hook for managing streaming state and lifecycle
    - Event parsing for data, metadata, done, and error events
    - Intelligent throttling (75ms intervals) for smooth UI updates
    
    User Experience:
    - Real-time text streaming directly to UI
    - Optimized render cycle via callbacks
    - Memoized components preventing unnecessary re-renders
    - Rate-limited UI updates (50ms minimum between renders)
    - Enhanced list detection and rendering
    - Improved message formatting with semantic HTML
    
    Configuration:
    - NEXT_PUBLIC_ENABLE_CHAT_STREAMING: Toggle streaming on/off
    - NEXT_PUBLIC_FALLBACK_TO_NON_STREAMING: Fallback behavior
    - Backward compatible feature flag system
    
    Files Modified:
    - lib/api/aiApi.ts, lib/api/endpoints.ts
    - lib/hooks/useStreamingChat.ts (new)
    - components/chatbot/* (integration and display)
    - types/chatbot.ts
    - docs/STREAMING_CHAT_IMPLEMENTATION.md (new)
    - README.md
    
    Code Quality:
    - Removed debug logs
    - Fixed ESLint warnings
    - Added TypeScript types
    
    Resolves: EVO-2258
    
    * feat(task-mode): Add task generation endpoint [EVO-2258]
    
    * fix(chat): Enable task selection in task mode [EVO-2258]
    
    - Remove React.memo from ChatMessage and MessageRenderer components
      to allow re-renders when task selection state changes
    - Replace failing crypto.randomUUID() with reliable timestamp-based
      ID generator for client-side task identification
    - Fix individual task selection by ensuring each task gets unique _tempId
    - Apply ID generation across all task handlers (streaming, non-streaming,
      and task mode endpoints)
    
    This resolves visual feedback issues where clicking tasks showed no
    selection state changes, and fixes the bug where selecting one task
    would incorrectly select all tasks due to empty/duplicate IDs.
    
    * fix(chat): Improve task UX and add duplicate prevention [EVO-2258]
    
    - Fixed auto-scroll behavior: scrolls during typing, disables after task messages display
    - Fixed task list messages disappearing from chat when tasks are accepted
    - Fixed loading indicator in task mode
    - Fixed old conversation issues: auto-scroll on load and individual task selection
    - Added aiGeneratedTaskId field to ChatTask interface and task creation payload
    - Added debug logging to trace aiGeneratedTaskId through data flow
    - Backend team fixed chatTasksController to return tasks with UUIDs
    
    Files: useChatActions.ts, ArtiChat.tsx, ChatContext.tsx, chatbot.ts
    
    * refactor(chat): Replace isInteractingWithTasks with disableAutoScrollRef
    
    - Removed isInteractingWithTasks state from ChatContext
    - Removed setIsInteractingWithTasks from useChatActions interface
    - Updated auto-scroll logic to rely solely on disableAutoScrollRef
    - Added disableAutoScrollRef support to artichat page
    - Cleaned up @ts-expect-error comments
    
    Simplifies the auto-scroll control mechanism by using a single ref.
    
    [EVO-2258]
    
    * fix(chat): Show loading indicator in task mode
    
    - Added setCurrentTypingMessage(null) at start of handleTaskGenerationTaskMode
    - Added setCurrentTypingMessage(null) at start of handleTaskGenerationNonStreaming
    - Ensures loading indicator displays while waiting for task generation response
    
    Previously, if a previous message had set currentTypingMessage, it would
    prevent the loading indicator from showing due to the condition
    isTyping && !currentTypingMessage evaluating to false.
    
    [EVO-2258]

README.md
app/artichat/page.tsx
components/chatbot/ArtiChat.tsx
components/chatbot/components/ChatMessage.tsx
components/chatbot/components/MessageRenderer.tsx
components/chatbot/context/ChatContext.tsx
components/chatbot/hooks/useChatActions.ts
components/ui/TypingText.tsx
docs/STREAMING_CHAT_IMPLEMENTATION.md
lib/analytics/posthog-client.ts
lib/api/aiApi.ts
lib/api/endpoints.ts
lib/hooks/useChatbot.ts
lib/hooks/useStreamingChat.ts
types/chatbot.ts

commit 75a71a1a3a292475469ddabf2da52aa300c48d0a
Author:     semantic-release-bot <semantic-release-bot@martynus.net>
AuthorDate: 2025-11-03
Commit:     semantic-release-bot <semantic-release-bot@martynus.net>
CommitDate: 2025-11-03

    chore(release): 1.5.0-dev.19
    
    # [1.5.0-dev.19](https://github.com/Genesis-Technologies-LLC/artistevolve-fe/compare/v1.5.0-dev.18...v1.5.0-dev.19) (2025-11-03)
    
    ### Bug Fixes
    
    * **bug:** Popover edits,timeline ui,tags&date validation fixes[EVO-2338] ([d6349e2](https://github.com/Genesis-Technologies-LLC/artistevolve-fe/commit/d6349e2eb321176ff8291ad6ae011202c204efd3))

CHANGELOG.md

commit d6349e2eb321176ff8291ad6ae011202c204efd3
Author:     Sanskar-Karki01 <sanskar.karki@inicreatechnologies.com>
AuthorDate: 2025-11-03
Commit:     GitHub <noreply@github.com>
CommitDate: 2025-11-03

    fix(bug): Popover edits,timeline ui,tags&date validation fixes[EVO-2338]

app/(dashboard)/dashboard/page.tsx
components/common/DayTimeline.tsx
components/common/ProjectProgressCard.tsx
components/common/TimelineChart.tsx
components/common/WeekTimelineCalendar.tsx
components/styles/custom-calendar.css
components/tasks/CustomProjectForm.tsx
components/tasks/ProjectDetailsPopover.tsx
components/tasks/TaskDetailsPopover.tsx
components/tasks/TasksPage.tsx
components/tasks/hooks/useTasksPageActions.ts
components/tasks/hooks/useTasksPageState.ts
components/tasks/utils/projectFiltering.ts
components/tasks/views/TableView.tsx
components/ui/Select.tsx

commit f32c995069cadbb51b1420df95f6602572768b10
Author:     semantic-release-bot <semantic-release-bot@martynus.net>
AuthorDate: 2025-11-03
Commit:     semantic-release-bot <semantic-release-bot@martynus.net>
CommitDate: 2025-11-03

    chore(release): 1.5.0-dev.18
    
    # [1.5.0-dev.18](https://github.com/Genesis-Technologies-LLC/artistevolve-fe/compare/v1.5.0-dev.17...v1.5.0-dev.18) (2025-11-03)
    
    ### Bug Fixes
    
    * **ui:** Drive ui [EVO-2406] [EVO-2405] [EVO-2404] [EVO-2403] ([a1a91d7](https://github.com/Genesis-Technologies-LLC/artistevolve-fe/commit/a1a91d77a4dbce0c2f857cd78608b01e93d5fc28))

CHANGELOG.md

commit a1a91d77a4dbce0c2f857cd78608b01e93d5fc28
Author:     darshanbajgain-sys <darshan.bajgain@inicreatechnologies.com>
AuthorDate: 2025-11-03
Commit:     GitHub <noreply@github.com>
CommitDate: 2025-11-03

    fix(ui): Drive ui [EVO-2406] [EVO-2405] [EVO-2404] [EVO-2403]
    
    * fix(content): Tags prefilled from draft item click [EVO-2323]
    
    * fix(content): Campaign prefilled from draft item [EVO-2323]
    
    * fix(content): Fields rentention and diselect issue [EVO-2336] [EVO-2392]
    
    * fix(projects): Creating indicator on create tasks [EVO-2395]
    
    * fix(ui): Upload asset hover pointer [EVO-2403]
    
    * fix(ui): Drive ui [EVO-2406] [EVO-2405] [EVO-2404] [EVO-2403]

app/content-publish/content-studio/page.tsx
components/common/Calender.tsx
components/common/Content.tsx
components/common/CreatePostForm.tsx
components/common/UploadAssetModal.tsx
components/common/hooks/useContentDetails.ts
components/common/hooks/usePlatformManagement.ts
components/tasks/CreateEvent.tsx
components/tasks/CreateTask.tsx
components/tasks/CustomProjectForm.tsx
components/tasks/SuggestedProjectForm.tsx
lib/api/types.ts
lib/hooks/useGoogleDriveAuth.ts

commit 067be09f3d90c4dc076fe2e3d29abe2f4b04d80a
Author:     semantic-release-bot <semantic-release-bot@martynus.net>
AuthorDate: 2025-11-03
Commit:     semantic-release-bot <semantic-release-bot@martynus.net>
CommitDate: 2025-11-03

    chore(release): 1.5.0-dev.17
    
    # [1.5.0-dev.17](https://github.com/Genesis-Technologies-LLC/artistevolve-fe/compare/v1.5.0-dev.16...v1.5.0-dev.17) (2025-11-03)
    
    ### Features
    
    * **calendar:** Refactor event logic to use queryClient [EVO-2391] ([124ef3c](https://github.com/Genesis-Technologies-LLC/artistevolve-fe/commit/124ef3c3189399f103cfc0debde08ab174ba912c))

CHANGELOG.md

commit 124ef3c3189399f103cfc0debde08ab174ba912c
Author:     Rajib Shrestha <33756765+Rajibshrestha59@users.noreply.github.com>
AuthorDate: 2025-11-03
Commit:     GitHub <noreply@github.com>
CommitDate: 2025-11-03

    feat(calendar): Refactor event logic to use queryClient [EVO-2391]

app/(dashboard)/calendar/page.tsx
app/(dashboard)/dashboard/page.tsx
components/common/components/MetricsGrid.tsx
components/common/components/TrendChart.tsx
components/social-streaming/hooks/useSocialAnalyticsApi.ts
components/tasks/TasksPage.tsx
components/tasks/hooks/useTasksPageActions.ts
lib/api/socialAnalytics.ts
lib/consts.ts
types/types.ts

commit 2f82b573a390ce0a31c62bb741f61abead5cb661
Author:     semantic-release-bot <semantic-release-bot@martynus.net>
AuthorDate: 2025-10-31
Commit:     semantic-release-bot <semantic-release-bot@martynus.net>
CommitDate: 2025-10-31

    chore(release): 1.5.0-dev.16
    
    # [1.5.0-dev.16](https://github.com/Genesis-Technologies-LLC/artistevolve-fe/compare/v1.5.0-dev.15...v1.5.0-dev.16) (2025-10-31)
    
    ### Bug Fixes
    
    * Made location optional [EVO-2305] ([d8f68b1](https://github.com/Genesis-Technologies-LLC/artistevolve-fe/commit/d8f68b1a469f6e6852749e9f502f9796e1c7f5d1))

CHANGELOG.md

commit d8f68b1a469f6e6852749e9f502f9796e1c7f5d1
Author:     Rajib Shrestha <33756765+Rajibshrestha59@users.noreply.github.com>
AuthorDate: 2025-10-31
Commit:     GitHub <noreply@github.com>
CommitDate: 2025-10-31

    fix: Made location optional [EVO-2305]
    
    * feat(calendar): Implement overlapping event layout [EVO-2305]
    
    * fix: Made location optional [EVO-2305]

components/tasks/CreateEvent.tsx

commit 8fd385208407a0a780f5e81f27c1aa4bbfcbd874
Author:     semantic-release-bot <semantic-release-bot@martynus.net>
AuthorDate: 2025-10-31
Commit:     semantic-release-bot <semantic-release-bot@martynus.net>
CommitDate: 2025-10-31

    chore(release): 1.5.0-rc.4
    
    # [1.5.0-rc.4](https://github.com/Genesis-Technologies-LLC/artistevolve-fe/compare/v1.5.0-rc.3...v1.5.0-rc.4) (2025-10-31)
    
    ### Bug Fixes
    
    * **bug:** Inline Task,Project Dropdown,Timeline,quickEdit [EVO-2328] ([ade5616](https://github.com/Genesis-Technologies-LLC/artistevolve-fe/commit/ade56169c0c79d694e4ea14563e38cd6ab751a1a))
    * **bugs:** UI/UX, Functional , Create Post , Timeline , Bulk Action [EVO-2316] ([47c9556](https://github.com/Genesis-Technologies-LLC/artistevolve-fe/commit/47c9556d433ce97fddf49293027630c8ac02bb8c))
    * **content:** Hover added for post setting button [EVO-2319] ([9a54e04](https://github.com/Genesis-Technologies-LLC/artistevolve-fe/commit/9a54e0437dd47b01d86418a6dfba9d7466618f14))
    * **dashboard:** Confirm tasks created Today's Tasks widget [EVO-2041] ([1fd6b12](https://github.com/Genesis-Technologies-LLC/artistevolve-fe/commit/1fd6b122f7551208953844498aee3314e629d97c))
    * **dashboard:** Hover effects on toda's event [EVO-2344] ([fb62e02](https://github.com/Genesis-Technologies-LLC/artistevolve-fe/commit/fb62e02adcbf24a9c41fdd83ddc42ea619dc0602))
    * **dashboard:** Remove limit of 3 on upcoming tasks widget [EVO-2041] ([cd63425](https://github.com/Genesis-Technologies-LLC/artistevolve-fe/commit/cd6342540cb88ca8e2d06fdd7fdde5f4053cbdf3))
    * **dashboard:** Scroll view for today's task [EVO-2307] ([f720160](https://github.com/Genesis-Technologies-LLC/artistevolve-fe/commit/f720160def7a1348fdbb58c3bdc424930d1be146))
    
    ### Features
    
    * **calendar:** Implement overlapping event layout [EVO-2305] ([48f3e98](https://github.com/Genesis-Technologies-LLC/artistevolve-fe/commit/48f3e98a6cf206cb9f6077f7492ec943f29c2464))
    * **social:** Confirm dialog for social unlink [EVO-2291] ([e6f7f65](https://github.com/Genesis-Technologies-LLC/artistevolve-fe/commit/e6f7f656d0bc57120f8d2af6f449e98ddd49eb9f))

CHANGELOG.md

commit 984358a2843019118b243c25fba1c1a0a51677c0
Author:     semantic-release-bot <semantic-release-bot@martynus.net>
AuthorDate: 2025-10-31
Commit:     semantic-release-bot <semantic-release-bot@martynus.net>
CommitDate: 2025-10-31

    chore(release): 1.5.0-dev.15
    
    # [1.5.0-dev.15](https://github.com/Genesis-Technologies-LLC/artistevolve-fe/compare/v1.5.0-dev.14...v1.5.0-dev.15) (2025-10-31)
    
    ### Bug Fixes
    
    * **dashboard:** Hover effects on toda's event [EVO-2344] ([fb62e02](https://github.com/Genesis-Technologies-LLC/artistevolve-fe/commit/fb62e02adcbf24a9c41fdd83ddc42ea619dc0602))

CHANGELOG.md

commit fb62e02adcbf24a9c41fdd83ddc42ea619dc0602
Author:     darshanbajgain-sys <darshan.bajgain@inicreatechnologies.com>
AuthorDate: 2025-10-31
Commit:     GitHub <noreply@github.com>
CommitDate: 2025-10-31

    fix(dashboard): Hover effects on toda's event [EVO-2344]
    
    * fix(content): Multiple media prefilled on draft modal [EVO-2323]
    
    * fix(content): Date and time defualt removed on draft modal [EVO-2323]
    
    * fix(drive): Folder item select and folder icon google drive [EVO-2325]
    
    * fix(drive): Google drive asset validation [EVO-2326]
    
    * fix(campaign): Field validations [EVO-2330]
    
    * fix(content): Content media library upload validation [EVO-2318]
    
    * fix(content): Previously selected removal issue [EVO-2318]
    
    * fix(content): Content fields retention on switch platform [EVO-2336]
    
    * fix(drive): Dimension and Aspect ratio validation [EVO-2340]
    
    * fix(dashboard): Current clickable and  project pop up  [EVO-2341]
    
    * fix(dashboard): Hover effects on toda's event [EVO-2344]

app/content-publish/content-studio/page.tsx
components/common/Calender.tsx
components/common/Content.tsx
components/common/CreateCampaignModal.tsx
components/common/CurrentProject.tsx
components/common/DayTimeline.tsx
components/common/MediaLibrary/SelectedMediaPreview.tsx
components/common/MediaLibraryModal.tsx
components/common/UploadAssetModal.tsx
components/common/hooks/useContentDetails.ts
components/common/hooks/useFileHandling.ts
components/common/hooks/usePlatformManagement.ts
components/styles/custom-calendar.css
components/tasks/ProjectDetailsPopover.tsx
lib/api/cloudStorageApi.ts
lib/hooks/useGoogleDriveAuth.ts
lib/utils/assetValidation.ts

commit 0934c13e5781dda4c423e505479d9e6274f66d05
Author:     semantic-release-bot <semantic-release-bot@martynus.net>
AuthorDate: 2025-10-31
Commit:     semantic-release-bot <semantic-release-bot@martynus.net>
CommitDate: 2025-10-31

    chore(release): 1.5.0-dev.14
    
    # [1.5.0-dev.14](https://github.com/Genesis-Technologies-LLC/artistevolve-fe/compare/v1.5.0-dev.13...v1.5.0-dev.14) (2025-10-31)
    
    ### Bug Fixes
    
    * **bug:** Inline Task,Project Dropdown,Timeline,quickEdit [EVO-2328] ([ade5616](https://github.com/Genesis-Technologies-LLC/artistevolve-fe/commit/ade56169c0c79d694e4ea14563e38cd6ab751a1a))

CHANGELOG.md

commit ade56169c0c79d694e4ea14563e38cd6ab751a1a
Author:     Sanskar-Karki01 <sanskar.karki@inicreatechnologies.com>
AuthorDate: 2025-10-31
Commit:     GitHub <noreply@github.com>
CommitDate: 2025-10-31

    fix(bug): Inline Task,Project Dropdown,Timeline,quickEdit [EVO-2328]
    
    * fix(tasks): Auto-scheduled, timeline and sidebar,quick action[EVO-2272]
    
    * fix(task): Auto-Scheduled Event,Timeline scroll ,Bulk Action[EVO-2292]
    
    * fix(bugs): UI/UX,Functional,CreatePost,Timeline,Bulk Action[EVO-2316]
    
    * fix(bugs): Bulk action,timezone,task,Duedate fixes[EVO-2332]

CHANGELOG.md
app/content-publish/content-studio/page.tsx
components/common/SocialTasks.tsx
components/common/TaskGroup.tsx
components/common/TaskGroupDashboard.tsx
components/common/TimelineChart.tsx
components/svg/DateSvg.tsx
components/tasks/CreateEvent.tsx
components/tasks/CreateModal.tsx
components/tasks/CreateTask.tsx
components/tasks/CustomProjectForm.tsx
components/tasks/ProjectDetailsPopover.tsx
components/tasks/TaskDetailsPopover.tsx
components/tasks/TasksPage.tsx
components/tasks/bulk-operations/BulkSelectionPopover.tsx
components/tasks/hooks/useTasksPageActions.ts
components/tasks/views/TableView.tsx
components/tasks/views/TimelineView.tsx
components/ui/CalendarPicker.tsx
components/ui/Select.tsx
lib/hooks/useTasks.ts
lib/utils/timelineDataTransform.ts

commit 85a1b6b55a5c71215f29c258ce1baeb2ab439987
Author:     semantic-release-bot <semantic-release-bot@martynus.net>
AuthorDate: 2025-10-31
Commit:     semantic-release-bot <semantic-release-bot@martynus.net>
CommitDate: 2025-10-31

    chore(release): 1.5.0-dev.13
    
    # [1.5.0-dev.13](https://github.com/Genesis-Technologies-LLC/artistevolve-fe/compare/v1.5.0-dev.12...v1.5.0-dev.13) (2025-10-31)
    
    ### Features
    
    * **calendar:** Implement overlapping event layout [EVO-2305] ([48f3e98](https://github.com/Genesis-Technologies-LLC/artistevolve-fe/commit/48f3e98a6cf206cb9f6077f7492ec943f29c2464))

CHANGELOG.md

commit 48f3e98a6cf206cb9f6077f7492ec943f29c2464
Author:     Rajib Shrestha <33756765+Rajibshrestha59@users.noreply.github.com>
AuthorDate: 2025-10-31
Commit:     GitHub <noreply@github.com>
CommitDate: 2025-10-31

    feat(calendar): Implement overlapping event layout [EVO-2305]

components/common/DayTimeline.tsx
components/styles/custom-calendar.css

commit fb4372aea02ca716824bb5c927254b1247239416
Author:     semantic-release-bot <semantic-release-bot@martynus.net>
AuthorDate: 2025-10-30
Commit:     semantic-release-bot <semantic-release-bot@martynus.net>
CommitDate: 2025-10-30

    chore(release): 1.5.0-dev.12
    
    # [1.5.0-dev.12](https://github.com/Genesis-Technologies-LLC/artistevolve-fe/compare/v1.5.0-dev.11...v1.5.0-dev.12) (2025-10-30)
    
    ### Bug Fixes
    
    * **dashboard:** Remove limit of 3 on upcoming tasks widget [EVO-2041] ([cd63425](https://github.com/Genesis-Technologies-LLC/artistevolve-fe/commit/cd6342540cb88ca8e2d06fdd7fdde5f4053cbdf3))

CHANGELOG.md

commit cd6342540cb88ca8e2d06fdd7fdde5f4053cbdf3
Author:     Jacob Stallings <jacobcstallings@icloud.com>
AuthorDate: 2025-10-30
Commit:     GitHub <noreply@github.com>
CommitDate: 2025-10-30

    fix(dashboard): Remove limit of 3 on upcoming tasks widget [EVO-2041]

app/(dashboard)/dashboard/page.tsx

commit cf10b2820c249e861374eb7d8c39368ff22c05d7
Author:     semantic-release-bot <semantic-release-bot@martynus.net>
AuthorDate: 2025-10-29
Commit:     semantic-release-bot <semantic-release-bot@martynus.net>
CommitDate: 2025-10-29

    chore(release): 1.5.0-dev.11
    
    # [1.5.0-dev.11](https://github.com/Genesis-Technologies-LLC/artistevolve-fe/compare/v1.5.0-dev.10...v1.5.0-dev.11) (2025-10-29)
    
    ### Bug Fixes
    
    * **bugs:** UI/UX, Functional , Create Post , Timeline , Bulk Action [EVO-2316] ([47c9556](https://github.com/Genesis-Technologies-LLC/artistevolve-fe/commit/47c9556d433ce97fddf49293027630c8ac02bb8c))
    * **content:** Hover added for post setting button [EVO-2319] ([9a54e04](https://github.com/Genesis-Technologies-LLC/artistevolve-fe/commit/9a54e0437dd47b01d86418a6dfba9d7466618f14))
    * **dashboard:** Confirm tasks created Today's Tasks widget [EVO-2041] ([1fd6b12](https://github.com/Genesis-Technologies-LLC/artistevolve-fe/commit/1fd6b122f7551208953844498aee3314e629d97c))

CHANGELOG.md

commit 1fd6b122f7551208953844498aee3314e629d97c
Author:     Jacob Stallings <jacobcstallings@icloud.com>
AuthorDate: 2025-10-29
Commit:     GitHub <noreply@github.com>
CommitDate: 2025-10-29

    fix(dashboard): Confirm tasks created Today's Tasks widget [EVO-2041]

app/(dashboard)/dashboard/page.tsx

commit 9a54e0437dd47b01d86418a6dfba9d7466618f14
Author:     darshanbajgain-sys <darshan.bajgain@inicreatechnologies.com>
AuthorDate: 2025-10-29
Commit:     GitHub <noreply@github.com>
CommitDate: 2025-10-29

    fix(content): Hover added for post setting button [EVO-2319]
    
    * fix(content): Yours tasks ui scrollbale [EVO-2312]
    
    * fix(content): Multiple media upload and selection [EVO-2318]
    
    * fix(content): Hover added for post setting button [EVO-2319]

app/(dashboard)/dashboard/page.tsx
app/content-publish/content-studio/page.tsx
components/common/Calender.tsx
components/common/ContentDetails.tsx
components/common/MediaLibrary/SelectedMediaPreview.tsx
components/common/MediaLibrary/types.ts
components/common/MediaLibraryModal.tsx
components/common/SocialTasks.tsx
components/common/TaskGroup.tsx
components/common/TaskGroupDashboard.tsx
components/common/UploadAssetModal.tsx
components/common/hooks/useMediaHandling.ts
lib/utils/assetValidation.ts

commit 47c9556d433ce97fddf49293027630c8ac02bb8c
Author:     Sanskar-Karki01 <sanskar.karki@inicreatechnologies.com>
AuthorDate: 2025-10-29
Commit:     GitHub <noreply@github.com>
CommitDate: 2025-10-29

    fix(bugs): UI/UX, Functional , Create Post , Timeline , Bulk Action [EVO-2316]
    
    * fix(tasks): Auto-scheduled, timeline and sidebar,quick action[EVO-2272]
    
    * fix(task): Auto-Scheduled Event,Timeline scroll ,Bulk Action[EVO-2292]
    
    * fix(bugs): UI/UX,Functional,CreatePost,Timeline,Bulk Action[EVO-2316]

CHANGELOG.md
app/(dashboard)/buzz-factory/page.tsx
app/content-publish/content-calendar/create/page.tsx
components/buzz-factory/BuzzFactoryBadgesSkeleton.tsx
components/buzz-factory/BuzzFactorySkeleton.tsx
components/common/CalendarEventPopover.tsx
components/common/ContentDetails.tsx
components/common/ContentDetailsSkeleton.tsx
components/common/CreatePostForm.tsx
components/common/MediaPreviewSection.tsx
components/common/MediaPreviewSkeleton.tsx
components/common/TimelineChart.tsx
components/tasks/CustomProjectForm.tsx
components/tasks/SuggestedProjectForm.tsx
components/tasks/TaskDetailsPopover.tsx
components/tasks/TasksPage.tsx
components/tasks/bulk-operations/BulkSelectionPopover.tsx
components/tasks/hooks/useTasksPageActions.ts
components/tasks/views/TimelineView.tsx
components/tasks/views/TimelineViewSkeleton.tsx
components/ui/DurationPicker.tsx

commit 5e8eae9633e0ec68180938641494154190542974
Author:     semantic-release-bot <semantic-release-bot@martynus.net>
AuthorDate: 2025-10-29
Commit:     semantic-release-bot <semantic-release-bot@martynus.net>
CommitDate: 2025-10-29

    chore(release): 1.5.0-dev.10
    
    # [1.5.0-dev.10](https://github.com/Genesis-Technologies-LLC/artistevolve-fe/compare/v1.5.0-dev.9...v1.5.0-dev.10) (2025-10-29)
    
    ### Features
    
    * **social:** Confirm dialog for social unlink [EVO-2291] ([e6f7f65](https://github.com/Genesis-Technologies-LLC/artistevolve-fe/commit/e6f7f656d0bc57120f8d2af6f449e98ddd49eb9f))

CHANGELOG.md

commit e6f7f656d0bc57120f8d2af6f449e98ddd49eb9f
Author:     Jacob Stallings <jacobcstallings@icloud.com>
AuthorDate: 2025-10-29
Commit:     GitHub <noreply@github.com>
CommitDate: 2025-10-29

    feat(social): Confirm dialog for social unlink [EVO-2291]
    
    * feat(social): Confirm dialog for social unlink [EVO-2291]
    
    * fix(social): Small formatting cleanup on metrics cards [EVO-2291]

app/(dashboard)/dashboard/page.tsx
app/(dashboard)/settings/connected-apps/page.tsx
app/(dashboard)/social-streaming/page.tsx
components/common/components/MetricCard.tsx
components/common/components/TopMetricsCards.tsx

commit 47487b003199cb14a3e47d51505c54589fc8eb42
Author:     darshanbajgain-sys <darshan.bajgain@inicreatechnologies.com>
AuthorDate: 2025-10-29
Commit:     GitHub <noreply@github.com>
CommitDate: 2025-10-29

    refactor(social): Instagram pop up removed [EVO-2181] (#146)

app/(dashboard)/settings/connected-apps/page.tsx
app/social/instagram/callback/page.tsx
components/social-streaming/SinglePlatformConnection.tsx

commit aed5376994f1c92a88ae31ea9a73ad4323f4b5da
Author:     semantic-release-bot <semantic-release-bot@martynus.net>
AuthorDate: 2025-10-29
Commit:     semantic-release-bot <semantic-release-bot@martynus.net>
CommitDate: 2025-10-29

    chore(release): 1.5.0-dev.9
    
    # [1.5.0-dev.9](https://github.com/Genesis-Technologies-LLC/artistevolve-fe/compare/v1.5.0-dev.8...v1.5.0-dev.9) (2025-10-29)
    
    ### Bug Fixes
    
    * **dashboard:** Scroll view for today's task [EVO-2307] ([f720160](https://github.com/Genesis-Technologies-LLC/artistevolve-fe/commit/f720160def7a1348fdbb58c3bdc424930d1be146))

CHANGELOG.md

commit a28738ab51937cc64850eff11bff0e119b9be676
Author:     Darshan Bajgain <darshan.bajgain@inicreatechnologies.com>
AuthorDate: 2025-10-29
Commit:     Darshan Bajgain <darshan.bajgain@inicreatechnologies.com>
CommitDate: 2025-10-29

    refactor(social): Instagram auth flow pop up window [EVO-2181]

app/(dashboard)/settings/connected-apps/page.tsx
app/social/instagram/callback/page.tsx
components/social-streaming/SinglePlatformConnection.tsx

commit f720160def7a1348fdbb58c3bdc424930d1be146
Author:     Darshan Bajgain <darshan.bajgain@inicreatechnologies.com>
AuthorDate: 2025-10-29
Commit:     Darshan Bajgain <darshan.bajgain@inicreatechnologies.com>
CommitDate: 2025-10-29

    fix(dashboard): Scroll view for today's task [EVO-2307]

app/(dashboard)/dashboard/page.tsx
app/(dashboard)/settings/connected-apps/page.tsx
components/common/TaskGroupDashboard.tsx

commit 7bcbacd2a7ab40607b98395740385d3818b4ee65
Author:     semantic-release-bot <semantic-release-bot@martynus.net>
AuthorDate: 2025-10-28
Commit:     semantic-release-bot <semantic-release-bot@martynus.net>
CommitDate: 2025-10-28

    chore(release): 1.5.0-rc.3
    
    # [1.5.0-rc.3](https://github.com/Genesis-Technologies-LLC/artistevolve-fe/compare/v1.5.0-rc.2...v1.5.0-rc.3) (2025-10-28)
    
    ### Bug Fixes
    
    * **campaign:** Refetch campaign details when content creates [EVO-2163] ([cf2242c](https://github.com/Genesis-Technologies-LLC/artistevolve-fe/commit/cf2242c2d0d18508a3b9f30457cfa55d885e2061))
    * **content:** Scheduled and posted status, filter [EVO-2163] ([9e2eb07](https://github.com/Genesis-Technologies-LLC/artistevolve-fe/commit/9e2eb078a3a296d656366eed609bfa040ea4b444))
    * **socials:** Analytic detail for specific connected platform [EVO-2270] ([e053649](https://github.com/Genesis-Technologies-LLC/artistevolve-fe/commit/e0536492bd88feffdcf1118a710c1b6c3c9cd49d))
    * **socials:** Display not connected issue [EVO-2271] ([3e78778](https://github.com/Genesis-Technologies-LLC/artistevolve-fe/commit/3e7877811761cef452988f574c44bfeb13fbfe9e))
    * **socials:** Total follower count for linked/unlinked [EVO-2270] ([8528936](https://github.com/Genesis-Technologies-LLC/artistevolve-fe/commit/85289367b9fdf7791be5463800bac45280bcd959))
    * **task:** Auto-Scheduled Event,Timeline scroll ,Bulk Action [EVO-2292] ([eca0d18](https://github.com/Genesis-Technologies-LLC/artistevolve-fe/commit/eca0d18b67557daec402f3d2446d986b8b00932c))
    * **tasks:** Auto-scheduled, timeline and sidebar,quick action [EVO-2272] ([da83136](https://github.com/Genesis-Technologies-LLC/artistevolve-fe/commit/da83136d0ab70bed3f2c4ef7e2108fc0549afdeb))
    * **ui:** Media section and Sidenavbar [EVO-2275] [EVO-2279] ([bbf8c5b](https://github.com/Genesis-Technologies-LLC/artistevolve-fe/commit/bbf8c5b59308c8b7ec2ca1f04030d370be3fe386))
    
    ### Features
    
    * **content:** TikTok post settings [EVO-2261] ([f72188d](https://github.com/Genesis-Technologies-LLC/artistevolve-fe/commit/f72188d94d94cddd90b133b9e0ddca94c7fe6f44))
    * Google Calendar-style with gradients [EVO-2273] ([d5d320a](https://github.com/Genesis-Technologies-LLC/artistevolve-fe/commit/d5d320a4a6aaab881bafa291af25c05e724499b4))
    * **tasks:** Implement query invalidation for task updates [EVO-2284] ([5c9dfd6](https://github.com/Genesis-Technologies-LLC/artistevolve-fe/commit/5c9dfd69200fdd865684ab6f9cfdb5db54702a9d))
    * **tasks:** Implement timezone conversion dates [EVO-2273] ([36ad995](https://github.com/Genesis-Technologies-LLC/artistevolve-fe/commit/36ad9958d1dc3c1cd8916c69b816ea3a12f9fca1))
    * **tasks:** Implement timezone conversion dates [EVO-2273] ([7308253](https://github.com/Genesis-Technologies-LLC/artistevolve-fe/commit/730825381aa2c22b939bdeb8851234d9b24d60a6))

CHANGELOG.md

commit 050835b8c3fc3fb2cf63eb4df0e2409848b54208
Author:     semantic-release-bot <semantic-release-bot@martynus.net>
AuthorDate: 2025-10-28
Commit:     semantic-release-bot <semantic-release-bot@martynus.net>
CommitDate: 2025-10-28

    chore(release): 1.5.0-dev.8
    
    # [1.5.0-dev.8](https://github.com/Genesis-Technologies-LLC/artistevolve-fe/compare/v1.5.0-dev.7...v1.5.0-dev.8) (2025-10-28)
    
    ### Bug Fixes
    
    * **task:** Auto-Scheduled Event,Timeline scroll ,Bulk Action [EVO-2292] ([eca0d18](https://github.com/Genesis-Technologies-LLC/artistevolve-fe/commit/eca0d18b67557daec402f3d2446d986b8b00932c))

CHANGELOG.md

commit eca0d18b67557daec402f3d2446d986b8b00932c
Author:     Sanskar-Karki01 <sanskar.karki@inicreatechnologies.com>
AuthorDate: 2025-10-28
Commit:     GitHub <noreply@github.com>
CommitDate: 2025-10-28

    fix(task): Auto-Scheduled Event,Timeline scroll ,Bulk Action [EVO-2292]
    
    * fix(tasks): Auto-scheduled, timeline and sidebar,quick action[EVO-2272]
    
    * fix(task): Auto-Scheduled Event,Timeline scroll ,Bulk Action[EVO-2292]

CHANGELOG.md
app/auth/login/page.tsx
components/common/CalendarEventPopover.tsx
components/common/ContentDetails.tsx
components/common/CreatePostForm.tsx
components/common/DaytodayTimeline.tsx
components/common/Dropdown-menu.tsx
components/common/SearchableTagDropdown.tsx
components/common/SocialTasks.tsx
components/common/TaskGroup.tsx
components/common/TaskGroupDashboard.tsx
components/common/Tasks.tsx
components/common/TimelineChart.tsx
components/tasks/CreateModal.tsx
components/tasks/CustomProjectForm.tsx
components/tasks/DailyTimeline.tsx
components/tasks/ProjectDetailsPopover.tsx
components/tasks/ProjectModal.tsx
components/tasks/TaskDetailsPopover.tsx
components/tasks/TasksPage.tsx
components/tasks/bulk-operations/BulkSelectionPopover.tsx
lib/api/endpoints.ts
lib/api/eventsApi.ts
lib/api/types.ts

commit db79ce786fe5523f9a94fda1e7a5d447265967e9
Author:     darshanbajgain-sys <darshan.bajgain@inicreatechnologies.com>
AuthorDate: 2025-10-28
Commit:     GitHub <noreply@github.com>
CommitDate: 2025-10-28

    refactor(content): Undefined removed from parameters [EVO-2163]
    
    * fix(content): Status dropdown ui [EVO-2163]
    
    * feat(content): Assets validations and conversion [EVO-2285]
    
    * feat(content): Assets validation utils [EVO-2285]
    
    * fix(content): Events card ui, video thumbnail [EVO-2287]
    
    * refactor(content): Undefined removed from parameters [EVO-2163]

app/content-publish/content-calendar/page.tsx
app/content-publish/content-studio/page.tsx
components/common/Calender.tsx
components/common/UploadAssetModal.tsx
components/ui/Select.tsx
lib/api/types.ts
lib/hooks/useScheduledPosts.ts
lib/utils.ts
lib/utils/assetValidation.ts
next.config.ts

commit c6091c8299388da8d8d1d68f5201d7bb8a14ef62
Author:     semantic-release-bot <semantic-release-bot@martynus.net>
AuthorDate: 2025-10-27
Commit:     semantic-release-bot <semantic-release-bot@martynus.net>
CommitDate: 2025-10-27

    chore(release): 1.5.0-dev.7
    
    # [1.5.0-dev.7](https://github.com/Genesis-Technologies-LLC/artistevolve-fe/compare/v1.5.0-dev.6...v1.5.0-dev.7) (2025-10-27)
    
    ### Bug Fixes
    
    * **tasks:** Auto-scheduled, timeline and sidebar,quick action [EVO-2272] ([da83136](https://github.com/Genesis-Technologies-LLC/artistevolve-fe/commit/da83136d0ab70bed3f2c4ef7e2108fc0549afdeb))

CHANGELOG.md

commit da83136d0ab70bed3f2c4ef7e2108fc0549afdeb
Author:     Sanskar-Karki01 <sanskar.karki@inicreatechnologies.com>
AuthorDate: 2025-10-27
Commit:     GitHub <noreply@github.com>
CommitDate: 2025-10-27

    fix(tasks): Auto-scheduled, timeline and sidebar,quick action [EVO-2272]

app/(dashboard)/calendar/page.tsx
app/content-publish/content-studio/page.tsx
app/globals.css
components/common/CalendarEventPopover.tsx
components/common/ContentDetails.tsx
components/common/CreatePostForm.tsx
components/common/EventGroup.tsx
components/common/SearchableTagDropdown.tsx
components/common/TimelineChart.tsx
components/common/WeekTimelineCalendar.tsx
components/styles/custom-calendar.css
components/tasks/TasksPage.tsx
components/tasks/hooks/useTasksPageActions.ts
components/tasks/views/TimelineView.tsx
lib/api/endpoints.ts
lib/api/eventsApi.ts
lib/api/types.ts
public/edge-scroll-fix.js
types/ContentDetailsTypes.ts

commit 386bdc0d73afa38c5471d311f452c3f4c4b9d73f
Author:     semantic-release-bot <semantic-release-bot@martynus.net>
AuthorDate: 2025-10-27
Commit:     semantic-release-bot <semantic-release-bot@martynus.net>
CommitDate: 2025-10-27

    chore(release): 1.5.0-dev.6
    
    # [1.5.0-dev.6](https://github.com/Genesis-Technologies-LLC/artistevolve-fe/compare/v1.5.0-dev.5...v1.5.0-dev.6) (2025-10-27)
    
    ### Bug Fixes
    
    * **campaign:** Refetch campaign details when content creates [EVO-2163] ([cf2242c](https://github.com/Genesis-Technologies-LLC/artistevolve-fe/commit/cf2242c2d0d18508a3b9f30457cfa55d885e2061))
    * **content:** Scheduled and posted status, filter [EVO-2163] ([9e2eb07](https://github.com/Genesis-Technologies-LLC/artistevolve-fe/commit/9e2eb078a3a296d656366eed609bfa040ea4b444))
    * **socials:** Analytic detail for specific connected platform [EVO-2270] ([e053649](https://github.com/Genesis-Technologies-LLC/artistevolve-fe/commit/e0536492bd88feffdcf1118a710c1b6c3c9cd49d))
    * **socials:** Display not connected issue [EVO-2271] ([3e78778](https://github.com/Genesis-Technologies-LLC/artistevolve-fe/commit/3e7877811761cef452988f574c44bfeb13fbfe9e))
    * **socials:** Total follower count for linked/unlinked [EVO-2270] ([8528936](https://github.com/Genesis-Technologies-LLC/artistevolve-fe/commit/85289367b9fdf7791be5463800bac45280bcd959))
    * **ui:** Media section and Sidenavbar [EVO-2275] [EVO-2279] ([bbf8c5b](https://github.com/Genesis-Technologies-LLC/artistevolve-fe/commit/bbf8c5b59308c8b7ec2ca1f04030d370be3fe386))

CHANGELOG.md

commit dac747178871f3ffcf8c9543f6ab57926df8ff6a
Author:     semantic-release-bot <semantic-release-bot@martynus.net>
AuthorDate: 2025-10-27
Commit:     semantic-release-bot <semantic-release-bot@martynus.net>
CommitDate: 2025-10-27

    chore(release): 1.5.0-dev.5
    
    # [1.5.0-dev.5](https://github.com/Genesis-Technologies-LLC/artistevolve-fe/compare/v1.5.0-dev.4...v1.5.0-dev.5) (2025-10-27)
    
    ### Features
    
    * **tasks:** Implement query invalidation for task updates [EVO-2284] ([5c9dfd6](https://github.com/Genesis-Technologies-LLC/artistevolve-fe/commit/5c9dfd69200fdd865684ab6f9cfdb5db54702a9d))
    * **tasks:** Implement timezone conversion dates [EVO-2273] ([7308253](https://github.com/Genesis-Technologies-LLC/artistevolve-fe/commit/730825381aa2c22b939bdeb8851234d9b24d60a6))

CHANGELOG.md

commit 5c9dfd69200fdd865684ab6f9cfdb5db54702a9d
Author:     Rajib Shresth <rajibstha059@gmail.com>
AuthorDate: 2025-10-27
Commit:     Rajib Shresth <rajibstha059@gmail.com>
CommitDate: 2025-10-27

    feat(tasks): Implement query invalidation for task updates [EVO-2284]

app/(dashboard)/dashboard/page.tsx
components/common/SocialTasks.tsx
components/tasks/TaskDetailsPopover.tsx
components/tasks/hooks/useTasksPageActions.ts
components/ui/SidebarNav.tsx
lib/hooks/useTasks.ts

commit cf2242c2d0d18508a3b9f30457cfa55d885e2061
Author:     Darshan Bajgain <darshan.bajgain@inicreatechnologies.com>
AuthorDate: 2025-10-27
Commit:     Darshan Bajgain <darshan.bajgain@inicreatechnologies.com>
CommitDate: 2025-10-27

    fix(campaign): Refetch campaign details when content creates [EVO-2163]

app/content-publish/content-studio/page.tsx

commit bbf8c5b59308c8b7ec2ca1f04030d370be3fe386
Author:     Darshan Bajgain <darshan.bajgain@inicreatechnologies.com>
AuthorDate: 2025-10-27
Commit:     Darshan Bajgain <darshan.bajgain@inicreatechnologies.com>
CommitDate: 2025-10-27

    fix(ui): Media section and Sidenavbar [EVO-2275] [EVO-2279]

app/content-publish/content-calendar/page.tsx
app/globals.css
components/common/Calender.tsx
components/common/Dropdown.tsx
components/common/MediaLibrary/SelectedMediaPreview.tsx
components/ui/Select.tsx
components/ui/SidebarNav.tsx

commit 9e2eb078a3a296d656366eed609bfa040ea4b444
Author:     Darshan Bajgain <darshan.bajgain@inicreatechnologies.com>
AuthorDate: 2025-10-27
Commit:     Darshan Bajgain <darshan.bajgain@inicreatechnologies.com>
CommitDate: 2025-10-27

    fix(content): Scheduled and posted status, filter [EVO-2163]

app/content-publish/content-calendar/page.tsx
app/content-publish/content-studio/page.tsx
components/common/Calender.tsx
components/ui/Select.tsx
lib/api/types.ts
lib/hooks/useScheduledPosts.ts
public/video.png

commit 227d13c8ffa1d3d7bdc67c4a07ecddf14c96f1e3
Author:     semantic-release-bot <semantic-release-bot@martynus.net>
AuthorDate: 2025-10-27
Commit:     semantic-release-bot <semantic-release-bot@martynus.net>
CommitDate: 2025-10-27

    chore(release): 1.5.0-dev.4
    
    # [1.5.0-dev.4](https://github.com/Genesis-Technologies-LLC/artistevolve-fe/compare/v1.5.0-dev.3...v1.5.0-dev.4) (2025-10-27)
    
    ### Features
    
    * **content:** TikTok post settings [EVO-2261] ([f72188d](https://github.com/Genesis-Technologies-LLC/artistevolve-fe/commit/f72188d94d94cddd90b133b9e0ddca94c7fe6f44))

CHANGELOG.md

commit f72188d94d94cddd90b133b9e0ddca94c7fe6f44
Author:     Rajib Shrestha <33756765+Rajibshrestha59@users.noreply.github.com>
AuthorDate: 2025-10-27
Commit:     GitHub <noreply@github.com>
CommitDate: 2025-10-27

    feat(content): TikTok post settings [EVO-2261]
    
    * feat(tasks): Implement timezone conversion dates [EVO-2273]
    
    * feat(content): TikTok post settings [EVO-2261]

app/content-publish/content-calendar/create/page.tsx
components/common/Calender.tsx
components/common/ContentDetails.tsx
components/common/ContentDetailsSkeleton.tsx
components/common/CreatePostForm.tsx
components/common/MediaPreview.tsx
components/common/MediaPreviewSkeleton.tsx
components/common/Socials.tsx
components/common/TikTokPostSettingsModal.tsx
components/common/hooks/useContentDetails.ts
components/common/hooks/usePlatformManagement.ts
components/common/hooks/usePostDraft.ts
components/common/hooks/usePostScheduling.ts
components/common/previews/InstagramPreview.tsx
lib/api/endpoints.ts
lib/api/socialApi.ts
lib/api/types.ts
types/ContentDetailsTypes.ts
types/TikTokPostSettings.ts

commit 3e7877811761cef452988f574c44bfeb13fbfe9e
Author:     Darshan Bajgain <darshan.bajgain@inicreatechnologies.com>
AuthorDate: 2025-10-27
Commit:     Darshan Bajgain <darshan.bajgain@inicreatechnologies.com>
CommitDate: 2025-10-27

    fix(socials): Display not connected issue [EVO-2271]

app/(dashboard)/social-streaming/page.tsx

commit e0536492bd88feffdcf1118a710c1b6c3c9cd49d
Author:     Darshan Bajgain <darshan.bajgain@inicreatechnologies.com>
AuthorDate: 2025-10-27
Commit:     Darshan Bajgain <darshan.bajgain@inicreatechnologies.com>
CommitDate: 2025-10-27

    fix(socials): Analytic detail for specific connected platform [EVO-2270]

app/content-publish/content-studio/page.tsx

commit 4adb722d985f77251504591b5fbe48dcc8bc1635
Author:     semantic-release-bot <semantic-release-bot@martynus.net>
AuthorDate: 2025-10-27
Commit:     semantic-release-bot <semantic-release-bot@martynus.net>
CommitDate: 2025-10-27

    chore(release): 1.5.0-dev.3
    
    # [1.5.0-dev.3](https://github.com/Genesis-Technologies-LLC/artistevolve-fe/compare/v1.5.0-dev.2...v1.5.0-dev.3) (2025-10-27)
    
    ### Features
    
    * **tasks:** Implement timezone conversion dates [EVO-2273] ([36ad995](https://github.com/Genesis-Technologies-LLC/artistevolve-fe/commit/36ad9958d1dc3c1cd8916c69b816ea3a12f9fca1))

CHANGELOG.md

commit 36ad9958d1dc3c1cd8916c69b816ea3a12f9fca1
Author:     Rajib Shrestha <33756765+Rajibshrestha59@users.noreply.github.com>
AuthorDate: 2025-10-27
Commit:     GitHub <noreply@github.com>
CommitDate: 2025-10-27

    feat(tasks): Implement timezone conversion dates [EVO-2273]

components/tasks/ProjectDetailsPopover.tsx
components/tasks/hooks/useTasksPageActions.ts
components/tasks/utils/taskFormatters.ts
lib/api/axiosInstance.ts
lib/hooks/useTasks.ts
lib/utils/errorUtils.ts

commit 730825381aa2c22b939bdeb8851234d9b24d60a6
Author:     Rajib Shresth <rajibstha059@gmail.com>
AuthorDate: 2025-10-27
Commit:     Rajib Shresth <rajibstha059@gmail.com>
CommitDate: 2025-10-27

    feat(tasks): Implement timezone conversion dates [EVO-2273]

components/tasks/ProjectDetailsPopover.tsx
components/tasks/hooks/useTasksPageActions.ts
components/tasks/utils/taskFormatters.ts
lib/api/axiosInstance.ts
lib/hooks/useTasks.ts
lib/utils/errorUtils.ts

commit 85289367b9fdf7791be5463800bac45280bcd959
Author:     Darshan Bajgain <darshan.bajgain@inicreatechnologies.com>
AuthorDate: 2025-10-27
Commit:     Darshan Bajgain <darshan.bajgain@inicreatechnologies.com>
CommitDate: 2025-10-27

    fix(socials): Total follower count for linked/unlinked [EVO-2270]

app/content-publish/content-studio/page.tsx
components/common/Socials.tsx

commit 762d02c90e546dfbf9b3dbf794df6f720e4bfe8b
Author:     semantic-release-bot <semantic-release-bot@martynus.net>
AuthorDate: 2025-10-25
Commit:     semantic-release-bot <semantic-release-bot@martynus.net>
CommitDate: 2025-10-25

    chore(release): 1.5.0-dev.2
    
    # [1.5.0-dev.2](https://github.com/Genesis-Technologies-LLC/artistevolve-fe/compare/v1.5.0-dev.1...v1.5.0-dev.2) (2025-10-25)
    
    ### Features
    
    * Google Calendar-style with gradients [EVO-2273] ([d5d320a](https://github.com/Genesis-Technologies-LLC/artistevolve-fe/commit/d5d320a4a6aaab881bafa291af25c05e724499b4))

CHANGELOG.md

commit d5d320a4a6aaab881bafa291af25c05e724499b4
Author:     Rajib Shrestha <33756765+Rajibshrestha59@users.noreply.github.com>
AuthorDate: 2025-10-25
Commit:     GitHub <noreply@github.com>
CommitDate: 2025-10-25

    feat: Google Calendar-style with gradients [EVO-2273]

components/common/CalendarEventPopover.tsx
components/common/ReleasePopover.tsx
components/common/WeekTimelineCalendar.tsx
components/styles/custom-calendar.css

commit 4a8d44259ace9bc23af66b1ff3687f93aeb82f18
Author:     semantic-release-bot <semantic-release-bot@martynus.net>
AuthorDate: 2025-10-24
Commit:     semantic-release-bot <semantic-release-bot@martynus.net>
CommitDate: 2025-10-24

    chore(release): 1.5.0-rc.2
    
    # [1.5.0-rc.2](https://github.com/Genesis-Technologies-LLC/artistevolve-fe/compare/v1.5.0-rc.1...v1.5.0-rc.2) (2025-10-24)
    
    ### Bug Fixes
    
    * **bug-fixes:** Functional, UI Fix & Final Reviews[EVO-2126] ([63de980](https://github.com/Genesis-Technologies-LLC/artistevolve-fe/commit/63de980c49e0d96eb2170266db2ba63e9678b1e8))
    * **bugs:** Ui issue and bug fixes [EVO-2061] ([0336e8e](https://github.com/Genesis-Technologies-LLC/artistevolve-fe/commit/0336e8e962ab3497879fc1920093bf67971b7f81))
    * **project:** Category validation for suggested project [EVO-2265] ([fc155af](https://github.com/Genesis-Technologies-LLC/artistevolve-fe/commit/fc155afa8670d3068c0b20a384f75d92c6c7ce49))
    * **tasks:** Project added task reorder [EVO-2252] ([8209f4f](https://github.com/Genesis-Technologies-LLC/artistevolve-fe/commit/8209f4ff16113cdf700ea8c03ad72f90801ab3df))
    
    ### Features
    
    * **content:** Integrate TikTok post settings modal[EVO-2174] ([507ff3e](https://github.com/Genesis-Technologies-LLC/artistevolve-fe/commit/507ff3ebdb5e826a504ab594f388a6687adafff7))
    * **dashboard:** Add event popover for detailed event view [EVO-2164] ([89aaaee](https://github.com/Genesis-Technologies-LLC/artistevolve-fe/commit/89aaaeebe1bedc3ffe14bb00f492ce0d211d7cad))
    * **tasks:** Enhance task management with new components [EVO-2174] ([45ecdf5](https://github.com/Genesis-Technologies-LLC/artistevolve-fe/commit/45ecdf5fe71c84afb5665cab5b80d40cd87373e7))

CHANGELOG.md

commit b98c871abba64a24e41bffbd7b774d4df0119670
Author:     semantic-release-bot <semantic-release-bot@martynus.net>
AuthorDate: 2025-10-24
Commit:     semantic-release-bot <semantic-release-bot@martynus.net>
CommitDate: 2025-10-24

    chore(release): 1.5.0-dev.1
    
    # [1.5.0-dev.1](https://github.com/Genesis-Technologies-LLC/artistevolve-fe/compare/v1.4.0...v1.5.0-dev.1) (2025-10-24)
    
    ### Bug Fixes
    
    * Added truncation on notification popup [EVO-2044] ([94d0d3f](https://github.com/Genesis-Technologies-LLC/artistevolve-fe/commit/94d0d3fd62fb2332ec944e3e386c3b724df2ef64))
    * App crash issue due to nunmber [EVO-2073] ([d77d093](https://github.com/Genesis-Technologies-LLC/artistevolve-fe/commit/d77d093ed78b254660aa666cd14ac0bcaaa7c30c))
    * **bug-fixes:** Functional, UI Fix & Final Reviews[EVO-2126] ([63de980](https://github.com/Genesis-Technologies-LLC/artistevolve-fe/commit/63de980c49e0d96eb2170266db2ba63e9678b1e8))
    * **bug-fixes:** Functional, UI Fix & Final Reviews[EVO-2126] ([e1d8f46](https://github.com/Genesis-Technologies-LLC/artistevolve-fe/commit/e1d8f46f01524d5b19fcda1f0cecfdf25bb7ce3d))
    * **bugs:** Ui issue and bug fixes [EVO-2061] ([0336e8e](https://github.com/Genesis-Technologies-LLC/artistevolve-fe/commit/0336e8e962ab3497879fc1920093bf67971b7f81))
    * **project:** Category validation for suggested project [EVO-2265] ([fc155af](https://github.com/Genesis-Technologies-LLC/artistevolve-fe/commit/fc155afa8670d3068c0b20a384f75d92c6c7ce49))
    * **tasks:** Project added task reorder [EVO-2252] ([8209f4f](https://github.com/Genesis-Technologies-LLC/artistevolve-fe/commit/8209f4ff16113cdf700ea8c03ad72f90801ab3df))
    
    ### Features
    
    * **calendar:** Click to open event modal on monthly view [EVO-2152] ([79f2085](https://github.com/Genesis-Technologies-LLC/artistevolve-fe/commit/79f2085e89fb0301cf4c44ec4106b5a6ba7a77e9))
    * **content:** Integrate TikTok post settings modal[EVO-2174] ([507ff3e](https://github.com/Genesis-Technologies-LLC/artistevolve-fe/commit/507ff3ebdb5e826a504ab594f388a6687adafff7))
    * **dashboard:** Add event popover for detailed event view [EVO-2164] ([89aaaee](https://github.com/Genesis-Technologies-LLC/artistevolve-fe/commit/89aaaeebe1bedc3ffe14bb00f492ce0d211d7cad))
    * **tasks:** Enhance task management with new components [EVO-2174] ([45ecdf5](https://github.com/Genesis-Technologies-LLC/artistevolve-fe/commit/45ecdf5fe71c84afb5665cab5b80d40cd87373e7))

CHANGELOG.md

commit 5c986f8e622d88582428ed069f78e200e9545269
Author:     semantic-release-bot <semantic-release-bot@martynus.net>
AuthorDate: 2025-10-24
Commit:     semantic-release-bot <semantic-release-bot@martynus.net>
CommitDate: 2025-10-24

    chore(release): 1.4.0-dev.8
    
    # [1.4.0-dev.8](https://github.com/Genesis-Technologies-LLC/artistevolve-fe/compare/v1.4.0-dev.7...v1.4.0-dev.8) (2025-10-24)
    
    ### Bug Fixes
    
    * **bug-fixes:** Functional, UI Fix & Final Reviews[EVO-2126] ([63de980](https://github.com/Genesis-Technologies-LLC/artistevolve-fe/commit/63de980c49e0d96eb2170266db2ba63e9678b1e8))

CHANGELOG.md

commit 63de980c49e0d96eb2170266db2ba63e9678b1e8
Author:     Sanskar-Karki01 <sanskar.karki@inicreatechnologies.com>
AuthorDate: 2025-10-24
Commit:     GitHub <noreply@github.com>
CommitDate: 2025-10-24

    fix(bug-fixes): Functional, UI Fix & Final Reviews[EVO-2126]

CHANGELOG.md
app/globals.css
app/layout.tsx
components/common/MonthTimelineCalendar.tsx
components/common/TaskGroup.tsx
components/common/TimelineChart.tsx
components/common/WeekTimelineCalendar.tsx
components/tasks/TasksPage.tsx
components/tasks/bulk-operations/BulkSelectionPopover.tsx
components/tasks/hooks/useTasksPageActions.ts
components/ui/Select.tsx
public/edge-scroll-fix.js

commit 38b845e086079946846b7d1b317e0cc9877e4274
Author:     semantic-release-bot <semantic-release-bot@martynus.net>
AuthorDate: 2025-10-24
Commit:     semantic-release-bot <semantic-release-bot@martynus.net>
CommitDate: 2025-10-24

    chore(release): 1.4.0-dev.7
    
    # [1.4.0-dev.7](https://github.com/Genesis-Technologies-LLC/artistevolve-fe/compare/v1.4.0-dev.6...v1.4.0-dev.7) (2025-10-24)
    
    ### Bug Fixes
    
    * **project:** Category validation for suggested project [EVO-2265] ([fc155af](https://github.com/Genesis-Technologies-LLC/artistevolve-fe/commit/fc155afa8670d3068c0b20a384f75d92c6c7ce49))

CHANGELOG.md

commit fc155afa8670d3068c0b20a384f75d92c6c7ce49
Author:     darshanbajgain-sys <darshan.bajgain@inicreatechnologies.com>
AuthorDate: 2025-10-24
Commit:     GitHub <noreply@github.com>
CommitDate: 2025-10-24

    fix(project): Category validation for suggested project [EVO-2265]
    
    * fix(ui): Microsoft edge extra show password icon [EVO-2020]
    
    * fix(ui): Text color optimization [EVO-2264]
    
    * fix(project): Category validation for suggested project [EVO-2265]

app/globals.css
components/common/ActionButtons.tsx
components/common/Content.tsx
components/common/ui/DraftBadge.tsx
components/tasks/SuggestedProjectForm.tsx

commit f90dc581a73529f190fac409e1a73dc1a5f15fe1
Author:     semantic-release-bot <semantic-release-bot@martynus.net>
AuthorDate: 2025-10-24
Commit:     semantic-release-bot <semantic-release-bot@martynus.net>
CommitDate: 2025-10-24

    chore(release): 1.4.0-dev.6
    
    # [1.4.0-dev.6](https://github.com/Genesis-Technologies-LLC/artistevolve-fe/compare/v1.4.0-dev.5...v1.4.0-dev.6) (2025-10-24)
    
    ### Features
    
    * **tasks:** Enhance task management with new components [EVO-2174] ([45ecdf5](https://github.com/Genesis-Technologies-LLC/artistevolve-fe/commit/45ecdf5fe71c84afb5665cab5b80d40cd87373e7))

CHANGELOG.md

commit 45ecdf5fe71c84afb5665cab5b80d40cd87373e7
Author:     Rajib Shrestha <33756765+Rajibshrestha59@users.noreply.github.com>
AuthorDate: 2025-10-24
Commit:     GitHub <noreply@github.com>
CommitDate: 2025-10-24

    feat(tasks): Enhance task management with new components [EVO-2174]
    
    * feat(content): Integrate TikTok post settings modal[EVO-2174]
    
    * feat(tasks): Enhance task management with new components [EVO-2174]

app/content-publish/content-calendar/create/page.tsx
components/common/Calender.tsx
components/common/CreatePostForm.tsx
components/common/TaskGroup.tsx
components/tasks/StatusPicker.tsx
components/tasks/TasksPage.tsx
components/tasks/TasksPageHeader.tsx
components/tasks/bulk-operations/BulkSelectionPopover.tsx
components/tasks/constants/tasksPageConfig.ts
components/tasks/hooks/useTasksPageActions.ts
components/tasks/hooks/useTasksPageState.ts
components/tasks/utils/README.md
components/tasks/utils/taskCacheManager.ts
components/tasks/utils/taskFormatters.ts
components/tasks/utils/taskGroupingLogic.ts
components/tasks/views/TableView.tsx
components/tasks/views/TimelineView.tsx
components/ui/SidebarNav.tsx

commit 040763e047ad592ed5f7295c2de92bbe8a32b85c
Author:     semantic-release-bot <semantic-release-bot@martynus.net>
AuthorDate: 2025-10-21
Commit:     semantic-release-bot <semantic-release-bot@martynus.net>
CommitDate: 2025-10-21

    chore(release): 1.4.0-dev.5
    
    # [1.4.0-dev.5](https://github.com/Genesis-Technologies-LLC/artistevolve-fe/compare/v1.4.0-dev.4...v1.4.0-dev.5) (2025-10-21)
    
    ### Features
    
    * **content:** Integrate TikTok post settings modal[EVO-2174] ([507ff3e](https://github.com/Genesis-Technologies-LLC/artistevolve-fe/commit/507ff3ebdb5e826a504ab594f388a6687adafff7))

CHANGELOG.md

commit 507ff3ebdb5e826a504ab594f388a6687adafff7
Author:     Rajib Shrestha <33756765+Rajibshrestha59@users.noreply.github.com>
AuthorDate: 2025-10-21
Commit:     GitHub <noreply@github.com>
CommitDate: 2025-10-21

    feat(content): Integrate TikTok post settings modal[EVO-2174]

app/(dashboard)/calendar/page.tsx
app/(dashboard)/dashboard/page.tsx
app/(dashboard)/layout.tsx
app/(dashboard)/notification-center/page.tsx
app/(dashboard)/settings/change-password/page.tsx
app/(dashboard)/settings/connected-apps/page.tsx
app/(dashboard)/settings/edit-profile/page.tsx
app/(dashboard)/social-streaming/page.tsx
app/artichat/page.tsx
app/auth/otp/page.tsx
app/auth/reset-password/page.tsx
app/auth/signup/page.tsx
app/content-publish/campaign/page.tsx
app/content-publish/content-studio/page.tsx
components/buzz-factory/BuzzFactory.tsx
components/common/ContentDetails.tsx
components/common/TikTokPostSettingsModal.tsx
components/common/hooks/useContentDetails.ts
components/common/hooks/useTimeScheduling.ts
types/TikTokPostSettings.ts

commit 168ff57c95c69130f767cbe2549e6613069c4e93
Author:     semantic-release-bot <semantic-release-bot@martynus.net>
AuthorDate: 2025-10-20
Commit:     semantic-release-bot <semantic-release-bot@martynus.net>
CommitDate: 2025-10-20

    chore(release): 1.4.0-dev.4
    
    # [1.4.0-dev.4](https://github.com/Genesis-Technologies-LLC/artistevolve-fe/compare/v1.4.0-dev.3...v1.4.0-dev.4) (2025-10-20)
    
    ### Features
    
    * **dashboard:** Add event popover for detailed event view [EVO-2164] ([89aaaee](https://github.com/Genesis-Technologies-LLC/artistevolve-fe/commit/89aaaeebe1bedc3ffe14bb00f492ce0d211d7cad))

CHANGELOG.md

commit 89aaaeebe1bedc3ffe14bb00f492ce0d211d7cad
Author:     Rajib Shrestha <33756765+Rajibshrestha59@users.noreply.github.com>
AuthorDate: 2025-10-20
Commit:     GitHub <noreply@github.com>
CommitDate: 2025-10-20

    feat(dashboard): Add event popover for detailed event view [EVO-2164]
    
    * fix: UI fix in login page [EVO-2164]
    
    * feat(dashboard): Add event popover for detailed event view [EVO-2164]

PR_DESCRIPTION_AUTH_FIXES.md
app/(dashboard)/dashboard/page.tsx
app/(dashboard)/social-streaming/page.tsx
app/auth/login/page.tsx
app/auth/otp/page.tsx
app/auth/reset-password/page.tsx
app/auth/signup/page.tsx
components/common/DayTimeline.tsx
lib/api/axiosInstance.ts

commit ec72448bf8e9d7b6ee679950201bfb3d49a07f87
Author:     semantic-release-bot <semantic-release-bot@martynus.net>
AuthorDate: 2025-10-20
Commit:     semantic-release-bot <semantic-release-bot@martynus.net>
CommitDate: 2025-10-20

    chore(release): 1.4.0-dev.3
    
    # [1.4.0-dev.3](https://github.com/Genesis-Technologies-LLC/artistevolve-fe/compare/v1.4.0-dev.2...v1.4.0-dev.3) (2025-10-20)
    
    ### Bug Fixes
    
    * **tasks:** Project added task reorder [EVO-2252] ([8209f4f](https://github.com/Genesis-Technologies-LLC/artistevolve-fe/commit/8209f4ff16113cdf700ea8c03ad72f90801ab3df))

CHANGELOG.md

commit 8209f4ff16113cdf700ea8c03ad72f90801ab3df
Author:     darshanbajgain-sys <darshan.bajgain@inicreatechnologies.com>
AuthorDate: 2025-10-20
Commit:     GitHub <noreply@github.com>
CommitDate: 2025-10-20

    fix(tasks): Project added task reorder [EVO-2252]
    
    * fix(calendar): Events update & refetch in pop up [EVO-2154]
    
    * fix(dashboard): Metric ui,create project EV0-[2179] [EVO-2178]
    
    * fix(content): Draft edit modal in content tab [EVO-2182]
    
    * fix(content): Paltform selection for not connected [EVO-2172]
    
    * fix(content,socials): Modal load, filter on null [EVO-2183] [EVO-2223]
    
    * fix(auth): Error message [EVO-2022]
    
    * fix(calendar): Dropdown for weekly mode [EVO-2113]
    
    * fix(settings): Spotify cancel disconnect issue [EVO-2181]
    
    * fix(content): Paltform selection validation [EVO-2172]
    
    * fix(content): Slow modal pop up, [EVO-2183]
    
    * fix(tasks): Create project field validation [EVO-2251]
    
    * fix(tasks): Project added task reorder [EVO-2252]

CHANGELOG.md
app/(dashboard)/calendar/page.tsx
app/(dashboard)/dashboard/page.tsx
app/(dashboard)/settings/connected-apps/page.tsx
app/content-publish/content-studio/page.tsx
components/common/CalendarEventPopover.tsx
components/common/Content.tsx
components/common/ContentCreateModal.tsx
components/common/ContentDetails.tsx
components/common/MediaLibrary/MediaPreviewModal.tsx
components/common/MediaLibrary/SelectedMediaPreview.tsx
components/common/MediaLibraryModal.tsx
components/common/MonthTimelineCalendar.tsx
components/common/WeekTimelineCalendar.tsx
components/common/components/PerformanceChart.tsx
components/common/components/PlatformSelection.tsx
components/common/hooks/usePlatformManagement.ts
components/tasks/CustomProjectForm.tsx
components/ui/MonthYearPicker.tsx
lib/api/axiosInstance.ts
lib/utils.ts

commit b69c1b441098254bb55064e0b57a512f206c824d
Author:     semantic-release-bot <semantic-release-bot@martynus.net>
AuthorDate: 2025-10-20
Commit:     semantic-release-bot <semantic-release-bot@martynus.net>
CommitDate: 2025-10-20

    chore(release): 1.4.0-dev.2
    
    # [1.4.0-dev.2](https://github.com/Genesis-Technologies-LLC/artistevolve-fe/compare/v1.4.0-dev.1...v1.4.0-dev.2) (2025-10-20)
    
    ### Bug Fixes
    
    * **bugs:** Ui issue and bug fixes [EVO-2061] ([0336e8e](https://github.com/Genesis-Technologies-LLC/artistevolve-fe/commit/0336e8e962ab3497879fc1920093bf67971b7f81))

CHANGELOG.md

commit 0336e8e962ab3497879fc1920093bf67971b7f81
Author:     Sanskar-Karki01 <sanskar.karki@inicreatechnologies.com>
AuthorDate: 2025-10-20
Commit:     GitHub <noreply@github.com>
CommitDate: 2025-10-20

    fix(bugs): Ui issue and bug fixes [EVO-2061]

app/(dashboard)/settings/page.tsx
app/content-publish/content-studio/page.tsx
components/common/ActionButtons.tsx
components/common/Calender.tsx
components/common/ContentCreateModal.tsx
components/common/ContentDetails.tsx
components/common/CreatePostForm.tsx
components/common/CreatePostModal.tsx
components/common/FollowersGrowthChart.tsx
components/common/SearchableTagDropdown.tsx
components/common/SocialTasks.tsx
components/common/TimeSVG.tsx
components/common/TimelineChart.tsx
components/common/components/PlatformSelection.tsx
components/common/components/TimeDropdown.tsx
components/common/components/VisibilityDropdown.tsx
components/common/hooks/useContentDetails.ts
components/common/hooks/usePlatformManagement.ts
components/common/hooks/usePostScheduling.ts
components/common/hooks/useTimeScheduling.ts
components/icons/CalenderDotSvg.tsx
components/icons/ClockSvg.tsx
components/icons/NoMediaPreview.tsx
components/icons/TiktokSvg.tsx
components/styles/custom-calendar.css
components/ui/Select.tsx
components/ui/TopNav.tsx
lib/hooks/mutations/useAuthMutations.ts
lib/hooks/useNotificationsState.ts
lib/utils.ts
types/ContentDetailsTypes.ts

commit 60ca5228d3484d0ae7c5b844f27e59989dc5374b
Author:     semantic-release-bot <semantic-release-bot@martynus.net>
AuthorDate: 2025-10-17
Commit:     semantic-release-bot <semantic-release-bot@martynus.net>
CommitDate: 2025-10-17

    chore(release): 1.5.0-rc.1
    
    # [1.5.0-rc.1](https://github.com/Genesis-Technologies-LLC/artistevolve-fe/compare/v1.4.0...v1.5.0-rc.1) (2025-10-17)
    
    ### Bug Fixes
    
    * Added truncation on notification popup [EVO-2044] ([94d0d3f](https://github.com/Genesis-Technologies-LLC/artistevolve-fe/commit/94d0d3fd62fb2332ec944e3e386c3b724df2ef64))
    * App crash issue due to nunmber [EVO-2073] ([d77d093](https://github.com/Genesis-Technologies-LLC/artistevolve-fe/commit/d77d093ed78b254660aa666cd14ac0bcaaa7c30c))
    * **bug-fixes:** Functional, UI Fix & Final Reviews[EVO-2126] ([e1d8f46](https://github.com/Genesis-Technologies-LLC/artistevolve-fe/commit/e1d8f46f01524d5b19fcda1f0cecfdf25bb7ce3d))
    
    ### Features
    
    * **calendar:** Click to open event modal on monthly view [EVO-2152] ([79f2085](https://github.com/Genesis-Technologies-LLC/artistevolve-fe/commit/79f2085e89fb0301cf4c44ec4106b5a6ba7a77e9))

CHANGELOG.md

commit c60ce07f9d6e0f50b17c8c45dd683e35b252d309
Author:     semantic-release-bot <semantic-release-bot@martynus.net>
AuthorDate: 2025-10-17
Commit:     semantic-release-bot <semantic-release-bot@martynus.net>
CommitDate: 2025-10-17

    chore(release): 1.4.0-dev.1
    
    # [1.4.0-dev.1](https://github.com/Genesis-Technologies-LLC/artistevolve-fe/compare/v1.3.0...v1.4.0-dev.1) (2025-10-17)
    
    ### Bug Fixes
    
    * Added truncation on notification popup [EVO-2044] ([94d0d3f](https://github.com/Genesis-Technologies-LLC/artistevolve-fe/commit/94d0d3fd62fb2332ec944e3e386c3b724df2ef64))
    * App crash issue due to nunmber [EVO-2073] ([d77d093](https://github.com/Genesis-Technologies-LLC/artistevolve-fe/commit/d77d093ed78b254660aa666cd14ac0bcaaa7c30c))
    * **bug-fixes:** Functional, UI Fix & Final Reviews[EVO-2126] ([e1d8f46](https://github.com/Genesis-Technologies-LLC/artistevolve-fe/commit/e1d8f46f01524d5b19fcda1f0cecfdf25bb7ce3d))
    * **CurrentProject:** Handle null endDate in project list [EVO-2176] ([a8b7076](https://github.com/Genesis-Technologies-LLC/artistevolve-fe/commit/a8b7076d7bc8040b7fbc54ee28d29ea6c657f838))
    
    ### Features
    
    * **calendar:** Click to open event modal on monthly view [EVO-2152] ([79f2085](https://github.com/Genesis-Technologies-LLC/artistevolve-fe/commit/79f2085e89fb0301cf4c44ec4106b5a6ba7a77e9))
    * **calendar:** Implement optimistic event deletion [EVO-2146] ([d0e3941](https://github.com/Genesis-Technologies-LLC/artistevolve-fe/commit/d0e3941ec4d806302d0e01e7687a099c3bd67cd9))

CHANGELOG.md

commit deb7ef873dd42015529dec1da567afd0ef56e8b2
Author:     semantic-release-bot <semantic-release-bot@martynus.net>
AuthorDate: 2025-10-17
Commit:     semantic-release-bot <semantic-release-bot@martynus.net>
CommitDate: 2025-10-17

    chore(release): 1.3.0-dev.7
    
    # [1.3.0-dev.7](https://github.com/Genesis-Technologies-LLC/artistevolve-fe/compare/v1.3.0-dev.6...v1.3.0-dev.7) (2025-10-17)
    
    ### Bug Fixes
    
    * App crash issue due to nunmber [EVO-2073] ([d77d093](https://github.com/Genesis-Technologies-LLC/artistevolve-fe/commit/d77d093ed78b254660aa666cd14ac0bcaaa7c30c))

CHANGELOG.md

commit d77d093ed78b254660aa666cd14ac0bcaaa7c30c
Author:     Rajib Shresth <rajibstha059@gmail.com>
AuthorDate: 2025-10-17
Commit:     Rajib Shresth <rajibstha059@gmail.com>
CommitDate: 2025-10-17

    fix: App crash issue due to nunmber [EVO-2073]

app/(dashboard)/dashboard/page.tsx
lib/utils.ts

commit f0958d9e16a0be5d64aa874860feea9583afc55c
Author:     darshanbajgain-sys <darshan.bajgain@inicreatechnologies.com>
AuthorDate: 2025-10-17
Commit:     GitHub <noreply@github.com>
CommitDate: 2025-10-17

    refactor(content): Media preview tiles [EVO-2139]
    
    * fix(dashboard): Range, Tooltip in follower growth rate [EVO-2140]
    
    * fix(social): Kept previous value for null/0, dynamic range [EVO-2168]
    
    * fix(calendar): Events edit and delete updates [EVO-2154]
    
    * fix(calendar): Events click issues [EVO-2170], [EVO-152]
    
    * fix(content): Draft badge added for video drafts file [EVO-2143]
    
    * refactor(content): Media preview tiles [EVO-2139]

components/common/CalendarEventPopover.tsx
components/common/Content.tsx
components/common/FollowersGrowthChart.tsx
components/common/MediaLibrary/MediaPreviewModal.tsx
components/common/MediaLibrary/SelectedMediaPreview.tsx
components/common/MediaLibraryModal.tsx
components/common/MonthTimelineCalendar.tsx
components/common/WeekTimelineCalendar.tsx
components/common/components/PerformanceChart.tsx
components/common/hooks/useFileHandling.ts
components/social-streaming/hooks/useSocialProgressChartApi.ts
components/ui/MonthYearPicker.tsx
lib/api/eventsApi.ts
lib/hooks/useEvents.ts

commit 5565ddcd167e6f9656d14ee2df56889a63dae6aa
Author:     semantic-release-bot <semantic-release-bot@martynus.net>
AuthorDate: 2025-10-17
Commit:     semantic-release-bot <semantic-release-bot@martynus.net>
CommitDate: 2025-10-17

    chore(release): 1.3.0-dev.6
    
    # [1.3.0-dev.6](https://github.com/Genesis-Technologies-LLC/artistevolve-fe/compare/v1.3.0-dev.5...v1.3.0-dev.6) (2025-10-17)
    
    ### Bug Fixes
    
    * **bug-fixes:** Functional, UI Fix & Final Reviews[EVO-2126] ([e1d8f46](https://github.com/Genesis-Technologies-LLC/artistevolve-fe/commit/e1d8f46f01524d5b19fcda1f0cecfdf25bb7ce3d))

CHANGELOG.md

commit e1d8f46f01524d5b19fcda1f0cecfdf25bb7ce3d
Author:     Sanskar-Karki01 <sanskar.karki@inicreatechnologies.com>
AuthorDate: 2025-10-17
Commit:     GitHub <noreply@github.com>
CommitDate: 2025-10-17

    fix(bug-fixes): Functional, UI Fix & Final Reviews[EVO-2126]

components/common/ContentCreateModal.tsx
components/common/ContentDetailModal.tsx
components/common/CreateCampaignModal.tsx
components/common/CurrentProject.tsx
components/common/SearchableTagDropdown.tsx
components/common/TimelineChart.tsx
components/common/UploadAssetModal.tsx
components/common/WeekTimelineCalendar.tsx
components/tasks/ProjectDetailsPopover.tsx
components/tasks/TaskDetailsPopover.tsx
components/tasks/TasksPage.tsx
components/ui/SidebarNav.tsx
components/ui/Tooltip.tsx

commit 8e6ebfe33493e4fc3495b56acfc0d33c9f8792fe
Author:     semantic-release-bot <semantic-release-bot@martynus.net>
AuthorDate: 2025-10-17
Commit:     semantic-release-bot <semantic-release-bot@martynus.net>
CommitDate: 2025-10-17

    chore(release): 1.4.0
    
    # [1.4.0](https://github.com/Genesis-Technologies-LLC/artistevolve-fe/compare/v1.3.0...v1.4.0) (2025-10-17)
    
    ### Bug Fixes
    
    * **CurrentProject:** Handle null endDate in project list [EVO-2176] ([a8b7076](https://github.com/Genesis-Technologies-LLC/artistevolve-fe/commit/a8b7076d7bc8040b7fbc54ee28d29ea6c657f838))
    
    ### Features
    
    * **calendar:** Implement optimistic event deletion [EVO-2146] ([d0e3941](https://github.com/Genesis-Technologies-LLC/artistevolve-fe/commit/d0e3941ec4d806302d0e01e7687a099c3bd67cd9))

CHANGELOG.md

commit 4f94475300694d507568273227aa67f229474c52
Author:     semantic-release-bot <semantic-release-bot@martynus.net>
AuthorDate: 2025-10-17
Commit:     semantic-release-bot <semantic-release-bot@martynus.net>
CommitDate: 2025-10-17

    chore(release): 1.4.0-rc.1
    
    # [1.4.0-rc.1](https://github.com/Genesis-Technologies-LLC/artistevolve-fe/compare/v1.3.0...v1.4.0-rc.1) (2025-10-17)
    
    ### Bug Fixes
    
    * **CurrentProject:** Handle null endDate in project list [EVO-2176] ([a8b7076](https://github.com/Genesis-Technologies-LLC/artistevolve-fe/commit/a8b7076d7bc8040b7fbc54ee28d29ea6c657f838))
    
    ### Features
    
    * **calendar:** Implement optimistic event deletion [EVO-2146] ([d0e3941](https://github.com/Genesis-Technologies-LLC/artistevolve-fe/commit/d0e3941ec4d806302d0e01e7687a099c3bd67cd9))

CHANGELOG.md

commit a850c6903f8ac32e3fa8fcb81b9de08b317776f6
Author:     Rajib Shrestha <33756765+Rajibshrestha59@users.noreply.github.com>
AuthorDate: 2025-10-16
Commit:     GitHub <noreply@github.com>
CommitDate: 2025-10-16

    refactor(CreateCampaignModal): Standardize string quotes [EVO-2063]

components/common/CreateCampaignModal.tsx

commit b51d1d9a25ec3195f1fbcc6ad54e127564f4e13f
Author:     semantic-release-bot <semantic-release-bot@martynus.net>
AuthorDate: 2025-10-16
Commit:     semantic-release-bot <semantic-release-bot@martynus.net>
CommitDate: 2025-10-16

    chore(release): 1.3.0-dev.5
    
    # [1.3.0-dev.5](https://github.com/Genesis-Technologies-LLC/artistevolve-fe/compare/v1.3.0-dev.4...v1.3.0-dev.5) (2025-10-16)
    
    ### Features
    
    * **calendar:** Click to open event modal on monthly view [EVO-2152] ([79f2085](https://github.com/Genesis-Technologies-LLC/artistevolve-fe/commit/79f2085e89fb0301cf4c44ec4106b5a6ba7a77e9))

CHANGELOG.md

commit 79f2085e89fb0301cf4c44ec4106b5a6ba7a77e9
Author:     darshanbajgain-sys <darshan.bajgain@inicreatechnologies.com>
AuthorDate: 2025-10-16
Commit:     GitHub <noreply@github.com>
CommitDate: 2025-10-16

    feat(calendar): Click to open event modal on monthly view [EVO-2152]
    
    * feat(dashboard): Followers growth chart feature implemented [EVO-2140]
    
    * feat(content): Removed all and Media preview modal [EVO-2139]
    
    * feat(content): Deselect on 2 click, multiple select, caption [EVO-2139]
    
    * feat(calendar): Dropdown date picker in calendar [EVO-2113]
    
    * feat(calendar): Past date validation remove in col click [EVO-2170]
    
    * feat(calendar): Click to open event modal on monthly view [EVO-2152]

app/(dashboard)/dashboard/page.tsx
components/common/ContentDetails.tsx
components/common/FollowersGrowthChart.tsx
components/common/MediaLibrary/AssetLibrary.tsx
components/common/MediaLibrary/MediaAssetItem.tsx
components/common/MediaLibrary/SelectedMediaPreview.tsx
components/common/MediaLibraryModal.tsx
components/common/MonthTimelineCalendar.tsx
components/common/WeekTimelineCalendar.tsx
components/common/hooks/useFileHandling.ts
components/common/hooks/useMediaHandling.ts
components/common/hooks/useMediaLibraryLogic.ts
components/ui/MonthYearPicker.tsx
lib/utils.ts

commit a624a4d5719efe1d67540b4c285147877fe5fff3
Author:     semantic-release-bot <semantic-release-bot@martynus.net>
AuthorDate: 2025-10-16
Commit:     semantic-release-bot <semantic-release-bot@martynus.net>
CommitDate: 2025-10-16

    chore(release): 1.3.0-dev.4
    
    # [1.3.0-dev.4](https://github.com/Genesis-Technologies-LLC/artistevolve-fe/compare/v1.3.0-dev.3...v1.3.0-dev.4) (2025-10-16)
    
    ### Bug Fixes
    
    * Added truncation on notification popup [EVO-2044] ([94d0d3f](https://github.com/Genesis-Technologies-LLC/artistevolve-fe/commit/94d0d3fd62fb2332ec944e3e386c3b724df2ef64))

CHANGELOG.md

commit 94d0d3fd62fb2332ec944e3e386c3b724df2ef64
Author:     Rajib Shrestha <33756765+Rajibshrestha59@users.noreply.github.com>
AuthorDate: 2025-10-16
Commit:     GitHub <noreply@github.com>
CommitDate: 2025-10-16

    fix: Added truncation on notification popup [EVO-2044]

app/(dashboard)/notification-center/page.tsx
components/notifications/NotificationPopover.tsx
components/notifications/PushNotification.tsx
lib/utils/notificationIconUtils.tsx

commit b067a902b755cf3ca5ca94dce2baadec64600960
Author:     semantic-release-bot <semantic-release-bot@martynus.net>
AuthorDate: 2025-10-16
Commit:     semantic-release-bot <semantic-release-bot@martynus.net>
CommitDate: 2025-10-16

    chore(release): 1.3.0-rc.2
    
    # [1.3.0-rc.2](https://github.com/Genesis-Technologies-LLC/artistevolve-fe/compare/v1.3.0-rc.1...v1.3.0-rc.2) (2025-10-16)
    
    ### Bug Fixes
    
    * **CurrentProject:** Handle null endDate in project list [EVO-2176] ([a8b7076](https://github.com/Genesis-Technologies-LLC/artistevolve-fe/commit/a8b7076d7bc8040b7fbc54ee28d29ea6c657f838))
    
    ### Features
    
    * **calendar:** Implement optimistic event deletion [EVO-2146] ([d0e3941](https://github.com/Genesis-Technologies-LLC/artistevolve-fe/commit/d0e3941ec4d806302d0e01e7687a099c3bd67cd9))

CHANGELOG.md

commit 2f9fd9c0b1cc63ade3e91fc670e76965bddcb477
Author:     semantic-release-bot <semantic-release-bot@martynus.net>
AuthorDate: 2025-10-16
Commit:     semantic-release-bot <semantic-release-bot@martynus.net>
CommitDate: 2025-10-16

    chore(release): 1.3.0-dev.3
    
    # [1.3.0-dev.3](https://github.com/Genesis-Technologies-LLC/artistevolve-fe/compare/v1.3.0-dev.2...v1.3.0-dev.3) (2025-10-16)
    
    ### Bug Fixes
    
    * **CurrentProject:** Handle null endDate in project list [EVO-2176] ([a8b7076](https://github.com/Genesis-Technologies-LLC/artistevolve-fe/commit/a8b7076d7bc8040b7fbc54ee28d29ea6c657f838))

CHANGELOG.md

commit a8b7076d7bc8040b7fbc54ee28d29ea6c657f838
Author:     Rajib Shresth <rajibstha059@gmail.com>
AuthorDate: 2025-10-16
Commit:     Rajib Shresth <rajibstha059@gmail.com>
CommitDate: 2025-10-16

    fix(CurrentProject): Handle null endDate in project list [EVO-2176]

components/common/CurrentProject.tsx

commit 57808f031dca0be76d7e567ef12c40678019c165
Author:     semantic-release-bot <semantic-release-bot@martynus.net>
AuthorDate: 2025-10-16
Commit:     semantic-release-bot <semantic-release-bot@martynus.net>
CommitDate: 2025-10-16

    chore(release): 1.3.0-dev.2
    
    # [1.3.0-dev.2](https://github.com/Genesis-Technologies-LLC/artistevolve-fe/compare/v1.3.0-dev.1...v1.3.0-dev.2) (2025-10-16)
    
    ### Features
    
    * **calendar:** Implement optimistic event deletion [EVO-2146] ([d0e3941](https://github.com/Genesis-Technologies-LLC/artistevolve-fe/commit/d0e3941ec4d806302d0e01e7687a099c3bd67cd9))

CHANGELOG.md

commit d0e3941ec4d806302d0e01e7687a099c3bd67cd9
Author:     Rajib Shrestha <33756765+Rajibshrestha59@users.noreply.github.com>
AuthorDate: 2025-10-16
Commit:     GitHub <noreply@github.com>
CommitDate: 2025-10-16

    feat(calendar): Implement optimistic event deletion [EVO-2146]
    
    feat(calendar): Implement optimistic event deletion [EVO-2146]

app/(dashboard)/calendar/page.tsx
components/common/CalendarEventPopover.tsx
components/common/EventGroup.tsx
components/common/EventListPresenter.tsx
components/common/MonthTimelineCalendar.tsx
components/common/WeekTimelineCalendar.tsx
components/styles/custom-calendar.css
components/tasks/CreateEvent.tsx
components/ui/SidebarNav.tsx
components/ui/TopNav.tsx
lib/api/types.ts
lib/hooks/useEvents.ts
lib/navigation-config.tsx
lib/utils/dateUtils.ts
lib/utils/index.ts

commit aee2a467c96b3f2d9f1e77c8e1cba16a558d05c3
Author:     semantic-release-bot <semantic-release-bot@martynus.net>
AuthorDate: 2025-10-16
Commit:     semantic-release-bot <semantic-release-bot@martynus.net>
CommitDate: 2025-10-16

    chore(release): 1.3.0
    
    # [1.3.0](https://github.com/Genesis-Technologies-LLC/artistevolve-fe/compare/v1.2.0...v1.3.0) (2025-10-16)
    
    ### Bug Fixes
    
    * **buzz,task:** Buzz factory, taskpage , ui fixes [EVO-2110] ([7d3d380](https://github.com/Genesis-Technologies-LLC/artistevolve-fe/commit/7d3d380be164b86e15d47b65969753eae201beb7))
    * **buzz,task:** Buzz factory, taskpage , ui fixes [EVO-2110] ([571b310](https://github.com/Genesis-Technologies-LLC/artistevolve-fe/commit/571b31067ba0ad8ec2476f863a63b323fd5a6395))
    * **buzz:** Error fix, level uppopover[EVO-2116] ([b443008](https://github.com/Genesis-Technologies-LLC/artistevolve-fe/commit/b44300806af873261608945d8926aff2db4a2573))
    * **insta:** Added Instagram client id [EVO-2073] ([feb580f](https://github.com/Genesis-Technologies-LLC/artistevolve-fe/commit/feb580f9addf39e360e875c5df4d9d176244249d))
    * **social:** Progress chart filter & google redirect uri [EVO-2140] ([2f3c3f2](https://github.com/Genesis-Technologies-LLC/artistevolve-fe/commit/2f3c3f25d4bb48e3f668458e8c1a739e187c0a71))
    * **task,buzz:** Task Page, Buzz Fixes ,API int [EVO-2054] ([1313b5a](https://github.com/Genesis-Technologies-LLC/artistevolve-fe/commit/1313b5a9b64fd4a8222332a99d1b3ebd02cad18b))
    * **task,buzz:** Vertical Scroll in timeline, task&buzz ui [EVO-2133] ([42b4a7c](https://github.com/Genesis-Technologies-LLC/artistevolve-fe/commit/42b4a7c2b3cc814f7dd44147cf4e6d3a68c78111))
    * **uibugs:** Google,file Upload & [EVO-2062] ([05e8907](https://github.com/Genesis-Technologies-LLC/artistevolve-fe/commit/05e890726bd754df0753b5ce27238db8010b9051))
    * **ui:** Dropdown transparency fixes [EVO-2045] ([d658b0d](https://github.com/Genesis-Technologies-LLC/artistevolve-fe/commit/d658b0d30fe2077326ec32bfb437fffb1c1ea660))
    
    ### Features
    
    * **social:** Top performing content IG UI [EVO-1491] ([af66721](https://github.com/Genesis-Technologies-LLC/artistevolve-fe/commit/af6672162d5b7408b42ce1c1568f9319e8c8b4e2))

CHANGELOG.md

commit 5f438d05938bf0f0483c8b7131e6307ba92ea1e1
Author:     semantic-release-bot <semantic-release-bot@martynus.net>
AuthorDate: 2025-10-16
Commit:     semantic-release-bot <semantic-release-bot@martynus.net>
CommitDate: 2025-10-16

    chore(release): 1.3.0-rc.1
    
    # [1.3.0-rc.1](https://github.com/Genesis-Technologies-LLC/artistevolve-fe/compare/v1.2.1-rc.1...v1.3.0-rc.1) (2025-10-16)
    
    ### Bug Fixes
    
    * **social:** Progress chart filter & google redirect uri [EVO-2140] ([2f3c3f2](https://github.com/Genesis-Technologies-LLC/artistevolve-fe/commit/2f3c3f25d4bb48e3f668458e8c1a739e187c0a71))
    * **task,buzz:** Vertical Scroll in timeline, task&buzz ui [EVO-2133] ([42b4a7c](https://github.com/Genesis-Technologies-LLC/artistevolve-fe/commit/42b4a7c2b3cc814f7dd44147cf4e6d3a68c78111))
    
    ### Features
    
    * **social:** Top performing content IG UI [EVO-1491] ([af66721](https://github.com/Genesis-Technologies-LLC/artistevolve-fe/commit/af6672162d5b7408b42ce1c1568f9319e8c8b4e2))

CHANGELOG.md

commit fe4ea959c438b7d6281832efba32f452c404ed94
Author:     semantic-release-bot <semantic-release-bot@martynus.net>
AuthorDate: 2025-10-16
Commit:     semantic-release-bot <semantic-release-bot@martynus.net>
CommitDate: 2025-10-16

    chore(release): 1.3.0-dev.1
    
    # [1.3.0-dev.1](https://github.com/Genesis-Technologies-LLC/artistevolve-fe/compare/v1.2.0...v1.3.0-dev.1) (2025-10-16)
    
    ### Bug Fixes
    
    * **buzz,task:** Buzz factory, taskpage , ui fixes [EVO-2110] ([7d3d380](https://github.com/Genesis-Technologies-LLC/artistevolve-fe/commit/7d3d380be164b86e15d47b65969753eae201beb7))
    * **buzz,task:** Buzz factory, taskpage , ui fixes [EVO-2110] ([571b310](https://github.com/Genesis-Technologies-LLC/artistevolve-fe/commit/571b31067ba0ad8ec2476f863a63b323fd5a6395))
    * **buzz:** Error fix, level uppopover[EVO-2116] ([b443008](https://github.com/Genesis-Technologies-LLC/artistevolve-fe/commit/b44300806af873261608945d8926aff2db4a2573))
    * **insta:** Added Instagram client id [EVO-2073] ([feb580f](https://github.com/Genesis-Technologies-LLC/artistevolve-fe/commit/feb580f9addf39e360e875c5df4d9d176244249d))
    * **social:** Progress chart filter & google redirect uri [EVO-2140] ([2f3c3f2](https://github.com/Genesis-Technologies-LLC/artistevolve-fe/commit/2f3c3f25d4bb48e3f668458e8c1a739e187c0a71))
    * **task,buzz:** Task Page, Buzz Fixes ,API int [EVO-2054] ([1313b5a](https://github.com/Genesis-Technologies-LLC/artistevolve-fe/commit/1313b5a9b64fd4a8222332a99d1b3ebd02cad18b))
    * **task,buzz:** Vertical Scroll in timeline, task&buzz ui [EVO-2133] ([42b4a7c](https://github.com/Genesis-Technologies-LLC/artistevolve-fe/commit/42b4a7c2b3cc814f7dd44147cf4e6d3a68c78111))
    * **uibugs:** Google,file Upload & [EVO-2062] ([05e8907](https://github.com/Genesis-Technologies-LLC/artistevolve-fe/commit/05e890726bd754df0753b5ce27238db8010b9051))
    * **ui:** Dropdown transparency fixes [EVO-2045] ([d658b0d](https://github.com/Genesis-Technologies-LLC/artistevolve-fe/commit/d658b0d30fe2077326ec32bfb437fffb1c1ea660))
    
    ### Features
    
    * **social:** Top performing content IG UI [EVO-1491] ([af66721](https://github.com/Genesis-Technologies-LLC/artistevolve-fe/commit/af6672162d5b7408b42ce1c1568f9319e8c8b4e2))

CHANGELOG.md

commit 52d283d13ddfdc5d9c9a7e081d306fbcc4641ad7
Author:     semantic-release-bot <semantic-release-bot@martynus.net>
AuthorDate: 2025-10-16
Commit:     semantic-release-bot <semantic-release-bot@martynus.net>
CommitDate: 2025-10-16

    chore(release): 1.2.0-dev.12
    
    # [1.2.0-dev.12](https://github.com/Genesis-Technologies-LLC/artistevolve-fe/compare/v1.2.0-dev.11...v1.2.0-dev.12) (2025-10-16)
    
    ### Features
    
    * **social:** Top performing content IG UI [EVO-1491] ([af66721](https://github.com/Genesis-Technologies-LLC/artistevolve-fe/commit/af6672162d5b7408b42ce1c1568f9319e8c8b4e2))

CHANGELOG.md

commit af6672162d5b7408b42ce1c1568f9319e8c8b4e2
Author:     Jacob Stallings <jacobcstallings@icloud.com>
AuthorDate: 2025-10-16
Commit:     GitHub <noreply@github.com>
CommitDate: 2025-10-16

    feat(social): Top performing content IG UI [EVO-1491]

components/common/components/TopContentTable.tsx
components/social-streaming/hooks/useSocialAnalytics.ts
components/social-streaming/hooks/useSocialAnalyticsApi.ts
lib/api/socialAnalytics.ts

commit 39687aed5cfac4671603054203cae04b56fe73ba
Author:     semantic-release-bot <semantic-release-bot@martynus.net>
AuthorDate: 2025-10-16
Commit:     semantic-release-bot <semantic-release-bot@martynus.net>
CommitDate: 2025-10-16

    chore(release): 1.2.0-dev.11
    
    # [1.2.0-dev.11](https://github.com/Genesis-Technologies-LLC/artistevolve-fe/compare/v1.2.0-dev.10...v1.2.0-dev.11) (2025-10-16)
    
    ### Bug Fixes
    
    * **social:** Progress chart filter & google redirect uri [EVO-2140] ([2f3c3f2](https://github.com/Genesis-Technologies-LLC/artistevolve-fe/commit/2f3c3f25d4bb48e3f668458e8c1a739e187c0a71))

CHANGELOG.md

commit 2f3c3f25d4bb48e3f668458e8c1a739e187c0a71
Author:     darshanbajgain-sys <darshan.bajgain@inicreatechnologies.com>
AuthorDate: 2025-10-16
Commit:     GitHub <noreply@github.com>
CommitDate: 2025-10-16

    fix(social): Progress chart filter & google redirect uri [EVO-2140]
    
    * fix(dashboard): Static values removed & dropdown hidden [EVO-2135]
    
    * fix(signup): Social page bug in sign up & logo [EVO-2106] [EVO-2130]
    
    * fix(events): File upload utils & event past date pop up [EVO-2082]
    
    * fix(ui): Calendar list selection,content design [EVO-2081] [EVO-2059]
    
    * fix(social): Progress chart filter & google redirect uri [EVO-2140]

app/(dashboard)/dashboard/page.tsx
app/(dashboard)/settings/edit-profile/page.tsx
app/(dashboard)/social-streaming/page.tsx
app/auth/google/callback/page.tsx
app/auth/login/page.tsx
app/auth/otp/page.tsx
app/auth/reset-password/page.tsx
app/auth/signup/page.tsx
app/content-publish/content-studio/page.tsx
app/privacy-policy/page.tsx
app/terms-and-conditions/page.tsx
components/common/Socials.tsx
components/common/WeekTimelineCalendar.tsx
components/common/components/MetricCard.tsx
components/common/components/PerformanceChart.tsx
components/social-streaming/AnalyticsSection.tsx
components/social-streaming/hooks/useSocialAnalytics.ts
components/social-streaming/hooks/useSocialProgressChartApi.ts
components/social-streaming/skeletons/MainLoadingSkeleton.tsx
components/styles/custom-calendar.css
components/ui/Select.tsx
components/ui/SidebarNav.tsx
lib/api/authApi.ts
lib/utils/fileUploadValidation.ts
public/logo.png

commit 3a1eaeccc56e8d4e55d11aec4c63a093a17674bd
Author:     semantic-release-bot <semantic-release-bot@martynus.net>
AuthorDate: 2025-10-16
Commit:     semantic-release-bot <semantic-release-bot@martynus.net>
CommitDate: 2025-10-16

    chore(release): 1.2.0-dev.10
    
    # [1.2.0-dev.10](https://github.com/Genesis-Technologies-LLC/artistevolve-fe/compare/v1.2.0-dev.9...v1.2.0-dev.10) (2025-10-16)
    
    ### Bug Fixes
    
    * **task,buzz:** Vertical Scroll in timeline, task&buzz ui [EVO-2133] ([42b4a7c](https://github.com/Genesis-Technologies-LLC/artistevolve-fe/commit/42b4a7c2b3cc814f7dd44147cf4e6d3a68c78111))

CHANGELOG.md

commit 42b4a7c2b3cc814f7dd44147cf4e6d3a68c78111
Author:     Sanskar-Karki01 <sanskar.karki@inicreatechnologies.com>
AuthorDate: 2025-10-16
Commit:     GitHub <noreply@github.com>
CommitDate: 2025-10-16

    fix(task,buzz): Vertical Scroll in timeline, task&buzz ui [EVO-2133]
    
    * feat(task): Project detail popover, sorting, ui fix[EVO-2088]
    
    * fix(buzz,task): Buzz factory, taskpage , ui fixes [EVO-2110]
    
    * fix(task,buzz): Vertical Scroll in timeline,task&buzz ui [EVO-2133]

CHANGELOG.md
components/buzz-factory/Level3/Level3Content.tsx
components/buzz-factory/components/MetricCard.tsx
components/buzz-factory/components/ProgressCard.tsx
components/common/SearchableTagDropdown.tsx
components/common/TaskGroup.tsx
components/common/TimelineChart.tsx
components/tasks/CustomProjectForm.tsx
components/tasks/TasksPage.tsx
components/ui/SidebarNav.tsx

commit 1a54a0f9149c482847acecf87beae228175ba8bc
Author:     semantic-release-bot <semantic-release-bot@martynus.net>
AuthorDate: 2025-10-15
Commit:     semantic-release-bot <semantic-release-bot@martynus.net>
CommitDate: 2025-10-15

    chore(release): 1.2.1-rc.1
    
    ## [1.2.1-rc.1](https://github.com/Genesis-Technologies-LLC/artistevolve-fe/compare/v1.2.0...v1.2.1-rc.1) (2025-10-15)
    
    ### Bug Fixes
    
    * **buzz,task:** Buzz factory, taskpage , ui fixes [EVO-2110] ([7d3d380](https://github.com/Genesis-Technologies-LLC/artistevolve-fe/commit/7d3d380be164b86e15d47b65969753eae201beb7))
    * **buzz,task:** Buzz factory, taskpage , ui fixes [EVO-2110] ([571b310](https://github.com/Genesis-Technologies-LLC/artistevolve-fe/commit/571b31067ba0ad8ec2476f863a63b323fd5a6395))
    * **buzz:** Error fix, level uppopover[EVO-2116] ([b443008](https://github.com/Genesis-Technologies-LLC/artistevolve-fe/commit/b44300806af873261608945d8926aff2db4a2573))
    * **insta:** Added Instagram client id [EVO-2073] ([feb580f](https://github.com/Genesis-Technologies-LLC/artistevolve-fe/commit/feb580f9addf39e360e875c5df4d9d176244249d))
    * **task,buzz:** Task Page, Buzz Fixes ,API int [EVO-2054] ([1313b5a](https://github.com/Genesis-Technologies-LLC/artistevolve-fe/commit/1313b5a9b64fd4a8222332a99d1b3ebd02cad18b))
    * **uibugs:** Google,file Upload & [EVO-2062] ([05e8907](https://github.com/Genesis-Technologies-LLC/artistevolve-fe/commit/05e890726bd754df0753b5ce27238db8010b9051))
    * **ui:** Dropdown transparency fixes [EVO-2045] ([d658b0d](https://github.com/Genesis-Technologies-LLC/artistevolve-fe/commit/d658b0d30fe2077326ec32bfb437fffb1c1ea660))

CHANGELOG.md

commit c56ac3765a5506702963e5e48c3544e0d1e028c3
Author:     semantic-release-bot <semantic-release-bot@martynus.net>
AuthorDate: 2025-10-14
Commit:     semantic-release-bot <semantic-release-bot@martynus.net>
CommitDate: 2025-10-14

    chore(release): 1.2.0-rc.4
    
    # [1.2.0-rc.4](https://github.com/Genesis-Technologies-LLC/artistevolve-fe/compare/v1.2.0-rc.3...v1.2.0-rc.4) (2025-10-14)
    
    ### Bug Fixes
    
    * **buzz,task:** Buzz factory, taskpage , ui fixes [EVO-2110] ([7d3d380](https://github.com/Genesis-Technologies-LLC/artistevolve-fe/commit/7d3d380be164b86e15d47b65969753eae201beb7))
    * **buzz:** Error fix, level uppopover[EVO-2116] ([b443008](https://github.com/Genesis-Technologies-LLC/artistevolve-fe/commit/b44300806af873261608945d8926aff2db4a2573))
    * **task,buzz:** Task Page, Buzz Fixes ,API int [EVO-2054] ([1313b5a](https://github.com/Genesis-Technologies-LLC/artistevolve-fe/commit/1313b5a9b64fd4a8222332a99d1b3ebd02cad18b))
    * **uibugs:** Google,file Upload & [EVO-2062] ([05e8907](https://github.com/Genesis-Technologies-LLC/artistevolve-fe/commit/05e890726bd754df0753b5ce27238db8010b9051))

CHANGELOG.md

commit 9dc5e61d2f9f6c90e7ff040cb4b7eaab4ecc7e27
Author:     semantic-release-bot <semantic-release-bot@martynus.net>
AuthorDate: 2025-10-14
Commit:     semantic-release-bot <semantic-release-bot@martynus.net>
CommitDate: 2025-10-14

    chore(release): 1.2.0-dev.9
    
    # [1.2.0-dev.9](https://github.com/Genesis-Technologies-LLC/artistevolve-fe/compare/v1.2.0-dev.8...v1.2.0-dev.9) (2025-10-14)
    
    ### Bug Fixes
    
    * **uibugs:** Google,file Upload & [EVO-2062] ([05e8907](https://github.com/Genesis-Technologies-LLC/artistevolve-fe/commit/05e890726bd754df0753b5ce27238db8010b9051))

CHANGELOG.md

commit 05e890726bd754df0753b5ce27238db8010b9051
Author:     darshanbajgain-sys <darshan.bajgain@inicreatechnologies.com>
AuthorDate: 2025-10-14
Commit:     GitHub <noreply@github.com>
CommitDate: 2025-10-14

    fix(uibugs): Google,file Upload & [EVO-2062]

app/(dashboard)/settings/edit-profile/page.tsx
app/(dashboard)/settings/page.tsx
app/(dashboard)/social-streaming/page.tsx
app/auth/google/callback/page.tsx
app/auth/login/page.tsx
app/auth/signup/page.tsx
app/content-publish/campaign/page.tsx
components/common/SocialTasks.tsx
components/common/TaskGroup.tsx
components/common/TaskGroupDashboard.tsx
components/social-streaming/SinglePlatformConnection.tsx
components/ui/TopNav.tsx
lib/api/authApi.ts
lib/hooks/useCampaigns.ts

commit ced7095ecfda5e4a17fd488cf0c557cd248a3bea
Author:     semantic-release-bot <semantic-release-bot@martynus.net>
AuthorDate: 2025-10-14
Commit:     semantic-release-bot <semantic-release-bot@martynus.net>
CommitDate: 2025-10-14

    chore(release): 1.2.0-dev.8
    
    # [1.2.0-dev.8](https://github.com/Genesis-Technologies-LLC/artistevolve-fe/compare/v1.2.0-dev.7...v1.2.0-dev.8) (2025-10-14)
    
    ### Bug Fixes
    
    * **task,buzz:** Task Page, Buzz Fixes ,API int [EVO-2054] ([1313b5a](https://github.com/Genesis-Technologies-LLC/artistevolve-fe/commit/1313b5a9b64fd4a8222332a99d1b3ebd02cad18b))

CHANGELOG.md

commit 1313b5a9b64fd4a8222332a99d1b3ebd02cad18b
Author:     Sanskar-Karki01 <sanskar.karki@inicreatechnologies.com>
AuthorDate: 2025-10-14
Commit:     GitHub <noreply@github.com>
CommitDate: 2025-10-14

    fix(task,buzz): Task Page, Buzz Fixes ,API int [EVO-2054]
    
    * fix(buzz): Error fix, level uppopover[EVO-2116]
    
    * fix(task,buzz): Task Page, Buzz Fixes ,API int[EVO-2040]
    
    ---------
    
    Co-authored-by: Rajib Shrestha <33756765+Rajibshrestha59@users.noreply.github.com>

app/(dashboard)/calendar/settings/page.tsx
components/common/TaskGroup.tsx
components/tasks/CreateEvent.tsx
components/tasks/CreateModal.tsx
components/tasks/CreateProject.tsx
components/tasks/CreateTask.tsx
components/tasks/CustomProjectForm.tsx
components/tasks/SuggestedProjectForm.tsx
components/tasks/TasksPage.tsx
components/ui/SidebarNav.tsx
lib/api/types.ts
lib/hooks/useCalendarSettings.ts
lib/hooks/useQuestionnaires.ts

commit b8c1342644c7cfa1971210db7f62e17e27120232
Author:     semantic-release-bot <semantic-release-bot@martynus.net>
AuthorDate: 2025-10-14
Commit:     semantic-release-bot <semantic-release-bot@martynus.net>
CommitDate: 2025-10-14

    chore(release): 1.2.0-dev.7
    
    # [1.2.0-dev.7](https://github.com/Genesis-Technologies-LLC/artistevolve-fe/compare/v1.2.0-dev.6...v1.2.0-dev.7) (2025-10-14)
    
    ### Bug Fixes
    
    * **buzz:** Error fix, level uppopover[EVO-2116] ([b443008](https://github.com/Genesis-Technologies-LLC/artistevolve-fe/commit/b44300806af873261608945d8926aff2db4a2573))

CHANGELOG.md

commit b44300806af873261608945d8926aff2db4a2573
Author:     Sanskar-Karki01 <sanskar.karki@inicreatechnologies.com>
AuthorDate: 2025-10-14
Commit:     GitHub <noreply@github.com>
CommitDate: 2025-10-14

    fix(buzz): Error fix, level uppopover[EVO-2116]

components/buzz-factory/BuzzFactory.tsx
components/buzz-factory/QuestionnaireModal.tsx
components/notifications/PushNotification.tsx
components/tasks/TasksPage.tsx
lib/hooks/useUserQuestionnaires.ts
lib/utils/notificationUtils.ts

commit a6c832ebe4a25c20f2a45f74b39d26be7e3f7276
Author:     semantic-release-bot <semantic-release-bot@martynus.net>
AuthorDate: 2025-10-14
Commit:     semantic-release-bot <semantic-release-bot@martynus.net>
CommitDate: 2025-10-14

    chore(release): 1.2.0-dev.6
    
    # [1.2.0-dev.6](https://github.com/Genesis-Technologies-LLC/artistevolve-fe/compare/v1.2.0-dev.5...v1.2.0-dev.6) (2025-10-14)
    
    ### Bug Fixes
    
    * **buzz,task:** Buzz factory, taskpage , ui fixes [EVO-2110] ([7d3d380](https://github.com/Genesis-Technologies-LLC/artistevolve-fe/commit/7d3d380be164b86e15d47b65969753eae201beb7))

CHANGELOG.md

commit 7d3d380be164b86e15d47b65969753eae201beb7
Author:     Sanskar-Karki01 <sanskar.karki@inicreatechnologies.com>
AuthorDate: 2025-10-14
Commit:     GitHub <noreply@github.com>
CommitDate: 2025-10-14

    fix(buzz,task): Buzz factory, taskpage , ui fixes [EVO-2110]
    
    * feat(task): Project detail popover, sorting, ui fix[EVO-2088]
    
    * fix(buzz,task): Buzz factory, taskpage , ui fixes [EVO-2110]

CHANGELOG.md
components/common/TaskGroup.tsx

commit 13f3230a4ffa47659df306889051ffac91fa2e0e
Author:     semantic-release-bot <semantic-release-bot@martynus.net>
AuthorDate: 2025-10-13
Commit:     semantic-release-bot <semantic-release-bot@martynus.net>
CommitDate: 2025-10-13

    chore(release): 1.2.0-rc.3
    
    # [1.2.0-rc.3](https://github.com/Genesis-Technologies-LLC/artistevolve-fe/compare/v1.2.0-rc.2...v1.2.0-rc.3) (2025-10-13)
    
    ### Bug Fixes
    
    * **buzz,task:** Buzz factory, taskpage , ui fixes [EVO-2110] ([571b310](https://github.com/Genesis-Technologies-LLC/artistevolve-fe/commit/571b31067ba0ad8ec2476f863a63b323fd5a6395))
    * **insta:** Added Instagram client id [EVO-2073] ([feb580f](https://github.com/Genesis-Technologies-LLC/artistevolve-fe/commit/feb580f9addf39e360e875c5df4d9d176244249d))
    * **ui:** Dropdown transparency fixes [EVO-2045] ([d658b0d](https://github.com/Genesis-Technologies-LLC/artistevolve-fe/commit/d658b0d30fe2077326ec32bfb437fffb1c1ea660))

CHANGELOG.md

commit cc166cf3a36e97b5586d1474416e61e87197d4ef
Author:     semantic-release-bot <semantic-release-bot@martynus.net>
AuthorDate: 2025-10-13
Commit:     semantic-release-bot <semantic-release-bot@martynus.net>
CommitDate: 2025-10-13

    chore(release): 1.2.0-dev.5
    
    # [1.2.0-dev.5](https://github.com/Genesis-Technologies-LLC/artistevolve-fe/compare/v1.2.0-dev.4...v1.2.0-dev.5) (2025-10-13)
    
    ### Bug Fixes
    
    * Update prod.yml [EVO-2073] ([2a9b321](https://github.com/Genesis-Technologies-LLC/artistevolve-fe/commit/2a9b321abb63c0750876d0dc08611f0bd04894e8))
    * Update prod.yml [EVO-2073] ([9c6bba8](https://github.com/Genesis-Technologies-LLC/artistevolve-fe/commit/9c6bba8205f861a051141898a7e924fc072b027f))

CHANGELOG.md

commit b91cdb59bfa51daf8f3902b85cefe6b1bc1d94d1
Author:     semantic-release-bot <semantic-release-bot@martynus.net>
AuthorDate: 2025-10-13
Commit:     semantic-release-bot <semantic-release-bot@martynus.net>
CommitDate: 2025-10-13

    chore(release): 1.2.0-dev.4
    
    # [1.2.0-dev.4](https://github.com/Genesis-Technologies-LLC/artistevolve-fe/compare/v1.2.0-dev.3...v1.2.0-dev.4) (2025-10-13)
    
    ### Bug Fixes
    
    * **ui:** Dropdown transparency fixes [EVO-2045] ([d658b0d](https://github.com/Genesis-Technologies-LLC/artistevolve-fe/commit/d658b0d30fe2077326ec32bfb437fffb1c1ea660))

CHANGELOG.md

commit d658b0d30fe2077326ec32bfb437fffb1c1ea660
Author:     darshanbajgain-sys <darshan.bajgain@inicreatechnologies.com>
AuthorDate: 2025-10-13
Commit:     GitHub <noreply@github.com>
CommitDate: 2025-10-13

    fix(ui): Dropdown transparency fixes [EVO-2045]
    
    * fix(error): Proper error message displayed in media upload [EVO-2100]
    
    * fix(social-tasks): Rendered social tasks and UI fixes [EVO-2105]
    
    * refactor(edit-profile): Profile picture upload api [EVO-2114]
    
    * fix(ui): Dropdown transparency fixes [EVO-2045]
    
    ---------
    
    Co-authored-by: Rajib Shrestha <33756765+Rajibshrestha59@users.noreply.github.com>

app/(dashboard)/settings/edit-profile/page.tsx
app/content-publish/content-studio/page.tsx
components/common/SocialTasks.tsx
components/common/TaskGroup.tsx
components/common/UploadAssetModal.tsx
components/common/components/DropdownCard.tsx
components/common/components/MetricCard.tsx
components/ui/Select.tsx
lib/api/axiosInstance.ts
lib/hooks/useUploadProfileImage.ts
package-lock.json

commit 9b3c5bde06084b7258af98225d08cbb47fbf9bea
Author:     semantic-release-bot <semantic-release-bot@martynus.net>
AuthorDate: 2025-10-13
Commit:     semantic-release-bot <semantic-release-bot@martynus.net>
CommitDate: 2025-10-13

    chore(release): 1.2.0-dev.3
    
    # [1.2.0-dev.3](https://github.com/Genesis-Technologies-LLC/artistevolve-fe/compare/v1.2.0-dev.2...v1.2.0-dev.3) (2025-10-13)
    
    ### Bug Fixes
    
    * **buzz,task:** Buzz factory, taskpage , ui fixes [EVO-2110] ([571b310](https://github.com/Genesis-Technologies-LLC/artistevolve-fe/commit/571b31067ba0ad8ec2476f863a63b323fd5a6395))

CHANGELOG.md

commit 571b31067ba0ad8ec2476f863a63b323fd5a6395
Author:     Sanskar-Karki01 <sanskar.karki@inicreatechnologies.com>
AuthorDate: 2025-10-13
Commit:     GitHub <noreply@github.com>
CommitDate: 2025-10-13

    fix(buzz,task): Buzz factory, taskpage , ui fixes [EVO-2110]
    
    * feat(task): Project detail popover, sorting, ui fix[EVO-2088]
    
    * fix(buzz,task): Buzz factory, taskpage , ui fixes [EVO-2110]

CHANGELOG.md
components/buzz-factory/QuestionnaireModal.tsx
components/common/TaskGroup.tsx
components/common/TimelineChart.tsx
components/tasks/SuggestedProjectForm.tsx
components/tasks/TasksPage.tsx
components/ui/SidebarNav.tsx

commit 4aa1645268d09cb4d7cefd0c2de66467edab61d8
Author:     semantic-release-bot <semantic-release-bot@martynus.net>
AuthorDate: 2025-10-13
Commit:     semantic-release-bot <semantic-release-bot@martynus.net>
CommitDate: 2025-10-13

    chore(release): 1.2.0-dev.2
    
    # [1.2.0-dev.2](https://github.com/Genesis-Technologies-LLC/artistevolve-fe/compare/v1.2.0-dev.1...v1.2.0-dev.2) (2025-10-13)
    
    ### Bug Fixes
    
    * **insta:** Added Instagram client id [EVO-2073] ([feb580f](https://github.com/Genesis-Technologies-LLC/artistevolve-fe/commit/feb580f9addf39e360e875c5df4d9d176244249d))

CHANGELOG.md

commit feb580f9addf39e360e875c5df4d9d176244249d
Author:     Rajib Shresth <rajibstha059@gmail.com>
AuthorDate: 2025-10-13
Commit:     Rajib Shresth <rajibstha059@gmail.com>
CommitDate: 2025-10-13

    fix(insta): Added Instagram client id [EVO-2073]

.github/workflows/stage.yml

commit 30873a1d3eb27a1645d5888412f199728d3d90fa
Author:     semantic-release-bot <semantic-release-bot@martynus.net>
AuthorDate: 2025-10-13
Commit:     semantic-release-bot <semantic-release-bot@martynus.net>
CommitDate: 2025-10-13

    chore(release): 1.2.0
    
    # [1.2.0](https://github.com/Genesis-Technologies-LLC/artistevolve-fe/compare/v1.1.5...v1.2.0) (2025-10-13)
    
    ### Bug Fixes
    
    * **dropdown:** Dropdown menu fixed in dashboard metric [EVO-2045] ([526d92c](https://github.com/Genesis-Technologies-LLC/artistevolve-fe/commit/526d92c90a7e4c176fa92fd207d8a304370ff452))
    
    ### Features
    
    * **task:** Project detail popover, sorting, ui fix[EVO-2088] ([67529ab](https://github.com/Genesis-Technologies-LLC/artistevolve-fe/commit/67529ab0efdb959362be1d8cae6e1b54d0cbe1f1))

CHANGELOG.md

commit 7463e20eaf49caa8c517e701dcc97b94e0b796a7
Author:     semantic-release-bot <semantic-release-bot@martynus.net>
AuthorDate: 2025-10-13
Commit:     semantic-release-bot <semantic-release-bot@martynus.net>
CommitDate: 2025-10-13

    chore(release): 1.2.0-rc.2
    
    # [1.2.0-rc.2](https://github.com/Genesis-Technologies-LLC/artistevolve-fe/compare/v1.2.0-rc.1...v1.2.0-rc.2) (2025-10-13)
    
    ### Bug Fixes
    
    * Update prod.yml [EVO-2073] ([2a9b321](https://github.com/Genesis-Technologies-LLC/artistevolve-fe/commit/2a9b321abb63c0750876d0dc08611f0bd04894e8))
    * Update prod.yml [EVO-2073] ([9c6bba8](https://github.com/Genesis-Technologies-LLC/artistevolve-fe/commit/9c6bba8205f861a051141898a7e924fc072b027f))

CHANGELOG.md

commit 5d3aea9368e6478bc2f83b3117abece04c579eab
Author:     semantic-release-bot <semantic-release-bot@martynus.net>
AuthorDate: 2025-10-13
Commit:     semantic-release-bot <semantic-release-bot@martynus.net>
CommitDate: 2025-10-13

    chore(release): 1.2.0-rc.1
    
    # [1.2.0-rc.1](https://github.com/Genesis-Technologies-LLC/artistevolve-fe/compare/v1.1.3-rc.1...v1.2.0-rc.1) (2025-10-13)
    
    ### Bug Fixes
    
    * **dropdown:** Dropdown menu fixed in dashboard metric [EVO-2045] ([526d92c](https://github.com/Genesis-Technologies-LLC/artistevolve-fe/commit/526d92c90a7e4c176fa92fd207d8a304370ff452))
    
    ### Features
    
    * **task:** Project detail popover, sorting, ui fix[EVO-2088] ([67529ab](https://github.com/Genesis-Technologies-LLC/artistevolve-fe/commit/67529ab0efdb959362be1d8cae6e1b54d0cbe1f1))

CHANGELOG.md

commit a0b69dc1bddabb7c80b6da98f5214e25594f3d6e
Author:     semantic-release-bot <semantic-release-bot@martynus.net>
AuthorDate: 2025-10-13
Commit:     semantic-release-bot <semantic-release-bot@martynus.net>
CommitDate: 2025-10-13

    chore(release): 1.2.0-dev.1
    
    # [1.2.0-dev.1](https://github.com/Genesis-Technologies-LLC/artistevolve-fe/compare/v1.1.2...v1.2.0-dev.1) (2025-10-13)
    
    ### Bug Fixes
    
    * **dropdown:** Dropdown menu fixed in dashboard metric [EVO-2045] ([526d92c](https://github.com/Genesis-Technologies-LLC/artistevolve-fe/commit/526d92c90a7e4c176fa92fd207d8a304370ff452))
    * Merge conflict [EVO-2073] ([4a964b2](https://github.com/Genesis-Technologies-LLC/artistevolve-fe/commit/4a964b225eaccd6490f4af02e39f6273c3269109))
    * Update deployment file [EVO-2073] ([4c55a79](https://github.com/Genesis-Technologies-LLC/artistevolve-fe/commit/4c55a79ca64e3d6b1a979005ce4f7e0360e68924))
    * Update prod.yml [EVO-2073] ([fd6dbb1](https://github.com/Genesis-Technologies-LLC/artistevolve-fe/commit/fd6dbb1c4bf913317ff91066d4fc70d1e1b1fbb7))
    
    ### Features
    
    * **task:** Project detail popover, sorting, ui fix[EVO-2088] ([67529ab](https://github.com/Genesis-Technologies-LLC/artistevolve-fe/commit/67529ab0efdb959362be1d8cae6e1b54d0cbe1f1))

CHANGELOG.md

commit f28febd2aef7b8db529d4a3440e4b52a86d39946
Author:     semantic-release-bot <semantic-release-bot@martynus.net>
AuthorDate: 2025-10-12
Commit:     semantic-release-bot <semantic-release-bot@martynus.net>
CommitDate: 2025-10-12

    chore(release): 1.1.0-dev.35
    
    # [1.1.0-dev.35](https://github.com/Genesis-Technologies-LLC/artistevolve-fe/compare/v1.1.0-dev.34...v1.1.0-dev.35) (2025-10-12)
    
    ### Features
    
    * **task:** Project detail popover, sorting, ui fix[EVO-2088] ([67529ab](https://github.com/Genesis-Technologies-LLC/artistevolve-fe/commit/67529ab0efdb959362be1d8cae6e1b54d0cbe1f1))

CHANGELOG.md

commit 67529ab0efdb959362be1d8cae6e1b54d0cbe1f1
Author:     Sanskar-Karki01 <sanskar.karki@inicreatechnologies.com>
AuthorDate: 2025-10-12
Commit:     GitHub <noreply@github.com>
CommitDate: 2025-10-12

    feat(task): Project detail popover, sorting, ui fix[EVO-2088]

components/common/TaskGroup.tsx
components/tasks/ProjectDetailsPopover.tsx
components/tasks/TasksPage.tsx
lib/api/tasksApi.ts
lib/api/types.ts
lib/hooks/useTasks.ts

commit 55634ec5b5703f8694ea098f4fed695aa02d1a25
Author:     semantic-release-bot <semantic-release-bot@martynus.net>
AuthorDate: 2025-10-12
Commit:     semantic-release-bot <semantic-release-bot@martynus.net>
CommitDate: 2025-10-12

    chore(release): 1.1.0-dev.34
    
    # [1.1.0-dev.34](https://github.com/Genesis-Technologies-LLC/artistevolve-fe/compare/v1.1.0-dev.33...v1.1.0-dev.34) (2025-10-12)
    
    ### Bug Fixes
    
    * **dropdown:** Dropdown menu fixed in dashboard metric [EVO-2045] ([526d92c](https://github.com/Genesis-Technologies-LLC/artistevolve-fe/commit/526d92c90a7e4c176fa92fd207d8a304370ff452))

CHANGELOG.md

commit 526d92c90a7e4c176fa92fd207d8a304370ff452
Author:     darshanbajgain-sys <darshan.bajgain@inicreatechnologies.com>
AuthorDate: 2025-10-12
Commit:     GitHub <noreply@github.com>
CommitDate: 2025-10-12

    fix(dropdown): Dropdown menu fixed in dashboard metric [EVO-2045]
    
    * feat(ui): Terms and Policies page designed [EVO-2008]
    
    * feat(ui): Terms and Policies hyperlink styled [EVO-2008]
    
    * fix(social): Username display, profile & anlytics redirect [EVO-2051]
    
    * fix(calendar-settings): Remove acitvities payload added  [EVO-2083]
    
    * fix(social): Not connected case UI updates [EVO-2051]
    
    * fix(campaign): Skeleton loader, UI fixes [EVO-2092] [EVO-2051]
    
    * fix(dropdown): Dropdown menu fixed in dashboard metric [EVO-2045]

app/(dashboard)/calendar/settings/page.tsx
app/(dashboard)/social-streaming/page.tsx
app/content-publish/campaign/detail/CampaignDetailClient.tsx
app/content-publish/campaign/detail/page.tsx
app/content-publish/campaign/page.tsx
components/common/CampaignDetailSkeleton.tsx
components/common/CampaignTableSkeleton.tsx
components/common/ContentDetailsModalSkeleton.tsx
components/common/ContentTable.tsx
components/common/MonthTimelineCalendar.tsx
components/common/WeekTimelineCalendar.tsx
components/common/components/DropdownCard.tsx
lib/api/types.ts
lib/utils.ts

commit c4ebee87d65f725cc388d7dd6251437d478ec759
Author:     semantic-release-bot <semantic-release-bot@martynus.net>
AuthorDate: 2025-10-10
Commit:     semantic-release-bot <semantic-release-bot@martynus.net>
CommitDate: 2025-10-10

    chore(release): 1.1.5
    
    ## [1.1.5](https://github.com/Genesis-Technologies-LLC/artistevolve-fe/compare/v1.1.4...v1.1.5) (2025-10-10)
    
    ### Bug Fixes
    
    * Update prod.yml [EVO-2073] ([2a9b321](https://github.com/Genesis-Technologies-LLC/artistevolve-fe/commit/2a9b321abb63c0750876d0dc08611f0bd04894e8))

CHANGELOG.md

commit 2a9b321abb63c0750876d0dc08611f0bd04894e8
Author:     Rajib Shrestha <33756765+Rajibshrestha59@users.noreply.github.com>
AuthorDate: 2025-10-10
Commit:     GitHub <noreply@github.com>
CommitDate: 2025-10-10

    fix: Update prod.yml [EVO-2073]

.github/workflows/prod.yml

commit 6335dfada48e23f851feb994580b5fe501ab0f0a
Author:     semantic-release-bot <semantic-release-bot@martynus.net>
AuthorDate: 2025-10-10
Commit:     semantic-release-bot <semantic-release-bot@martynus.net>
CommitDate: 2025-10-10

    chore(release): 1.1.4
    
    ## [1.1.4](https://github.com/Genesis-Technologies-LLC/artistevolve-fe/compare/v1.1.3...v1.1.4) (2025-10-10)
    
    ### Bug Fixes
    
    * Update prod.yml [EVO-2073] ([9c6bba8](https://github.com/Genesis-Technologies-LLC/artistevolve-fe/commit/9c6bba8205f861a051141898a7e924fc072b027f))

CHANGELOG.md

commit 9c6bba8205f861a051141898a7e924fc072b027f
Author:     Rajib Shrestha <33756765+Rajibshrestha59@users.noreply.github.com>
AuthorDate: 2025-10-10
Commit:     GitHub <noreply@github.com>
CommitDate: 2025-10-10

    fix: Update prod.yml [EVO-2073]

.github/workflows/prod.yml

commit fffa8b21df6ae0b03f67b565a0ea668ec3c47835
Author:     semantic-release-bot <semantic-release-bot@martynus.net>
AuthorDate: 2025-10-10
Commit:     semantic-release-bot <semantic-release-bot@martynus.net>
CommitDate: 2025-10-10

    chore(release): 1.1.3
    
    ## [1.1.3](https://github.com/Genesis-Technologies-LLC/artistevolve-fe/compare/v1.1.2...v1.1.3) (2025-10-10)
    
    ### Bug Fixes
    
    * Merge conflict [EVO-2073] ([4a964b2](https://github.com/Genesis-Technologies-LLC/artistevolve-fe/commit/4a964b225eaccd6490f4af02e39f6273c3269109))
    * Update deployment file [EVO-2073] ([4c55a79](https://github.com/Genesis-Technologies-LLC/artistevolve-fe/commit/4c55a79ca64e3d6b1a979005ce4f7e0360e68924))
    * Update prod.yml [EVO-2073] ([fd6dbb1](https://github.com/Genesis-Technologies-LLC/artistevolve-fe/commit/fd6dbb1c4bf913317ff91066d4fc70d1e1b1fbb7))

CHANGELOG.md

commit 52e3a98fc3392e1578bfa13cfa6bd5428a103260
Author:     semantic-release-bot <semantic-release-bot@martynus.net>
AuthorDate: 2025-10-10
Commit:     semantic-release-bot <semantic-release-bot@martynus.net>
CommitDate: 2025-10-10

    chore(release): 1.1.3-rc.1
    
    ## [1.1.3-rc.1](https://github.com/Genesis-Technologies-LLC/artistevolve-fe/compare/v1.1.2...v1.1.3-rc.1) (2025-10-10)
    
    ### Bug Fixes
    
    * Merge conflict [EVO-2073] ([4a964b2](https://github.com/Genesis-Technologies-LLC/artistevolve-fe/commit/4a964b225eaccd6490f4af02e39f6273c3269109))
    * Update deployment file [EVO-2073] ([4c55a79](https://github.com/Genesis-Technologies-LLC/artistevolve-fe/commit/4c55a79ca64e3d6b1a979005ce4f7e0360e68924))
    * Update prod.yml [EVO-2073] ([fd6dbb1](https://github.com/Genesis-Technologies-LLC/artistevolve-fe/commit/fd6dbb1c4bf913317ff91066d4fc70d1e1b1fbb7))

CHANGELOG.md

commit 9b9d6d01973a4512ecd325ca3904a5996e04ab80
Author:     semantic-release-bot <semantic-release-bot@martynus.net>
AuthorDate: 2025-10-10
Commit:     semantic-release-bot <semantic-release-bot@martynus.net>
CommitDate: 2025-10-10

    chore(release): 1.1.0-rc.5
    
    # [1.1.0-rc.5](https://github.com/Genesis-Technologies-LLC/artistevolve-fe/compare/v1.1.0-rc.4...v1.1.0-rc.5) (2025-10-10)
    
    ### Bug Fixes
    
    * Merge conflict [EVO-2073] ([4a964b2](https://github.com/Genesis-Technologies-LLC/artistevolve-fe/commit/4a964b225eaccd6490f4af02e39f6273c3269109))
    * Update deployment file [EVO-2073] ([4c55a79](https://github.com/Genesis-Technologies-LLC/artistevolve-fe/commit/4c55a79ca64e3d6b1a979005ce4f7e0360e68924))
    * Update prod.yml [EVO-2073] ([fd6dbb1](https://github.com/Genesis-Technologies-LLC/artistevolve-fe/commit/fd6dbb1c4bf913317ff91066d4fc70d1e1b1fbb7))

CHANGELOG.md

commit 3b116865c872f933ede24f7bb74ea39293190062
Author:     semantic-release-bot <semantic-release-bot@martynus.net>
AuthorDate: 2025-10-10
Commit:     semantic-release-bot <semantic-release-bot@martynus.net>
CommitDate: 2025-10-10

    chore(release): 1.1.0-dev.33
    
    # [1.1.0-dev.33](https://github.com/Genesis-Technologies-LLC/artistevolve-fe/compare/v1.1.0-dev.32...v1.1.0-dev.33) (2025-10-10)
    
    ### Bug Fixes
    
    * Merge conflict [EVO-2073] ([4a964b2](https://github.com/Genesis-Technologies-LLC/artistevolve-fe/commit/4a964b225eaccd6490f4af02e39f6273c3269109))
    * Update deployment file [EVO-2073] ([4c55a79](https://github.com/Genesis-Technologies-LLC/artistevolve-fe/commit/4c55a79ca64e3d6b1a979005ce4f7e0360e68924))
    * Update prod.yml [EVO-2073] ([fd6dbb1](https://github.com/Genesis-Technologies-LLC/artistevolve-fe/commit/fd6dbb1c4bf913317ff91066d4fc70d1e1b1fbb7))

CHANGELOG.md

commit 4c55a79ca64e3d6b1a979005ce4f7e0360e68924
Author:     Rajib Shresth <rajibstha059@gmail.com>
AuthorDate: 2025-10-10
Commit:     Rajib Shresth <rajibstha059@gmail.com>
CommitDate: 2025-10-10

    fix: Update deployment file [EVO-2073]

.github/workflows/prod.yml

commit 42bf62adff2e57d2c7264aa36cdea14749f6c50d
Author:     semantic-release-bot <semantic-release-bot@martynus.net>
AuthorDate: 2025-10-10
Commit:     semantic-release-bot <semantic-release-bot@martynus.net>
CommitDate: 2025-10-10

    chore(release): 1.1.2
    
    ## [1.1.2](https://github.com/Genesis-Technologies-LLC/artistevolve-fe/compare/v1.1.1...v1.1.2) (2025-10-10)
    
    ### Bug Fixes
    
    * Update prod.yml [EVO-2073] ([aceb16a](https://github.com/Genesis-Technologies-LLC/artistevolve-fe/commit/aceb16a64b446e7efcd6b24681c7f89b9c067374))

CHANGELOG.md

commit aceb16a64b446e7efcd6b24681c7f89b9c067374
Author:     Rajib Shrestha <33756765+Rajibshrestha59@users.noreply.github.com>
AuthorDate: 2025-10-10
Commit:     GitHub <noreply@github.com>
CommitDate: 2025-10-10

    fix: Update prod.yml [EVO-2073]

.github/workflows/prod.yml

commit fd6dbb1c4bf913317ff91066d4fc70d1e1b1fbb7
Author:     Rajib Shrestha <33756765+Rajibshrestha59@users.noreply.github.com>
AuthorDate: 2025-10-10
Commit:     GitHub <noreply@github.com>
CommitDate: 2025-10-10

    fix: Update prod.yml [EVO-2073]

.github/workflows/prod.yml

commit b74b0623769e60cd74fa705f61d472a2ca3b8e49
Author:     semantic-release-bot <semantic-release-bot@martynus.net>
AuthorDate: 2025-10-10
Commit:     semantic-release-bot <semantic-release-bot@martynus.net>
CommitDate: 2025-10-10

    chore(release): 1.1.1
    
    ## [1.1.1](https://github.com/Genesis-Technologies-LLC/artistevolve-fe/compare/v1.1.0...v1.1.1) (2025-10-10)
    
    ### Bug Fixes
    
    * Update prod.yml [EVO-2073] ([703d566](https://github.com/Genesis-Technologies-LLC/artistevolve-fe/commit/703d56603fde5c8d0d4c2b11d2b92007b998fee9))

CHANGELOG.md

commit 703d56603fde5c8d0d4c2b11d2b92007b998fee9
Author:     Rajib Shrestha <33756765+Rajibshrestha59@users.noreply.github.com>
AuthorDate: 2025-10-10
Commit:     GitHub <noreply@github.com>
CommitDate: 2025-10-10

    fix: Update prod.yml [EVO-2073]

.github/workflows/prod.yml

commit b38363765d07306a04b9af3d76038092794d7547
Author:     semantic-release-bot <semantic-release-bot@martynus.net>
AuthorDate: 2025-10-10
Commit:     semantic-release-bot <semantic-release-bot@martynus.net>
CommitDate: 2025-10-10

    chore(release): 1.1.0
    
    # [1.1.0](https://github.com/Genesis-Technologies-LLC/artistevolve-fe/compare/v1.0.0...v1.1.0) (2025-10-10)
    
    ### Bug Fixes
    
    * Added instagram client id in yml [EVO-1976] ([553969d](https://github.com/Genesis-Technologies-LLC/artistevolve-fe/commit/553969dc459d71b95137ff332401ac778eb2a706))
    * **artiChat:** Ui fixes, functionality implementaion, [EVO-1986] ([4a386b3](https://github.com/Genesis-Technologies-LLC/artistevolve-fe/commit/4a386b336e9c41da56b11e50776a441f6909ecc0))
    * **campagin:** Create button ui made inline with filters [EVO-2093] ([68f67fa](https://github.com/Genesis-Technologies-LLC/artistevolve-fe/commit/68f67facee67e84cf48a4b700c1f9ab8aa4427ff))
    * Conflict issue resovled [EVO-2011] ([f4349f2](https://github.com/Genesis-Technologies-LLC/artistevolve-fe/commit/f4349f2197e09e15899ab8e110b75ef041430741))
    * **content:** Content publish page responsive [EVO-1915] ([269ea21](https://github.com/Genesis-Technologies-LLC/artistevolve-fe/commit/269ea217868c3c89b3fe0f2204c3468cacc67ac1))
    * **content:** Display profile images in socials card [EVO-2001] ([b6874cc](https://github.com/Genesis-Technologies-LLC/artistevolve-fe/commit/b6874ccf1cd28d5c9165a5e2bea5d1c7b09efbd4))
    * **notification:** Notificaiton center,skeleton fix[EVO-1995] ([0810c1c](https://github.com/Genesis-Technologies-LLC/artistevolve-fe/commit/0810c1cdb0579a3333b2b5009ed7681641240ae5))
    * **noti:** View Badges -> Badge history tab of BuzzFactory [EVO-2096] ([c1efb3a](https://github.com/Genesis-Technologies-LLC/artistevolve-fe/commit/c1efb3a1f2f6c1884836469c347c074df7628ba4))
    * **otp:** Fixed navigation route in otp flow [EVO-1952] ([69815a9](https://github.com/Genesis-Technologies-LLC/artistevolve-fe/commit/69815a946e8a1e6bb6751641b85670a1445fc7da))
    * **settings:** Social not connected display [EVO-2086] ([a435bfe](https://github.com/Genesis-Technologies-LLC/artistevolve-fe/commit/a435bfed28f010e961f265475e50a378c8234206))
    * **social:** Posthog trackings [EVO-2002] ([aead815](https://github.com/Genesis-Technologies-LLC/artistevolve-fe/commit/aead8151095bce9e6db0e6bfd17103a06070fbab))
    * **social:** Reduce redundant API calls and flickering [EVO-2002] ([7f3a4a0](https://github.com/Genesis-Technologies-LLC/artistevolve-fe/commit/7f3a4a0a85fa8bc241cd65085dab73313c457a27))
    * **social:** Username display, profile & anlytics redirect [EVO-2051] ([#96](https://github.com/Genesis-Technologies-LLC/artistevolve-fe/issues/96)) ([fe2fac2](https://github.com/Genesis-Technologies-LLC/artistevolve-fe/commit/fe2fac2181dd1ec354996d35445d9edacad774d7))
    * **task:** Added task edit functionality[EVO-2088] ([298f4cf](https://github.com/Genesis-Technologies-LLC/artistevolve-fe/commit/298f4cf317f79601fd871920af39c303e7c5a622))
    * **tasks:** Daytoday date ,UI improvements [EVO-1986] ([8419bad](https://github.com/Genesis-Technologies-LLC/artistevolve-fe/commit/8419badcacb89b621091232fef090df87fb4c162))
    * **tasks:** Project and task api merge, taskapge ui[EVO-1986] ([b7fcfd8](https://github.com/Genesis-Technologies-LLC/artistevolve-fe/commit/b7fcfd8798a1a09718f0887c82e8ea13402b330c))
    * **tasks:** Tag api & bulk actions, ui adjustment [EVO-1986] ([45c0a3b](https://github.com/Genesis-Technologies-LLC/artistevolve-fe/commit/45c0a3b2dfaba2f24d14286333246944caf57a19))
    * **tasks:** Tag api & bulk actions, ui adjustment [EVO-1986] ([2059a45](https://github.com/Genesis-Technologies-LLC/artistevolve-fe/commit/2059a4518070510adf931a0257c237038478bc78))
    * **ui:** Hover effects in dashboard and calendar weekly event [EVO-2056] ([3e04bd4](https://github.com/Genesis-Technologies-LLC/artistevolve-fe/commit/3e04bd49b385e2a9d00c6214a329347234425f95))
    * Update README.md ([1ebe31e](https://github.com/Genesis-Technologies-LLC/artistevolve-fe/commit/1ebe31e09229d9900d8e923c9e4251b21141de89))
    * Update README.md [EVO-1952] ([4d589a1](https://github.com/Genesis-Technologies-LLC/artistevolve-fe/commit/4d589a175dfc8aaefd9f22bdcc0169684fe3b459))
    * Update README.md [EVO-1978] ([2f75a1d](https://github.com/Genesis-Technologies-LLC/artistevolve-fe/commit/2f75a1df150734775ec7a70676ee387799c2fb6d))
    * Updated sidebar fontsize and font family [EVO-1994] ([dbde642](https://github.com/Genesis-Technologies-LLC/artistevolve-fe/commit/dbde642259cc92683fcd5489537dce81ad3e14a4))
    
    ### Features
    
    * **buzz-factory:** Enhance BuzzFactory, user questionnaire [EVO-2011] ([c1d3dc8](https://github.com/Genesis-Technologies-LLC/artistevolve-fe/commit/c1d3dc8e96aef88a61d0576c508cc3f84ec23e7c))
    * **buzz:** Buzz KPI,Badge History, PostHog, ui Fixes[EVO-2067] ([a6a50c5](https://github.com/Genesis-Technologies-LLC/artistevolve-fe/commit/a6a50c50a52d165870ab12675a65fc5890dc2a90))
    * **cicd:** Staging Deployment [EVO-1952] ([35207e0](https://github.com/Genesis-Technologies-LLC/artistevolve-fe/commit/35207e08585058430d064c81aebdaf0c6199200d))
    * **deployment:** Added production deployment [EVO-1973] ([eb4e4a0](https://github.com/Genesis-Technologies-LLC/artistevolve-fe/commit/eb4e4a0483bd8d22d5955944ba3d694c92c9d492))
    * Develop to stage [EVO-2096] ([ae61921](https://github.com/Genesis-Technologies-LLC/artistevolve-fe/commit/ae619211ddb0e33ea4533dd2ef56501069f46967))
    * **fix:** Release workflow [EVO-1782] ([a5244a8](https://github.com/Genesis-Technologies-LLC/artistevolve-fe/commit/a5244a8e79d9799b3e6e046b64c1ab52b0acee09))
    * **fix:** Release workflow [EVO-1782] ([8c27233](https://github.com/Genesis-Technologies-LLC/artistevolve-fe/commit/8c27233dfb7df3aa0b0af7a561df09f5bfad7b33))
    * **metrics:** Live tracking/caching of todays metrics [EVO-1131] ([a9dd72b](https://github.com/Genesis-Technologies-LLC/artistevolve-fe/commit/a9dd72befb51289a014d8f940037fb3ac81cbea8))
    * **noti:** Implemented Notifications [EVO-1882] ([cf6f9dd](https://github.com/Genesis-Technologies-LLC/artistevolve-fe/commit/cf6f9dd78614f225c92d54eb9ac9b4c711172b40))
    * **social:** Day time range added [EVO-2001] ([b8ab8c7](https://github.com/Genesis-Technologies-LLC/artistevolve-fe/commit/b8ab8c73f7755916b6912c913b6a1facce4b9a9d))
    * **social:** Hover effect bg added to metrics cards [EVO-2002] ([#85](https://github.com/Genesis-Technologies-LLC/artistevolve-fe/issues/85)) ([b7b65d9](https://github.com/Genesis-Technologies-LLC/artistevolve-fe/commit/b7b65d9d8d117bacda2d38cb98d2b436f911abee))
    * **stage:** Release on stage [EVO-1782] ([b80476e](https://github.com/Genesis-Technologies-LLC/artistevolve-fe/commit/b80476e51f1fd6fcaed181b27a7d89bfb7b93d29))
    * **stage:** Release on stage [EVO-1782] ([ad78db3](https://github.com/Genesis-Technologies-LLC/artistevolve-fe/commit/ad78db3dfbfd9a689348de225c61dd4e3737bcd6))
    * **stage:** Release on stage [EVO-1782] ([f12b99f](https://github.com/Genesis-Technologies-LLC/artistevolve-fe/commit/f12b99f14efb179f617b49fb618df8cd22e40cb0))
    * **task:** Quick Edit, Task Pge, Buzz Fixes [EVO-2077] ([#97](https://github.com/Genesis-Technologies-LLC/artistevolve-fe/issues/97)) ([0a5d914](https://github.com/Genesis-Technologies-LLC/artistevolve-fe/commit/0a5d91481862c4f4742f14f67f749ca10ad8984b))
    * **task:** Quick Edit, Task Pge, Buzz Fixes[EVO-2077] ([4006288](https://github.com/Genesis-Technologies-LLC/artistevolve-fe/commit/40062886d9b4230022068c7a748eaa8e6fde7340))
    * **task:** Quick Edit, Task Pge, Buzz Fixes[EVO-2077] ([cbafc1c](https://github.com/Genesis-Technologies-LLC/artistevolve-fe/commit/cbafc1c03c05eb70c06f07e77c0325a882f40ae6))
    * **tasks:** DaytoDay timeline task rendering done[EVO-1986] ([e562ffa](https://github.com/Genesis-Technologies-LLC/artistevolve-fe/commit/e562ffaed56cbe814225582c3b60d61c4c2d7eeb))
    * **tasks:** Project Pagination & UI FIX [EVO-1900][EVO-1979] ([67b6ee4](https://github.com/Genesis-Technologies-LLC/artistevolve-fe/commit/67b6ee4f063cbc439ae5f397914b84ef187ad75a))

CHANGELOG.md

commit 04dc4864f1aa057e9dde7060f54b55b96a5d102d
Author:     semantic-release-bot <semantic-release-bot@martynus.net>
AuthorDate: 2025-10-10
Commit:     semantic-release-bot <semantic-release-bot@martynus.net>
CommitDate: 2025-10-10

    chore(release): 1.1.0-rc.4
    
    # [1.1.0-rc.4](https://github.com/Genesis-Technologies-LLC/artistevolve-fe/compare/v1.1.0-rc.3...v1.1.0-rc.4) (2025-10-10)
    
    ### Bug Fixes
    
    * **social:** Username display, profile & anlytics redirect [EVO-2051] ([#96](https://github.com/Genesis-Technologies-LLC/artistevolve-fe/issues/96)) ([fe2fac2](https://github.com/Genesis-Technologies-LLC/artistevolve-fe/commit/fe2fac2181dd1ec354996d35445d9edacad774d7))
    * **task:** Added task edit functionality[EVO-2088] ([298f4cf](https://github.com/Genesis-Technologies-LLC/artistevolve-fe/commit/298f4cf317f79601fd871920af39c303e7c5a622))
    
    ### Features
    
    * **deployment:** Added production deployment [EVO-1973] ([eb4e4a0](https://github.com/Genesis-Technologies-LLC/artistevolve-fe/commit/eb4e4a0483bd8d22d5955944ba3d694c92c9d492))
    * **task:** Quick Edit, Task Pge, Buzz Fixes [EVO-2077] ([#97](https://github.com/Genesis-Technologies-LLC/artistevolve-fe/issues/97)) ([0a5d914](https://github.com/Genesis-Technologies-LLC/artistevolve-fe/commit/0a5d91481862c4f4742f14f67f749ca10ad8984b))
    * **task:** Quick Edit, Task Pge, Buzz Fixes[EVO-2077] ([cbafc1c](https://github.com/Genesis-Technologies-LLC/artistevolve-fe/commit/cbafc1c03c05eb70c06f07e77c0325a882f40ae6))

CHANGELOG.md

commit cd443b180c3e01b669185d3d2730b98092dcf4bd
Author:     semantic-release-bot <semantic-release-bot@martynus.net>
AuthorDate: 2025-10-10
Commit:     semantic-release-bot <semantic-release-bot@martynus.net>
CommitDate: 2025-10-10

    chore(release): 1.1.0-dev.32
    
    # [1.1.0-dev.32](https://github.com/Genesis-Technologies-LLC/artistevolve-fe/compare/v1.1.0-dev.31...v1.1.0-dev.32) (2025-10-10)
    
    ### Bug Fixes
    
    * Update README.md ([1ebe31e](https://github.com/Genesis-Technologies-LLC/artistevolve-fe/commit/1ebe31e09229d9900d8e923c9e4251b21141de89))
    * Update README.md [EVO-1978] ([2f75a1d](https://github.com/Genesis-Technologies-LLC/artistevolve-fe/commit/2f75a1df150734775ec7a70676ee387799c2fb6d))
    
    ### Features
    
    * Develop to stage [EVO-2096] ([ae61921](https://github.com/Genesis-Technologies-LLC/artistevolve-fe/commit/ae619211ddb0e33ea4533dd2ef56501069f46967))

CHANGELOG.md

commit 447fae4575cb48d9c03c7efb4a82057f175be051
Author:     semantic-release-bot <semantic-release-bot@martynus.net>
AuthorDate: 2025-10-10
Commit:     semantic-release-bot <semantic-release-bot@martynus.net>
CommitDate: 2025-10-10

    chore(release): 1.1.0-dev.31
    
    # [1.1.0-dev.31](https://github.com/Genesis-Technologies-LLC/artistevolve-fe/compare/v1.1.0-dev.30...v1.1.0-dev.31) (2025-10-10)
    
    ### Features
    
    * **deployment:** Added production deployment [EVO-1973] ([eb4e4a0](https://github.com/Genesis-Technologies-LLC/artistevolve-fe/commit/eb4e4a0483bd8d22d5955944ba3d694c92c9d492))

CHANGELOG.md

commit eb4e4a0483bd8d22d5955944ba3d694c92c9d492
Author:     Rajib Shresth <rajibstha059@gmail.com>
AuthorDate: 2025-10-10
Commit:     Rajib Shresth <rajibstha059@gmail.com>
CommitDate: 2025-10-10

    feat(deployment): Added production deployment [EVO-1973]

.github/workflows/prod.yml
docs/DEPLOYMENT_OVERVIEW.md
docs/PRODUCTION_DEPLOYMENT_SETUP.md
docs/PRODUCTION_SECRETS_CHECKLIST.md
scripts/create-prod-tag.sh

commit d8541fe3b43f552cb6a3c974b8e7a1096ca7d37a
Author:     semantic-release-bot <semantic-release-bot@martynus.net>
AuthorDate: 2025-10-10
Commit:     semantic-release-bot <semantic-release-bot@martynus.net>
CommitDate: 2025-10-10

    chore(release): 1.1.0-dev.30
    
    # [1.1.0-dev.30](https://github.com/Genesis-Technologies-LLC/artistevolve-fe/compare/v1.1.0-dev.29...v1.1.0-dev.30) (2025-10-10)
    
    ### Bug Fixes
    
    * **social:** Username display, profile & anlytics redirect [EVO-2051] ([#96](https://github.com/Genesis-Technologies-LLC/artistevolve-fe/issues/96)) ([fe2fac2](https://github.com/Genesis-Technologies-LLC/artistevolve-fe/commit/fe2fac2181dd1ec354996d35445d9edacad774d7))
    * **task:** Added task edit functionality[EVO-2088] ([298f4cf](https://github.com/Genesis-Technologies-LLC/artistevolve-fe/commit/298f4cf317f79601fd871920af39c303e7c5a622))
    
    ### Features
    
    * **task:** Quick Edit, Task Pge, Buzz Fixes [EVO-2077] ([#97](https://github.com/Genesis-Technologies-LLC/artistevolve-fe/issues/97)) ([0a5d914](https://github.com/Genesis-Technologies-LLC/artistevolve-fe/commit/0a5d91481862c4f4742f14f67f749ca10ad8984b))
    * **task:** Quick Edit, Task Pge, Buzz Fixes[EVO-2077] ([cbafc1c](https://github.com/Genesis-Technologies-LLC/artistevolve-fe/commit/cbafc1c03c05eb70c06f07e77c0325a882f40ae6))

CHANGELOG.md

commit fe2fac2181dd1ec354996d35445d9edacad774d7
Author:     darshanbajgain-sys <darshan.bajgain@inicreatechnologies.com>
AuthorDate: 2025-10-10
Commit:     GitHub <noreply@github.com>
CommitDate: 2025-10-10

    fix(social): Username display, profile & anlytics redirect [EVO-2051] (#96)
    
    * feat(ui): Terms and Policies page designed [EVO-2008]
    
    * feat(ui): Terms and Policies hyperlink styled [EVO-2008]
    
    * fix(social): Username display, profile & anlytics redirect [EVO-2051]

app/content-publish/content-studio/page.tsx
app/privacy-policy/page.tsx
app/terms-and-conditions/page.tsx
components/common/Socials.tsx
components/common/ui/BlackCheckbox.tsx

commit fbe95372e22fe8ae8abd892b3840540998dd30d5
Author:     semantic-release-bot <semantic-release-bot@martynus.net>
AuthorDate: 2025-10-09
Commit:     semantic-release-bot <semantic-release-bot@martynus.net>
CommitDate: 2025-10-09

    chore(release): 1.1.0-rc.3
    
    # [1.1.0-rc.3](https://github.com/Genesis-Technologies-LLC/artistevolve-fe/compare/v1.1.0-rc.2...v1.1.0-rc.3) (2025-10-09)
    
    ### Bug Fixes
    
    * Added instagram client id in yml [EVO-1976] ([553969d](https://github.com/Genesis-Technologies-LLC/artistevolve-fe/commit/553969dc459d71b95137ff332401ac778eb2a706))
    * **artiChat:** Ui fixes, functionality implementaion, [EVO-1986] ([4a386b3](https://github.com/Genesis-Technologies-LLC/artistevolve-fe/commit/4a386b336e9c41da56b11e50776a441f6909ecc0))
    * **campagin:** Create button ui made inline with filters [EVO-2093] ([68f67fa](https://github.com/Genesis-Technologies-LLC/artistevolve-fe/commit/68f67facee67e84cf48a4b700c1f9ab8aa4427ff))
    * Conflict issue resovled [EVO-2011] ([f4349f2](https://github.com/Genesis-Technologies-LLC/artistevolve-fe/commit/f4349f2197e09e15899ab8e110b75ef041430741))
    * **content:** Content publish page responsive [EVO-1915] ([269ea21](https://github.com/Genesis-Technologies-LLC/artistevolve-fe/commit/269ea217868c3c89b3fe0f2204c3468cacc67ac1))
    * **content:** Display profile images in socials card [EVO-2001] ([b6874cc](https://github.com/Genesis-Technologies-LLC/artistevolve-fe/commit/b6874ccf1cd28d5c9165a5e2bea5d1c7b09efbd4))
    * **notification:** Notificaiton center,skeleton fix[EVO-1995] ([0810c1c](https://github.com/Genesis-Technologies-LLC/artistevolve-fe/commit/0810c1cdb0579a3333b2b5009ed7681641240ae5))
    * **noti:** View Badges -> Badge history tab of BuzzFactory [EVO-2096] ([c1efb3a](https://github.com/Genesis-Technologies-LLC/artistevolve-fe/commit/c1efb3a1f2f6c1884836469c347c074df7628ba4))
    * **settings:** Social not connected display [EVO-2086] ([a435bfe](https://github.com/Genesis-Technologies-LLC/artistevolve-fe/commit/a435bfed28f010e961f265475e50a378c8234206))
    * **social:** Posthog trackings [EVO-2002] ([aead815](https://github.com/Genesis-Technologies-LLC/artistevolve-fe/commit/aead8151095bce9e6db0e6bfd17103a06070fbab))
    * **social:** Reduce redundant API calls and flickering [EVO-2002] ([7f3a4a0](https://github.com/Genesis-Technologies-LLC/artistevolve-fe/commit/7f3a4a0a85fa8bc241cd65085dab73313c457a27))
    * **tasks:** Daytoday date ,UI improvements [EVO-1986] ([8419bad](https://github.com/Genesis-Technologies-LLC/artistevolve-fe/commit/8419badcacb89b621091232fef090df87fb4c162))
    * **tasks:** Project and task api merge, taskapge ui[EVO-1986] ([b7fcfd8](https://github.com/Genesis-Technologies-LLC/artistevolve-fe/commit/b7fcfd8798a1a09718f0887c82e8ea13402b330c))
    * **tasks:** Tag api & bulk actions, ui adjustment [EVO-1986] ([2059a45](https://github.com/Genesis-Technologies-LLC/artistevolve-fe/commit/2059a4518070510adf931a0257c237038478bc78))
    * **ui:** Hover effects in dashboard and calendar weekly event [EVO-2056] ([3e04bd4](https://github.com/Genesis-Technologies-LLC/artistevolve-fe/commit/3e04bd49b385e2a9d00c6214a329347234425f95))
    * Update README.md ([1ebe31e](https://github.com/Genesis-Technologies-LLC/artistevolve-fe/commit/1ebe31e09229d9900d8e923c9e4251b21141de89))
    * Update README.md [EVO-1952] ([4d589a1](https://github.com/Genesis-Technologies-LLC/artistevolve-fe/commit/4d589a175dfc8aaefd9f22bdcc0169684fe3b459))
    * Update README.md [EVO-1978] ([2f75a1d](https://github.com/Genesis-Technologies-LLC/artistevolve-fe/commit/2f75a1df150734775ec7a70676ee387799c2fb6d))
    * Updated sidebar fontsize and font family [EVO-1994] ([dbde642](https://github.com/Genesis-Technologies-LLC/artistevolve-fe/commit/dbde642259cc92683fcd5489537dce81ad3e14a4))
    
    ### Features
    
    * **buzz-factory:** Enhance BuzzFactory, user questionnaire [EVO-2011] ([c1d3dc8](https://github.com/Genesis-Technologies-LLC/artistevolve-fe/commit/c1d3dc8e96aef88a61d0576c508cc3f84ec23e7c))
    * **buzz:** Buzz KPI,Badge History, PostHog, ui Fixes[EVO-2067] ([a6a50c5](https://github.com/Genesis-Technologies-LLC/artistevolve-fe/commit/a6a50c50a52d165870ab12675a65fc5890dc2a90))
    * Develop to stage [EVO-2096] ([ae61921](https://github.com/Genesis-Technologies-LLC/artistevolve-fe/commit/ae619211ddb0e33ea4533dd2ef56501069f46967))
    * **metrics:** Live tracking/caching of todays metrics [EVO-1131] ([a9dd72b](https://github.com/Genesis-Technologies-LLC/artistevolve-fe/commit/a9dd72befb51289a014d8f940037fb3ac81cbea8))
    * **noti:** Implemented Notifications [EVO-1882] ([cf6f9dd](https://github.com/Genesis-Technologies-LLC/artistevolve-fe/commit/cf6f9dd78614f225c92d54eb9ac9b4c711172b40))
    * **social:** Day time range added [EVO-2001] ([b8ab8c7](https://github.com/Genesis-Technologies-LLC/artistevolve-fe/commit/b8ab8c73f7755916b6912c913b6a1facce4b9a9d))
    * **social:** Hover effect bg added to metrics cards [EVO-2002] ([#85](https://github.com/Genesis-Technologies-LLC/artistevolve-fe/issues/85)) ([b7b65d9](https://github.com/Genesis-Technologies-LLC/artistevolve-fe/commit/b7b65d9d8d117bacda2d38cb98d2b436f911abee))
    * **task:** Quick Edit, Task Pge, Buzz Fixes[EVO-2077] ([4006288](https://github.com/Genesis-Technologies-LLC/artistevolve-fe/commit/40062886d9b4230022068c7a748eaa8e6fde7340))
    * **tasks:** DaytoDay timeline task rendering done[EVO-1986] ([e562ffa](https://github.com/Genesis-Technologies-LLC/artistevolve-fe/commit/e562ffaed56cbe814225582c3b60d61c4c2d7eeb))
    * **tasks:** Project Pagination & UI FIX [EVO-1900][EVO-1979] ([67b6ee4](https://github.com/Genesis-Technologies-LLC/artistevolve-fe/commit/67b6ee4f063cbc439ae5f397914b84ef187ad75a))

CHANGELOG.md

commit 2f75a1df150734775ec7a70676ee387799c2fb6d
Author:     Rajib Shrestha <33756765+Rajibshrestha59@users.noreply.github.com>
AuthorDate: 2025-10-09
Commit:     GitHub <noreply@github.com>
CommitDate: 2025-10-09

    fix: Update README.md [EVO-1978]

README.md

commit 1ebe31e09229d9900d8e923c9e4251b21141de89
Author:     Rajib Shrestha <33756765+Rajibshrestha59@users.noreply.github.com>
AuthorDate: 2025-10-09
Commit:     GitHub <noreply@github.com>
CommitDate: 2025-10-09

    fix: Update README.md

README.md

commit 2529304a68c80b4f54ae66ea95ab86231e0a7537
Author:     semantic-release-bot <semantic-release-bot@martynus.net>
AuthorDate: 2025-10-09
Commit:     semantic-release-bot <semantic-release-bot@martynus.net>
CommitDate: 2025-10-09

    chore(release): 1.1.0-dev.29
    
    # [1.1.0-dev.29](https://github.com/Genesis-Technologies-LLC/artistevolve-fe/compare/v1.1.0-dev.28...v1.1.0-dev.29) (2025-10-09)
    
    ### Bug Fixes
    
    * **noti:** View Badges -> Badge history tab of BuzzFactory [EVO-2096] ([c1efb3a](https://github.com/Genesis-Technologies-LLC/artistevolve-fe/commit/c1efb3a1f2f6c1884836469c347c074df7628ba4))

CHANGELOG.md

commit c1efb3a1f2f6c1884836469c347c074df7628ba4
Author:     Jacob Stallings <jacobcstallings@icloud.com>
AuthorDate: 2025-10-09
Commit:     GitHub <noreply@github.com>
CommitDate: 2025-10-09

    fix(noti): View Badges -> Badge history tab of BuzzFactory [EVO-2096]
    
    * fix(noti): View Badges -> badge tab of BF [EVO-2096]
    
    * fix(noti): Buzz factory skeleton load [EVO-2096]

app/(dashboard)/buzz-factory/page.tsx
components/buzz-factory/BuzzFactory.tsx
components/buzz-factory/BuzzFactoryBadgesSkeleton.tsx
components/buzz-factory/BuzzFactorySkeleton.tsx
components/notifications/PushNotification.tsx

commit 422861dcb4356e169f1264d78a9ac5fdf3371de1
Author:     semantic-release-bot <semantic-release-bot@martynus.net>
AuthorDate: 2025-10-09
Commit:     semantic-release-bot <semantic-release-bot@martynus.net>
CommitDate: 2025-10-09

    chore(release): 1.1.0-dev.28
    
    # [1.1.0-dev.28](https://github.com/Genesis-Technologies-LLC/artistevolve-fe/compare/v1.1.0-dev.27...v1.1.0-dev.28) (2025-10-09)
    
    ### Bug Fixes
    
    * **campagin:** Create button ui made inline with filters [EVO-2093] ([68f67fa](https://github.com/Genesis-Technologies-LLC/artistevolve-fe/commit/68f67facee67e84cf48a4b700c1f9ab8aa4427ff))

CHANGELOG.md

commit 68f67facee67e84cf48a4b700c1f9ab8aa4427ff
Author:     darshanbajgain-sys <darshan.bajgain@inicreatechnologies.com>
AuthorDate: 2025-10-09
Commit:     GitHub <noreply@github.com>
CommitDate: 2025-10-09

    fix(campagin): Create button ui made inline with filters [EVO-2093]
    
    * fix(ui): Hover effects minimized sidebar tooltip  [EVO-2056]
    
    * fix(routing): Static export error for campaign detail pages [EVO-2083]
    
    * feat(calendar): Event form in weekView & date range edit [EVO-2083]
    
    * fix(ui): Hover effects monthly view and eventtype meeting [EVO-2056]
    
    * fix(calendar): All events type pop up content added on click [EVO-2083]
    
    * fix(campagin): Create button ui made inline with filters [EVO-2093]

app/(dashboard)/calendar/page.tsx
app/content-publish/campaign/detail/CampaignDetailClient.tsx
app/content-publish/campaign/detail/page.tsx
app/content-publish/campaign/page.tsx
components/common/CalendarEventPopover.tsx
components/common/MonthTimelineCalendar.tsx
components/common/ReleasePopover.tsx
components/common/WeekTimelineCalendar.tsx
components/styles/custom-calendar.css
components/tasks/CreateEvent.tsx
components/ui/SidebarNav.tsx
components/ui/Tooltip.tsx

commit 33fc60773be3f6a7b177b67267e4a65d5fd9f3eb
Author:     semantic-release-bot <semantic-release-bot@martynus.net>
AuthorDate: 2025-10-09
Commit:     semantic-release-bot <semantic-release-bot@martynus.net>
CommitDate: 2025-10-09

    chore(release): 1.1.0-dev.27
    
    # [1.1.0-dev.27](https://github.com/Genesis-Technologies-LLC/artistevolve-fe/compare/v1.1.0-dev.26...v1.1.0-dev.27) (2025-10-09)
    
    ### Features
    
    * **task:** Quick Edit, Task Pge, Buzz Fixes[EVO-2077] ([4006288](https://github.com/Genesis-Technologies-LLC/artistevolve-fe/commit/40062886d9b4230022068c7a748eaa8e6fde7340))

CHANGELOG.md

commit 40062886d9b4230022068c7a748eaa8e6fde7340
Author:     Sanskar-Karki01 <sanskar.karki@inicreatechnologies.com>
AuthorDate: 2025-10-09
Commit:     GitHub <noreply@github.com>
CommitDate: 2025-10-09

    feat(task): Quick Edit, Task Pge, Buzz Fixes[EVO-2077]

app/globals.css
components/buzz-factory/BuzzConst.ts
components/buzz-factory/BuzzFactory.tsx
components/buzz-factory/Level2/Level2Content.tsx
components/buzz-factory/Level3/Level3Content.tsx
components/buzz-factory/SynchronizedScrollContainer.tsx
components/buzz-factory/components/ActionCard.tsx
components/buzz-factory/components/MetricCard.tsx
components/common/TaskGroup.tsx
components/common/ui/BlackCheckbox.tsx
components/tasks/SuggestedProjectForm.tsx
components/tasks/TasksPage.tsx
components/ui/CalendarPicker.tsx
components/ui/DurationPicker.tsx
lib/api/tasksApi.ts
lib/utils.ts

commit 3edffc231400dcb6cec64b9d3650c83e2d03965b
Author:     semantic-release-bot <semantic-release-bot@martynus.net>
AuthorDate: 2025-10-09
Commit:     semantic-release-bot <semantic-release-bot@martynus.net>
CommitDate: 2025-10-09

    chore(release): 1.1.0-dev.26
    
    # [1.1.0-dev.26](https://github.com/Genesis-Technologies-LLC/artistevolve-fe/compare/v1.1.0-dev.25...v1.1.0-dev.26) (2025-10-09)
    
    ### Bug Fixes
    
    * **settings:** Social not connected display [EVO-2086] ([a435bfe](https://github.com/Genesis-Technologies-LLC/artistevolve-fe/commit/a435bfed28f010e961f265475e50a378c8234206))

CHANGELOG.md

commit a435bfed28f010e961f265475e50a378c8234206
Author:     Jacob Stallings <jacobcstallings@icloud.com>
AuthorDate: 2025-10-09
Commit:     GitHub <noreply@github.com>
CommitDate: 2025-10-09

    fix(settings): Social not connected display [EVO-2086]

app/(dashboard)/settings/connected-apps/page.tsx

commit cbafc1c03c05eb70c06f07e77c0325a882f40ae6
Author:     sans <sanskar.karki@inicreatechnologies.com>
AuthorDate: 2025-10-09
Commit:     sans <sanskar.karki@inicreatechnologies.com>
CommitDate: 2025-10-09

    feat(task): Quick Edit, Task Pge, Buzz Fixes[EVO-2077]

app/globals.css
components/buzz-factory/BuzzConst.ts
components/buzz-factory/BuzzFactory.tsx
components/buzz-factory/Level2/Level2Content.tsx
components/buzz-factory/Level3/Level3Content.tsx
components/buzz-factory/SynchronizedScrollContainer.tsx
components/buzz-factory/components/ActionCard.tsx
components/buzz-factory/components/MetricCard.tsx
components/common/TaskGroup.tsx
components/common/ui/BlackCheckbox.tsx
components/tasks/SuggestedProjectForm.tsx
components/tasks/TasksPage.tsx
components/ui/CalendarPicker.tsx
components/ui/DurationPicker.tsx
lib/api/tasksApi.ts
lib/utils.ts

commit c659989e137e01f0bfe229816a7e04364cba2555
Author:     semantic-release-bot <semantic-release-bot@martynus.net>
AuthorDate: 2025-10-08
Commit:     semantic-release-bot <semantic-release-bot@martynus.net>
CommitDate: 2025-10-08

    chore(release): 1.1.0-dev.25
    
    # [1.1.0-dev.25](https://github.com/Genesis-Technologies-LLC/artistevolve-fe/compare/v1.1.0-dev.24...v1.1.0-dev.25) (2025-10-08)
    
    ### Bug Fixes
    
    * **ui:** Hover effects in dashboard and calendar weekly event [EVO-2056] ([3e04bd4](https://github.com/Genesis-Technologies-LLC/artistevolve-fe/commit/3e04bd49b385e2a9d00c6214a329347234425f95))

CHANGELOG.md

commit 3e04bd49b385e2a9d00c6214a329347234425f95
Author:     darshanbajgain-sys <darshan.bajgain@inicreatechnologies.com>
AuthorDate: 2025-10-08
Commit:     GitHub <noreply@github.com>
CommitDate: 2025-10-08

    fix(ui): Hover effects in dashboard and calendar weekly event [EVO-2056]
    
    * fix(login): Remember me functionality fixed [EVO-2030]
    
    * fix(login): White space restriction removed for fullname [EVO-2078]
    
    * fix(auth): Error msg opacity and redundant error toast [EVO-2022]
    
    * fix(ui): Hover effects in dashboard and calendar weekly event [EVO-2056]

app/auth/login/page.tsx
app/auth/signup/page.tsx
components/common/TaskGroupDashboard.tsx
components/common/WeekTimelineCalendar.tsx
components/common/components/DropdownCard.tsx
components/common/components/MetricCard.tsx
components/common/components/TopMetricsCards.tsx
components/styles/custom-calendar.css
components/ui/SidebarNav.tsx
components/ui/Toast.tsx
components/ui/TopNav.tsx
lib/hooks/mutations/useAuthMutations.ts
lib/utils/routingHelper.ts

commit 77fe8c5b3861865c43571ced49898c0fd4677a16
Author:     semantic-release-bot <semantic-release-bot@martynus.net>
AuthorDate: 2025-10-08
Commit:     semantic-release-bot <semantic-release-bot@martynus.net>
CommitDate: 2025-10-08

    chore(release): 1.1.0-dev.24
    
    # [1.1.0-dev.24](https://github.com/Genesis-Technologies-LLC/artistevolve-fe/compare/v1.1.0-dev.23...v1.1.0-dev.24) (2025-10-08)
    
    ### Features
    
    * **buzz:** Buzz KPI,Badge History, PostHog, ui Fixes[EVO-2067] ([a6a50c5](https://github.com/Genesis-Technologies-LLC/artistevolve-fe/commit/a6a50c50a52d165870ab12675a65fc5890dc2a90))

CHANGELOG.md

commit a6a50c50a52d165870ab12675a65fc5890dc2a90
Author:     Sanskar-Karki01 <sanskar.karki@inicreatechnologies.com>
AuthorDate: 2025-10-08
Commit:     GitHub <noreply@github.com>
CommitDate: 2025-10-08

    feat(buzz): Buzz KPI,Badge History, PostHog, ui Fixes[EVO-2067]
    
    * feat(buzz): Buzz KPI,Badge History, PostHog, ui Fixes[EVO-2067]
    
    * feat(task): Quick task edit, Analytics Optimizaiton[EVO-2077]
    
    * fix(task): Made the empty state functional[EVO-2077]

CHANGELOG.md
app/(dashboard)/calendar/settings/page.tsx
components/buzz-factory/BuzzConst.ts
components/buzz-factory/BuzzFactory.tsx
components/buzz-factory/Level2/Level2Content.tsx
components/buzz-factory/Level4/Level4Content.tsx
components/buzz-factory/Level5/Level5Content.tsx
components/buzz-factory/components/ActionCard.tsx
components/buzz-factory/components/BadgeHistory.tsx
components/common/AnalyticSkeleton.tsx
components/common/AnalyticsView.tsx
components/common/ProjectProgressCard.tsx
components/common/TaskGroup.tsx
components/common/TaskStatisticsCard.tsx
components/common/TaskStatisticsCards.tsx
components/common/ui/MultiSegmentProgressBar.tsx
components/icons/GrowthSvg.tsx
components/icons/PenSvg.tsx
components/tasks/CreateTask.tsx
components/tasks/TasksPage.tsx
components/ui/CalendarPicker.tsx
components/ui/DurationInput.tsx
components/ui/DurationPicker.tsx
components/ui/PriorityPicker.tsx
lib/api/buzzFactoryApi.ts
lib/api/endpoints.ts
lib/api/tasksApi.ts
lib/api/types.ts
lib/hooks/useGamificationProgress.ts
lib/hooks/useTaskStatistics.ts

commit dd9b4ba6d12062888d630568e7eed4df0f37ce7a
Author:     semantic-release-bot <semantic-release-bot@martynus.net>
AuthorDate: 2025-10-07
Commit:     semantic-release-bot <semantic-release-bot@martynus.net>
CommitDate: 2025-10-07

    chore(release): 1.1.0-dev.23
    
    # [1.1.0-dev.23](https://github.com/Genesis-Technologies-LLC/artistevolve-fe/compare/v1.1.0-dev.22...v1.1.0-dev.23) (2025-10-07)
    
    ### Bug Fixes
    
    * **social:** Posthog trackings [EVO-2002] ([aead815](https://github.com/Genesis-Technologies-LLC/artistevolve-fe/commit/aead8151095bce9e6db0e6bfd17103a06070fbab))

CHANGELOG.md

commit aead8151095bce9e6db0e6bfd17103a06070fbab
Author:     darshanbajgain-sys <darshan.bajgain@inicreatechnologies.com>
AuthorDate: 2025-10-07
Commit:     GitHub <noreply@github.com>
CommitDate: 2025-10-07

    fix(social): Posthog trackings [EVO-2002]
    
    * feat(calendar): Parse and style HTML event descriptions [EVO-2066]
    
    * feat(calendar): Posthog tracking in calendar [EVO-2066]
    
    * refactor(auth): Specific password & name validation error [EVO-2021]
    
    * refactor(login): Legal policies links added [EVO-2008]
    
    * fix(social): Clear params in url after connection redirect [EVO-2002]
    
    * fix(social): Posthog trackings [EVO-2002]

app/(dashboard)/calendar/page.tsx
app/(dashboard)/social-streaming/page.tsx
app/auth/login/page.tsx
app/auth/signup/page.tsx
app/privacy-policy/page.tsx
app/terms-and-conditions/page.tsx
components/common/CalendarEventPopover.tsx
docs/PostHog-Analytics-Implementation.md
lib/analytics/hooks/useAnalytics.ts
lib/analytics/trackers/navigation-tracker.ts
lib/analytics/trackers/social-media-tracker.ts
lib/analytics/trackers/task-project-tracker.ts
package-lock.json
package.json

commit 0166946ddf9ecc870ad193e8ca90140a172cc6ee
Author:     semantic-release-bot <semantic-release-bot@martynus.net>
AuthorDate: 2025-10-07
Commit:     semantic-release-bot <semantic-release-bot@martynus.net>
CommitDate: 2025-10-07

    chore(release): 1.1.0-dev.22
    
    # [1.1.0-dev.22](https://github.com/Genesis-Technologies-LLC/artistevolve-fe/compare/v1.1.0-dev.21...v1.1.0-dev.22) (2025-10-07)
    
    ### Bug Fixes
    
    * **social:** Reduce redundant API calls and flickering [EVO-2002] ([7f3a4a0](https://github.com/Genesis-Technologies-LLC/artistevolve-fe/commit/7f3a4a0a85fa8bc241cd65085dab73313c457a27))

CHANGELOG.md

commit 7f3a4a0a85fa8bc241cd65085dab73313c457a27
Author:     darshanbajgain-sys <darshan.bajgain@inicreatechnologies.com>
AuthorDate: 2025-10-07
Commit:     GitHub <noreply@github.com>
CommitDate: 2025-10-07

    fix(social): Reduce redundant API calls and flickering [EVO-2002]
    
    * fix(content): Social images styled in content publish [EVO-2001]
    
    * fix(dashboard): Today's events date range fixed  [EVO-1915]
    
    * fix(content): Content create media preview username & img  [EVO-1942]
    
    * refactor(setting): Setting page menu selction  [EVO-2024]
    
    * refactor(setting): Connected apps relink flow in toggling [EVO-2025]
    
    * refactor(setting): Connected apps api refactored [EVO-2024]
    
    * fix(calendar): Create event and optimistic update [EVO-1942]
    
    * feat(social): Dynamic social platform selection from URL [EVO-2002]
    
    * feat(social): Hover effect bg added to metrics cards [EVO-2002]
    
    * feat(auth): Create account form field validation [EVO-2021]
    
    * fix(otp): Resend opt error fix [EVO-2028]
    
    * fix(route): Otp page redirection on forgot password [EVO-2029]
    
    * fix(auth): Forgot password OTP error and reset flow [EVO-2029]
    
    * fix(auth): Google auth flow added in sign up page [EVO-2009]
    
    * fix(ui): Truncation added to long username across ui [EVO-2039]
    
    * fix(social): Reduce redundant API calls and flickering [EVO-2002]

app/(dashboard)/settings/page.tsx
app/(dashboard)/social-streaming/page.tsx
app/auth/otp/page.tsx
app/auth/reset-password/page.tsx
app/auth/signup/page.tsx
components/auth/OTPRoute.tsx
components/auth/RouteGuard.tsx
components/social-streaming/hooks/useSocialAnalyticsApi.ts
components/social-streaming/hooks/useSocialProgressChartApi.ts
components/ui/TopNav.tsx
lib/api/authApi.ts
lib/api/endpoints.ts
lib/api/types.ts
lib/hooks/mutations/useAuthMutations.ts

commit 0a16134b551dbd627090b92e7460ac035919794d
Author:     semantic-release-bot <semantic-release-bot@martynus.net>
AuthorDate: 2025-10-06
Commit:     semantic-release-bot <semantic-release-bot@martynus.net>
CommitDate: 2025-10-06

    chore(release): 1.1.0-dev.21
    
    # [1.1.0-dev.21](https://github.com/Genesis-Technologies-LLC/artistevolve-fe/compare/v1.1.0-dev.20...v1.1.0-dev.21) (2025-10-06)
    
    ### Bug Fixes
    
    * Conflict issue resovled [EVO-2011] ([f4349f2](https://github.com/Genesis-Technologies-LLC/artistevolve-fe/commit/f4349f2197e09e15899ab8e110b75ef041430741))

CHANGELOG.md

commit f4349f2197e09e15899ab8e110b75ef041430741
Author:     Rajib Shresth <rajibstha059@gmail.com>
AuthorDate: 2025-10-06
Commit:     Rajib Shresth <rajibstha059@gmail.com>
CommitDate: 2025-10-06

    fix(): Conflict issue resovled [EVO-2011]

lib/api/types.ts

commit dd100815e1dc4da9b613335ae2294af18306cff8
Author:     semantic-release-bot <semantic-release-bot@martynus.net>
AuthorDate: 2025-10-06
Commit:     semantic-release-bot <semantic-release-bot@martynus.net>
CommitDate: 2025-10-06

    chore(release): 1.1.0-dev.20
    
    # [1.1.0-dev.20](https://github.com/Genesis-Technologies-LLC/artistevolve-fe/compare/v1.1.0-dev.19...v1.1.0-dev.20) (2025-10-06)
    
    ### Features
    
    * **tasks:** Project Pagination & UI FIX [EVO-1900][EVO-1979] ([67b6ee4](https://github.com/Genesis-Technologies-LLC/artistevolve-fe/commit/67b6ee4f063cbc439ae5f397914b84ef187ad75a))

CHANGELOG.md

commit 67b6ee4f063cbc439ae5f397914b84ef187ad75a
Author:     Sanskar-Karki01 <sanskar.karki@inicreatechnologies.com>
AuthorDate: 2025-10-06
Commit:     GitHub <noreply@github.com>
CommitDate: 2025-10-06

    feat(tasks): Project Pagination & UI FIX [EVO-1900][EVO-1979]
    
    * feat(buzz-factory): Enhance BuzzFactory, user questionnaire [EVO-2011]
    
    * feat(): Added edit api for questionaire[EVO-2036]
    
    * feat(tasks): Project Pagination & UI FIX [EVO-1900][EVO-1979]
    
    ---------
    
    Co-authored-by: Rajib Shresth <rajibstha059@gmail.com>
    Co-authored-by: Rajib Shrestha <33756765+Rajibshrestha59@users.noreply.github.com>

CHANGELOG.md
app/globals.css
components/common/TaskGroup.tsx
components/common/TaskItemSkeletonLoader.tsx
components/common/TaskSkeleton.tsx
components/tasks/CreateProject.tsx
components/tasks/ProjectDetailsPopover.tsx
components/tasks/TaskDetailsPopover.tsx
components/tasks/TasksPage.tsx
components/ui/Pagination.tsx
components/ui/SidebarNav.tsx
lib/api/tasksApi.ts
lib/api/types.ts
lib/hooks/useProjects.ts
lib/hooks/useTasks.ts

commit 49c69f93234d768d3f0b40d3d7b1dbb8523b6874
Author:     semantic-release-bot <semantic-release-bot@martynus.net>
AuthorDate: 2025-10-06
Commit:     semantic-release-bot <semantic-release-bot@martynus.net>
CommitDate: 2025-10-06

    chore(release): 1.1.0-dev.19
    
    # [1.1.0-dev.19](https://github.com/Genesis-Technologies-LLC/artistevolve-fe/compare/v1.1.0-dev.18...v1.1.0-dev.19) (2025-10-06)
    
    ### Features
    
    * **social:** Hover effect bg added to metrics cards [EVO-2002] ([#85](https://github.com/Genesis-Technologies-LLC/artistevolve-fe/issues/85)) ([b7b65d9](https://github.com/Genesis-Technologies-LLC/artistevolve-fe/commit/b7b65d9d8d117bacda2d38cb98d2b436f911abee))

CHANGELOG.md

commit b7b65d9d8d117bacda2d38cb98d2b436f911abee
Author:     darshanbajgain-sys <darshan.bajgain@inicreatechnologies.com>
AuthorDate: 2025-10-06
Commit:     GitHub <noreply@github.com>
CommitDate: 2025-10-06

    feat(social): Hover effect bg added to metrics cards [EVO-2002] (#85)

app/(dashboard)/calendar/page.tsx
app/(dashboard)/dashboard/page.tsx
app/(dashboard)/settings/connected-apps/page.tsx
app/(dashboard)/settings/page.tsx
app/(dashboard)/social-streaming/page.tsx
app/social/instagram/callback/page.tsx
app/social/spotify/callback/page.tsx
app/social/tiktok/callback/page.tsx
components/common/MediaPreview.tsx
components/common/MediaPreviewSection.tsx
components/common/Socials.tsx
components/common/WeekTimelineCalendar.tsx
components/common/components/MetricsGrid.tsx
components/common/components/TopMetricsCards.tsx
components/common/previews/InstagramPreview.tsx
components/common/previews/TikTokPreview.tsx
components/social-streaming/hooks/useSocialAnalytics.ts
components/social-streaming/hooks/useSocialAnalyticsApi.ts
components/social-streaming/hooks/useSocialConnection.ts
components/social-streaming/hooks/useUserSocials.ts
components/tasks/CreateEvent.tsx
lib/api/endpoints.ts
lib/api/types.ts
lib/hooks/useConnectedApps.ts
lib/hooks/useSocialUnlink.ts

commit c494a09164d871f8a283d7145a2b517380649458
Author:     semantic-release-bot <semantic-release-bot@martynus.net>
AuthorDate: 2025-09-28
Commit:     semantic-release-bot <semantic-release-bot@martynus.net>
CommitDate: 2025-09-28

    chore(release): 1.1.0-dev.18
    
    # [1.1.0-dev.18](https://github.com/Genesis-Technologies-LLC/artistevolve-fe/compare/v1.1.0-dev.17...v1.1.0-dev.18) (2025-09-28)
    
    ### Features
    
    * **buzz-factory:** Enhance BuzzFactory, user questionnaire [EVO-2011] ([c1d3dc8](https://github.com/Genesis-Technologies-LLC/artistevolve-fe/commit/c1d3dc8e96aef88a61d0576c508cc3f84ec23e7c))

CHANGELOG.md

commit c1d3dc8e96aef88a61d0576c508cc3f84ec23e7c
Author:     Sanskar-Karki01 <sanskar.karki@inicreatechnologies.com>
AuthorDate: 2025-09-28
Commit:     GitHub <noreply@github.com>
CommitDate: 2025-09-28

    feat(buzz-factory): Enhance BuzzFactory, user questionnaire [EVO-2011]
    
    * feat(buzz-factory): Enhance BuzzFactory, user questionnaire [EVO-2011]
    
    * feat(): Added edit api for questionaire[EVO-2036]
    
    ---------
    
    Co-authored-by: Rajib Shresth <rajibstha059@gmail.com>

components/buzz-factory/BuzzFactory.tsx
components/buzz-factory/Level1/Level1Content.tsx
components/buzz-factory/SynchronizedScrollContainer.tsx
components/ui/DatePicker.tsx
lib/api/buzzFactoryApi.ts
lib/api/endpoints.ts
lib/hooks/useUpdateQuestionAnswer.ts
lib/hooks/useUserQuestionnaires.ts

commit 082f1804278a70e9451627a86ad339c3809e10cc
Author:     semantic-release-bot <semantic-release-bot@martynus.net>
AuthorDate: 2025-09-26
Commit:     semantic-release-bot <semantic-release-bot@martynus.net>
CommitDate: 2025-09-26

    chore(release): 1.1.0-dev.17
    
    # [1.1.0-dev.17](https://github.com/Genesis-Technologies-LLC/artistevolve-fe/compare/v1.1.0-dev.16...v1.1.0-dev.17) (2025-09-26)
    
    ### Features
    
    * **metrics:** Live tracking/caching of todays metrics [EVO-1131] ([a9dd72b](https://github.com/Genesis-Technologies-LLC/artistevolve-fe/commit/a9dd72befb51289a014d8f940037fb3ac81cbea8))

CHANGELOG.md

commit a9dd72befb51289a014d8f940037fb3ac81cbea8
Author:     Jacob Stallings <jacobcstallings@icloud.com>
AuthorDate: 2025-09-26
Commit:     Jacob Stallings <jacobcstallings@icloud.com>
CommitDate: 2025-09-26

    feat(metrics): Live tracking/caching of todays metrics [EVO-1131]

lib/api/socialAnalytics.ts

commit 9fc547dfdc9d07edf01258ea234c4c3c8ce43142
Author:     semantic-release-bot <semantic-release-bot@martynus.net>
AuthorDate: 2025-09-26
Commit:     semantic-release-bot <semantic-release-bot@martynus.net>
CommitDate: 2025-09-26

    chore(release): 1.1.0-dev.16
    
    # [1.1.0-dev.16](https://github.com/Genesis-Technologies-LLC/artistevolve-fe/compare/v1.1.0-dev.15...v1.1.0-dev.16) (2025-09-26)
    
    ### Bug Fixes
    
    * **content:** Display profile images in socials card [EVO-2001] ([b6874cc](https://github.com/Genesis-Technologies-LLC/artistevolve-fe/commit/b6874ccf1cd28d5c9165a5e2bea5d1c7b09efbd4))

CHANGELOG.md

commit b6874ccf1cd28d5c9165a5e2bea5d1c7b09efbd4
Author:     darshanbajgain-sys <darshan.bajgain@inicreatechnologies.com>
AuthorDate: 2025-09-26
Commit:     GitHub <noreply@github.com>
CommitDate: 2025-09-26

    fix(content): Display profile images in socials card [EVO-2001]
    
    * fix(social): Prevent api calls for unlinked platforms [EVO-2001]
    
    * fix(settings): Connected app setting page creation [EVO-2024]
    
    * refactor(social): Time range options edit in UI [EVO-2001]
    
    * refactor(setting): Connected apps UI styled [EVO-2024]
    
    * refactor(setting): Connected apps api integrated [EVO-2024]
    
    * feat(setting): Connected apps  unlink api implementation [EVO-2025]
    
    * fix(social): Call metric apis on platform connection [EVO-2001]
    
    * feat(setting): Google calendar unlink api call [EVO-2025]
    
    * fix(layout): Suspense loader removed for navbar and sidebar [EVO-1915]
    
    * fix(social): Performance chart const date range to month [EVO-2001]
    
    * fix(content): Display profile images in socials card [EVO-2001]

app/(dashboard)/layout.tsx
app/(dashboard)/settings/connected-apps/page.tsx
app/(dashboard)/settings/page.tsx
app/(dashboard)/social-streaming/page.tsx
components/common/ConnectedAppSkeleton.tsx
components/common/Socials.tsx
components/common/components/TimeRangeSelect.tsx
components/icons/GoogleCalendarSvg.tsx
components/social-streaming/hooks/useSocialAnalytics.ts
components/social-streaming/hooks/useSocialAnalyticsApi.ts
components/social-streaming/hooks/useSocialProgressChartApi.ts
components/ui/TopNav.tsx
lib/api/endpoints.ts
lib/api/types.ts
lib/hooks/useSocialUnlink.ts
lib/utils.ts

commit 5b0930c032f6c07a16872c63096c62b16cd28d8f
Author:     semantic-release-bot <semantic-release-bot@martynus.net>
AuthorDate: 2025-09-25
Commit:     semantic-release-bot <semantic-release-bot@martynus.net>
CommitDate: 2025-09-25

    chore(release): 1.1.0-dev.15
    
    # [1.1.0-dev.15](https://github.com/Genesis-Technologies-LLC/artistevolve-fe/compare/v1.1.0-dev.14...v1.1.0-dev.15) (2025-09-25)
    
    ### Features
    
    * **social:** Day time range added [EVO-2001] ([b8ab8c7](https://github.com/Genesis-Technologies-LLC/artistevolve-fe/commit/b8ab8c73f7755916b6912c913b6a1facce4b9a9d))

CHANGELOG.md

commit b8ab8c73f7755916b6912c913b6a1facce4b9a9d
Author:     darshanbajgain-sys <darshan.bajgain@inicreatechnologies.com>
AuthorDate: 2025-09-25
Commit:     GitHub <noreply@github.com>
CommitDate: 2025-09-25

    feat(social): Day time range added [EVO-2001]
    
    * refactor(pages): Circular loader removed from all pages [EVO-1915]
    
    * refactor(calendar): Events list rendered [EVO-1972]
    
    * refactor(calendar): Event list pagination menu ui fixed [EVO-1972]
    
    * refactor(calendar): Event list group by days [EVO-1972]
    
    * refactor(content): Content cards height adjusted [EVO-1915]
    
    * refactor(calendar): Event list group loader [EVO-1972]
    
    * fix(content): Content publish page responsive [EVO-1915]
    
    * refactor(dashboard): Middle metrics scrollable behaviour [EVO-1915]
    
    * fix(profileApi): Redundant profile get api fixed [EVO-1915]
    
    * refactor(profile): Centralize fetch in ProfileProvider [EVO-1915]
    
    * fix(bug): Prevent redirection to login page on reload [EVO-1915]
    
    * fix(content): Calendar height and made overflow scroll [EVO-1915]
    
    * fix(social): Tiktok auth integration  [EVO-1933]
    
    * fix(social): Tiktok callback redirect uri param  [EVO-1933]
    
    * fix(social): Default selection set to Instagram [EVO-1933]
    
    * fix(social): Undefined rendering removed from metrics  [EVO-1933]
    
    * fix(social): Metric api triggers for selected time range [EVO-1933]
    
    * fix(social): Demographic data by city/country rendered [EVO-1933]
    
    * fix(social): Social icons made consistent [EVO-1933]
    
    * fix(dashboard): Project api tanstack query [EVO-1915]
    
    * fix(content): Content publisg page api tanstack query [EVO-1915]
    
    * fix(content): Content publish page api tanstack query [EVO-1915]
    
    * fix(social): Instagram metrics rendered [EVO-1933]
    
    * feat(utils): Enhance formatLargeNumber to K/M [EVO-2001]
    
    * feat(social): Instagram overview rendered  [EVO-2002]
    
    * refactor(social): Spotify & Instagram overview [EVO-2002]
    
    * feat(social): Progesschart api implementation [EVO-2001]
    
    * fix(social): Correct demographic data mapping for all platforms [
    EVO-2002]
    
    * fix(social): Improve data mapping instagram metrics [EVO-2002]
    
    * fix(social): Improve performance chart dynamic chart axis [EVO-2001]
    
    * fix(social): Top performing posts sliced and image rendered [EVO-2001]
    
    * fix(social): Social streaming metrics page responsiveness [EVO-2001]
    
    * feat(social): Optimize charts & api calls with tanstackquery [EVO-2001]
    
    * feat(social): Day time range added [EVO-2001]

app/(dashboard)/social-streaming/page.tsx
app/social/instagram/callback/page.tsx
components/common/components/LocationList.tsx
components/common/components/MetricsGrid.tsx
components/common/components/PerformanceChart.tsx
components/common/components/TimeRangeSelect.tsx
components/common/components/TopContentTable.tsx
components/common/components/TopMetricsCards.tsx
components/social-streaming/AnalyticsSection.tsx
components/social-streaming/hooks/useSocialAnalytics.ts
components/social-streaming/hooks/useSocialAnalyticsApi.ts
components/social-streaming/hooks/useSocialProgressChartApi.ts
lib/api/endpoints.ts
lib/api/socialAnalytics.ts
lib/hooks/useContentAssets.ts
lib/hooks/useContentLists.ts
lib/utils.ts
types/types.ts

commit cdcbabdb764bb95983a8d33c20593916fd420a4d
Author:     semantic-release-bot <semantic-release-bot@martynus.net>
AuthorDate: 2025-09-25
Commit:     semantic-release-bot <semantic-release-bot@martynus.net>
CommitDate: 2025-09-25

    chore(release): 1.1.0-dev.14
    
    # [1.1.0-dev.14](https://github.com/Genesis-Technologies-LLC/artistevolve-fe/compare/v1.1.0-dev.13...v1.1.0-dev.14) (2025-09-25)
    
    ### Features
    
    * **noti:** Implemented Notifications [EVO-1882] ([cf6f9dd](https://github.com/Genesis-Technologies-LLC/artistevolve-fe/commit/cf6f9dd78614f225c92d54eb9ac9b4c711172b40))

CHANGELOG.md

commit cf6f9dd78614f225c92d54eb9ac9b4c711172b40
Author:     Rajib Shrestha <33756765+Rajibshrestha59@users.noreply.github.com>
AuthorDate: 2025-09-25
Commit:     GitHub <noreply@github.com>
CommitDate: 2025-09-25

    feat(noti): Implemented Notifications [EVO-1882]

app/(dashboard)/notification-center/page.tsx
components/notifications/NotificationButton.tsx
components/notifications/NotificationPopover.tsx
components/notifications/NotificationTester.tsx
components/notifications/NotificationWrapper.tsx
components/notifications/PushNotification.tsx
components/ui/TopNav.tsx
lib/api/endpoints.ts
lib/api/index.ts
lib/api/notificationsApi.ts
lib/hooks/useNotifications.ts
lib/hooks/useNotificationsState.ts
lib/utils/notificationIconUtils.tsx

commit 9d52a50370d0b4dcd490598ecf4a0673c6f6ade3
Author:     darshanbajgain-sys <darshan.bajgain@inicreatechnologies.com>
AuthorDate: 2025-09-24
Commit:     GitHub <noreply@github.com>
CommitDate: 2025-09-24

     Fixes in Social Streaming Module and Dashboard [EVO-1933]
    
    * refactor(pages): Circular loader removed from all pages [EVO-1915]
    
    * refactor(calendar): Events list rendered [EVO-1972]
    
    * refactor(calendar): Event list pagination menu ui fixed [EVO-1972]
    
    * refactor(calendar): Event list group by days [EVO-1972]
    
    * refactor(content): Content cards height adjusted [EVO-1915]
    
    * refactor(calendar): Event list group loader [EVO-1972]
    
    * fix(content): Content publish page responsive [EVO-1915]
    
    * refactor(dashboard): Middle metrics scrollable behaviour [EVO-1915]
    
    * fix(profileApi): Redundant profile get api fixed [EVO-1915]
    
    * refactor(profile): Centralize fetch in ProfileProvider [EVO-1915]
    
    * fix(bug): Prevent redirection to login page on reload [EVO-1915]
    
    * fix(content): Calendar height and made overflow scroll [EVO-1915]
    
    * fix(social): Tiktok auth integration  [EVO-1933]
    
    * fix(social): Tiktok callback redirect uri param  [EVO-1933]
    
    * fix(social): Default selection set to Instagram [EVO-1933]
    
    * fix(social): Undefined rendering removed from metrics  [EVO-1933]
    
    * fix(social): Metric api triggers for selected time range [EVO-1933]
    
    * fix(social): Demographic data by city/country rendered [EVO-1933]
    
    * fix(social): Social icons made consistent [EVO-1933]
    
    * fix(dashboard): Project api tanstack query [EVO-1915]

app/(dashboard)/social-streaming/page.tsx
app/content-publish/content-studio/page.tsx
components/common/SocialTasks.tsx
components/common/components/LocationList.tsx
components/common/components/PerformanceChart.tsx
components/common/components/PlatformSelection.tsx
components/common/components/TopMetricsCards.tsx
components/social-streaming/AnalyticsSection.tsx
components/social-streaming/hooks/useSocialAnalytics.ts
components/social-streaming/hooks/useSocialAnalyticsApi.ts
components/social-streaming/hooks/useSocialConnection.ts
lib/api/socialAnalytics.ts
lib/hooks/useProjects.ts
types/types.ts

commit ccf038e2a3523ceadbe8b09a093d391e74dc1e08
Author:     semantic-release-bot <semantic-release-bot@martynus.net>
AuthorDate: 2025-09-23
Commit:     semantic-release-bot <semantic-release-bot@martynus.net>
CommitDate: 2025-09-23

    chore(release): 1.1.0-dev.13
    
    # [1.1.0-dev.13](https://github.com/Genesis-Technologies-LLC/artistevolve-fe/compare/v1.1.0-dev.12...v1.1.0-dev.13) (2025-09-23)
    
    ### Bug Fixes
    
    * **notification:** Notificaiton center,skeleton fix[EVO-1995] ([0810c1c](https://github.com/Genesis-Technologies-LLC/artistevolve-fe/commit/0810c1cdb0579a3333b2b5009ed7681641240ae5))

CHANGELOG.md

commit 0810c1cdb0579a3333b2b5009ed7681641240ae5
Author:     Sanskar-Karki01 <sanskar.karki@inicreatechnologies.com>
AuthorDate: 2025-09-23
Commit:     GitHub <noreply@github.com>
CommitDate: 2025-09-23

    fix(notification): Notificaiton center,skeleton fix[EVO-1995]

app/(dashboard)/layout.tsx
app/(dashboard)/notification-center/page.tsx
app/content-publish/campaign/page.tsx
components/common/CurrentProject.tsx
components/common/ProjectProgressCard.tsx
components/common/SocialTasks.tsx
components/common/TaskGroupDashboard.tsx
components/layout/DashboardBackground.tsx
components/notifications/NotificationButton.tsx
components/notifications/NotificationPopover.tsx
components/social-streaming/hooks/useSocialAnalytics.ts
components/svg/TagSvg.tsx
components/tasks/TasksPage.tsx
components/ui/TopNav.tsx
lib/consts.ts

commit 538103f4b305a7bb19f3699ac28f814d9ce9edae
Author:     semantic-release-bot <semantic-release-bot@martynus.net>
AuthorDate: 2025-09-23
Commit:     semantic-release-bot <semantic-release-bot@martynus.net>
CommitDate: 2025-09-23

    chore(release): 1.1.0-dev.12
    
    # [1.1.0-dev.12](https://github.com/Genesis-Technologies-LLC/artistevolve-fe/compare/v1.1.0-dev.11...v1.1.0-dev.12) (2025-09-23)
    
    ### Bug Fixes
    
    * Updated sidebar fontsize and font family [EVO-1994] ([dbde642](https://github.com/Genesis-Technologies-LLC/artistevolve-fe/commit/dbde642259cc92683fcd5489537dce81ad3e14a4))

CHANGELOG.md

commit dbde642259cc92683fcd5489537dce81ad3e14a4
Author:     Rajib Shrestha <33756765+Rajibshrestha59@users.noreply.github.com>
AuthorDate: 2025-09-23
Commit:     GitHub <noreply@github.com>
CommitDate: 2025-09-23

    fix: Updated sidebar fontsize and font family [EVO-1994]

components/ui/SidebarNav.tsx

commit ade950b8d42949f99efdec0b26b25f30995b5727
Author:     semantic-release-bot <semantic-release-bot@martynus.net>
AuthorDate: 2025-09-23
Commit:     semantic-release-bot <semantic-release-bot@martynus.net>
CommitDate: 2025-09-23

    chore(release): 1.1.0-dev.11
    
    # [1.1.0-dev.11](https://github.com/Genesis-Technologies-LLC/artistevolve-fe/compare/v1.1.0-dev.10...v1.1.0-dev.11) (2025-09-23)
    
    ### Bug Fixes
    
    * Update README.md [EVO-1952] ([4d589a1](https://github.com/Genesis-Technologies-LLC/artistevolve-fe/commit/4d589a175dfc8aaefd9f22bdcc0169684fe3b459))

CHANGELOG.md

commit 4d589a175dfc8aaefd9f22bdcc0169684fe3b459
Author:     Rajib Shrestha <33756765+Rajibshrestha59@users.noreply.github.com>
AuthorDate: 2025-09-23
Commit:     GitHub <noreply@github.com>
CommitDate: 2025-09-23

    fix: Update README.md [EVO-1952]

README.md

commit 1ec750c27b584a900aabc7fc30dc9d6307ed1235
Author:     Rajib Shrestha <33756765+Rajibshrestha59@users.noreply.github.com>
AuthorDate: 2025-09-23
Commit:     GitHub <noreply@github.com>
CommitDate: 2025-09-23

    chore: Updated Readme file [EVO-1952]

README.md

commit 9331dedddfec6793df64cbc6ae5da6fa52baf78a
Author:     darshanbajgain-sys <darshan.bajgain@inicreatechnologies.com>
AuthorDate: 2025-09-23
Commit:     GitHub <noreply@github.com>
CommitDate: 2025-09-23

    feat/fix(ui,social): Dashboard scroll, profile fixes, and TikTok auth integration [EVO-1933]
    
    * refactor(pages): Circular loader removed from all pages [EVO-1915]
    
    * refactor(calendar): Events list rendered [EVO-1972]
    
    * refactor(calendar): Event list pagination menu ui fixed [EVO-1972]
    
    * refactor(calendar): Event list group by days [EVO-1972]
    
    * refactor(content): Content cards height adjusted [EVO-1915]
    
    * refactor(calendar): Event list group loader [EVO-1972]
    
    * fix(content): Content publish page responsive [EVO-1915]
    
    * refactor(dashboard): Middle metrics scrollable behaviour [EVO-1915]
    
    * fix(profileApi): Redundant profile get api fixed [EVO-1915]
    
    * refactor(profile): Centralize fetch in ProfileProvider [EVO-1915]
    
    * fix(bug): Prevent redirection to login page on reload [EVO-1915]
    
    * fix(content): Calendar height and made overflow scroll [EVO-1915]
    
    * fix(social): Tiktok auth integration  [EVO-1933]
    
    * fix(social): Tiktok callback redirect uri param  [EVO-1933]

app/(dashboard)/dashboard/page.tsx
app/(dashboard)/settings/edit-profile/page.tsx
app/content-publish/content-studio/page.tsx
app/social/instagram/callback/page.tsx
app/social/spotify/callback/page.tsx
app/social/tiktok/callback/page.tsx
components/social-streaming/SinglePlatformConnection.tsx
components/social-streaming/SpotifyLinkModal.tsx
components/social-streaming/hooks/useUserSocials.ts
lib/api/endpoints.ts
lib/api/socialApi.ts
lib/hooks/useUserProfile.ts
lib/providers/UserProfileProvider.tsx
lib/store/authSlice.ts
lib/store/userThunks.ts
lib/useAuth.ts
lib/utils.ts

commit be15282ab78afe9e7b6d256c4b67a460e4de3ce6
Author:     semantic-release-bot <semantic-release-bot@martynus.net>
AuthorDate: 2025-09-22
Commit:     semantic-release-bot <semantic-release-bot@martynus.net>
CommitDate: 2025-09-22

    chore(release): 1.1.0-dev.10
    
    # [1.1.0-dev.10](https://github.com/Genesis-Technologies-LLC/artistevolve-fe/compare/v1.1.0-dev.9...v1.1.0-dev.10) (2025-09-22)
    
    ### Bug Fixes
    
    * **artiChat:** Ui fixes, functionality implementaion, [EVO-1986] ([4a386b3](https://github.com/Genesis-Technologies-LLC/artistevolve-fe/commit/4a386b336e9c41da56b11e50776a441f6909ecc0))

CHANGELOG.md

commit 4a386b336e9c41da56b11e50776a441f6909ecc0
Author:     Sanskar-Karki01 <sanskar.karki@inicreatechnologies.com>
AuthorDate: 2025-09-22
Commit:     GitHub <noreply@github.com>
CommitDate: 2025-09-22

    fix(artiChat): Ui fixes, functionality implementaion, [EVO-1986]

app/artichat/page.tsx
components/chatbot/ArtiChat.tsx
components/chatbot/components/ChatHistorySidebar.tsx
components/chatbot/context/ChatContext.tsx
components/chatbot/hooks/useChatActions.ts
components/chatbot/hooks/useChatState.ts
components/common/ProjectProgressCard.tsx
components/svg/ArtiChartDarkSvg.tsx
components/svg/TagSvg.tsx
components/tasks/TasksPage.tsx
lib/api/aiApi.ts
lib/hooks/useChatbot.ts
package-lock.json

commit 55cfdbbc5bf46288bc6a1de361c5500c812694fb
Author:     semantic-release-bot <semantic-release-bot@martynus.net>
AuthorDate: 2025-09-22
Commit:     semantic-release-bot <semantic-release-bot@martynus.net>
CommitDate: 2025-09-22

    chore(release): 1.1.0-dev.9
    
    # [1.1.0-dev.9](https://github.com/Genesis-Technologies-LLC/artistevolve-fe/compare/v1.1.0-dev.8...v1.1.0-dev.9) (2025-09-22)
    
    ### Bug Fixes
    
    * **content:** Content publish page responsive [EVO-1915] ([269ea21](https://github.com/Genesis-Technologies-LLC/artistevolve-fe/commit/269ea217868c3c89b3fe0f2204c3468cacc67ac1))

CHANGELOG.md

commit 269ea217868c3c89b3fe0f2204c3468cacc67ac1
Author:     darshanbajgain-sys <darshan.bajgain@inicreatechnologies.com>
AuthorDate: 2025-09-22
Commit:     GitHub <noreply@github.com>
CommitDate: 2025-09-22

    fix(content): Content publish page responsive [EVO-1915]
    
    * refactor(pages): Circular loader removed from all pages [EVO-1915]
    
    * refactor(calendar): Events list rendered [EVO-1972]
    
    * refactor(calendar): Event list pagination menu ui fixed [EVO-1972]
    
    * refactor(calendar): Event list group by days [EVO-1972]
    
    * refactor(content): Content cards height adjusted [EVO-1915]
    
    * refactor(calendar): Event list group loader [EVO-1972]
    
    * fix(content): Content publish page responsive [EVO-1915]

app/(dashboard)/calendar/page.tsx
app/content-publish/content-studio/page.tsx
components/common/CalendarEventPopover.tsx
components/common/Calender.tsx
components/common/EventGroup.tsx
components/common/EventListPresenter.tsx
components/common/TasksListPresenter.tsx
components/common/WeekTimelineCalendar.tsx
components/ui/Pagination.tsx
components/ui/RouteTransition.tsx
lib/hooks/useEvents.ts
lib/utils.ts

commit 5decabf5acd9f62026424e6970307dcf096c9bee
Author:     semantic-release-bot <semantic-release-bot@martynus.net>
AuthorDate: 2025-09-22
Commit:     semantic-release-bot <semantic-release-bot@martynus.net>
CommitDate: 2025-09-22

    chore(release): 1.1.0-dev.8
    
    # [1.1.0-dev.8](https://github.com/Genesis-Technologies-LLC/artistevolve-fe/compare/v1.1.0-dev.7...v1.1.0-dev.8) (2025-09-22)
    
    ### Bug Fixes
    
    * Added instagram client id in yml [EVO-1976] ([553969d](https://github.com/Genesis-Technologies-LLC/artistevolve-fe/commit/553969dc459d71b95137ff332401ac778eb2a706))

CHANGELOG.md

commit 553969dc459d71b95137ff332401ac778eb2a706
Author:     Rajib Shresth <rajibstha059@gmail.com>
AuthorDate: 2025-09-22
Commit:     Rajib Shresth <rajibstha059@gmail.com>
CommitDate: 2025-09-22

    fix: Added instagram client id in yml [EVO-1976]

.github/workflows/deploy.yml
lib/api/axiosInstance.ts

commit ecf3a350c0725ae5a49f2b7bf8ca7ac8d9234f2c
Author:     semantic-release-bot <semantic-release-bot@martynus.net>
AuthorDate: 2025-09-19
Commit:     semantic-release-bot <semantic-release-bot@martynus.net>
CommitDate: 2025-09-19

    chore(release): 1.1.0-dev.7
    
    # [1.1.0-dev.7](https://github.com/Genesis-Technologies-LLC/artistevolve-fe/compare/v1.1.0-dev.6...v1.1.0-dev.7) (2025-09-19)
    
    ### Bug Fixes
    
    * **tasks:** Daytoday date ,UI improvements [EVO-1986] ([8419bad](https://github.com/Genesis-Technologies-LLC/artistevolve-fe/commit/8419badcacb89b621091232fef090df87fb4c162))
    * **tasks:** Project and task api merge, taskapge ui[EVO-1986] ([b7fcfd8](https://github.com/Genesis-Technologies-LLC/artistevolve-fe/commit/b7fcfd8798a1a09718f0887c82e8ea13402b330c))
    * **tasks:** Tag api & bulk actions, ui adjustment [EVO-1986] ([2059a45](https://github.com/Genesis-Technologies-LLC/artistevolve-fe/commit/2059a4518070510adf931a0257c237038478bc78))
    
    ### Features
    
    * **tasks:** DaytoDay timeline task rendering done[EVO-1986] ([e562ffa](https://github.com/Genesis-Technologies-LLC/artistevolve-fe/commit/e562ffaed56cbe814225582c3b60d61c4c2d7eeb))

CHANGELOG.md

commit 8419badcacb89b621091232fef090df87fb4c162
Author:     sans <sanskar.karki@inicreatechnologies.com>
AuthorDate: 2025-09-19
Commit:     sans <sanskar.karki@inicreatechnologies.com>
CommitDate: 2025-09-19

    fix(tasks): Daytoday date ,UI improvements [EVO-1986]

components/chatbot/ArtiChat.tsx
components/chatbot/components/ChatMessage.tsx
components/chatbot/hooks/useChatState.ts
components/tasks/DailyTimeline.tsx
components/tasks/TasksPage.tsx
components/ui/Select.tsx

commit 0bbd2487e4dd1a1884b1e679a84f6024eb284b01
Author:     semantic-release-bot <semantic-release-bot@martynus.net>
AuthorDate: 2025-09-19
Commit:     semantic-release-bot <semantic-release-bot@martynus.net>
CommitDate: 2025-09-19

    chore(release): 1.1.0-rc.2
    
    # [1.1.0-rc.2](https://github.com/Genesis-Technologies-LLC/artistevolve-fe/compare/v1.1.0-rc.1...v1.1.0-rc.2) (2025-09-19)
    
    ### Bug Fixes
    
    * **otp:** Fixed navigation route in otp flow [EVO-1952] ([69815a9](https://github.com/Genesis-Technologies-LLC/artistevolve-fe/commit/69815a946e8a1e6bb6751641b85670a1445fc7da))
    * **tasks:** Tag api & bulk actions, ui adjustment [EVO-1986] ([45c0a3b](https://github.com/Genesis-Technologies-LLC/artistevolve-fe/commit/45c0a3b2dfaba2f24d14286333246944caf57a19))

CHANGELOG.md

commit e96b4e0bed03671ead4ef3501181cdf680f47a9f
Author:     semantic-release-bot <semantic-release-bot@martynus.net>
AuthorDate: 2025-09-19
Commit:     semantic-release-bot <semantic-release-bot@martynus.net>
CommitDate: 2025-09-19

    chore(release): 1.1.0-dev.6
    
    # [1.1.0-dev.6](https://github.com/Genesis-Technologies-LLC/artistevolve-fe/compare/v1.1.0-dev.5...v1.1.0-dev.6) (2025-09-19)
    
    ### Features
    
    * **fix:** Release workflow [EVO-1782] ([a5244a8](https://github.com/Genesis-Technologies-LLC/artistevolve-fe/commit/a5244a8e79d9799b3e6e046b64c1ab52b0acee09))

CHANGELOG.md

commit 683a76c7abff07aa4783871b66f07473488b2488
Author:     semantic-release-bot <semantic-release-bot@martynus.net>
AuthorDate: 2025-09-19
Commit:     semantic-release-bot <semantic-release-bot@martynus.net>
CommitDate: 2025-09-19

    chore(release): 1.1.0-dev.5
    
    # [1.1.0-dev.5](https://github.com/Genesis-Technologies-LLC/artistevolve-fe/compare/v1.1.0-dev.4...v1.1.0-dev.5) (2025-09-19)
    
    ### Bug Fixes
    
    * **otp:** Fixed navigation route in otp flow [EVO-1952] ([69815a9](https://github.com/Genesis-Technologies-LLC/artistevolve-fe/commit/69815a946e8a1e6bb6751641b85670a1445fc7da))

CHANGELOG.md

commit 69815a946e8a1e6bb6751641b85670a1445fc7da
Author:     Rajib Shrestha <33756765+Rajibshrestha59@users.noreply.github.com>
AuthorDate: 2025-09-19
Commit:     GitHub <noreply@github.com>
CommitDate: 2025-09-19

    fix(otp): Fixed navigation route in otp flow [EVO-1952]
    
    * fix(otp): Fixed navigation route in otp flow [EVO-1952]
    
    * fix(route): Routing optimization done [EVO-1952]

app/(dashboard)/layout.tsx
components/auth/OTPRoute.tsx
components/auth/RouteGuard.tsx
docs/ROUTING_OPTIMIZATION_GUIDE.md
lib/api/axiosInstance.ts
lib/hooks/mutations/useAuthMutations.ts
lib/providers/Providers.tsx
lib/providers/UserProfileProvider.tsx
lib/useAuth.ts
next.config.ts

commit 702949afc0230d75980343bece21766e7713df99
Author:     semantic-release-bot <semantic-release-bot@martynus.net>
AuthorDate: 2025-09-19
Commit:     semantic-release-bot <semantic-release-bot@martynus.net>
CommitDate: 2025-09-19

    chore(release): 1.1.0-dev.4
    
    # [1.1.0-dev.4](https://github.com/Genesis-Technologies-LLC/artistevolve-fe/compare/v1.1.0-dev.3...v1.1.0-dev.4) (2025-09-19)
    
    ### Bug Fixes
    
    * **tasks:** Tag api & bulk actions, ui adjustment [EVO-1986] ([45c0a3b](https://github.com/Genesis-Technologies-LLC/artistevolve-fe/commit/45c0a3b2dfaba2f24d14286333246944caf57a19))

CHANGELOG.md

commit 45c0a3b2dfaba2f24d14286333246944caf57a19
Author:     Sanskar-Karki01 <sanskar.karki@inicreatechnologies.com>
AuthorDate: 2025-09-19
Commit:     GitHub <noreply@github.com>
CommitDate: 2025-09-19

    fix(tasks): Tag api & bulk actions, ui adjustment [EVO-1986]

components/chatbot/ArtiChat.tsx
components/common/DaytodayTimeline.tsx
components/common/Dropdown-menu.tsx
components/common/SocialTasks.tsx
components/common/TaskGroup.tsx
components/common/TaskSkeleton.tsx
components/common/Tasks.tsx
components/common/TimelineChart.tsx
components/tasks/DailyTimeline.tsx
components/tasks/TasksPage.tsx
components/ui/TopNav.tsx
lib/api/tasksApi.ts
lib/api/types.ts
package-lock.json
package.json

commit b7fcfd8798a1a09718f0887c82e8ea13402b330c
Author:     sans <sanskar.karki@inicreatechnologies.com>
AuthorDate: 2025-09-19
Commit:     sans <sanskar.karki@inicreatechnologies.com>
CommitDate: 2025-09-19

    fix(tasks): Project and task api merge, taskapge ui[EVO-1986]

components/common/AnalyticSkeleton.tsx
components/common/AnalyticsView.tsx
components/common/ProjectProgressCard.tsx
components/common/TaskEfficiencyCard.tsx
components/common/TimelineChart.tsx
components/tasks/DailyTimeline.tsx
components/tasks/DailyTimelineSkeleton.tsx
components/tasks/TasksPage.tsx

commit 91bc0bf2a4d0e828b5197680cf73755b89fd0c2c
Author:     darshanbajgain-sys <darshan.bajgain@inicreatechnologies.com>
AuthorDate: 2025-09-19
Commit:     GitHub <noreply@github.com>
CommitDate: 2025-09-19

    refactor(utils): Format large number utils for counts [EVO-1915]
    
    * refactor(dashboard): Metrics & event card skeleton [EVO-1915]
    
    * fix(timeline): Switched to endDate for taskbar patch [EVO-1934]
    
    * refactor(timeline): Pull request changes resolved [EVO-1934]
    
    * feat(settings): Edit profile api implementation [EVO-1864]
    
    * feat(settings): Change password api implementation [EVO-1863]
    
    * refactor(settings): Email field disabled, Last updated date [EVO-1863]
    
    * feat(settings): Skeleton loader added for setting page [EVO-1863]
    
    * refactor(settings): Toast positions styled [EVO-1864] [EVO-1863]
    
    * refactor(settings): Loader for edit profile [EVO-1864]
    
    * refactor(settings): Prevent dropdown on focus if pre-filled [EVO-1864]
    
    * refactor(utils): Format large number utils for counts [EVO-1915]

app/(dashboard)/dashboard/page.tsx
app/(dashboard)/settings/change-password/page.tsx
app/(dashboard)/settings/edit-profile/page.tsx
app/(dashboard)/settings/page.tsx
components/common/DayTimeline.tsx
components/common/EditProfileSkeleton.tsx
components/common/EventCalendarSkeleton.tsx
components/common/LocationAutocomplete.tsx
components/common/MetricCardSkeleton.tsx
components/common/SettingPageSkeleton.tsx
components/common/TimelineChart.tsx
components/common/components/MetricCard.tsx
components/tasks/TasksPage.tsx
components/ui/TopNav.tsx
lib/api/endpoints.ts
lib/api/types.ts
lib/hooks/mutations/useChangePassword.ts
lib/hooks/useUpdateUserProfile.ts
lib/providers/UserProfileProvider.tsx
lib/utils.ts
lib/utils/timelineDataTransform.ts

commit 2059a4518070510adf931a0257c237038478bc78
Author:     sans <sanskar.karki@inicreatechnologies.com>
AuthorDate: 2025-09-18
Commit:     sans <sanskar.karki@inicreatechnologies.com>
CommitDate: 2025-09-18

    fix(tasks): Tag api & bulk actions, ui adjustment [EVO-1986]

components/chatbot/ArtiChat.tsx
components/common/DaytodayTimeline.tsx
components/common/Dropdown-menu.tsx
components/common/SocialTasks.tsx
components/common/TaskGroup.tsx
components/common/TaskSkeleton.tsx
components/common/Tasks.tsx
components/common/TimelineChart.tsx
components/tasks/DailyTimeline.tsx
components/tasks/TasksPage.tsx
components/ui/TopNav.tsx
lib/api/tasksApi.ts
lib/api/types.ts
package-lock.json
package.json

commit 65f6f04b65752c0914acfd54cb9d6c47f36ad5a1
Author:     semantic-release-bot <semantic-release-bot@martynus.net>
AuthorDate: 2025-09-18
Commit:     semantic-release-bot <semantic-release-bot@martynus.net>
CommitDate: 2025-09-18

    chore(release): 1.1.0-rc.1
    
    # [1.1.0-rc.1](https://github.com/Genesis-Technologies-LLC/artistevolve-fe/compare/v1.0.0...v1.1.0-rc.1) (2025-09-18)
    
    ### Features
    
    * **cicd:** Staging Deployment [EVO-1952] ([35207e0](https://github.com/Genesis-Technologies-LLC/artistevolve-fe/commit/35207e08585058430d064c81aebdaf0c6199200d))
    * **fix:** Release workflow [EVO-1782] ([a5244a8](https://github.com/Genesis-Technologies-LLC/artistevolve-fe/commit/a5244a8e79d9799b3e6e046b64c1ab52b0acee09))
    * **fix:** Release workflow [EVO-1782] ([8c27233](https://github.com/Genesis-Technologies-LLC/artistevolve-fe/commit/8c27233dfb7df3aa0b0af7a561df09f5bfad7b33))
    * **stage:** Release on stage [EVO-1782] ([b80476e](https://github.com/Genesis-Technologies-LLC/artistevolve-fe/commit/b80476e51f1fd6fcaed181b27a7d89bfb7b93d29))
    * **stage:** Release on stage [EVO-1782] ([ad78db3](https://github.com/Genesis-Technologies-LLC/artistevolve-fe/commit/ad78db3dfbfd9a689348de225c61dd4e3737bcd6))
    * **stage:** Release on stage [EVO-1782] ([f12b99f](https://github.com/Genesis-Technologies-LLC/artistevolve-fe/commit/f12b99f14efb179f617b49fb618df8cd22e40cb0))

CHANGELOG.md

commit a5244a8e79d9799b3e6e046b64c1ab52b0acee09
Author:     Umesh Shrestha <stha.ums@gmail.com>
AuthorDate: 2025-09-18
Commit:     Umesh Shrestha <stha.ums@gmail.com>
CommitDate: 2025-09-18

    feat(fix): Release workflow [EVO-1782]

README.md

commit 8e9b8dd45e3f87c5b6d68510a879a8dc37fed116
Author:     semantic-release-bot <semantic-release-bot@martynus.net>
AuthorDate: 2025-09-18
Commit:     semantic-release-bot <semantic-release-bot@martynus.net>
CommitDate: 2025-09-18

    chore(release): 1.1.0-dev.3
    
    # [1.1.0-dev.3](https://github.com/Genesis-Technologies-LLC/artistevolve-fe/compare/v1.1.0-dev.2...v1.1.0-dev.3) (2025-09-18)
    
    ### Features
    
    * **fix:** Release workflow [EVO-1782] ([8c27233](https://github.com/Genesis-Technologies-LLC/artistevolve-fe/commit/8c27233dfb7df3aa0b0af7a561df09f5bfad7b33))

CHANGELOG.md

commit 8c27233dfb7df3aa0b0af7a561df09f5bfad7b33
Author:     Umesh Shrestha <stha.ums@gmail.com>
AuthorDate: 2025-09-18
Commit:     Umesh Shrestha <stha.ums@gmail.com>
CommitDate: 2025-09-18

    feat(fix): Release workflow [EVO-1782]

.github/workflows/release.yml
.github/workflows/validate-commits.yml
.github/workflows/validate-release.yml

commit a3bf1298edd8e7a568b33bd7cb2e6770e6b2cff4
Author:     semantic-release-bot <semantic-release-bot@martynus.net>
AuthorDate: 2025-09-18
Commit:     semantic-release-bot <semantic-release-bot@martynus.net>
CommitDate: 2025-09-18

    chore(release): 1.1.0-dev.2
    
    # [1.1.0-dev.2](https://github.com/Genesis-Technologies-LLC/artistevolve-fe/compare/v1.1.0-dev.1...v1.1.0-dev.2) (2025-09-18)
    
    ### Features
    
    * **stage:** Release on stage [EVO-1782] ([b80476e](https://github.com/Genesis-Technologies-LLC/artistevolve-fe/commit/b80476e51f1fd6fcaed181b27a7d89bfb7b93d29))
    * **stage:** Release on stage [EVO-1782] ([ad78db3](https://github.com/Genesis-Technologies-LLC/artistevolve-fe/commit/ad78db3dfbfd9a689348de225c61dd4e3737bcd6))
    * **stage:** Release on stage [EVO-1782] ([f12b99f](https://github.com/Genesis-Technologies-LLC/artistevolve-fe/commit/f12b99f14efb179f617b49fb618df8cd22e40cb0))

CHANGELOG.md

commit b80476e51f1fd6fcaed181b27a7d89bfb7b93d29
Author:     Umesh Shrestha <stha.ums@gmail.com>
AuthorDate: 2025-09-18
Commit:     Umesh Shrestha <stha.ums@gmail.com>
CommitDate: 2025-09-18

    feat(stage): Release on stage [EVO-1782]

.releaserc.json

commit ad78db3dfbfd9a689348de225c61dd4e3737bcd6
Author:     Umesh Shrestha <stha.ums@gmail.com>
AuthorDate: 2025-09-18
Commit:     Umesh Shrestha <stha.ums@gmail.com>
CommitDate: 2025-09-18

    feat(stage): Release on stage [EVO-1782]

.github/workflows/release.yml

commit f12b99f14efb179f617b49fb618df8cd22e40cb0
Author:     Umesh Shrestha <stha.ums@gmail.com>
AuthorDate: 2025-09-18
Commit:     Umesh Shrestha <stha.ums@gmail.com>
CommitDate: 2025-09-18

    feat(stage): Release on stage [EVO-1782]

README.md

commit 885d438541974b170fff1562fdea8209a1cd0cc7
Author:     semantic-release-bot <semantic-release-bot@martynus.net>
AuthorDate: 2025-09-18
Commit:     semantic-release-bot <semantic-release-bot@martynus.net>
CommitDate: 2025-09-18

    chore(release): 1.1.0-dev.1
    
    # [1.1.0-dev.1](https://github.com/Genesis-Technologies-LLC/artistevolve-fe/compare/v1.0.0...v1.1.0-dev.1) (2025-09-18)
    
    ### Features
    
    * **cicd:** Staging Deployment [EVO-1952] ([35207e0](https://github.com/Genesis-Technologies-LLC/artistevolve-fe/commit/35207e08585058430d064c81aebdaf0c6199200d))

CHANGELOG.md

commit a2e4ea5a47f35adad40bf2bc9de53db92cafdf3b
Author:     Umesh Shrestha <stha.ums@gmail.com>
AuthorDate: 2025-09-18
Commit:     Umesh Shrestha <stha.ums@gmail.com>
CommitDate: 2025-09-18

    chore(ci): Add ref param on checkout [EVO-1782]

.github/workflows/release.yml
.github/workflows/stage.yml

commit d7f697ae3367cad472cf10a2f7254c7e396b3120
Author:     Umesh Shrestha <stha.ums@gmail.com>
AuthorDate: 2025-09-18
Commit:     Umesh Shrestha <stha.ums@gmail.com>
CommitDate: 2025-09-18

    chore(ci): Add ref param on checkout [EVO-1782]

.github/workflows/release.yml

commit 524682508c662777fd1e8634c22f65bb9eb3c76e
Author:     semantic-release-bot <semantic-release-bot@martynus.net>
AuthorDate: 2025-09-18
Commit:     semantic-release-bot <semantic-release-bot@martynus.net>
CommitDate: 2025-09-18

    chore(release): 1.0.0
    
    # 1.0.0 (2025-09-18)
    
    ### Bug Fixes
    
    * asset library model content refetch logic implemented after uploading asset ([2e9ab7a](https://github.com/Genesis-Technologies-LLC/artistevolve-fe/commit/2e9ab7adf3fef71a9d8a9f72f0b121160e7ff6fd))
    * **auth:** Updated the schema for profile on register [EVO-1973] ([ededa05](https://github.com/Genesis-Technologies-LLC/artistevolve-fe/commit/ededa0548f97b54563001aa415bc88ea1683e446))
    * build issue and removed console.log ([8899334](https://github.com/Genesis-Technologies-LLC/artistevolve-fe/commit/8899334e3d62921589b419287afff4ce7b2cfef4))
    * build issue fixed ([5fa1961](https://github.com/Genesis-Technologies-LLC/artistevolve-fe/commit/5fa196146118bf6fd0e31043a4e4d8c54daa5647))
    * **build issue:** refetch assets caused failed issue ([bc5ca3d](https://github.com/Genesis-Technologies-LLC/artistevolve-fe/commit/bc5ca3dfe84a5a757c00c3f4e725852738e998c6))
    * calendar key warning issues fixed in the content creation form ([3312339](https://github.com/Genesis-Technologies-LLC/artistevolve-fe/commit/3312339c704a2a2c7facf0e8605e7d2973a5b39c))
    * **calendar:** Add date validation utility [EVO-1944] ([5eef4cf](https://github.com/Genesis-Technologies-LLC/artistevolve-fe/commit/5eef4cfe1cbeeee3a4ad9e624ee34c1cd9bb515b))
    * **calendar:** Sync calendar selection pop style [EVO-1942] ([679f917](https://github.com/Genesis-Technologies-LLC/artistevolve-fe/commit/679f91755cb1e49785fb6b4d4dfe7c2b63e84d6a))
    * content create page ui issues solved ([7846379](https://github.com/Genesis-Technologies-LLC/artistevolve-fe/commit/784637930dc8c6caee83b0dbc3ab8d97a581772f))
    * convert to draft logic added in the schedule post handler ([e4e27b3](https://github.com/Genesis-Technologies-LLC/artistevolve-fe/commit/e4e27b383be6bb3d85ac463b08b96dbfa2d9f6cb))
    * display actual image in the month view calendar hover tooltip & fixed event bubbling conflict  on show more event button againt calendar cell content modal  open handle event ([93fee65](https://github.com/Genesis-Technologies-LLC/artistevolve-fe/commit/93fee6547cb3787533e695ce0147f6413b8515f6))
    * **env:** Added posthog key on .env [EVO-1962] ([1db0dd7](https://github.com/Genesis-Technologies-LLC/artistevolve-fe/commit/1db0dd7542ad582747d7bbe7cc5853bc7deec265))
    * eslint errors and build errors ([#16](https://github.com/Genesis-Technologies-LLC/artistevolve-fe/issues/16)) ([875dd38](https://github.com/Genesis-Technologies-LLC/artistevolve-fe/commit/875dd38948c6b3e55bbd3363dc7af8bbfb461e3c))
    * google drive flow update ([b27fc0a](https://github.com/Genesis-Technologies-LLC/artistevolve-fe/commit/b27fc0a26f6db128004965c211771d5a9d89c590))
    * **google sign in:** google sign in implementation done ([4901c5b](https://github.com/Genesis-Technologies-LLC/artistevolve-fe/commit/4901c5bde2214c4b52df24ad2bf3a16be936ed24))
    * **google sign in:** google sign in implementation done ([05ea605](https://github.com/Genesis-Technologies-LLC/artistevolve-fe/commit/05ea605f31942ba7d7aeb0d50483af7d9c124f9c))
    * icon restyled for content tab list ([2e62cb7](https://github.com/Genesis-Technologies-LLC/artistevolve-fe/commit/2e62cb71f9bac1f0fd406fefe8085507e1775dd0))
    * icon size for the event detail modal adjusted, and event bubbling prevented on clicking event badge ([0ba71dd](https://github.com/Genesis-Technologies-LLC/artistevolve-fe/commit/0ba71dd72029bc65299a5996c98d64106bf4ea54))
    * invalidate date ui updated for drag event and cursor grab pointer added for assets item ([cc06575](https://github.com/Genesis-Technologies-LLC/artistevolve-fe/commit/cc065758c6d8cde4436610aa1f956c927d31087b))
    * limit changed to 10 in the useScheduledposts hook ([1f2cccc](https://github.com/Genesis-Technologies-LLC/artistevolve-fe/commit/1f2cccc6292cb20906fbdd9aad1ad7be6cb9e784))
    * media modal library full screen height ([0b4494a](https://github.com/Genesis-Technologies-LLC/artistevolve-fe/commit/0b4494ae3c76c3afba1b3bca66387d66cd98bceb))
    * media modal library full screen heigth set to 100vh ([a6d3d87](https://github.com/Genesis-Technologies-LLC/artistevolve-fe/commit/a6d3d87ac663a6bab75596b5a42bac5e81c4ef44))
    * media modal library full screen heigth set to 100vh ([247db13](https://github.com/Genesis-Technologies-LLC/artistevolve-fe/commit/247db1312d0e33f8630d326185375f2bf97e3efb))
    * media selection bug fixed on drag and open modal event for asset ([a85e3ac](https://github.com/Genesis-Technologies-LLC/artistevolve-fe/commit/a85e3ace43d218a7abcb13a61e992b592b466b67))
    * notifcation center build error fix ([755d3b9](https://github.com/Genesis-Technologies-LLC/artistevolve-fe/commit/755d3b9e43c85e653dd7cd35f25f1e0543b46318))
    * redirect uri fixes made on dropbox ([ef6573f](https://github.com/Genesis-Technologies-LLC/artistevolve-fe/commit/ef6573f7d56666a9efd7636a518fd697755a72f1))
    * Removed console log [EVO-1960] ([ad4d6e6](https://github.com/Genesis-Technologies-LLC/artistevolve-fe/commit/ad4d6e6facffd06bc28dda26fb4fea16d317a83e))
    * Resolve conflicts in gitignore and remove console log [EVO-1943] ([#52](https://github.com/Genesis-Technologies-LLC/artistevolve-fe/issues/52)) ([bfde9b0](https://github.com/Genesis-Technologies-LLC/artistevolve-fe/commit/bfde9b0182a8bd8439cd2a817bfc025de563efe6))
    * Resolve conflicts in gitignore and removelog [EVO-1943] ([#53](https://github.com/Genesis-Technologies-LLC/artistevolve-fe/issues/53)) ([1ab3281](https://github.com/Genesis-Technologies-LLC/artistevolve-fe/commit/1ab3281258c6cc6798f3ffed1896d55b4f978a2d))
    * sidebar disappearance on pop up fixed ([7ac01f9](https://github.com/Genesis-Technologies-LLC/artistevolve-fe/commit/7ac01f93b584a1788335f854d854f3fc52ce05b8))
    * social tasks  rendering issue fixed in content studio ([d88da63](https://github.com/Genesis-Technologies-LLC/artistevolve-fe/commit/d88da630d2f238bd2ad71c711dd4a8cfbf773eb0))
    * **tasks:** Category,Tags api,Bulk action,ui enhance[EVO-1898] ([d9015dc](https://github.com/Genesis-Technologies-LLC/artistevolve-fe/commit/d9015dc7639cddfd73d12d1bc5fe677237b81105))
    * Timelinechart scale(1.) error & display tasks with dueDate [EVO-1934] ([aa3a769](https://github.com/Genesis-Technologies-LLC/artistevolve-fe/commit/aa3a7691ac56033b6bfff0ad6b1cd8ac2a89a26a))
    * **ui:** Fixed calendar all day UI [EVO-1980] ([320e993](https://github.com/Genesis-Technologies-LLC/artistevolve-fe/commit/320e993fc21d060066e86cd78f325fcca2934fdc))
    * **ui:** Profile dropdown menu items click handling [EVO-1968] ([ecd1dcc](https://github.com/Genesis-Technologies-LLC/artistevolve-fe/commit/ecd1dcc23ebfe6f699f68c3baa9501e314ab315d))
    * Updated deploy yml file [EVO-1976] ([983b7da](https://github.com/Genesis-Technologies-LLC/artistevolve-fe/commit/983b7da26d0bf0cb85903fc40fac8caf8ce6a330))
    * upload-asset-modal and cloudstorage repeated status calls issue ([dfea1ec](https://github.com/Genesis-Technologies-LLC/artistevolve-fe/commit/dfea1ec9c3352fd02fd32ac55061f6b11659bd69))
    * **yml:** Enhance Slack notification [EVO-1973] ([1e0baa1](https://github.com/Genesis-Technologies-LLC/artistevolve-fe/commit/1e0baa1cb229d3012df2374381c37f3e1a4661e0))
    
    ### Features
    
    *  debounced implemented on search input ([1d15c8a](https://github.com/Genesis-Technologies-LLC/artistevolve-fe/commit/1d15c8ab66aec5095cae8e6d4a7a7a99b66ed22b))
    * Add project timeline bar to timeline chart [EVO-1934] ([1192169](https://github.com/Genesis-Technologies-LLC/artistevolve-fe/commit/1192169610b7268f0e17f7648e96acc85a7d1174))
    * Add semantic release and commitlint configuration [EVO-1782] ([#42](https://github.com/Genesis-Technologies-LLC/artistevolve-fe/issues/42)) ([10b7947](https://github.com/Genesis-Technologies-LLC/artistevolve-fe/commit/10b79476d1531ff6f107008a108e93053d545079))
    * Added create campaign and individual routing for campaign name , filter modal ui ([fc8ba18](https://github.com/Genesis-Technologies-LLC/artistevolve-fe/commit/fc8ba1866c4e1828d3df66174aabc1cd33614578))
    * archived api integrated for the campaign filter table ([33d9112](https://github.com/Genesis-Technologies-LLC/artistevolve-fe/commit/33d911215e4404016974c954485b3eb64f29cfb1))
    * asset drag and drop to open create content modal pop up implemented ([b84832e](https://github.com/Genesis-Technologies-LLC/artistevolve-fe/commit/b84832eacb0598f249ba68a3ed3ccee6dadbbef2))
    * **buzz-factory:** buzzfactory design, onboarding added, questionaaries setup ([8929899](https://github.com/Genesis-Technologies-LLC/artistevolve-fe/commit/8929899b5def5e8b170f9f534bddeb0d9404173e))
    * campagin posts content filters api integrated and table ui enhanced ([0f06f9c](https://github.com/Genesis-Technologies-LLC/artistevolve-fe/commit/0f06f9c633c18cfae3e57381b232ae1496701d13))
    * campaign filter api implemented ([7e29e68](https://github.com/Genesis-Technologies-LLC/artistevolve-fe/commit/7e29e6890010b6a6b61b3ad848875168a2d09b70))
    * campaign post filter table scrollable for cut off content ([95b890a](https://github.com/Genesis-Technologies-LLC/artistevolve-fe/commit/95b890a1b4dff8350977db7bf9735f9ea185497d))
    * **cicd:** Staging Deployment [EVO-1952] ([ed3b20f](https://github.com/Genesis-Technologies-LLC/artistevolve-fe/commit/ed3b20ffeb8be05be3b536c0e2005ca2cedae86e))
    * content create modal close with escape key and outside modal mouse click ([7ddf9ca](https://github.com/Genesis-Technologies-LLC/artistevolve-fe/commit/7ddf9cac2cb833e5cbafc1e1232065c14e26a06d))
    * Content creation modal open when user clicks on date cell ([138e812](https://github.com/Genesis-Technologies-LLC/artistevolve-fe/commit/138e812d375a76b97cb3e13051c1b4e24eef2468))
    * content details modal skeleton added and content details by post id api integrated ([83161a9](https://github.com/Genesis-Technologies-LLC/artistevolve-fe/commit/83161a93ecfcc56a2fbfc705cdf0ecbd41ba512c))
    * Content details model creation and data integration, icon size made consistent ([1ace301](https://github.com/Genesis-Technologies-LLC/artistevolve-fe/commit/1ace3016728e222a47c93d04615328f559439552))
    * content tab draft list made draggable to the calendar ([a384219](https://github.com/Genesis-Technologies-LLC/artistevolve-fe/commit/a38421973c56bed78222f50d8a93a2f0116038a1))
    * content tablist refresh on  draf or schedule ([26d4b9b](https://github.com/Genesis-Technologies-LLC/artistevolve-fe/commit/26d4b9b4a2682722d1a41b5b8abe383fcd31281e))
    * contentlist api integrated and list displayed in content tab ([abb96cc](https://github.com/Genesis-Technologies-LLC/artistevolve-fe/commit/abb96ccad7014d51e74f34d9d740bccb1553d068))
    * current projects api  [EVO-1915] ([d1472be](https://github.com/Genesis-Technologies-LLC/artistevolve-fe/commit/d1472be304fe2751bb0f9c7f765a5488afa24b37))
    * date filter added for top performance post ([21a4605](https://github.com/Genesis-Technologies-LLC/artistevolve-fe/commit/21a46059e291be8cf52ac12f2301bb9f0da58a98))
    * Delete campaignpost api integration in the campaign posts table ([4877dd6](https://github.com/Genesis-Technologies-LLC/artistevolve-fe/commit/4877dd61d268e6e40e774f89c1ea72a5f441a43a))
    * doc added for the drag to calendar implementation ([80d0666](https://github.com/Genesis-Technologies-LLC/artistevolve-fe/commit/80d0666c57a3770441732eaa5d9daae0c6b97729))
    * draft badges shown to content tab list ([ad33069](https://github.com/Genesis-Technologies-LLC/artistevolve-fe/commit/ad330698aa3e94ea7b4dbfab20d115ab3b4f9f8d))
    * draft position styled in content tab list images ([f4bf535](https://github.com/Genesis-Technologies-LLC/artistevolve-fe/commit/f4bf535e820ea726ca2fe15e8f09a614f88269cb))
    * draft to schedule conversion api intgerated ([7696e7d](https://github.com/Genesis-Technologies-LLC/artistevolve-fe/commit/7696e7d2cb61c1f710b8dc9e021c9e6d55c0db6c))
    * drag and drop date validation ([f735d1e](https://github.com/Genesis-Technologies-LLC/artistevolve-fe/commit/f735d1e309033fc8c702f388b14dae13b7cda047))
    * dropdown filter backdrop changed ([b2bb9c1](https://github.com/Genesis-Technologies-LLC/artistevolve-fe/commit/b2bb9c10c99678e4ede335ad931af4caf67df19d))
    * enhanced media selection to show files selected in the media upload form ([ed1f3ad](https://github.com/Genesis-Technologies-LLC/artistevolve-fe/commit/ed1f3ad639eae9ca81db3fc423d9348c2730d493))
    * events api integrated in dashboard [EVO-1915] ([6594708](https://github.com/Genesis-Technologies-LLC/artistevolve-fe/commit/65947081a17b57e49ef9c02a461e4f8295dec284))
    * events, task, projects modal pop up [EVO-1915] ([640bcd9](https://github.com/Genesis-Technologies-LLC/artistevolve-fe/commit/640bcd9be1b1270c15f039401b777f5062debc97))
    * filter dropdown ui fixed ([3735622](https://github.com/Genesis-Technologies-LLC/artistevolve-fe/commit/3735622bccf302ea6b89c5229b5458bfe58ed638))
    * fiter modal slide animation ([eb40bed](https://github.com/Genesis-Technologies-LLC/artistevolve-fe/commit/eb40bed919a39ad43ff9476d817fe07b00d6fb20))
    * fitlers dropdwond implemented ([66a73e5](https://github.com/Genesis-Technologies-LLC/artistevolve-fe/commit/66a73e56fecc638e5758048f6571f7093758cc72))
    * hover event stuck card fixed ([4549df1](https://github.com/Genesis-Technologies-LLC/artistevolve-fe/commit/4549df18d6fffc6053f32edf742247681f377f7a))
    * implemented conditonal navigation for the post sheduling and draft saving ([40773f2](https://github.com/Genesis-Technologies-LLC/artistevolve-fe/commit/40773f21768c74832fabae63a99002f4e33efe81))
    * implemented dynamic month/day at first index of the chart [EVO-1934] ([713c61a](https://github.com/Genesis-Technologies-LLC/artistevolve-fe/commit/713c61a9f6ca69c8dafd1b9d2875785dc5fcf23d))
    * **instagram:** instagram implemetation made ([3c9fc4c](https://github.com/Genesis-Technologies-LLC/artistevolve-fe/commit/3c9fc4c00e020e5c64280a74b8a959845807b4f3))
    * **instagram:** instagram integrartion with overview api ([a827a92](https://github.com/Genesis-Technologies-LLC/artistevolve-fe/commit/a827a921ffc768f5e88d599de5e9cd307464467b))
    * **instagram:** instagram integrartion with overview api ([745b187](https://github.com/Genesis-Technologies-LLC/artistevolve-fe/commit/745b18747a47364bce5c0bd5b21fbfa1f6949332))
    * **instagram:** Instagram integrartion with overview api ([f56efc1](https://github.com/Genesis-Technologies-LLC/artistevolve-fe/commit/f56efc1f6f52e6cf0b556de73b8ddfddb5491e23))
    * Integrate scheduled posts and refetch logic in Content Studio calendar ([7f7652d](https://github.com/Genesis-Technologies-LLC/artistevolve-fe/commit/7f7652d6530719ab4737c0cfca3a4aba227a7991))
    * multiple platform selected and send when posting schedule in the api and same platform icons overlapped ([1d0ab49](https://github.com/Genesis-Technologies-LLC/artistevolve-fe/commit/1d0ab497a38bdcf7f87066bd30545688bc8ebe6a))
    * **noti:** Migrated notification, buzz updated [EVO-1971] ([4c94e9d](https://github.com/Genesis-Technologies-LLC/artistevolve-fe/commit/4c94e9d34ddd6f87afbfd700cd7168e993c65cf8))
    * platform followers count rendered from api  [EVO-1915] ([96c5e0c](https://github.com/Genesis-Technologies-LLC/artistevolve-fe/commit/96c5e0c2f18949226b4207a9e139f9da1884ae66))
    * PR issues resloved ([b46b291](https://github.com/Genesis-Technologies-LLC/artistevolve-fe/commit/b46b291d75ba9f6b6d95bd847f7baa0f6acbadfc))
    * profile image upload api added ([54f6771](https://github.com/Genesis-Technologies-LLC/artistevolve-fe/commit/54f67718119b413eecc21d69c4aed96ba092b2b6))
    * react select library added for dropdown filter and styled ([2dfb48d](https://github.com/Genesis-Technologies-LLC/artistevolve-fe/commit/2dfb48de034fd0c63694622972bed01234d762f3))
    * real image rendered on the calendar hovered events card ([56fa5ef](https://github.com/Genesis-Technologies-LLC/artistevolve-fe/commit/56fa5ef2703e6a3cc364e5155b43a5556bc71aeb))
    * sample content details modal added ([97c48b1](https://github.com/Genesis-Technologies-LLC/artistevolve-fe/commit/97c48b1bd662635fe51a48409dab85dc2441da6c))
    * save as draft api integrated ([13de1b5](https://github.com/Genesis-Technologies-LLC/artistevolve-fe/commit/13de1b52ba9b6ab5659222a0cda6d19e150b1196))
    * Searchable dropdown component created for tag and tag search api implemented, and tags integrated to post schedule api ([7059587](https://github.com/Genesis-Technologies-LLC/artistevolve-fe/commit/70595873299c410ec7fcc5f95a57b6e29babb777))
    * send/create note api integrated in the content details model ([afbc23d](https://github.com/Genesis-Technologies-LLC/artistevolve-fe/commit/afbc23d125f4fa8370864815fe252cbb4be53698))
    * separate hook for save draft created ([eb3e5bc](https://github.com/Genesis-Technologies-LLC/artistevolve-fe/commit/eb3e5bcd16b7407642b4f05916edacc884a88895))
    * show more event added and event list pop up added in calendar ([0050ed6](https://github.com/Genesis-Technologies-LLC/artistevolve-fe/commit/0050ed647fb924cda48ebd8cd916d1c710994658))
    * sidebar routing functional, weekly view ui fix, filter ui, content calendar added ([930fed9](https://github.com/Genesis-Technologies-LLC/artistevolve-fe/commit/930fed9f6dc5a630aea37782e507406814fdae94))
    * skeleton added and dummy events removed from the calendar widget ([0ff98e5](https://github.com/Genesis-Technologies-LLC/artistevolve-fe/commit/0ff98e57ebd8f0bb192e9415e7b68cfd8f99332f))
    * skeleton added for pop up modal ([da66c65](https://github.com/Genesis-Technologies-LLC/artistevolve-fe/commit/da66c6500ecbf52408edc62db8f27f66bdc67992))
    * social icons fixed ([8605dfd](https://github.com/Genesis-Technologies-LLC/artistevolve-fe/commit/8605dfd8504cf45e2dd659ecd13ffba4f01564aa))
    * tag colors filter added for the campaign table ([75d3cdd](https://github.com/Genesis-Technologies-LLC/artistevolve-fe/commit/75d3cddabb8e4d09a2caf63e549a6b9c2ecc1e8e))
    * task efficency and project progress api  [EVO-1935] ([489adeb](https://github.com/Genesis-Technologies-LLC/artistevolve-fe/commit/489adeb5f715444c0bae0a5c9118fa4fe0d981b5))
    * taskbar update api after extension [EVO-1934] ([fc182c1](https://github.com/Genesis-Technologies-LLC/artistevolve-fe/commit/fc182c1cbd90959524473eb62b2fc2f7654eecb2))
    * **tasks:** Pagination and Breadcrumb updated [EVO-1960] ([24c959f](https://github.com/Genesis-Technologies-LLC/artistevolve-fe/commit/24c959f9727d1565ed17baf3a691082ca45d15c0))
    * **tasks:** Pagination and Breadcrumb updated [EVO-1960] ([#49](https://github.com/Genesis-Technologies-LLC/artistevolve-fe/issues/49)) ([af6a62f](https://github.com/Genesis-Technologies-LLC/artistevolve-fe/commit/af6a62f60c961ef9bc1d2b51cde8bd66d8d33654))
    * **tasks:** Pagination in duedates, ui/ux enhancements [EVO-1960] ([40de66a](https://github.com/Genesis-Technologies-LLC/artistevolve-fe/commit/40de66a7085200f70dc8d8e70f82b8bd5e673a30))
    * **tasks:** Project API and task enhancements [EVO-1894] ([5bf42c4](https://github.com/Genesis-Technologies-LLC/artistevolve-fe/commit/5bf42c474ee5402621efad4b3005df4ebf950842))
    * timeline task view api implemented [EVO-1934] ([7a30a83](https://github.com/Genesis-Technologies-LLC/artistevolve-fe/commit/7a30a83b939157884aea0d7b5114785c54dfd8be))
    * today's task api integrated [EVO-1915] ([8de10fa](https://github.com/Genesis-Technologies-LLC/artistevolve-fe/commit/8de10fa0a30f00dfc5e135fef7112ba5decb8b0c))
    * top post performance filter by platform added ([b461f5c](https://github.com/Genesis-Technologies-LLC/artistevolve-fe/commit/b461f5c808088f860a3147564dd263f0ce0d1604))
    * Weekly view behaviour change to show current date to next 7 days ([3b56b6d](https://github.com/Genesis-Technologies-LLC/artistevolve-fe/commit/3b56b6d48a59540926ce59ca6df35ab2df009f30))
    * **workflow:** Deploy on tag [EVO-1782] ([fbcfbfc](https://github.com/Genesis-Technologies-LLC/artistevolve-fe/commit/fbcfbfc5b8518fd96c724844ee2c2e2a80d80385))

CHANGELOG.md

commit 0933f0c1c7fd4bc51400e711011bdc7eb73732db
Author:     Umesh Shrestha <stha.ums@gmail.com>
AuthorDate: 2025-09-18
Commit:     Umesh Shrestha <stha.ums@gmail.com>
CommitDate: 2025-09-18

    chore(ci): Add ref param on checkout [EVO-1782]

.github/workflows/release.yml
package-lock.json

commit 0e3cb6901c01f535e25a845c768bd95166c584b0
Author:     Rajib Shresth <rajibstha059@gmail.com>
AuthorDate: 2025-09-18
Commit:     Rajib Shresth <rajibstha059@gmail.com>
CommitDate: 2025-09-18

    refactor: Removed console log [EVO-1982]

lib/utils/routingHelper.ts

commit 9d7825bb383ad624bb53fd70f9fbc53891849802
Author:     semantic-release-bot <semantic-release-bot@martynus.net>
AuthorDate: 2025-09-18
Commit:     semantic-release-bot <semantic-release-bot@martynus.net>
CommitDate: 2025-09-18

    chore(release): 1.0.0-dev.18
    
    # [1.0.0-dev.18](https://github.com/Genesis-Technologies-LLC/artistevolve-fe/compare/v1.0.0-dev.17...v1.0.0-dev.18) (2025-09-18)
    
    ### Features
    
    * **cicd:** Staging Deployment [EVO-1952] ([ed3b20f](https://github.com/Genesis-Technologies-LLC/artistevolve-fe/commit/ed3b20ffeb8be05be3b536c0e2005ca2cedae86e))

CHANGELOG.md

commit ed3b20ffeb8be05be3b536c0e2005ca2cedae86e
Author:     Rajib Shrestha <33756765+Rajibshrestha59@users.noreply.github.com>
AuthorDate: 2025-09-18
Commit:     GitHub <noreply@github.com>
CommitDate: 2025-09-18

    feat(cicd): Staging Deployment [EVO-1952]

.github/workflows/stage.yml

commit e339d8609c3448bb7669627f05be671988e939e0
Author:     Umesh Shrestha <stha.ums@gmail.com>
AuthorDate: 2025-09-18
Commit:     Umesh Shrestha <stha.ums@gmail.com>
CommitDate: 2025-09-18

    chore(ci): Add ref param on checkout [EVO-1782]

.github/workflows/release.yml

commit 4c2972940b3fb48ac4f2c752f8dc592f0809df1e
Author:     Sanskar-Karki01 <sanskar.karki@inicreatechnologies.com>
AuthorDate: 2025-09-18
Commit:     GitHub <noreply@github.com>
CommitDate: 2025-09-18

    Feat UI: Chatbot, Dashboard, and Task Page (EVO 1986) (#63)
    
    * feat(chat): Implemented chat layout and initiated chat [EVO-1981]
    
    * refactor(chat): Refactored chat component and created hooks [EVO-1981]
    
    ---------
    
    Co-authored-by: Rajib Shresth <rajibstha059@gmail.com>

CHANGELOG.md
app/(dashboard)/dashboard/page.tsx
app/(dashboard)/layout.tsx
app/(dashboard)/social-streaming/page.tsx
app/artichat/layout.tsx
app/artichat/page.tsx
app/content-publish/content-studio/page.tsx
app/layout.tsx
components/ConditionalBackground.tsx
components/chatbot/ArtiChat.tsx
components/chatbot/FloatingTaskGenerator.tsx
components/chatbot/GlobalTaskGenerator.tsx
components/chatbot/components/ChatHistorySidebar.tsx
components/chatbot/components/ChatMessage.tsx
components/chatbot/components/EditableChatTitle.tsx
components/chatbot/components/EditableDate.tsx
components/chatbot/components/EditableText.tsx
components/chatbot/components/EmptyState.tsx
components/chatbot/components/MessageRenderer.tsx
components/chatbot/components/PriorityDropdown.tsx
components/chatbot/components/StatusDropdown.tsx
components/chatbot/components/SuggestionsList.tsx
components/chatbot/components/TaskItem.tsx
components/chatbot/components/TaskList.tsx
components/chatbot/components/TypingIndicator.tsx
components/chatbot/components/index.ts
components/chatbot/hooks/index.ts
components/chatbot/hooks/useChatActions.ts
components/chatbot/hooks/useChatState.ts
components/chatbot/index.ts
components/common/FollowersGrowthChart.tsx
components/icons/ArtiIcon.tsx
components/icons/CloseIcon.tsx
components/icons/HeaderArtiIcon.tsx
components/icons/SendIcon.tsx
components/icons/index.ts
components/notifications/NotificationPopover.tsx
components/svg/ArtiChartDarkSvg.tsx
components/tasks/DailyTimeline.tsx
components/tasks/TasksPage.tsx
components/ui/Pagination.tsx
components/ui/TypingAnimation.tsx
components/ui/TypingText.tsx
lib/api/aiApi.ts
lib/api/endpoints.ts
lib/api/index.ts
lib/hooks/useChatbot.ts
lib/hooks/useConversations.ts
package-lock.json
package.json
types/chatbot.ts

commit 35207e08585058430d064c81aebdaf0c6199200d
Author:     Rajib Shresth <rajibstha059@gmail.com>
AuthorDate: 2025-09-18
Commit:     Rajib Shresth <rajibstha059@gmail.com>
CommitDate: 2025-09-18

    feat(cicd): Staging Deployment [EVO-1952]

.github/workflows/stage.yml

commit 94ba7252d209414916456bde00395b5eac642346
Author:     semantic-release-bot <semantic-release-bot@martynus.net>
AuthorDate: 2025-09-17
Commit:     semantic-release-bot <semantic-release-bot@martynus.net>
CommitDate: 2025-09-17

    chore(release): 1.0.0-dev.17
    
    # [1.0.0-dev.17](https://github.com/Genesis-Technologies-LLC/artistevolve-fe/compare/v1.0.0-dev.16...v1.0.0-dev.17) (2025-09-17)
    
    ### Bug Fixes
    
    * **ui:** Fixed calendar all day UI [EVO-1980] ([320e993](https://github.com/Genesis-Technologies-LLC/artistevolve-fe/commit/320e993fc21d060066e86cd78f325fcca2934fdc))

CHANGELOG.md

commit 320e993fc21d060066e86cd78f325fcca2934fdc
Author:     Rajib Shrestha <33756765+Rajibshrestha59@users.noreply.github.com>
AuthorDate: 2025-09-17
Commit:     GitHub <noreply@github.com>
CommitDate: 2025-09-17

    fix(ui): Fixed calendar all day UI [EVO-1980]
    
    * fix(ui): Fixed calendar all day UI [EVO-1980]
    
    * fix(calendar): Multiple get api call issue resolved [EVO-1942]
    
    * fix(calendar): Event color bg added for event containers [EVO-1942]
    
    * fix(ui): Fixed calendar all day UI [EVO-1980]
    
    * fix(calendar): Create event modal post api and refetch [EVO-1942]
    
    * fix(calendar): Redundant get event list api [EVO-1942]
    
    * refactor(dashboard): Loader refactored in dashboard [EVO-1915]
    
    ---------
    
    Co-authored-by: Darshan Bajgain <darshan.bajgain@inicreatechnologies.com>

app/(dashboard)/calendar/page.tsx
app/(dashboard)/dashboard/page.tsx
components/common/CalendarEventPopover.tsx
components/common/CurrentProject.tsx
components/common/DayTimeline.tsx
components/common/EventCalendarSkeleton.tsx
components/common/MonthTimelineCalendar.tsx
components/common/WeekTimelineCalendar.tsx
components/styles/custom-calendar.css
lib/api/eventsApi.ts
lib/api/types.ts
lib/hooks/useEvents.ts
lib/hooks/useGoogleCalendarStatus.ts

commit b719143c0463705c625f6b2040e7f32e2cbc489d
Author:     semantic-release-bot <semantic-release-bot@martynus.net>
AuthorDate: 2025-09-16
Commit:     semantic-release-bot <semantic-release-bot@martynus.net>
CommitDate: 2025-09-16

    chore(release): 1.0.0-dev.16
    
    # [1.0.0-dev.16](https://github.com/Genesis-Technologies-LLC/artistevolve-fe/compare/v1.0.0-dev.15...v1.0.0-dev.16) (2025-09-16)
    
    ### Bug Fixes
    
    * **tasks:** Category,Tags api,Bulk action,ui enhance[EVO-1898] ([d9015dc](https://github.com/Genesis-Technologies-LLC/artistevolve-fe/commit/d9015dc7639cddfd73d12d1bc5fe677237b81105))

CHANGELOG.md

commit d9015dc7639cddfd73d12d1bc5fe677237b81105
Author:     sans <sanskar.karki@inicreatechnologies.com>
AuthorDate: 2025-09-16
Commit:     sans <sanskar.karki@inicreatechnologies.com>
CommitDate: 2025-09-16

    fix(tasks): Category,Tags api,Bulk action,ui enhance[EVO-1898]

components/common/CurrentProject.tsx
components/common/ProjectSkeleton.tsx
components/common/SearchableTagDropdown.tsx
components/common/SocialTasks.tsx
components/common/TaskGroup.tsx
components/common/TaskGroupDashboard.tsx
components/common/TaskSkeleton.tsx
components/common/Tasks.tsx
components/svg/DefaultBadge.tsx
components/tasks/CustomProjectForm.tsx
components/tasks/ProjectDetailsPopover.tsx
components/tasks/SuggestedProjectForm.tsx
components/tasks/TaskDetailsPopover.tsx
components/tasks/TasksPage.tsx
components/ui/Pagination.tsx
lib/api/endpoints.ts
lib/api/tasksApi.ts
lib/api/types.ts
lib/apollo/apolloClient.ts
lib/consts.ts
lib/hooks/useNotifications.ts
lib/utils/timelineDataTransform.ts

commit 23320f6e241ec8fb16c557b718c721da38c26f45
Author:     semantic-release-bot <semantic-release-bot@martynus.net>
AuthorDate: 2025-09-15
Commit:     semantic-release-bot <semantic-release-bot@martynus.net>
CommitDate: 2025-09-15

    chore(release): 1.0.0-dev.15
    
    # [1.0.0-dev.15](https://github.com/Genesis-Technologies-LLC/artistevolve-fe/compare/v1.0.0-dev.14...v1.0.0-dev.15) (2025-09-15)
    
    ### Bug Fixes
    
    * Updated deploy yml file [EVO-1976] ([983b7da](https://github.com/Genesis-Technologies-LLC/artistevolve-fe/commit/983b7da26d0bf0cb85903fc40fac8caf8ce6a330))

CHANGELOG.md

commit 983b7da26d0bf0cb85903fc40fac8caf8ce6a330
Author:     Rajib Shresth <rajibstha059@gmail.com>
AuthorDate: 2025-09-15
Commit:     Rajib Shresth <rajibstha059@gmail.com>
CommitDate: 2025-09-15

    fix: Updated deploy yml file [EVO-1976]

.github/workflows/deploy.yml

commit 88bef0c1c44d58d806ab2548323d6d95968001d1
Author:     semantic-release-bot <semantic-release-bot@martynus.net>
AuthorDate: 2025-09-15
Commit:     semantic-release-bot <semantic-release-bot@martynus.net>
CommitDate: 2025-09-15

    chore(release): 1.0.0-dev.14
    
    # [1.0.0-dev.14](https://github.com/Genesis-Technologies-LLC/artistevolve-fe/compare/v1.0.0-dev.13...v1.0.0-dev.14) (2025-09-15)
    
    ### Bug Fixes
    
    * **auth:** Updated the schema for profile on register [EVO-1973] ([ededa05](https://github.com/Genesis-Technologies-LLC/artistevolve-fe/commit/ededa0548f97b54563001aa415bc88ea1683e446))

CHANGELOG.md

commit ededa0548f97b54563001aa415bc88ea1683e446
Author:     Rajib Shrestha <33756765+Rajibshrestha59@users.noreply.github.com>
AuthorDate: 2025-09-15
Commit:     GitHub <noreply@github.com>
CommitDate: 2025-09-15

    fix(auth): Updated the schema for profile on register [EVO-1973]

app/auth/login/page.tsx
app/auth/signup/page.tsx
lib/api/authApi.ts

commit 13ebca96fd45c62602152dd413a5b191d53e139c
Author:     darshanbajgain-sys <darshan.bajgain@inicreatechnologies.com>
AuthorDate: 2025-09-15
Commit:     GitHub <noreply@github.com>
CommitDate: 2025-09-15

    Feat/calendar (#59)
    
    * feat(timeline): Add resize API patch and fix UI flicker [EVO-1934]
    
    * fix(dashboard): Skeleton color [EVO-1915]
    
    * feat(timeline): Day to day timeline chart data implemented [EVO-1934]
    
    * chore: Dashboard cards and day timline  [EVO-1934]
    
    * fix(calendar): Google calendar integration apis [EVO-1428]
    
    * fix(calendar): Google calendar sync pop up [EVO-1428]
    
    * fix(calendar): Sync calendar selection pop style [EVO-1942]
    
    * refactor(timeline): Day to day timeline chart  [EVO-1934]
    
    * refactor(calendar): Payload added for calendar api  [EVO-1942]
    
    * refactor(calendar): Calendar header redesigned  [EVO-1972]
    
    * feat(calendar): Events list added to the list tab  [EVO-1972]
    
    * feat(calendar): Events list added filters added  [EVO-1972]
    
    * refactor(calendar): Google calendar Event lists rendered [EVO-1942]
    
    * fix(timeline): Timeline refetch sloved  [EVO-1934]
    
    * fix(calendar): Google calendar events  pop up rendering [EVO-1942]
    
    * chore: Updated timeout on axiosInstance [EVO-1973]
    
    ---------
    
    Co-authored-by: Rajib Shrestha <33756765+Rajibshrestha59@users.noreply.github.com>

CHANGELOG.md
app/(dashboard)/calendar/page.tsx
components/common/CalendarEventPopover.tsx
components/common/DaytodayTimeline.tsx
components/common/GoogleCalendarSelectionModal.tsx
components/common/MonthTimelineCalendar.tsx
components/common/ProjectSkeleton.tsx
components/common/TaskGroup.tsx
components/common/TaskItemSkeletonLoader.tsx
components/common/TaskSkeleton.tsx
components/common/TasksListPresenter.tsx
components/common/WeekTimelineCalendar.tsx
components/tasks/TasksPage.tsx
lib/api/endpoints.ts
lib/hooks/useProjects.ts
lib/hooks/useTasks.ts
package-lock.json
types/google-calendar.ts

commit 78f49f2a16328878d68a5501cbc710dc8ca162f3
Author:     semantic-release-bot <semantic-release-bot@martynus.net>
AuthorDate: 2025-09-15
Commit:     semantic-release-bot <semantic-release-bot@martynus.net>
CommitDate: 2025-09-15

    chore(release): 1.0.0-dev.13
    
    # [1.0.0-dev.13](https://github.com/Genesis-Technologies-LLC/artistevolve-fe/compare/v1.0.0-dev.12...v1.0.0-dev.13) (2025-09-15)
    
    ### Bug Fixes
    
    * **yml:** Enhance Slack notification [EVO-1973] ([1e0baa1](https://github.com/Genesis-Technologies-LLC/artistevolve-fe/commit/1e0baa1cb229d3012df2374381c37f3e1a4661e0))

CHANGELOG.md

commit c792d84257af0aaa59060902a5c4278ec392565a
Author:     Rajib Shresth <rajibstha059@gmail.com>
AuthorDate: 2025-09-15
Commit:     Rajib Shresth <rajibstha059@gmail.com>
CommitDate: 2025-09-15

    chore: Removed console.log [EVO-1973]

app/social/instagram/callback/page.tsx

commit 1e0baa1cb229d3012df2374381c37f3e1a4661e0
Author:     Rajib Shresth <rajibstha059@gmail.com>
AuthorDate: 2025-09-15
Commit:     Rajib Shresth <rajibstha059@gmail.com>
CommitDate: 2025-09-15

    fix(yml): Enhance Slack notification [EVO-1973]

.github/workflows/deploy.yml
.gitignore
package-lock.json

commit d14088a7e404a96486d001befc7a00f8630b0d51
Author:     Rajib Shrestha <33756765+Rajibshrestha59@users.noreply.github.com>
AuthorDate: 2025-09-15
Commit:     GitHub <noreply@github.com>
CommitDate: 2025-09-15

    Delete package-lock.json

package-lock.json

commit 85fc01ad69fa140e7a1b6c942663dd5ab43568c8
Author:     semantic-release-bot <semantic-release-bot@martynus.net>
AuthorDate: 2025-09-15
Commit:     semantic-release-bot <semantic-release-bot@martynus.net>
CommitDate: 2025-09-15

    chore(release): 1.0.0-dev.12
    
    # [1.0.0-dev.12](https://github.com/Genesis-Technologies-LLC/artistevolve-fe/compare/v1.0.0-dev.11...v1.0.0-dev.12) (2025-09-15)
    
    ### Features
    
    * **noti:** Migrated notification, buzz updated [EVO-1971] ([4c94e9d](https://github.com/Genesis-Technologies-LLC/artistevolve-fe/commit/4c94e9d34ddd6f87afbfd700cd7168e993c65cf8))

CHANGELOG.md

commit 4c94e9d34ddd6f87afbfd700cd7168e993c65cf8
Author:     Rajib Shrestha <33756765+Rajibshrestha59@users.noreply.github.com>
AuthorDate: 2025-09-15
Commit:     GitHub <noreply@github.com>
CommitDate: 2025-09-15

    feat(noti): Migrated notification, buzz updated [EVO-1971]

app/(dashboard)/layout.tsx
app/auth/login/page.tsx
assets/lottie/confetti.json
components/buzz-factory/BuzzFactory.tsx
components/buzz-factory/Level1/Level1Content.tsx
components/buzz-factory/Level2/Level2Content.tsx
components/buzz-factory/Level3/Level3Content.tsx
components/buzz-factory/QuestionnaireModal.tsx
components/buzz-factory/onboarding/BuzzFactoryOnboarding.tsx
components/notifications/NotificationTester.tsx
components/notifications/NotificationWrapper.tsx
components/notifications/PushNotification.tsx
components/notifications/index.ts
components/ui/HashtagsInput.tsx
lib/api/authApi.ts
lib/api/axiosInstance.ts
lib/api/buzzFactoryApi.ts
lib/api/types.ts
lib/apollo/apolloClient.ts
lib/contexts/ToastContext.tsx
lib/hooks/mutations/useAuthMutations.ts
lib/hooks/useNotifications.ts
lib/hooks/useQuestionnaires.ts
lib/index.ts
lib/providers/ApolloProvider.tsx
lib/providers/Providers.tsx
lib/utils/errorUtils.ts
lib/utils/globalToast.ts
lib/utils/notificationUtils.ts
package-lock.json
package.json

commit 8d7387bc19adbd1ffdde3bef0384261ac3a5f413
Author:     semantic-release-bot <semantic-release-bot@martynus.net>
AuthorDate: 2025-09-14
Commit:     semantic-release-bot <semantic-release-bot@martynus.net>
CommitDate: 2025-09-14

    chore(release): 1.0.0-dev.11
    
    # [1.0.0-dev.11](https://github.com/Genesis-Technologies-LLC/artistevolve-fe/compare/v1.0.0-dev.10...v1.0.0-dev.11) (2025-09-14)
    
    ### Bug Fixes
    
    * **env:** Added posthog key on .env [EVO-1962] ([1db0dd7](https://github.com/Genesis-Technologies-LLC/artistevolve-fe/commit/1db0dd7542ad582747d7bbe7cc5853bc7deec265))

CHANGELOG.md

commit 1db0dd7542ad582747d7bbe7cc5853bc7deec265
Author:     Umesh Shrestha <stha.ums@gmail.com>
AuthorDate: 2025-09-15
Commit:     Umesh Shrestha <stha.ums@gmail.com>
CommitDate: 2025-09-15

    fix(env): Added posthog key on .env [EVO-1962]

.github/workflows/deploy.yml

commit 160f13dc8406704a6df3311361dc3db3c4fa9572
Author:     Umesh Shrestha <umesh@inicreatechnologies.com>
AuthorDate: 2025-09-15
Commit:     GitHub <noreply@github.com>
CommitDate: 2025-09-15

    docs(posthog): Posthog Setup Guide [EVO-1962] (#57)
    
    Co-authored-by: Umesh Shrestha <stha.ums@gmail.com>

.cursor/rules/posthog-integration.mdc
app/(dashboard)/dashboard/page.tsx
app/auth/google/callback/page.tsx
app/auth/login/page.tsx
app/auth/otp/page.tsx
app/auth/page.tsx
app/auth/signup/page.tsx
docs/PostHog-Analytics-Implementation.md
instrumentation-client.ts
lib/analytics/analytics-manager.ts
lib/analytics/hooks/useAnalytics.ts
lib/analytics/hooks/usePageTracking.ts
lib/analytics/index.ts
lib/analytics/posthog-client.ts
lib/analytics/trackers/base-tracker.ts
lib/analytics/trackers/content-tracker.ts
lib/analytics/trackers/error-tracker.ts
lib/analytics/trackers/gamification-tracker.ts
lib/analytics/trackers/interaction-tracker.ts
lib/analytics/trackers/navigation-tracker.ts
lib/analytics/trackers/performance-tracker.ts
lib/analytics/trackers/social-media-tracker.ts
lib/analytics/trackers/task-project-tracker.ts
lib/analytics/trackers/user-engagement-tracker.ts
lib/analytics/types.ts
lib/hooks/mutations/useAuthMutations.ts
lib/useAuth.ts
next.config.ts
package-lock.json
package.json

commit 9a8e87dac64180fad3a35c5800d7236a8215bc25
Author:     semantic-release-bot <semantic-release-bot@martynus.net>
AuthorDate: 2025-09-14
Commit:     semantic-release-bot <semantic-release-bot@martynus.net>
CommitDate: 2025-09-14

    chore(release): 1.0.0-dev.10
    
    # [1.0.0-dev.10](https://github.com/Genesis-Technologies-LLC/artistevolve-fe/compare/v1.0.0-dev.9...v1.0.0-dev.10) (2025-09-14)
    
    ### Bug Fixes
    
    * **calendar:** Add date validation utility [EVO-1944] ([5eef4cf](https://github.com/Genesis-Technologies-LLC/artistevolve-fe/commit/5eef4cfe1cbeeee3a4ad9e624ee34c1cd9bb515b))

CHANGELOG.md

commit 5eef4cfe1cbeeee3a4ad9e624ee34c1cd9bb515b
Author:     Rajib Shresth <rajibstha059@gmail.com>
AuthorDate: 2025-09-14
Commit:     Rajib Shresth <rajibstha059@gmail.com>
CommitDate: 2025-09-14

    fix(calendar): Add date validation utility [EVO-1944]

app/(dashboard)/calendar/page.tsx
app/(dashboard)/calendar/settings/page.tsx
app/(dashboard)/dashboard/page.tsx
lib/utils/dateUtils.ts

commit c0bbd4f75822f460d4219aa09db99ce2e54657d7
Author:     semantic-release-bot <semantic-release-bot@martynus.net>
AuthorDate: 2025-09-14
Commit:     semantic-release-bot <semantic-release-bot@martynus.net>
CommitDate: 2025-09-14

    chore(release): 1.0.0-dev.9
    
    # [1.0.0-dev.9](https://github.com/Genesis-Technologies-LLC/artistevolve-fe/compare/v1.0.0-dev.8...v1.0.0-dev.9) (2025-09-14)
    
    ### Bug Fixes
    
    * **ui:** Profile dropdown menu items click handling [EVO-1968] ([ecd1dcc](https://github.com/Genesis-Technologies-LLC/artistevolve-fe/commit/ecd1dcc23ebfe6f699f68c3baa9501e314ab315d))

CHANGELOG.md

commit ecd1dcc23ebfe6f699f68c3baa9501e314ab315d
Author:     Jacob Stallings <jacobcstallings@icloud.com>
AuthorDate: 2025-09-14
Commit:     GitHub <noreply@github.com>
CommitDate: 2025-09-14

    fix(ui): Profile dropdown menu items click handling [EVO-1968]

components/common/Dropdown-menu.tsx

commit d3cb18be9517fa8143f59a3e6c63a38ed5e8703e
Author:     semantic-release-bot <semantic-release-bot@martynus.net>
AuthorDate: 2025-09-14
Commit:     semantic-release-bot <semantic-release-bot@martynus.net>
CommitDate: 2025-09-14

    chore(release): 1.0.0-dev.8
    
    # [1.0.0-dev.8](https://github.com/Genesis-Technologies-LLC/artistevolve-fe/compare/v1.0.0-dev.7...v1.0.0-dev.8) (2025-09-14)
    
    ### Bug Fixes
    
    * **calendar:** Sync calendar selection pop style [EVO-1942] ([679f917](https://github.com/Genesis-Technologies-LLC/artistevolve-fe/commit/679f91755cb1e49785fb6b4d4dfe7c2b63e84d6a))

CHANGELOG.md

commit 679f91755cb1e49785fb6b4d4dfe7c2b63e84d6a
Author:     darshanbajgain-sys <darshan.bajgain@inicreatechnologies.com>
AuthorDate: 2025-09-14
Commit:     GitHub <noreply@github.com>
CommitDate: 2025-09-14

    fix(calendar): Sync calendar selection pop style [EVO-1942]
    
    * feat(timeline): Add resize API patch and fix UI flicker [EVO-1934]
    
    * fix(dashboard): Skeleton color [EVO-1915]
    
    * feat(timeline): Day to day timeline chart data implemented [EVO-1934]
    
    * chore: Dashboard cards and day timline  [EVO-1934]
    
    * fix(calendar): Google calendar integration apis [EVO-1428]
    
    * fix(calendar): Google calendar sync pop up [EVO-1428]
    
    * fix(calendar): Sync calendar selection pop style [EVO-1942]

CHANGELOG.md
app/(dashboard)/calendar/page.tsx
components/common/DaytodayTimeline.tsx
components/common/GoogleCalendarSelectionModal.tsx
components/common/ProjectSkeleton.tsx
components/common/WeekTimelineCalendar.tsx
components/common/components/MetricCard.tsx
components/tasks/TasksPage.tsx
lib/api/endpoints.ts
lib/hooks/useGoogleCalendarStatus.ts
lib/utils.ts
lib/utils/index.ts
lib/utils/urlUtils.ts

commit 735667c9f4531c9ad52dca17b1cb8ec5fc38c10a
Author:     semantic-release-bot <semantic-release-bot@martynus.net>
AuthorDate: 2025-09-12
Commit:     semantic-release-bot <semantic-release-bot@martynus.net>
CommitDate: 2025-09-12

    chore(release): 1.0.0-dev.7
    
    # [1.0.0-dev.7](https://github.com/Genesis-Technologies-LLC/artistevolve-fe/compare/v1.0.0-dev.6...v1.0.0-dev.7) (2025-09-12)
    
    ### Bug Fixes
    
    * Removed console log [EVO-1960] ([ad4d6e6](https://github.com/Genesis-Technologies-LLC/artistevolve-fe/commit/ad4d6e6facffd06bc28dda26fb4fea16d317a83e))
    
    ### Features
    
    * **tasks:** Pagination and Breadcrumb updated [EVO-1960] ([24c959f](https://github.com/Genesis-Technologies-LLC/artistevolve-fe/commit/24c959f9727d1565ed17baf3a691082ca45d15c0))
    * **tasks:** Pagination in duedates, ui/ux enhancements [EVO-1960] ([40de66a](https://github.com/Genesis-Technologies-LLC/artistevolve-fe/commit/40de66a7085200f70dc8d8e70f82b8bd5e673a30))

CHANGELOG.md

commit ad4d6e6facffd06bc28dda26fb4fea16d317a83e
Author:     Rajib Shresth <rajibstha059@gmail.com>
AuthorDate: 2025-09-12
Commit:     Rajib Shresth <rajibstha059@gmail.com>
CommitDate: 2025-09-12

    fix: Removed console log [EVO-1960]

app/content-publish/content-studio/page.tsx

commit daee6a7a8b6fcd42aa84215d6fbb826b90afc43e
Author:     semantic-release-bot <semantic-release-bot@martynus.net>
AuthorDate: 2025-09-12
Commit:     semantic-release-bot <semantic-release-bot@martynus.net>
CommitDate: 2025-09-12

    chore(release): 1.0.0-dev.6
    
    # [1.0.0-dev.6](https://github.com/Genesis-Technologies-LLC/artistevolve-fe/compare/v1.0.0-dev.5...v1.0.0-dev.6) (2025-09-12)
    
    ### Bug Fixes
    
    * Resolve conflicts in gitignore and remove console log [EVO-1943] ([#52](https://github.com/Genesis-Technologies-LLC/artistevolve-fe/issues/52)) ([bfde9b0](https://github.com/Genesis-Technologies-LLC/artistevolve-fe/commit/bfde9b0182a8bd8439cd2a817bfc025de563efe6))
    * Resolve conflicts in gitignore and removelog [EVO-1943] ([#53](https://github.com/Genesis-Technologies-LLC/artistevolve-fe/issues/53)) ([1ab3281](https://github.com/Genesis-Technologies-LLC/artistevolve-fe/commit/1ab3281258c6cc6798f3ffed1896d55b4f978a2d))

CHANGELOG.md

commit 1ab3281258c6cc6798f3ffed1896d55b4f978a2d
Author:     Rajib Shrestha <33756765+Rajibshrestha59@users.noreply.github.com>
AuthorDate: 2025-09-12
Commit:     GitHub <noreply@github.com>
CommitDate: 2025-09-12

    fix: Resolve conflicts in gitignore and removelog [EVO-1943] (#53)
    
    * fix: Resolve conflicts in gitignore and remove log [EVO-1943]
    
    * fix: Resolve conflicts in gitignore and removelog [EVO-1943]

app/content-publish/content-studio/page.tsx

commit bfde9b0182a8bd8439cd2a817bfc025de563efe6
Author:     Rajib Shrestha <33756765+Rajibshrestha59@users.noreply.github.com>
AuthorDate: 2025-09-12
Commit:     GitHub <noreply@github.com>
CommitDate: 2025-09-12

    fix: Resolve conflicts in gitignore and remove console log [EVO-1943] (#52)

.gitignore
app/(dashboard)/settings/edit-profile/page.tsx

commit 26329553de2583db3eda9d2a16fa911454f88027
Author:     darshanbajgain-sys <darshan.bajgain@inicreatechnologies.com>
AuthorDate: 2025-09-12
Commit:     GitHub <noreply@github.com>
CommitDate: 2025-09-12

    Feat/timeline clean (#51)
    
    * feat(tasks): Pagination and Breadcrumb updated [EVO-1960]
    
    * feat(timeline): Add resize API patch and fix UI flicker [EVO-1934]
    
    * fix(dashboard): Skeleton color [EVO-1915]
    
    ---------
    
    Co-authored-by: sans <sanskar.karki@inicreatechnologies.com>
    Co-authored-by: Rajib Shrestha <33756765+Rajibshrestha59@users.noreply.github.com>

components/common/ProjectSkeleton.tsx
components/common/TimelineChart.tsx
components/tasks/TasksPage.tsx
lib/api/tasksApi.ts
lib/api/types.ts
lib/hooks/useProjects.ts
lib/utils/timelineDataTransform.ts

commit bcda740d047f5c6b9a47f85d8bff0012607f8e76
Author:     semantic-release-bot <semantic-release-bot@martynus.net>
AuthorDate: 2025-09-12
Commit:     semantic-release-bot <semantic-release-bot@martynus.net>
CommitDate: 2025-09-12

    chore(release): 1.0.0-dev.5
    
    # [1.0.0-dev.5](https://github.com/Genesis-Technologies-LLC/artistevolve-fe/compare/v1.0.0-dev.4...v1.0.0-dev.5) (2025-09-12)
    
    ### Features
    
    * **tasks:** Pagination and Breadcrumb updated [EVO-1960] ([#49](https://github.com/Genesis-Technologies-LLC/artistevolve-fe/issues/49)) ([af6a62f](https://github.com/Genesis-Technologies-LLC/artistevolve-fe/commit/af6a62f60c961ef9bc1d2b51cde8bd66d8d33654))

CHANGELOG.md

commit af6a62f60c961ef9bc1d2b51cde8bd66d8d33654
Author:     Sanskar-Karki01 <sanskar.karki@inicreatechnologies.com>
AuthorDate: 2025-09-12
Commit:     GitHub <noreply@github.com>
CommitDate: 2025-09-12

    feat(tasks): Pagination and Breadcrumb updated [EVO-1960] (#49)

components/tasks/TasksPage.tsx
components/ui/Pagination.tsx
components/ui/Select.tsx
components/ui/TopNav.tsx
lib/api/types.ts
lib/hooks/useNavigation.ts
lib/hooks/useTasks.ts
package-lock.json

commit 5da78b92cd32a8f01c917262183c9ee3330e8e19
Author:     semantic-release-bot <semantic-release-bot@martynus.net>
AuthorDate: 2025-09-11
Commit:     semantic-release-bot <semantic-release-bot@martynus.net>
CommitDate: 2025-09-11

    chore(release): 1.0.0-dev.4
    
    # [1.0.0-dev.4](https://github.com/Genesis-Technologies-LLC/artistevolve-fe/compare/v1.0.0-dev.3...v1.0.0-dev.4) (2025-09-11)
    
    ### Features
    
    * **workflow:** Deploy on tag [EVO-1782] ([fbcfbfc](https://github.com/Genesis-Technologies-LLC/artistevolve-fe/commit/fbcfbfc5b8518fd96c724844ee2c2e2a80d80385))

CHANGELOG.md

commit fbcfbfc5b8518fd96c724844ee2c2e2a80d80385
Author:     Umesh Shrestha <stha.ums@gmail.com>
AuthorDate: 2025-09-12
Commit:     Umesh Shrestha <stha.ums@gmail.com>
CommitDate: 2025-09-12

    feat(workflow): Deploy on tag [EVO-1782]

.github/workflows/deploy.yml

commit 24c959f9727d1565ed17baf3a691082ca45d15c0
Author:     sans <sanskar.karki@inicreatechnologies.com>
AuthorDate: 2025-09-11
Commit:     sans <sanskar.karki@inicreatechnologies.com>
CommitDate: 2025-09-11

    feat(tasks): Pagination and Breadcrumb updated [EVO-1960]

components/tasks/TasksPage.tsx
components/ui/Pagination.tsx
components/ui/Select.tsx
components/ui/TopNav.tsx
lib/api/types.ts
lib/hooks/useNavigation.ts
lib/hooks/useTasks.ts
package-lock.json

commit 27ef9842e2916566ad7f13ed7b072aeb0d709cc6
Author:     Sanskar-Karki01 <sanskar.karki@inicreatechnologies.com>
AuthorDate: 2025-09-11
Commit:     GitHub <noreply@github.com>
CommitDate: 2025-09-11

    feat (tasks): Project & Task UI and API Integrations [EVO-1894] (#40)
    
    * feat (tasks) : Project & Task Detail Enhancements and API Integrations[ EVO - 1894 ]
    
    * merge: Merge conflict resolved
    
    * refactor(tasks): Removed unnecessary consolelog [EVO-1894]

CHANGELOG.md
app/(dashboard)/calendar/page.tsx
app/(dashboard)/dashboard/page.tsx
app/cloud-storage/dropbox/callback/page.tsx
app/cloud-storage/google/callback/page.tsx
app/content-publish/campaign/page.tsx
components/buzz-factory/Level1/Level1Content.tsx
components/common/SocialTasks.tsx
components/common/TaskGroup.tsx
components/common/Tasks.tsx
components/notifications/NotificationButton.tsx
components/notifications/NotificationPopover.tsx
components/tasks/CreateEvent.tsx
components/tasks/CreateProject.tsx
components/tasks/CustomProjectForm.tsx
components/tasks/ProjectDetailsPopover.tsx
components/tasks/SuggestedProjectForm.tsx
components/tasks/TaskDetailsPopover.tsx
components/tasks/TasksPage.tsx
components/ui/Pagination.tsx
lib/api/endpoints.ts
lib/api/googlePlacesApi.ts
lib/api/tagsApi.ts
lib/api/tasksApi.ts
lib/api/types.ts
lib/consts.ts
lib/hooks/useDueDateTasks.ts
lib/hooks/useEventTags.ts
lib/hooks/useEvents.ts
lib/hooks/useGooglePlaces.ts
lib/hooks/useProjects.ts
lib/hooks/useTasks.ts
yarn.lock

commit 029808acfe4bee6e74b4eaf56c00fa6a92865b92
Author:     Rajib Shresth <rajibstha059@gmail.com>
AuthorDate: 2025-09-10
Commit:     Rajib Shresth <rajibstha059@gmail.com>
CommitDate: 2025-09-10

    chore: Update deploy.yml file [EVO-1943]

.github/workflows/deploy.yml

commit b5473f4d477fb7083ec69cc98299ef27dd847826
Author:     Rajib Shresth <rajibstha059@gmail.com>
AuthorDate: 2025-09-10
Commit:     Rajib Shresth <rajibstha059@gmail.com>
CommitDate: 2025-09-10

    chore: Update Next.js configuration for static export  [EVO-1943]

.github/workflows/deploy.yml
app/content-publish/campaign/[name]/CampaignDetailClient.tsx
app/content-publish/campaign/[name]/page.tsx
lib/hooks/useNavigation.ts
next.config.ts
tsconfig.json
yarn.lock

commit ffdf4d9b27ff4a78829a7ca7d5ead5b5849d6701
Author:     Rajib Shresth <rajibstha059@gmail.com>
AuthorDate: 2025-09-10
Commit:     Rajib Shresth <rajibstha059@gmail.com>
CommitDate: 2025-09-10

    chore: Added cicd setup for develop environment [EVO-1943]

.github/workflows/deploy.yml

commit f501d7e237833e6eca7d15ee6a1952ceb51c017d
Author:     semantic-release-bot <semantic-release-bot@martynus.net>
AuthorDate: 2025-09-10
Commit:     semantic-release-bot <semantic-release-bot@martynus.net>
CommitDate: 2025-09-10

    chore(release): 1.0.0-dev.3
    
    # [1.0.0-dev.3](https://github.com/Genesis-Technologies-LLC/artistevolve-fe/compare/v1.0.0-dev.2...v1.0.0-dev.3) (2025-09-10)
    
    ### Bug Fixes
    
    * Timelinechart scale(1.) error & display tasks with dueDate [EVO-1934] ([aa3a769](https://github.com/Genesis-Technologies-LLC/artistevolve-fe/commit/aa3a7691ac56033b6bfff0ad6b1cd8ac2a89a26a))
    
    ### Features
    
    * Add project timeline bar to timeline chart [EVO-1934] ([1192169](https://github.com/Genesis-Technologies-LLC/artistevolve-fe/commit/1192169610b7268f0e17f7648e96acc85a7d1174))
    * implemented dynamic month/day at first index of the chart [EVO-1934] ([713c61a](https://github.com/Genesis-Technologies-LLC/artistevolve-fe/commit/713c61a9f6ca69c8dafd1b9d2875785dc5fcf23d))
    * taskbar update api after extension [EVO-1934] ([fc182c1](https://github.com/Genesis-Technologies-LLC/artistevolve-fe/commit/fc182c1cbd90959524473eb62b2fc2f7654eecb2))

CHANGELOG.md

commit 942c6b6bc3bb90d54b182c082b841ee3905df61b
Author:     Rajib Shrestha <33756765+Rajibshrestha59@users.noreply.github.com>
AuthorDate: 2025-09-10
Commit:     GitHub <noreply@github.com>
CommitDate: 2025-09-10

    Revert "Feat/timeline: Timeline tasks/project time-bar data implementation and enhancements"

.vscode/settings.json
components/common/DaytodayTimeline.tsx
components/common/TimelineChart.tsx
components/tasks/TasksPage.tsx
lib/utils/timelineDataTransform.ts

commit bc95405c6d0a5db8a9862494af209eac2a26645f
Author:     semantic-release-bot <semantic-release-bot@martynus.net>
AuthorDate: 2025-09-10
Commit:     semantic-release-bot <semantic-release-bot@martynus.net>
CommitDate: 2025-09-10

    chore(release): 1.0.0-dev.2
    
    # [1.0.0-dev.2](https://github.com/Genesis-Technologies-LLC/artistevolve-fe/compare/v1.0.0-dev.1...v1.0.0-dev.2) (2025-09-10)
    
    ### Features
    
    * **instagram:** instagram implemetation made ([3c9fc4c](https://github.com/Genesis-Technologies-LLC/artistevolve-fe/commit/3c9fc4c00e020e5c64280a74b8a959845807b4f3))
    * **instagram:** instagram integrartion with overview api ([a827a92](https://github.com/Genesis-Technologies-LLC/artistevolve-fe/commit/a827a921ffc768f5e88d599de5e9cd307464467b))
    * **instagram:** instagram integrartion with overview api ([745b187](https://github.com/Genesis-Technologies-LLC/artistevolve-fe/commit/745b18747a47364bce5c0bd5b21fbfa1f6949332))
    * **instagram:** Instagram integrartion with overview api ([f56efc1](https://github.com/Genesis-Technologies-LLC/artistevolve-fe/commit/f56efc1f6f52e6cf0b556de73b8ddfddb5491e23))

CHANGELOG.md

commit f56efc1f6f52e6cf0b556de73b8ddfddb5491e23
Author:     Rajib Shresth <rajibstha059@gmail.com>
AuthorDate: 2025-09-10
Commit:     Rajib Shresth <rajibstha059@gmail.com>
CommitDate: 2025-09-10

    feat(instagram): Instagram integrartion with overview api

lib/utils/authHelpers.ts

commit a827a921ffc768f5e88d599de5e9cd307464467b
Author:     Rajib Shresth <rajibstha059@gmail.com>
AuthorDate: 2025-09-10
Commit:     Rajib Shresth <rajibstha059@gmail.com>
CommitDate: 2025-09-10

    feat(instagram): instagram integrartion with overview api

components/social-streaming/ConnectionInterface.tsx
components/social-streaming/SinglePlatformConnection.tsx
components/social-streaming/SpotifyLinkModal.tsx
components/social-streaming/hooks/useSocialAnalytics.ts
components/social-streaming/hooks/useSocialConnection.ts
lib/hooks/useDropboxAuth.ts
lib/hooks/useSocial.ts

commit 745b18747a47364bce5c0bd5b21fbfa1f6949332
Author:     Rajib Shresth <rajibstha059@gmail.com>
AuthorDate: 2025-09-10
Commit:     Rajib Shresth <rajibstha059@gmail.com>
CommitDate: 2025-09-10

    feat(instagram): instagram integrartion with overview api

app/(dashboard)/social-streaming/page.tsx
components/common/components/LocationList.tsx
components/common/components/TopContentTable.tsx
components/social-streaming/AnalyticsSection.tsx
components/social-streaming/ErrorBoundary.tsx
components/social-streaming/LazyWrapper.tsx
components/social-streaming/hooks/useComponentPreloader.ts
components/social-streaming/hooks/useSkeletonVariant.ts
components/social-streaming/hooks/useSocialAnalytics.ts
components/social-streaming/hooks/useSocialAnalyticsApi.ts
components/social-streaming/index.ts
components/social-streaming/skeletons/AnalyticsSectionSkeleton.tsx
components/social-streaming/skeletons/ConnectionInterfaceSkeleton.tsx
components/social-streaming/skeletons/MainLoadingSkeleton.tsx
components/social-streaming/skeletons/SinglePlatformConnectionSkeleton.tsx
lib/api/axiosInstance.ts
lib/api/socialAnalytics.ts

commit 2fe97eeff4ca828819e8bf2f3edd13ab9e760255
Author:     semantic-release-bot <semantic-release-bot@martynus.net>
AuthorDate: 2025-09-10
Commit:     semantic-release-bot <semantic-release-bot@martynus.net>
CommitDate: 2025-09-10

    chore(release): 1.0.0-dev.1
    
    # 1.0.0-dev.1 (2025-09-10)
    
    ### Bug Fixes
    
    * asset library model content refetch logic implemented after uploading asset ([2e9ab7a](https://github.com/Genesis-Technologies-LLC/artistevolve-fe/commit/2e9ab7adf3fef71a9d8a9f72f0b121160e7ff6fd))
    * build issue and removed console.log ([8899334](https://github.com/Genesis-Technologies-LLC/artistevolve-fe/commit/8899334e3d62921589b419287afff4ce7b2cfef4))
    * build issue fixed ([5fa1961](https://github.com/Genesis-Technologies-LLC/artistevolve-fe/commit/5fa196146118bf6fd0e31043a4e4d8c54daa5647))
    * **build issue:** refetch assets caused failed issue ([bc5ca3d](https://github.com/Genesis-Technologies-LLC/artistevolve-fe/commit/bc5ca3dfe84a5a757c00c3f4e725852738e998c6))
    * calendar key warning issues fixed in the content creation form ([3312339](https://github.com/Genesis-Technologies-LLC/artistevolve-fe/commit/3312339c704a2a2c7facf0e8605e7d2973a5b39c))
    * content create page ui issues solved ([7846379](https://github.com/Genesis-Technologies-LLC/artistevolve-fe/commit/784637930dc8c6caee83b0dbc3ab8d97a581772f))
    * convert to draft logic added in the schedule post handler ([e4e27b3](https://github.com/Genesis-Technologies-LLC/artistevolve-fe/commit/e4e27b383be6bb3d85ac463b08b96dbfa2d9f6cb))
    * display actual image in the month view calendar hover tooltip & fixed event bubbling conflict  on show more event button againt calendar cell content modal  open handle event ([93fee65](https://github.com/Genesis-Technologies-LLC/artistevolve-fe/commit/93fee6547cb3787533e695ce0147f6413b8515f6))
    * eslint errors and build errors ([#16](https://github.com/Genesis-Technologies-LLC/artistevolve-fe/issues/16)) ([875dd38](https://github.com/Genesis-Technologies-LLC/artistevolve-fe/commit/875dd38948c6b3e55bbd3363dc7af8bbfb461e3c))
    * google drive flow update ([b27fc0a](https://github.com/Genesis-Technologies-LLC/artistevolve-fe/commit/b27fc0a26f6db128004965c211771d5a9d89c590))
    * **google sign in:** google sign in implementation done ([4901c5b](https://github.com/Genesis-Technologies-LLC/artistevolve-fe/commit/4901c5bde2214c4b52df24ad2bf3a16be936ed24))
    * **google sign in:** google sign in implementation done ([05ea605](https://github.com/Genesis-Technologies-LLC/artistevolve-fe/commit/05ea605f31942ba7d7aeb0d50483af7d9c124f9c))
    * icon restyled for content tab list ([2e62cb7](https://github.com/Genesis-Technologies-LLC/artistevolve-fe/commit/2e62cb71f9bac1f0fd406fefe8085507e1775dd0))
    * icon size for the event detail modal adjusted, and event bubbling prevented on clicking event badge ([0ba71dd](https://github.com/Genesis-Technologies-LLC/artistevolve-fe/commit/0ba71dd72029bc65299a5996c98d64106bf4ea54))
    * invalidate date ui updated for drag event and cursor grab pointer added for assets item ([cc06575](https://github.com/Genesis-Technologies-LLC/artistevolve-fe/commit/cc065758c6d8cde4436610aa1f956c927d31087b))
    * limit changed to 10 in the useScheduledposts hook ([1f2cccc](https://github.com/Genesis-Technologies-LLC/artistevolve-fe/commit/1f2cccc6292cb20906fbdd9aad1ad7be6cb9e784))
    * media modal library full screen height ([0b4494a](https://github.com/Genesis-Technologies-LLC/artistevolve-fe/commit/0b4494ae3c76c3afba1b3bca66387d66cd98bceb))
    * media modal library full screen heigth set to 100vh ([a6d3d87](https://github.com/Genesis-Technologies-LLC/artistevolve-fe/commit/a6d3d87ac663a6bab75596b5a42bac5e81c4ef44))
    * media modal library full screen heigth set to 100vh ([247db13](https://github.com/Genesis-Technologies-LLC/artistevolve-fe/commit/247db1312d0e33f8630d326185375f2bf97e3efb))
    * media selection bug fixed on drag and open modal event for asset ([a85e3ac](https://github.com/Genesis-Technologies-LLC/artistevolve-fe/commit/a85e3ace43d218a7abcb13a61e992b592b466b67))
    * notifcation center build error fix ([755d3b9](https://github.com/Genesis-Technologies-LLC/artistevolve-fe/commit/755d3b9e43c85e653dd7cd35f25f1e0543b46318))
    * redirect uri fixes made on dropbox ([ef6573f](https://github.com/Genesis-Technologies-LLC/artistevolve-fe/commit/ef6573f7d56666a9efd7636a518fd697755a72f1))
    * sidebar disappearance on pop up fixed ([7ac01f9](https://github.com/Genesis-Technologies-LLC/artistevolve-fe/commit/7ac01f93b584a1788335f854d854f3fc52ce05b8))
    * social tasks  rendering issue fixed in content studio ([d88da63](https://github.com/Genesis-Technologies-LLC/artistevolve-fe/commit/d88da630d2f238bd2ad71c711dd4a8cfbf773eb0))
    * upload-asset-modal and cloudstorage repeated status calls issue ([dfea1ec](https://github.com/Genesis-Technologies-LLC/artistevolve-fe/commit/dfea1ec9c3352fd02fd32ac55061f6b11659bd69))
    
    ### Features
    
    *  debounced implemented on search input ([1d15c8a](https://github.com/Genesis-Technologies-LLC/artistevolve-fe/commit/1d15c8ab66aec5095cae8e6d4a7a7a99b66ed22b))
    * Add semantic release and commitlint configuration [EVO-1782] ([#42](https://github.com/Genesis-Technologies-LLC/artistevolve-fe/issues/42)) ([10b7947](https://github.com/Genesis-Technologies-LLC/artistevolve-fe/commit/10b79476d1531ff6f107008a108e93053d545079))
    * Added create campaign and individual routing for campaign name , filter modal ui ([fc8ba18](https://github.com/Genesis-Technologies-LLC/artistevolve-fe/commit/fc8ba1866c4e1828d3df66174aabc1cd33614578))
    * archived api integrated for the campaign filter table ([33d9112](https://github.com/Genesis-Technologies-LLC/artistevolve-fe/commit/33d911215e4404016974c954485b3eb64f29cfb1))
    * asset drag and drop to open create content modal pop up implemented ([b84832e](https://github.com/Genesis-Technologies-LLC/artistevolve-fe/commit/b84832eacb0598f249ba68a3ed3ccee6dadbbef2))
    * **buzz-factory:** buzzfactory design, onboarding added, questionaaries setup ([8929899](https://github.com/Genesis-Technologies-LLC/artistevolve-fe/commit/8929899b5def5e8b170f9f534bddeb0d9404173e))
    * campagin posts content filters api integrated and table ui enhanced ([0f06f9c](https://github.com/Genesis-Technologies-LLC/artistevolve-fe/commit/0f06f9c633c18cfae3e57381b232ae1496701d13))
    * campaign filter api implemented ([7e29e68](https://github.com/Genesis-Technologies-LLC/artistevolve-fe/commit/7e29e6890010b6a6b61b3ad848875168a2d09b70))
    * campaign post filter table scrollable for cut off content ([95b890a](https://github.com/Genesis-Technologies-LLC/artistevolve-fe/commit/95b890a1b4dff8350977db7bf9735f9ea185497d))
    * content create modal close with escape key and outside modal mouse click ([7ddf9ca](https://github.com/Genesis-Technologies-LLC/artistevolve-fe/commit/7ddf9cac2cb833e5cbafc1e1232065c14e26a06d))
    * Content creation modal open when user clicks on date cell ([138e812](https://github.com/Genesis-Technologies-LLC/artistevolve-fe/commit/138e812d375a76b97cb3e13051c1b4e24eef2468))
    * content details modal skeleton added and content details by post id api integrated ([83161a9](https://github.com/Genesis-Technologies-LLC/artistevolve-fe/commit/83161a93ecfcc56a2fbfc705cdf0ecbd41ba512c))
    * Content details model creation and data integration, icon size made consistent ([1ace301](https://github.com/Genesis-Technologies-LLC/artistevolve-fe/commit/1ace3016728e222a47c93d04615328f559439552))
    * content tab draft list made draggable to the calendar ([a384219](https://github.com/Genesis-Technologies-LLC/artistevolve-fe/commit/a38421973c56bed78222f50d8a93a2f0116038a1))
    * content tablist refresh on  draf or schedule ([26d4b9b](https://github.com/Genesis-Technologies-LLC/artistevolve-fe/commit/26d4b9b4a2682722d1a41b5b8abe383fcd31281e))
    * contentlist api integrated and list displayed in content tab ([abb96cc](https://github.com/Genesis-Technologies-LLC/artistevolve-fe/commit/abb96ccad7014d51e74f34d9d740bccb1553d068))
    * current projects api  [EVO-1915] ([d1472be](https://github.com/Genesis-Technologies-LLC/artistevolve-fe/commit/d1472be304fe2751bb0f9c7f765a5488afa24b37))
    * date filter added for top performance post ([21a4605](https://github.com/Genesis-Technologies-LLC/artistevolve-fe/commit/21a46059e291be8cf52ac12f2301bb9f0da58a98))
    * Delete campaignpost api integration in the campaign posts table ([4877dd6](https://github.com/Genesis-Technologies-LLC/artistevolve-fe/commit/4877dd61d268e6e40e774f89c1ea72a5f441a43a))
    * doc added for the drag to calendar implementation ([80d0666](https://github.com/Genesis-Technologies-LLC/artistevolve-fe/commit/80d0666c57a3770441732eaa5d9daae0c6b97729))
    * draft badges shown to content tab list ([ad33069](https://github.com/Genesis-Technologies-LLC/artistevolve-fe/commit/ad330698aa3e94ea7b4dbfab20d115ab3b4f9f8d))
    * draft position styled in content tab list images ([f4bf535](https://github.com/Genesis-Technologies-LLC/artistevolve-fe/commit/f4bf535e820ea726ca2fe15e8f09a614f88269cb))
    * draft to schedule conversion api intgerated ([7696e7d](https://github.com/Genesis-Technologies-LLC/artistevolve-fe/commit/7696e7d2cb61c1f710b8dc9e021c9e6d55c0db6c))
    * drag and drop date validation ([f735d1e](https://github.com/Genesis-Technologies-LLC/artistevolve-fe/commit/f735d1e309033fc8c702f388b14dae13b7cda047))
    * dropdown filter backdrop changed ([b2bb9c1](https://github.com/Genesis-Technologies-LLC/artistevolve-fe/commit/b2bb9c10c99678e4ede335ad931af4caf67df19d))
    * enhanced media selection to show files selected in the media upload form ([ed1f3ad](https://github.com/Genesis-Technologies-LLC/artistevolve-fe/commit/ed1f3ad639eae9ca81db3fc423d9348c2730d493))
    * events api integrated in dashboard [EVO-1915] ([6594708](https://github.com/Genesis-Technologies-LLC/artistevolve-fe/commit/65947081a17b57e49ef9c02a461e4f8295dec284))
    * events, task, projects modal pop up [EVO-1915] ([640bcd9](https://github.com/Genesis-Technologies-LLC/artistevolve-fe/commit/640bcd9be1b1270c15f039401b777f5062debc97))
    * filter dropdown ui fixed ([3735622](https://github.com/Genesis-Technologies-LLC/artistevolve-fe/commit/3735622bccf302ea6b89c5229b5458bfe58ed638))
    * fiter modal slide animation ([eb40bed](https://github.com/Genesis-Technologies-LLC/artistevolve-fe/commit/eb40bed919a39ad43ff9476d817fe07b00d6fb20))
    * fitlers dropdwond implemented ([66a73e5](https://github.com/Genesis-Technologies-LLC/artistevolve-fe/commit/66a73e56fecc638e5758048f6571f7093758cc72))
    * hover event stuck card fixed ([4549df1](https://github.com/Genesis-Technologies-LLC/artistevolve-fe/commit/4549df18d6fffc6053f32edf742247681f377f7a))
    * implemented conditonal navigation for the post sheduling and draft saving ([40773f2](https://github.com/Genesis-Technologies-LLC/artistevolve-fe/commit/40773f21768c74832fabae63a99002f4e33efe81))
    * Integrate scheduled posts and refetch logic in Content Studio calendar ([7f7652d](https://github.com/Genesis-Technologies-LLC/artistevolve-fe/commit/7f7652d6530719ab4737c0cfca3a4aba227a7991))
    * multiple platform selected and send when posting schedule in the api and same platform icons overlapped ([1d0ab49](https://github.com/Genesis-Technologies-LLC/artistevolve-fe/commit/1d0ab497a38bdcf7f87066bd30545688bc8ebe6a))
    * platform followers count rendered from api  [EVO-1915] ([96c5e0c](https://github.com/Genesis-Technologies-LLC/artistevolve-fe/commit/96c5e0c2f18949226b4207a9e139f9da1884ae66))
    * PR issues resloved ([b46b291](https://github.com/Genesis-Technologies-LLC/artistevolve-fe/commit/b46b291d75ba9f6b6d95bd847f7baa0f6acbadfc))
    * profile image upload api added ([54f6771](https://github.com/Genesis-Technologies-LLC/artistevolve-fe/commit/54f67718119b413eecc21d69c4aed96ba092b2b6))
    * react select library added for dropdown filter and styled ([2dfb48d](https://github.com/Genesis-Technologies-LLC/artistevolve-fe/commit/2dfb48de034fd0c63694622972bed01234d762f3))
    * real image rendered on the calendar hovered events card ([56fa5ef](https://github.com/Genesis-Technologies-LLC/artistevolve-fe/commit/56fa5ef2703e6a3cc364e5155b43a5556bc71aeb))
    * sample content details modal added ([97c48b1](https://github.com/Genesis-Technologies-LLC/artistevolve-fe/commit/97c48b1bd662635fe51a48409dab85dc2441da6c))
    * save as draft api integrated ([13de1b5](https://github.com/Genesis-Technologies-LLC/artistevolve-fe/commit/13de1b52ba9b6ab5659222a0cda6d19e150b1196))
    * Searchable dropdown component created for tag and tag search api implemented, and tags integrated to post schedule api ([7059587](https://github.com/Genesis-Technologies-LLC/artistevolve-fe/commit/70595873299c410ec7fcc5f95a57b6e29babb777))
    * send/create note api integrated in the content details model ([afbc23d](https://github.com/Genesis-Technologies-LLC/artistevolve-fe/commit/afbc23d125f4fa8370864815fe252cbb4be53698))
    * separate hook for save draft created ([eb3e5bc](https://github.com/Genesis-Technologies-LLC/artistevolve-fe/commit/eb3e5bcd16b7407642b4f05916edacc884a88895))
    * show more event added and event list pop up added in calendar ([0050ed6](https://github.com/Genesis-Technologies-LLC/artistevolve-fe/commit/0050ed647fb924cda48ebd8cd916d1c710994658))
    * sidebar routing functional, weekly view ui fix, filter ui, content calendar added ([930fed9](https://github.com/Genesis-Technologies-LLC/artistevolve-fe/commit/930fed9f6dc5a630aea37782e507406814fdae94))
    * skeleton added and dummy events removed from the calendar widget ([0ff98e5](https://github.com/Genesis-Technologies-LLC/artistevolve-fe/commit/0ff98e57ebd8f0bb192e9415e7b68cfd8f99332f))
    * skeleton added for pop up modal ([da66c65](https://github.com/Genesis-Technologies-LLC/artistevolve-fe/commit/da66c6500ecbf52408edc62db8f27f66bdc67992))
    * social icons fixed ([8605dfd](https://github.com/Genesis-Technologies-LLC/artistevolve-fe/commit/8605dfd8504cf45e2dd659ecd13ffba4f01564aa))
    * tag colors filter added for the campaign table ([75d3cdd](https://github.com/Genesis-Technologies-LLC/artistevolve-fe/commit/75d3cddabb8e4d09a2caf63e549a6b9c2ecc1e8e))
    * task efficency and project progress api  [EVO-1935] ([489adeb](https://github.com/Genesis-Technologies-LLC/artistevolve-fe/commit/489adeb5f715444c0bae0a5c9118fa4fe0d981b5))
    * **tasks:** Project API and task enhancements [EVO-1894] ([5bf42c4](https://github.com/Genesis-Technologies-LLC/artistevolve-fe/commit/5bf42c474ee5402621efad4b3005df4ebf950842))
    * timeline task view api implemented [EVO-1934] ([7a30a83](https://github.com/Genesis-Technologies-LLC/artistevolve-fe/commit/7a30a83b939157884aea0d7b5114785c54dfd8be))
    * today's task api integrated [EVO-1915] ([8de10fa](https://github.com/Genesis-Technologies-LLC/artistevolve-fe/commit/8de10fa0a30f00dfc5e135fef7112ba5decb8b0c))
    * top post performance filter by platform added ([b461f5c](https://github.com/Genesis-Technologies-LLC/artistevolve-fe/commit/b461f5c808088f860a3147564dd263f0ce0d1604))
    * Weekly view behaviour change to show current date to next 7 days ([3b56b6d](https://github.com/Genesis-Technologies-LLC/artistevolve-fe/commit/3b56b6d48a59540926ce59ca6df35ab2df009f30))

CHANGELOG.md

commit 7ade2c6dd203b845446176d9719100f1a3934bbf
Author:     Umesh Shrestha <stha.ums@gmail.com>
AuthorDate: 2025-09-10
Commit:     Umesh Shrestha <stha.ums@gmail.com>
CommitDate: 2025-09-10

    chore: Made commit header length 72 [EVO-1782]

commitlint.config.js

commit 10b79476d1531ff6f107008a108e93053d545079
Author:     Umesh Shrestha <umesh@inicreatechnologies.com>
AuthorDate: 2025-09-10
Commit:     GitHub <noreply@github.com>
CommitDate: 2025-09-10

    feat: Add semantic release and commitlint configuration [EVO-1782] (#42)
    
    - Introduced `.releaserc.json` for semantic release setup, defining branch channels and plugins for changelog generation and GitHub releases.
    - Added `commitlint.config.js` to enforce conventional commit messages, ensuring consistent commit formatting.
    - Updated `package.json` and `package-lock.json` to include necessary dependencies for semantic release and commitlint.
    - Created GitHub workflows for release automation and commit validation.
    - Added pull request templates to standardize PR submissions across the repository.
    
    Co-authored-by: Umesh Shrestha <stha.ums@gmail.com>

.github/PULL_REQUEST_TEMPLATE/bug_fix.md
.github/PULL_REQUEST_TEMPLATE/chore.md
.github/PULL_REQUEST_TEMPLATE/feature.md
.github/PULL_REQUEST_TEMPLATE/hotfix.md
.github/pull_request_template.md
.github/workflows/release.yml
.github/workflows/validate-commits.yml
.husky/commit-msg
.husky/pre-commit
.releaserc.json
README.md
commitlint.config.js
package-lock.json
package.json
yarn.lock

commit fc182c1cbd90959524473eb62b2fc2f7654eecb2
Author:     Darshan Bajgain <darshan.bajgain@inicreatechnologies.com>
AuthorDate: 2025-09-10
Commit:     Darshan Bajgain <darshan.bajgain@inicreatechnologies.com>
CommitDate: 2025-09-10

    feat: taskbar update api after extension [EVO-1934]

components/common/TimelineChart.tsx
components/tasks/TasksPage.tsx

commit 1192169610b7268f0e17f7648e96acc85a7d1174
Author:     Darshan Bajgain <darshan.bajgain@inicreatechnologies.com>
AuthorDate: 2025-09-10
Commit:     Darshan Bajgain <darshan.bajgain@inicreatechnologies.com>
CommitDate: 2025-09-10

    feat: Add project timeline bar to timeline chart [EVO-1934]

.vscode/settings.json
components/common/DaytodayTimeline.tsx
components/common/TimelineChart.tsx
components/tasks/TasksPage.tsx
lib/utils/timelineDataTransform.ts

commit aa3a7691ac56033b6bfff0ad6b1cd8ac2a89a26a
Author:     Darshan Bajgain <darshan.bajgain@inicreatechnologies.com>
AuthorDate: 2025-09-10
Commit:     Darshan Bajgain <darshan.bajgain@inicreatechnologies.com>
CommitDate: 2025-09-10

    fix: Timelinechart scale(1.) error & display tasks with dueDate [EVO-1934]

lib/utils/timelineDataTransform.ts

commit 713c61a9f6ca69c8dafd1b9d2875785dc5fcf23d
Author:     Darshan Bajgain <darshan.bajgain@inicreatechnologies.com>
AuthorDate: 2025-09-10
Commit:     Darshan Bajgain <darshan.bajgain@inicreatechnologies.com>
CommitDate: 2025-09-10

    feat: implemented dynamic month/day at first index of the chart [EVO-1934]

components/common/DaytodayTimeline.tsx
components/common/TimelineChart.tsx

commit 7a30a83b939157884aea0d7b5114785c54dfd8be
Author:     Darshan Bajgain <darshan.bajgain@inicreatechnologies.com>
AuthorDate: 2025-09-09
Commit:     Darshan Bajgain <darshan.bajgain@inicreatechnologies.com>
CommitDate: 2025-09-09

    feat: timeline task view api implemented [EVO-1934]

components/common/DaytodayTimeline.tsx
components/common/TimelineChart.tsx
components/tasks/TasksPage.tsx
lib/api/types.ts
lib/utils/index.ts
lib/utils/timelineDataTransform.ts

commit 78e6e372fe746e5fe017f832ed564223b1bc52aa
Author:     Darshan Bajgain <darshan.bajgain@inicreatechnologies.com>
AuthorDate: 2025-09-09
Commit:     Darshan Bajgain <darshan.bajgain@inicreatechnologies.com>
CommitDate: 2025-09-09

    refactor: current project list render issue and skeleton loaders added [EVO-1915]

app/(dashboard)/dashboard/page.tsx
components/common/CurrentProject.tsx
components/common/EventCalendarSkeleton.tsx
components/common/ProjectSkeleton.tsx
components/common/Tasks.tsx
components/common/TodayTaskSkeleton.tsx
components/tasks/SuggestedProjectForm.tsx
components/tasks/TasksPage.tsx
lib/api/types.ts
lib/hooks/useProjects.ts

commit 489adeb5f715444c0bae0a5c9118fa4fe0d981b5
Author:     Darshan Bajgain <darshan.bajgain@inicreatechnologies.com>
AuthorDate: 2025-09-09
Commit:     Darshan Bajgain <darshan.bajgain@inicreatechnologies.com>
CommitDate: 2025-09-09

    feat: task efficency and project progress api  [EVO-1935]

components/common/AnalyticSkeleton.tsx
components/common/AnalyticsView.tsx
components/common/ProjectProgressCard.tsx
components/common/TaskEfficiencyCard.tsx
components/tasks/TasksPage.tsx
lib/api/endpoints.ts
lib/api/tasksApi.ts
lib/api/types.ts
lib/hooks/useTaskAnalytics.ts

commit 1c8ecf2c931200cc8c3b0c057a909ed13682b18a
Author:     Darshan Bajgain <darshan.bajgain@inicreatechnologies.com>
AuthorDate: 2025-09-08
Commit:     Darshan Bajgain <darshan.bajgain@inicreatechnologies.com>
CommitDate: 2025-09-08

    chore: makr as complete api integration [EVO-1915]

app/(dashboard)/dashboard/page.tsx
components/common/CurrentProject.tsx
components/common/TaskGroupDashboard.tsx
lib/api/tasksApi.ts
lib/api/types.ts
lib/hooks/useTasks.ts

commit f1acb1ecd584078c29cb3d1b1c1caa56c91c7b34
Author:     Darshan Bajgain <darshan.bajgain@inicreatechnologies.com>
AuthorDate: 2025-09-08
Commit:     Darshan Bajgain <darshan.bajgain@inicreatechnologies.com>
CommitDate: 2025-09-08

    chore: modal backdrop and ui error  [EVO-1915]

components/common/CurrentProject.tsx
components/tasks/ProjectModal.tsx

commit 96c5e0c2f18949226b4207a9e139f9da1884ae66
Author:     Darshan Bajgain <darshan.bajgain@inicreatechnologies.com>
AuthorDate: 2025-09-08
Commit:     Darshan Bajgain <darshan.bajgain@inicreatechnologies.com>
CommitDate: 2025-09-08

    feat: platform followers count rendered from api  [EVO-1915]

app/(dashboard)/dashboard/page.tsx
components/common/components/MetricCard.tsx

commit d1472be304fe2751bb0f9c7f765a5488afa24b37
Author:     Darshan Bajgain <darshan.bajgain@inicreatechnologies.com>
AuthorDate: 2025-09-08
Commit:     Darshan Bajgain <darshan.bajgain@inicreatechnologies.com>
CommitDate: 2025-09-08

    feat: current projects api  [EVO-1915]

app/(dashboard)/dashboard/page.tsx
components/common/CurrentProject.tsx

commit 65947081a17b57e49ef9c02a461e4f8295dec284
Author:     Darshan Bajgain <darshan.bajgain@inicreatechnologies.com>
AuthorDate: 2025-09-08
Commit:     Darshan Bajgain <darshan.bajgain@inicreatechnologies.com>
CommitDate: 2025-09-08

    feat: events api integrated in dashboard [EVO-1915]

app/(dashboard)/dashboard/page.tsx
lib/api/axiosInstance.ts
lib/hooks/useEvents.ts

commit 640bcd9be1b1270c15f039401b777f5062debc97
Author:     Darshan Bajgain <darshan.bajgain@inicreatechnologies.com>
AuthorDate: 2025-09-08
Commit:     Darshan Bajgain <darshan.bajgain@inicreatechnologies.com>
CommitDate: 2025-09-08

    feat: events, task, projects modal pop up [EVO-1915]

app/(dashboard)/dashboard/page.tsx
components/common/DayTimeline.tsx

commit 8de10fa0a30f00dfc5e135fef7112ba5decb8b0c
Author:     Darshan Bajgain <darshan.bajgain@inicreatechnologies.com>
AuthorDate: 2025-09-08
Commit:     Darshan Bajgain <darshan.bajgain@inicreatechnologies.com>
CommitDate: 2025-09-08

    feat: today's task api integrated [EVO-1915]

app/(dashboard)/dashboard/page.tsx
components/tasks/ProjectModal.tsx
lib/api/tasksApi.ts
lib/api/types.ts
lib/hooks/useTasks.ts

commit d88da630d2f238bd2ad71c711dd4a8cfbf773eb0
Author:     Darshan Bajgain <darshan.bajgain@inicreatechnologies.com>
AuthorDate: 2025-09-08
Commit:     Darshan Bajgain <darshan.bajgain@inicreatechnologies.com>
CommitDate: 2025-09-08

    fix: social tasks  rendering issue fixed in content studio

components/common/SocialTasks.tsx
components/common/Tasks.tsx
lib/api/types.ts
lib/hooks/useTasks.ts

commit 5fa196146118bf6fd0e31043a4e4d8c54daa5647
Author:     Rajib Shresth <rajibstha059@gmail.com>
AuthorDate: 2025-09-05
Commit:     Rajib Shresth <rajibstha059@gmail.com>
CommitDate: 2025-09-05

    fix: build issue fixed

app/(dashboard)/dashboard/page.tsx
components/buzz-factory/QuestionnaireModal.tsx
components/common/TagFilterSearch.tsx
components/tasks/CreateModal.tsx
components/tasks/TasksPage.tsx
yarn.lock

commit 3c9fc4c00e020e5c64280a74b8a959845807b4f3
Author:     Rajib Shresth <rajibstha059@gmail.com>
AuthorDate: 2025-09-05
Commit:     Rajib Shresth <rajibstha059@gmail.com>
CommitDate: 2025-09-05

    feat(instagram): instagram implemetation made

app/(dashboard)/social-streaming/page.tsx
app/social/instagram/callback/page.tsx
app/social/spotify/callback/page.tsx
app/social/tiktok/callback/page.tsx
components/common/components/MetricsGrid.tsx
components/icons/TiktokSvg.tsx
components/social-streaming/AnalyticsSection.tsx
components/social-streaming/ConnectionInterface.tsx
components/social-streaming/SinglePlatformConnection.tsx
components/social-streaming/SpotifyLinkModal.tsx
components/social-streaming/hooks/useSocialAnalytics.ts
components/social-streaming/hooks/useSocialConnection.ts
components/social-streaming/hooks/useUserSocials.ts
components/social-streaming/index.ts
lib/api/endpoints.ts
lib/api/socialApi.ts
lib/hooks/useSocial.ts
lib/hooks/useUserProfile.ts
lib/store/userThunks.ts
lib/utils/hostname.ts
next.config.ts
types/types.ts

commit 5bf42c474ee5402621efad4b3005df4ebf950842
Author:     Sans <sanskar.karki@inicreatechnologies.com>
AuthorDate: 2025-09-05
Commit:     Sans <sanskar.karki@inicreatechnologies.com>
CommitDate: 2025-09-05

    feat(tasks): Project API and task enhancements [EVO-1894]

app/(dashboard)/dashboard/page.tsx
components/common/FilterModal.tsx
components/common/SearchableTagDropdown.tsx
components/common/TagFilterSearch.tsx
components/common/TaskGroup.tsx
components/common/TaskGroupDashboard.tsx
components/tasks/CreateModal.tsx
components/tasks/CreateProject.tsx
components/tasks/CreateTask.tsx
components/tasks/CustomProjectForm.tsx
components/tasks/ProjectDetailsPopover.tsx
components/tasks/SuggestedProjectForm.tsx
components/tasks/TaskDetailsPopover.tsx
components/tasks/TasksPage.tsx
components/ui/Select.tsx
lib/api/categoriesApi.ts
lib/api/endpoints.ts
lib/api/index.ts
lib/api/projectTemplatesApi.ts
lib/api/types.ts
lib/hooks/useProjects.ts
lib/hooks/useTasks.ts

commit 0ba71dd72029bc65299a5996c98d64106bf4ea54
Author:     Darshan Bajgain <darshan.bajgain@inicreatechnologies.com>
AuthorDate: 2025-09-05
Commit:     Darshan Bajgain <darshan.bajgain@inicreatechnologies.com>
CommitDate: 2025-09-05

    fix: icon size for the event detail modal adjusted, and event bubbling prevented on clicking event badge

components/common/Calender.tsx

commit 1f2cccc6292cb20906fbdd9aad1ad7be6cb9e784
Author:     Darshan Bajgain <darshan.bajgain@inicreatechnologies.com>
AuthorDate: 2025-09-05
Commit:     Darshan Bajgain <darshan.bajgain@inicreatechnologies.com>
CommitDate: 2025-09-05

    fix: limit changed to 10 in the useScheduledposts hook

lib/hooks/useScheduledPosts.ts

commit 2dfb48de034fd0c63694622972bed01234d762f3
Author:     Darshan Bajgain <darshan.bajgain@inicreatechnologies.com>
AuthorDate: 2025-09-05
Commit:     Darshan Bajgain <darshan.bajgain@inicreatechnologies.com>
CommitDate: 2025-09-05

    feat: react select library added for dropdown filter and styled

app/content-publish/campaign/[name]/page.tsx
app/globals.css
components/common/CampaignHeader.tsx
components/common/TagFilterSearch.tsx
components/common/TagFilterSelect.tsx
lib/hooks/useFilterTags.ts
package-lock.json
package.json

commit 95b890a1b4dff8350977db7bf9735f9ea185497d
Author:     Darshan Bajgain <darshan.bajgain@inicreatechnologies.com>
AuthorDate: 2025-09-05
Commit:     Darshan Bajgain <darshan.bajgain@inicreatechnologies.com>
CommitDate: 2025-09-05

    feat: campaign post filter table scrollable for cut off content

app/globals.css
components/common/ContentTable.tsx

commit ef6573f7d56666a9efd7636a518fd697755a72f1
Author:     Rajib Shresth <rajibstha059@gmail.com>
AuthorDate: 2025-09-05
Commit:     Rajib Shresth <rajibstha059@gmail.com>
CommitDate: 2025-09-05

    fix: redirect uri fixes made on dropbox

app/cloud-storage/dropbox/callback/page.tsx
components/common/UploadAssetModal.tsx
lib/api/cloudStorageApi.ts
lib/api/endpoints.ts
lib/hooks/useDropboxAuth.ts

commit afbc23d125f4fa8370864815fe252cbb4be53698
Author:     Darshan Bajgain <darshan.bajgain@inicreatechnologies.com>
AuthorDate: 2025-09-05
Commit:     Darshan Bajgain <darshan.bajgain@inicreatechnologies.com>
CommitDate: 2025-09-05

    feat: send/create note api integrated in the content details model

components/common/ContentDetailModal.tsx
components/common/ContentDetailsModalSkeleton.tsx
lib/api/contentApi.ts
lib/api/endpoints.ts
lib/api/types.ts
lib/hooks/useCreateNote.ts

commit 83161a93ecfcc56a2fbfc705cdf0ecbd41ba512c
Author:     Darshan Bajgain <darshan.bajgain@inicreatechnologies.com>
AuthorDate: 2025-09-05
Commit:     Darshan Bajgain <darshan.bajgain@inicreatechnologies.com>
CommitDate: 2025-09-05

    feat: content details modal skeleton added and content details by post id api integrated

app/content-publish/campaign/[name]/page.tsx
components/common/ContentDetailModal.tsx
components/common/ContentDetailsModalSkeleton.tsx
lib/api/contentApi.ts
lib/api/endpoints.ts
lib/api/types.ts
lib/hooks/useScheduledPostDetails.ts

commit 4877dd61d268e6e40e774f89c1ea72a5f441a43a
Author:     Darshan Bajgain <darshan.bajgain@inicreatechnologies.com>
AuthorDate: 2025-09-05
Commit:     Darshan Bajgain <darshan.bajgain@inicreatechnologies.com>
CommitDate: 2025-09-05

    feat: Delete campaignpost api integration in the campaign posts table

app/content-publish/campaign/[name]/page.tsx
components/common/ContentTable.tsx
lib/api/contentApi.ts
lib/api/endpoints.ts
lib/hooks/useCampaignDetails.ts
lib/hooks/useDeleteCampaignPost.ts
types/campaign.ts

commit 3735622bccf302ea6b89c5229b5458bfe58ed638
Author:     Darshan Bajgain <darshan.bajgain@inicreatechnologies.com>
AuthorDate: 2025-09-04
Commit:     Darshan Bajgain <darshan.bajgain@inicreatechnologies.com>
CommitDate: 2025-09-04

    feat: filter dropdown ui fixed

components/common/TagFilterSearch.tsx

commit 755d3b9e43c85e653dd7cd35f25f1e0543b46318
Author:     Darshan Bajgain <darshan.bajgain@inicreatechnologies.com>
AuthorDate: 2025-09-04
Commit:     Darshan Bajgain <darshan.bajgain@inicreatechnologies.com>
CommitDate: 2025-09-04

    fix: notifcation center build error fix

app/(dashboard)/notification-center/page.tsx

commit 4623bd2c3af676923a1b907f58f09b1a4868315d
Author:     Rajib Shresth <rajibstha059@gmail.com>
AuthorDate: 2025-09-04
Commit:     Rajib Shresth <rajibstha059@gmail.com>
CommitDate: 2025-09-04

    merge(develop merge into the local code)

app/(dashboard)/notification-center/page.tsx
app/(dashboard)/settings/edit-profile/page.tsx

commit b27fc0a26f6db128004965c211771d5a9d89c590
Author:     Rajib Shresth <rajibstha059@gmail.com>
AuthorDate: 2025-09-04
Commit:     Rajib Shresth <rajibstha059@gmail.com>
CommitDate: 2025-09-04

    fix: google drive flow update

.husky/pre-push
app/cloud-storage/google/callback/page.tsx
app/content-publish/content-studio/page.tsx
components/common/UploadAssetModal.tsx
lib/api/cloudStorageApi.ts
lib/api/endpoints.ts
lib/hooks/useGoogleDriveAuth.ts
next.config.ts

commit 66a73e56fecc638e5758048f6571f7093758cc72
Author:     Darshan Bajgain <darshan.bajgain@inicreatechnologies.com>
AuthorDate: 2025-09-04
Commit:     Darshan Bajgain <darshan.bajgain@inicreatechnologies.com>
CommitDate: 2025-09-04

    feat: fitlers dropdwond implemented

app/content-publish/campaign/[name]/page.tsx
components/common/CampaignHeader.tsx
components/common/SearchableTagDropdown.tsx
components/common/TagFilterSearch.tsx
lib/api/contentApi.ts
lib/api/types.ts

commit 008ccf507c1698be3d23efd7a227f34f43ae0677
Author:     Sans <sanskar.karki@inicreatechnologies.com>
AuthorDate: 2025-09-04
Commit:     Sans <sanskar.karki@inicreatechnologies.com>
CommitDate: 2025-09-04

    husky comment fix

.husky/pre-commit
.husky/pre-push

commit 803d59bd582c6ef3689aaa5554ee682a1eee3487
Author:     Sans <sanskar.karki@inicreatechnologies.com>
AuthorDate: 2025-09-04
Commit:     Sans <sanskar.karki@inicreatechnologies.com>
CommitDate: 2025-09-04

    feat [ EVO: 1883|1878 ] : added notifiaciton center page and settings page

.husky/pre-commit
.husky/pre-push
app/(dashboard)/layout.tsx
app/(dashboard)/notification-center/page.tsx
app/(dashboard)/settings/edit-profile/page.tsx
app/(dashboard)/settings/page.tsx
components/buzz-factory/Level1/Level1Content.tsx
components/buzz-factory/Level2/Level2Content.tsx
components/buzz-factory/Level3/Level3Content.tsx
components/buzz-factory/QuestionnaireModal.tsx
components/common/NotificationPopover.tsx
components/icons/RightDiagonalSvg.tsx
components/notifications/NotificationButton.tsx
components/notifications/NotificationPopover.tsx
components/settings/EditProfileModal.tsx
components/ui/TopNav.tsx

commit 1e13589d8053a00eed64edc73e757c44e1f22af6
Author:     Darshan Bajgain <darshan.bajgain@inicreatechnologies.com>
AuthorDate: 2025-09-04
Commit:     Darshan Bajgain <darshan.bajgain@inicreatechnologies.com>
CommitDate: 2025-09-04

    feat:tags filter added

app/content-publish/campaign/[name]/page.tsx
components/common/CampaignHeader.tsx
components/common/FilterModal.tsx
components/common/TagFilterSearch.tsx
lib/api/contentApi.ts
lib/api/types.ts

commit 70595873299c410ec7fcc5f95a57b6e29babb777
Author:     Darshan Bajgain <darshan.bajgain@inicreatechnologies.com>
AuthorDate: 2025-09-04
Commit:     Darshan Bajgain <darshan.bajgain@inicreatechnologies.com>
CommitDate: 2025-09-04

    feat: Searchable dropdown component created for tag and tag search api implemented, and tags integrated to post schedule api

components/common/ContentDetails.tsx
components/common/ContentTable.tsx
components/common/SearchableTagDropdown.tsx
components/common/hooks/useContentDetails.ts
components/common/hooks/usePlatformManagement.ts
components/common/hooks/usePostDraft.ts
components/common/hooks/usePostScheduling.ts
lib/api/contentApi.ts
lib/api/endpoints.ts
lib/api/types.ts
lib/hooks/useDebounce.ts
types/ContentDetailsTypes.ts

commit 1ace3016728e222a47c93d04615328f559439552
Author:     Darshan Bajgain <darshan.bajgain@inicreatechnologies.com>
AuthorDate: 2025-09-04
Commit:     Darshan Bajgain <darshan.bajgain@inicreatechnologies.com>
CommitDate: 2025-09-04

    feat: Content details model creation and data integration, icon size made consistent

app/content-publish/content-studio/page.tsx
components/common/Calender.tsx
components/common/Content.tsx
components/common/ContentDetailModal.tsx
components/common/CreatePostForm.tsx
components/common/MediaLibrary/types.ts
components/common/MediaPreview.tsx
components/common/PlatformIcon.tsx
components/common/components/PlatformSelection.tsx
components/common/previews/InstagramPreview.tsx
components/icons/Instagram.tsx
components/ui/PlatformSelector.tsx
lib/hooks/useCampaignDetails.ts
types/campaign.ts

commit b46b291d75ba9f6b6d95bd847f7baa0f6acbadfc
Author:     Darshan Bajgain <darshan.bajgain@inicreatechnologies.com>
AuthorDate: 2025-09-04
Commit:     Darshan Bajgain <darshan.bajgain@inicreatechnologies.com>
CommitDate: 2025-09-04

    feat: PR issues resloved

app/content-publish/campaign/[name]/page.tsx
app/content-publish/campaign/page.tsx
app/content-publish/content-studio/page.tsx
components/common/Calender.tsx
components/common/ContentTable.tsx
components/common/PlatformIcon.tsx
lib/utils.ts

commit c6c09f439152c8393aeb4d8ac2ac1a94a7ff83f8
Author:     Sans <sanskar.karki@inicreatechnologies.com>
AuthorDate: 2025-09-04
Commit:     Sans <sanskar.karki@inicreatechnologies.com>
CommitDate: 2025-09-04

    refactor : improve code structure and optimize modularity

components/buzz-factory/BuzzConst.ts
components/buzz-factory/BuzzFactory.tsx
components/buzz-factory/Level1/Level1Content.tsx
components/buzz-factory/Level2/Level2Content.tsx
components/buzz-factory/Level3/Level3Content.tsx
components/buzz-factory/Level5/Level5Content.tsx
components/buzz-factory/onboarding/BuzzFactoryOnboarding.tsx
components/tasks/CustomProjectForm.tsx
components/ui/Button.tsx
components/ui/CalendarPicker.tsx

commit 93fee6547cb3787533e695ce0147f6413b8515f6
Author:     Darshan Bajgain <darshan.bajgain@inicreatechnologies.com>
AuthorDate: 2025-09-03
Commit:     Darshan Bajgain <darshan.bajgain@inicreatechnologies.com>
CommitDate: 2025-09-03

    fix: display actual image in the month view calendar hover tooltip & fixed event bubbling conflict  on show more event button againt calendar cell content modal  open handle event

components/common/Calender.tsx

commit 56fa5ef2703e6a3cc364e5155b43a5556bc71aeb
Author:     Darshan Bajgain <darshan.bajgain@inicreatechnologies.com>
AuthorDate: 2025-09-03
Commit:     Darshan Bajgain <darshan.bajgain@inicreatechnologies.com>
CommitDate: 2025-09-03

    feat: real image rendered on the calendar hovered events card

components/common/Calender.tsx

commit eb40bed919a39ad43ff9476d817fe07b00d6fb20
Author:     Darshan Bajgain <darshan.bajgain@inicreatechnologies.com>
AuthorDate: 2025-09-03
Commit:     Darshan Bajgain <darshan.bajgain@inicreatechnologies.com>
CommitDate: 2025-09-03

    feat: fiter modal slide animation

app/content-publish/campaign/[name]/page.tsx
components/common/FilterModal.tsx
lib/hooks/useCampaignDetails.ts

commit 16e726a1568e352204753ebc4857ace11d8eadd4
Author:     Sans <sanskar.karki@inicreatechnologies.com>
AuthorDate: 2025-09-03
Commit:     Sans <sanskar.karki@inicreatechnologies.com>
CommitDate: 2025-09-03

    feat : Questionnaire image fetch implementaion

components/buzz-factory/QuestionnaireModal.tsx

commit 0f06f9c633c18cfae3e57381b232ae1496701d13
Author:     Darshan Bajgain <darshan.bajgain@inicreatechnologies.com>
AuthorDate: 2025-09-03
Commit:     Darshan Bajgain <darshan.bajgain@inicreatechnologies.com>
CommitDate: 2025-09-03

    feat: campagin posts content filters api integrated and table ui enhanced

app/content-publish/campaign/[name]/page.tsx
components/common/CampaignHeader.tsx
components/common/ContentTable.tsx
components/common/FilterModal.tsx
components/ui/Button.tsx
lib/api/contentApi.ts
lib/api/endpoints.ts
lib/api/types.ts
lib/hooks/useCampaignDetails.ts

commit 33147904ded2ba3af340dad7f0208525b5205b1c
Author:     Sans <sanskar.karki@inicreatechnologies.com>
AuthorDate: 2025-09-03
Commit:     Sans <sanskar.karki@inicreatechnologies.com>
CommitDate: 2025-09-03

    feat [EVO - 1804] : Questionnaire flow added in buzz-factory and some UI enhancements

components/buzz-factory/BuzzFactory.tsx
components/buzz-factory/Level1/Level1Content.tsx
components/buzz-factory/Level2/Level2Content.tsx
components/buzz-factory/Level2Content.tsx
components/buzz-factory/Level3/Level3Content.tsx
components/buzz-factory/Level3Content.tsx
components/buzz-factory/Level4/Level4Content.tsx
components/buzz-factory/Level4Content.tsx
components/buzz-factory/Level5/Level5Content.tsx
components/buzz-factory/QuestionnaireModal.tsx
components/buzz-factory/components/ActionCard.tsx
components/buzz-factory/components/LevelContentSkeleton.tsx
components/buzz-factory/components/MetricCard.tsx
components/buzz-factory/components/ProgressCard.tsx
components/buzz-factory/onboarding/BuzzFactoryOnboarding.tsx
components/svg/DefaultBadge.tsx
components/svg/StarPointsSvg.tsx
components/tasks/CustomProjectForm.tsx
components/ui/CalendarPicker.tsx
lib/api/buzzFactoryApi.ts
lib/hooks/useQuestionnaires.ts
lib/utils/onboarding.ts

commit 97c48b1bd662635fe51a48409dab85dc2441da6c
Author:     Darshan Bajgain <darshan.bajgain@inicreatechnologies.com>
AuthorDate: 2025-09-03
Commit:     Darshan Bajgain <darshan.bajgain@inicreatechnologies.com>
CommitDate: 2025-09-03

    feat: sample content details modal added

app/content-publish/campaign/[name]/page.tsx
components/common/ContentDetailModal.tsx
components/common/ContentTable.tsx

commit 138e812d375a76b97cb3e13051c1b4e24eef2468
Author:     Darshan Bajgain <darshan.bajgain@inicreatechnologies.com>
AuthorDate: 2025-09-03
Commit:     Darshan Bajgain <darshan.bajgain@inicreatechnologies.com>
CommitDate: 2025-09-03

    feat: Content creation modal open when user clicks on date cell

app/content-publish/content-studio/page.tsx
components/common/Calender.tsx

commit 75d3cddabb8e4d09a2caf63e549a6b9c2ecc1e8e
Author:     Darshan Bajgain <darshan.bajgain@inicreatechnologies.com>
AuthorDate: 2025-09-03
Commit:     Darshan Bajgain <darshan.bajgain@inicreatechnologies.com>
CommitDate: 2025-09-03

    feat: tag colors filter added for the campaign table

app/content-publish/campaign/page.tsx
lib/api/contentApi.ts

commit 33d911215e4404016974c954485b3eb64f29cfb1
Author:     Darshan Bajgain <darshan.bajgain@inicreatechnologies.com>
AuthorDate: 2025-09-03
Commit:     Darshan Bajgain <darshan.bajgain@inicreatechnologies.com>
CommitDate: 2025-09-03

    feat: archived api integrated for the campaign filter table

app/content-publish/campaign/page.tsx
lib/api/contentApi.ts
lib/api/endpoints.ts
lib/hooks/index.ts
lib/hooks/mutations/useCampaignMutations.ts

commit bc5ca3dfe84a5a757c00c3f4e725852738e998c6
Author:     Rajib Shresth <rajibstha059@gmail.com>
AuthorDate: 2025-09-03
Commit:     Rajib Shresth <rajibstha059@gmail.com>
CommitDate: 2025-09-03

    fix(build issue): refetch assets caused failed issue

.husky/pre-commit
.husky/pre-push
types/ContentDetailsTypes.ts

commit 8929899b5def5e8b170f9f534bddeb0d9404173e
Author:     Sans <sanskar.karki@inicreatechnologies.com>
AuthorDate: 2025-09-02
Commit:     Sans <sanskar.karki@inicreatechnologies.com>
CommitDate: 2025-09-02

    feat(buzz-factory): buzzfactory design, onboarding added, questionaaries setup

app/(dashboard)/buzz-factory/page.tsx
app/(dashboard)/social-streaming/page.tsx
components/buzz-factory/BadgeProgression.tsx
components/buzz-factory/BuzzFactory.tsx
components/buzz-factory/Level1/Level1Content.tsx
components/buzz-factory/Level2Content.tsx
components/buzz-factory/Level3Content.tsx
components/buzz-factory/Level4Content.tsx
components/buzz-factory/Level5Content.tsx
components/buzz-factory/QuestionnaireModal.tsx
components/buzz-factory/onboarding/BuzzFactoryOnboarding.tsx
components/common/NotificationPopover.tsx
components/common/components/BadgeProgression.tsx
components/common/components/DropdownCard.tsx
components/common/components/SecondaryMarket.tsx
components/common/ui/StripProgressBar.tsx
components/icons/BuzzFactoryIcon.tsx
components/icons/CoinSvg.tsx
components/icons/ConnectionSvg.tsx
components/icons/index.ts
components/svg/BadgeLvl1.tsx
components/svg/BadgeLvl5.tsx
components/svg/DefaultBadge.tsx
components/svg/Level1ContentSvg.tsx
components/svg/LevelIndicatorSvg.tsx
components/svg/OnboardingBadgeSvg.tsx
components/svg/OnboardingSpeedometerSvg.tsx
components/svg/OnboardingSvg.tsx
components/svg/ProgressionArrowSvg.tsx
components/svg/QuestionnaireSvg.tsx
components/svg/TagSvg.tsx
components/ui/SidebarNav.tsx
components/ui/SpeedometerUi.tsx
lib/api/buzzFactoryApi.ts
lib/api/endpoints.ts
lib/hooks/useQuestionnaires.ts

commit da66c6500ecbf52408edc62db8f27f66bdc67992
Author:     Darshan Bajgain <darshan.bajgain@inicreatechnologies.com>
AuthorDate: 2025-09-02
Commit:     Darshan Bajgain <darshan.bajgain@inicreatechnologies.com>
CommitDate: 2025-09-02

    feat: skeleton added for pop up modal

app/content-publish/content-studio/page.tsx
components/common/ContentCreateModal.tsx
components/common/ModalSkeleton.tsx

commit 92e480c8c3ceaa39b427e9e56de35e73d80eac50
Author:     Darshan Bajgain <darshan.bajgain@inicreatechnologies.com>
AuthorDate: 2025-09-02
Commit:     Darshan Bajgain <darshan.bajgain@inicreatechnologies.com>
CommitDate: 2025-09-02

    feat:reset filter added

app/content-publish/campaign/page.tsx

commit 2e9ab7adf3fef71a9d8a9f72f0b121160e7ff6fd
Author:     Darshan Bajgain <darshan.bajgain@inicreatechnologies.com>
AuthorDate: 2025-09-02
Commit:     Darshan Bajgain <darshan.bajgain@inicreatechnologies.com>
CommitDate: 2025-09-02

    fix: asset library model content refetch logic implemented after uploading asset

app/content-publish/content-studio/page.tsx
components/common/ContentDetails.tsx
components/common/MediaLibrary/UploadSection.tsx
components/common/MediaLibrary/types.ts
components/common/MediaLibraryModal.tsx
components/common/UploadAssetModal.tsx
components/common/hooks/useMediaManagement.ts
types/ContentDetailsTypes.ts

commit 1d15c8ab66aec5095cae8e6d4a7a7a99b66ed22b
Author:     Darshan Bajgain <darshan.bajgain@inicreatechnologies.com>
AuthorDate: 2025-09-02
Commit:     Darshan Bajgain <darshan.bajgain@inicreatechnologies.com>
CommitDate: 2025-09-02

    feat:  debounced implemented on search input

components/common/Search.tsx

commit 7e29e6890010b6a6b61b3ad848875168a2d09b70
Author:     Darshan Bajgain <darshan.bajgain@inicreatechnologies.com>
AuthorDate: 2025-09-02
Commit:     Darshan Bajgain <darshan.bajgain@inicreatechnologies.com>
CommitDate: 2025-09-02

    feat: campaign filter api implemented

app/content-publish/campaign/page.tsx
components/common/Search.tsx
lib/api/contentApi.ts
lib/api/types.ts
lib/hooks/useCampaigns.ts

commit d9470c8ffd4613b6e078b6306598643c9b3320dd
Author:     Rajib Shresth <rajibstha059@gmail.com>
AuthorDate: 2025-09-02
Commit:     Rajib Shresth <rajibstha059@gmail.com>
CommitDate: 2025-09-02

    fix (build issue): suspense wrapper added on the google callback

app/auth/google/callback/page.tsx

commit 4901c5bde2214c4b52df24ad2bf3a16be936ed24
Author:     Rajib Shresth <rajibstha059@gmail.com>
AuthorDate: 2025-09-02
Commit:     Rajib Shresth <rajibstha059@gmail.com>
CommitDate: 2025-09-02

    fix(google sign in): google sign in implementation done

app/content-publish/campaign/page.tsx

commit 05ea605f31942ba7d7aeb0d50483af7d9c124f9c
Author:     Rajib Shresth <rajibstha059@gmail.com>
AuthorDate: 2025-09-02
Commit:     Rajib Shresth <rajibstha059@gmail.com>
CommitDate: 2025-09-02

    fix(google sign in): google sign in implementation done

app/auth/google/callback/page.tsx
app/auth/login/page.tsx
app/page.tsx
components/ui/SidebarNav.tsx
lib/api/authApi.ts
lib/api/endpoints.ts
yarn.lock

commit e4e27b383be6bb3d85ac463b08b96dbfa2d9f6cb
Author:     Darshan Bajgain <darshan.bajgain@inicreatechnologies.com>
AuthorDate: 2025-09-02
Commit:     Darshan Bajgain <darshan.bajgain@inicreatechnologies.com>
CommitDate: 2025-09-02

    fix: convert to draft logic added in the schedule post handler

app/content-publish/content-studio/page.tsx

commit 7696e7d2cb61c1f710b8dc9e021c9e6d55c0db6c
Author:     Darshan Bajgain <darshan.bajgain@inicreatechnologies.com>
AuthorDate: 2025-09-02
Commit:     Darshan Bajgain <darshan.bajgain@inicreatechnologies.com>
CommitDate: 2025-09-02

    feat: draft to schedule conversion api intgerated

app/content-publish/content-studio/page.tsx
components/common/hooks/index.ts
components/common/hooks/useScheduleDraft.ts
lib/api/contentApi.ts
lib/api/endpoints.ts
lib/api/types.ts
package-lock.json

commit 26d4b9b4a2682722d1a41b5b8abe383fcd31281e
Author:     Darshan Bajgain <darshan.bajgain@inicreatechnologies.com>
AuthorDate: 2025-09-02
Commit:     Darshan Bajgain <darshan.bajgain@inicreatechnologies.com>
CommitDate: 2025-09-02

    feat: content tablist refresh on  draf or schedule

app/content-publish/content-studio/page.tsx

commit 0050ed647fb924cda48ebd8cd916d1c710994658
Author:     Darshan Bajgain <darshan.bajgain@inicreatechnologies.com>
AuthorDate: 2025-09-02
Commit:     Darshan Bajgain <darshan.bajgain@inicreatechnologies.com>
CommitDate: 2025-09-02

    feat: show more event added and event list pop up added in calendar

components/common/Calender.tsx
components/common/Content.tsx

commit 0ff98e57ebd8f0bb192e9415e7b68cfd8f99332f
Author:     Darshan Bajgain <darshan.bajgain@inicreatechnologies.com>
AuthorDate: 2025-09-02
Commit:     Darshan Bajgain <darshan.bajgain@inicreatechnologies.com>
CommitDate: 2025-09-02

    feat: skeleton added and dummy events removed from the calendar widget

app/content-publish/content-studio/page.tsx
components/common/Calender.tsx
components/common/Content.tsx
components/common/ContentCreateModal.tsx
components/common/List-Skeleton.tsx
components/common/ModalSkeleton.tsx

commit a38421973c56bed78222f50d8a93a2f0116038a1
Author:     Darshan Bajgain <darshan.bajgain@inicreatechnologies.com>
AuthorDate: 2025-09-02
Commit:     Darshan Bajgain <darshan.bajgain@inicreatechnologies.com>
CommitDate: 2025-09-02

    feat: content tab draft list made draggable to the calendar

app/content-publish/content-studio/page.tsx
components/common/Content.tsx

commit f4bf535e820ea726ca2fe15e8f09a614f88269cb
Author:     Darshan Bajgain <darshan.bajgain@inicreatechnologies.com>
AuthorDate: 2025-09-02
Commit:     Darshan Bajgain <darshan.bajgain@inicreatechnologies.com>
CommitDate: 2025-09-02

    feat: draft position styled in content tab list images

components/common/Content.tsx

commit ad330698aa3e94ea7b4dbfab20d115ab3b4f9f8d
Author:     Darshan Bajgain <darshan.bajgain@inicreatechnologies.com>
AuthorDate: 2025-09-01
Commit:     Darshan Bajgain <darshan.bajgain@inicreatechnologies.com>
CommitDate: 2025-09-01

    feat: draft badges shown to content tab list

components/common/Content.tsx
components/common/ui/DraftBadge.tsx

commit 4a89021e86de8dc4b3462997f5e55a970c6e425a
Author:     Sans <sanskar.karki@inicreatechnologies.com>
AuthorDate: 2025-09-01
Commit:     Sans <sanskar.karki@inicreatechnologies.com>
CommitDate: 2025-09-01

    feat(calendar) : calendar settings api integraton and skeleton loader implementation across the calender component

app/(dashboard)/calendar/page.tsx
app/(dashboard)/calendar/settings/page.tsx
app/auth/signup/page.tsx
components/auth/VerificationGuard.tsx
components/common/CalendarSkeleton.tsx
components/common/Checkbox.tsx
components/common/ComprehensiveSkeletonDemo.tsx
components/common/DebugPersistence.tsx
components/common/Dropdown-menu.tsx
components/common/MonthTimelineCalendar.tsx
components/common/SettingsSkeleton.tsx
components/common/SkeletonDemo.tsx
components/common/Tasks.tsx
components/common/TimelineCalendar.tsx
components/common/TimelineListView.tsx
components/common/WeekTimelineCalendar.tsx
components/tasks/CreateEvent.tsx
components/tasks/CreateTask.tsx
lib/api/calendarSettingsApi.ts
lib/api/endpoints.ts
lib/api/index.ts
lib/api/tagsApi.ts
lib/api/types.ts
lib/hooks/mutations/useCampaignMutations.ts
lib/hooks/useCalendarSettings.ts
lib/hooks/useEvents.ts
lib/hooks/usePersistedState.ts
lib/hooks/useTags.ts
lib/utils/errorHandler.ts
lib/utils/routingHelper.ts
lib/utils/timeSlotUtils.ts

commit a85e3ace43d218a7abcb13a61e992b592b466b67
Author:     Darshan Bajgain <darshan.bajgain@inicreatechnologies.com>
AuthorDate: 2025-09-01
Commit:     Darshan Bajgain <darshan.bajgain@inicreatechnologies.com>
CommitDate: 2025-09-01

    fix: media selection bug fixed on drag and open modal event for asset

app/content-publish/content-studio/page.tsx

commit b2bb9c10c99678e4ede335ad931af4caf67df19d
Author:     Darshan Bajgain <darshan.bajgain@inicreatechnologies.com>
AuthorDate: 2025-09-01
Commit:     Darshan Bajgain <darshan.bajgain@inicreatechnologies.com>
CommitDate: 2025-09-01

    feat: dropdown filter backdrop changed

app/content-publish/content-studio/page.tsx
components/common/Dropdown.tsx
components/ui/Select.tsx

commit 8899334e3d62921589b419287afff4ce7b2cfef4
Author:     Rajib Shresth <rajibstha059@gmail.com>
AuthorDate: 2025-09-01
Commit:     Rajib Shresth <rajibstha059@gmail.com>
CommitDate: 2025-09-01

    fix: build issue and removed console.log

components/common/Tasks.tsx
lib/hooks/mutations/useAuthMutations.ts
lib/utils/authHelpers.ts

commit 21a46059e291be8cf52ac12f2301bb9f0da58a98
Author:     Darshan Bajgain <darshan.bajgain@inicreatechnologies.com>
AuthorDate: 2025-09-01
Commit:     Darshan Bajgain <darshan.bajgain@inicreatechnologies.com>
CommitDate: 2025-09-01

    feat: date filter added for top performance post

app/content-publish/content-studio/page.tsx
components/common/TopPerformingPost.tsx

commit f2cbdac90da9d179dc510cc96cea2e68e6a9af2b
Author:     Rajib Shresth <rajibstha059@gmail.com>
AuthorDate: 2025-09-01
Commit:     Rajib Shresth <rajibstha059@gmail.com>
CommitDate: 2025-09-01

    chore: commented tasks list on the content studio

components/common/SocialTasks.tsx

commit 54f67718119b413eecc21d69c4aed96ba092b2b6
Author:     Rajib Shresth <rajibstha059@gmail.com>
AuthorDate: 2025-09-01
Commit:     Rajib Shresth <rajibstha059@gmail.com>
CommitDate: 2025-09-01

    feat: profile image upload api added

app/auth/signup/page.tsx
lib/api/authApi.ts
lib/api/endpoints.ts
lib/api/types.ts
lib/hooks/mutations/useAuthMutations.ts
lib/hooks/useCampaignDetails.ts
lib/utils/routingHelper.ts

commit b461f5c808088f860a3147564dd263f0ce0d1604
Author:     Darshan Bajgain <darshan.bajgain@inicreatechnologies.com>
AuthorDate: 2025-09-01
Commit:     Darshan Bajgain <darshan.bajgain@inicreatechnologies.com>
CommitDate: 2025-09-01

    feat: top post performance filter by platform added

app/content-publish/content-studio/page.tsx
components/common/Dropdown.tsx
components/ui/Select.tsx

commit 1d0ab497a38bdcf7f87066bd30545688bc8ebe6a
Author:     Darshan Bajgain <darshan.bajgain@inicreatechnologies.com>
AuthorDate: 2025-09-01
Commit:     Darshan Bajgain <darshan.bajgain@inicreatechnologies.com>
CommitDate: 2025-09-01

    feat: multiple platform selected and send when posting schedule in the api and same platform icons overlapped

app/content-publish/content-studio/page.tsx
components/common/ActionButtons.tsx
components/common/Content.tsx
components/common/hooks/usePostDraft.ts
components/common/hooks/usePostScheduling.ts

commit abb96ccad7014d51e74f34d9d740bccb1553d068
Author:     Darshan Bajgain <darshan.bajgain@inicreatechnologies.com>
AuthorDate: 2025-09-01
Commit:     Darshan Bajgain <darshan.bajgain@inicreatechnologies.com>
CommitDate: 2025-09-01

    feat: contentlist api integrated and list displayed in content tab

app/content-publish/content-studio/page.tsx
components/common/Calender.tsx
components/common/Content.tsx
lib/api/contentApi.ts
lib/api/endpoints.ts
lib/api/types.ts
lib/hooks/useContentLists.ts

commit a6d3d87ac663a6bab75596b5a42bac5e81c4ef44
Author:     Darshan Bajgain <darshan.bajgain@inicreatechnologies.com>
AuthorDate: 2025-09-01
Commit:     Darshan Bajgain <darshan.bajgain@inicreatechnologies.com>
CommitDate: 2025-09-01

    fix: media modal library full screen heigth set to 100vh

components/common/MediaLibraryModal.tsx

commit 247db1312d0e33f8630d326185375f2bf97e3efb
Author:     Darshan Bajgain <darshan.bajgain@inicreatechnologies.com>
AuthorDate: 2025-09-01
Commit:     Darshan Bajgain <darshan.bajgain@inicreatechnologies.com>
CommitDate: 2025-09-01

    fix: media modal library full screen heigth set to 100vh

components/common/MediaLibraryModal.tsx

commit 0b4494ae3c76c3afba1b3bca66387d66cd98bceb
Author:     Darshan Bajgain <darshan.bajgain@inicreatechnologies.com>
AuthorDate: 2025-09-01
Commit:     Darshan Bajgain <darshan.bajgain@inicreatechnologies.com>
CommitDate: 2025-09-01

    fix: media modal library full screen height

components/common/MediaLibraryModal.tsx

commit b329ef072fe8e78e767c109094bcd32016205d61
Author:     darshanbajgain-sys <darshan.bajgain@inicreatechnologies.com>
AuthorDate: 2025-08-29
Commit:     GitHub <noreply@github.com>
CommitDate: 2025-08-29

    Content publishing update (#23)
    
    * refactor: create content pop up modal
    
    * fix: calendar key warning issues fixed in the content creation form
    
    * feat: enhanced media selection to show files selected in the media upload form
    
    * feat: save as draft api integrated
    
    * refactor:  action buttons made sticky at bottom of the content create pop up modal
    
    * refactor: accordion added to additional sections
    
    * feat: asset drag and drop to open create content modal pop up implemented
    
    * edit: unused imports removed
    
    * fix: upload-asset-modal and cloudstorage repeated status calls issue
    
    * feat: drag and drop date validation
    
    * feat: doc added for the drag to calendar implementation
    
    * refactor: inline styles removed
    
    * refactor: null check added
    
    * feat: separate hook for save draft created
    
    * refactor: console log removed and the drag handlers optimized
    
    * fix: invalidate date ui updated for drag event and cursor grab pointer added for assets item
    
    * feat: Weekly view behaviour change to show current date to next 7 days
    
    * fix: icon restyled for content tab list
    
    * fix: sidebar disappearance on pop up fixed
    
    * fix: content create page ui issues solved
    
    * feat: content create modal close with escape key and outside modal mouse click
    
    * feat: Integrate scheduled posts and refetch logic in Content Studio calendar
    
    * feat: implemented conditonal navigation for the post sheduling and draft saving
    
    * feat: social icons fixed
    
    * feat: hover event stuck card fixed
    
    ---------
    
    Co-authored-by: Rajib Shrestha <33756765+Rajibshrestha59@users.noreply.github.com>

app/content-publish/content-studio/page.tsx
components/common/ActionButtons.tsx
components/common/Calender.tsx
components/common/Content.tsx
components/common/ContentCreateModal.tsx
components/common/ContentDetails.tsx
components/common/CreatePostForm.tsx
components/common/Socials.tsx
components/common/hooks/usePostDraft.ts
components/common/hooks/usePostScheduling.ts
components/icons/FacebookSvg.tsx
components/icons/SoundcloudSvg.tsx
components/icons/TiktokSvg.tsx
components/icons/TwitterSvg.tsx
components/styles/custom-calendar.css
types/ContentDetailsTypes.ts

commit 23517df00cf8d5219a9e99f710d32b805c68cdb0
Author:     Sanskar-Karki01 <sanskar.karki@inicreatechnologies.com>
AuthorDate: 2025-08-29
Commit:     GitHub <noreply@github.com>
CommitDate: 2025-08-29

    Feat/calendar settings (#22)
    
    * feat : calendar page and calendar settings page
    
    * chore: update the next config for vercel deployment
    
    * add: pre commit hook added
    
    * settingsvg fixed
    
    * testing build failure
    
    * testing build failure
    
    * feat : added task page, added create project task and event
    
    * feat : api integration of task , project and event and ui compiaotn of create project event adn task
    
    ---------
    
    Co-authored-by: Rajib Shresth <rajibstha059@gmail.com>

app/(dashboard)/calendar/page.tsx
app/(dashboard)/dashboard/page.tsx
app/(dashboard)/tasks/page.tsx
components/common/ActionButtons.tsx
components/common/AnalyticsView.tsx
components/common/CalendarEventPopover.tsx
components/common/DayEventsPopover.tsx
components/common/DaytodayTimeline.tsx
components/common/DonutPercentage.tsx
components/common/ProjectProgressCard.tsx
components/common/ReleasePopover.tsx
components/common/TaskEfficiencyCard.tsx
components/common/TaskGroup.tsx
components/common/TaskGroupDashboard.tsx
components/common/TimelineCalendar.tsx
components/common/TimelineChart.tsx
components/common/components/Button.tsx
components/common/components/DropdownCard.tsx
components/common/ui/BlackCheckbox.tsx
components/common/ui/MultiSegmentProgressBar.tsx
components/icons/CustomProjectSvg.tsx
components/icons/DottedGrabSvg.tsx
components/icons/LeftDownSvg.tsx
components/icons/SettingNavSvg.tsx
components/icons/SuggestedProjectSvg.tsx
components/styles/custom-calendar.css
components/svg/WhiteTagSvg.tsx
components/tasks/CreateEvent.tsx
components/tasks/CreateModal.tsx
components/tasks/CreateProject.tsx
components/tasks/CreateTask.tsx
components/tasks/CustomProjectForm.tsx
components/tasks/ProjectModal.tsx
components/tasks/SuggestedProjectForm.tsx
components/tasks/TasksPage.tsx
components/ui/Button.tsx
components/ui/CalendarPicker.tsx
components/ui/DurationPicker.tsx
components/ui/Select.tsx
components/ui/SidebarNav.tsx
components/ui/TimePicker.tsx
components/ui/TopNav.tsx
lib/api/endpoints.ts
lib/api/eventsApi.ts
lib/api/index.ts
lib/api/tasksApi.ts
lib/api/types.ts
lib/consts.ts
lib/hooks/index.ts
lib/hooks/useEvents.ts
lib/hooks/useProjects.ts
lib/hooks/useTasks.ts
package-lock.json
package.json

commit 4549df18d6fffc6053f32edf742247681f377f7a
Author:     Darshan Bajgain <darshan.bajgain@inicreatechnologies.com>
AuthorDate: 2025-08-29
Commit:     Darshan Bajgain <darshan.bajgain@inicreatechnologies.com>
CommitDate: 2025-08-29

    feat: hover event stuck card fixed

components/common/Calender.tsx

commit 8605dfd8504cf45e2dd659ecd13ffba4f01564aa
Author:     Darshan Bajgain <darshan.bajgain@inicreatechnologies.com>
AuthorDate: 2025-08-29
Commit:     Darshan Bajgain <darshan.bajgain@inicreatechnologies.com>
CommitDate: 2025-08-29

    feat: social icons fixed

components/common/Socials.tsx
components/icons/FacebookSvg.tsx
components/icons/SoundcloudSvg.tsx
components/icons/TiktokSvg.tsx
components/icons/TwitterSvg.tsx

commit 40773f21768c74832fabae63a99002f4e33efe81
Author:     Darshan Bajgain <darshan.bajgain@inicreatechnologies.com>
AuthorDate: 2025-08-29
Commit:     Darshan Bajgain <darshan.bajgain@inicreatechnologies.com>
CommitDate: 2025-08-29

    feat: implemented conditonal navigation for the post sheduling and draft saving

app/content-publish/content-studio/page.tsx
components/common/CreatePostForm.tsx
components/common/hooks/usePostDraft.ts
components/common/hooks/usePostScheduling.ts

commit 7f7652d6530719ab4737c0cfca3a4aba227a7991
Author:     Darshan Bajgain <darshan.bajgain@inicreatechnologies.com>
AuthorDate: 2025-08-29
Commit:     Darshan Bajgain <darshan.bajgain@inicreatechnologies.com>
CommitDate: 2025-08-29

    feat: Integrate scheduled posts and refetch logic in Content Studio calendar

app/content-publish/content-studio/page.tsx

commit 7ddf9cac2cb833e5cbafc1e1232065c14e26a06d
Author:     Darshan Bajgain <darshan.bajgain@inicreatechnologies.com>
AuthorDate: 2025-08-29
Commit:     Darshan Bajgain <darshan.bajgain@inicreatechnologies.com>
CommitDate: 2025-08-29

    feat: content create modal close with escape key and outside modal mouse click

app/content-publish/content-studio/page.tsx
components/common/ContentCreateModal.tsx

commit 784637930dc8c6caee83b0dbc3ab8d97a581772f
Author:     Darshan Bajgain <darshan.bajgain@inicreatechnologies.com>
AuthorDate: 2025-08-29
Commit:     Darshan Bajgain <darshan.bajgain@inicreatechnologies.com>
CommitDate: 2025-08-29

    fix: content create page ui issues solved

app/content-publish/content-studio/page.tsx
components/common/ActionButtons.tsx
components/common/ContentCreateModal.tsx
components/common/ContentDetails.tsx
components/common/CreatePostForm.tsx
types/ContentDetailsTypes.ts

commit 7ac01f93b584a1788335f854d854f3fc52ce05b8
Author:     Darshan Bajgain <darshan.bajgain@inicreatechnologies.com>
AuthorDate: 2025-08-29
Commit:     Darshan Bajgain <darshan.bajgain@inicreatechnologies.com>
CommitDate: 2025-08-29

    fix: sidebar disappearance on pop up fixed

app/content-publish/content-studio/page.tsx

commit 2e62cb71f9bac1f0fd406fefe8085507e1775dd0
Author:     Darshan Bajgain <darshan.bajgain@inicreatechnologies.com>
AuthorDate: 2025-08-29
Commit:     Darshan Bajgain <darshan.bajgain@inicreatechnologies.com>
CommitDate: 2025-08-29

    fix: icon restyled for content tab list

components/common/Content.tsx

commit 3b56b6d48a59540926ce59ca6df35ab2df009f30
Author:     Darshan Bajgain <darshan.bajgain@inicreatechnologies.com>
AuthorDate: 2025-08-29
Commit:     Darshan Bajgain <darshan.bajgain@inicreatechnologies.com>
CommitDate: 2025-08-29

    feat: Weekly view behaviour change to show current date to next 7 days

components/common/Calender.tsx

commit cc065758c6d8cde4436610aa1f956c927d31087b
Author:     Darshan Bajgain <darshan.bajgain@inicreatechnologies.com>
AuthorDate: 2025-08-29
Commit:     Darshan Bajgain <darshan.bajgain@inicreatechnologies.com>
CommitDate: 2025-08-29

    fix: invalidate date ui updated for drag event and cursor grab pointer added for assets item

components/common/Calender.tsx
components/common/Content.tsx
components/styles/custom-calendar.css

commit 6798823153477e4799dd9dfb46db26229cdcd9d8
Author:     darshanbajgain-sys <darshan.bajgain@inicreatechnologies.com>
AuthorDate: 2025-08-28
Commit:     GitHub <noreply@github.com>
CommitDate: 2025-08-28

    Create content popup completion (#21)
    
    * refactor: create content pop up modal
    
    * fix: calendar key warning issues fixed in the content creation form
    
    * feat: enhanced media selection to show files selected in the media upload form
    
    * feat: save as draft api integrated
    
    * refactor:  action buttons made sticky at bottom of the content create pop up modal
    
    * refactor: accordion added to additional sections
    
    * feat: asset drag and drop to open create content modal pop up implemented
    
    * edit: unused imports removed
    
    * fix: upload-asset-modal and cloudstorage repeated status calls issue
    
    * feat: drag and drop date validation
    
    * feat: doc added for the drag to calendar implementation
    
    * refactor: inline styles removed
    
    * refactor: null check added
    
    * feat: separate hook for save draft created
    
    * refactor: console log removed and the drag handlers optimized

app/content-publish/content-studio/page.tsx
components/common/Calender.tsx
components/common/Content.tsx
components/common/ContentCreateModal.tsx
components/common/ContentDetails.tsx
components/common/CreatePostForm.tsx
components/common/MediaLibrary/AssetLibrary.tsx
components/common/MediaLibraryModal.tsx
components/common/UploadAssetModal.tsx
components/common/hooks/index.ts
components/common/hooks/usePostDraft.ts
components/common/hooks/usePostScheduling.ts
components/styles/custom-calendar.css
components/ui/CalendarPicker.tsx
components/ui/SidebarNav.tsx
components/ui/TopNav.tsx
docs/DragToCalendar.md
lib/api/types.ts
lib/hooks/useCloudStorage.ts
package-lock.json

commit 6611e3639cac11a600e4755da516dfc33c2ce7c8
Author:     Darshan Bajgain <darshan.bajgain@inicreatechnologies.com>
AuthorDate: 2025-08-28
Commit:     Darshan Bajgain <darshan.bajgain@inicreatechnologies.com>
CommitDate: 2025-08-28

    refactor: console log removed and the drag handlers optimized

components/common/Content.tsx
lib/hooks/useCloudStorage.ts

commit eb3e5bcd16b7407642b4f05916edacc884a88895
Author:     Darshan Bajgain <darshan.bajgain@inicreatechnologies.com>
AuthorDate: 2025-08-28
Commit:     Darshan Bajgain <darshan.bajgain@inicreatechnologies.com>
CommitDate: 2025-08-28

    feat: separate hook for save draft created

app/content-publish/content-studio/page.tsx
components/common/CreatePostForm.tsx
components/common/MediaLibrary/AssetLibrary.tsx
components/common/hooks/index.ts
components/common/hooks/usePostDraft.ts
components/common/hooks/usePostScheduling.ts

commit 2f12a69dcf0e89211bdd7eecaa359e3168a1d15a
Author:     Darshan Bajgain <darshan.bajgain@inicreatechnologies.com>
AuthorDate: 2025-08-28
Commit:     Darshan Bajgain <darshan.bajgain@inicreatechnologies.com>
CommitDate: 2025-08-28

    refactor: null check added

components/common/MediaLibrary/AssetLibrary.tsx

commit 553bffcfd28ed385e1ea5f690275cbdba00b26e8
Author:     Darshan Bajgain <darshan.bajgain@inicreatechnologies.com>
AuthorDate: 2025-08-28
Commit:     Darshan Bajgain <darshan.bajgain@inicreatechnologies.com>
CommitDate: 2025-08-28

    refactor: inline styles removed

components/common/MediaLibrary/AssetLibrary.tsx

commit 80d0666c57a3770441732eaa5d9daae0c6b97729
Author:     Darshan Bajgain <darshan.bajgain@inicreatechnologies.com>
AuthorDate: 2025-08-28
Commit:     Darshan Bajgain <darshan.bajgain@inicreatechnologies.com>
CommitDate: 2025-08-28

    feat: doc added for the drag to calendar implementation

docs/DragToCalendar.md

commit f735d1e309033fc8c702f388b14dae13b7cda047
Author:     Darshan Bajgain <darshan.bajgain@inicreatechnologies.com>
AuthorDate: 2025-08-28
Commit:     Darshan Bajgain <darshan.bajgain@inicreatechnologies.com>
CommitDate: 2025-08-28

    feat: drag and drop date validation

app/content-publish/content-studio/page.tsx
components/common/Calender.tsx
components/styles/custom-calendar.css

commit dfea1ec9c3352fd02fd32ac55061f6b11659bd69
Author:     Darshan Bajgain <darshan.bajgain@inicreatechnologies.com>
AuthorDate: 2025-08-28
Commit:     Darshan Bajgain <darshan.bajgain@inicreatechnologies.com>
CommitDate: 2025-08-28

    fix: upload-asset-modal and cloudstorage repeated status calls issue

components/common/UploadAssetModal.tsx
lib/hooks/useCloudStorage.ts

commit 37c748d0c77298892f79068aaab53bd7fa2ebb68
Author:     Darshan Bajgain <darshan.bajgain@inicreatechnologies.com>
AuthorDate: 2025-08-28
Commit:     Darshan Bajgain <darshan.bajgain@inicreatechnologies.com>
CommitDate: 2025-08-28

    edit: unused imports removed

components/ui/SidebarNav.tsx
components/ui/TopNav.tsx

commit b84832eacb0598f249ba68a3ed3ccee6dadbbef2
Author:     Darshan Bajgain <darshan.bajgain@inicreatechnologies.com>
AuthorDate: 2025-08-28
Commit:     Darshan Bajgain <darshan.bajgain@inicreatechnologies.com>
CommitDate: 2025-08-28

    feat: asset drag and drop to open create content modal pop up implemented

app/content-publish/content-studio/page.tsx
components/common/Calender.tsx
components/common/Content.tsx
components/common/MediaLibrary/AssetLibrary.tsx
docs/DragToCalendar.md
package-lock.json

commit 1c6286c5a25fe8878f33ddfc31397933fceb27a4
Author:     Darshan Bajgain <darshan.bajgain@inicreatechnologies.com>
AuthorDate: 2025-08-28
Commit:     Darshan Bajgain <darshan.bajgain@inicreatechnologies.com>
CommitDate: 2025-08-28

    refactor: accordion added to additional sections

app/content-publish/content-studio/page.tsx
components/common/ContentDetails.tsx

commit a4a8d301f1b23e846a5424f549e6b7d9bf20cf71
Author:     Darshan Bajgain <darshan.bajgain@inicreatechnologies.com>
AuthorDate: 2025-08-28
Commit:     Darshan Bajgain <darshan.bajgain@inicreatechnologies.com>
CommitDate: 2025-08-28

    refactor:  action buttons made sticky at bottom of the content create pop up modal

app/content-publish/content-studio/page.tsx
components/common/ContentCreateModal.tsx

commit 13de1b52ba9b6ab5659222a0cda6d19e150b1196
Author:     Darshan Bajgain <darshan.bajgain@inicreatechnologies.com>
AuthorDate: 2025-08-27
Commit:     Darshan Bajgain <darshan.bajgain@inicreatechnologies.com>
CommitDate: 2025-08-27

    feat: save as draft api integrated

app/content-publish/content-studio/page.tsx
components/common/CreatePostForm.tsx
components/common/hooks/usePostScheduling.ts
lib/api/types.ts

commit ed1f3ad639eae9ca81db3fc423d9348c2730d493
Author:     Darshan Bajgain <darshan.bajgain@inicreatechnologies.com>
AuthorDate: 2025-08-27
Commit:     Darshan Bajgain <darshan.bajgain@inicreatechnologies.com>
CommitDate: 2025-08-27

    feat: enhanced media selection to show files selected in the media upload form

components/common/ContentDetails.tsx
components/common/MediaLibraryModal.tsx

commit 3312339c704a2a2c7facf0e8605e7d2973a5b39c
Author:     Darshan Bajgain <darshan.bajgain@inicreatechnologies.com>
AuthorDate: 2025-08-27
Commit:     Darshan Bajgain <darshan.bajgain@inicreatechnologies.com>
CommitDate: 2025-08-27

    fix: calendar key warning issues fixed in the content creation form

components/ui/CalendarPicker.tsx

commit 8a2921a531123ec30bb62253a0918fb681aa142f
Author:     Darshan Bajgain <darshan.bajgain@inicreatechnologies.com>
AuthorDate: 2025-08-27
Commit:     Darshan Bajgain <darshan.bajgain@inicreatechnologies.com>
CommitDate: 2025-08-27

    refactor: create content pop up modal

app/content-publish/content-studio/page.tsx
components/common/ContentCreateModal.tsx
components/common/ContentDetails.tsx

commit c27f43ccfd6d3e10d8b4f99234503f1c12e2f657
Author:     darshanbajgain-sys <darshan.bajgain@inicreatechnologies.com>
AuthorDate: 2025-08-27
Commit:     GitHub <noreply@github.com>
CommitDate: 2025-08-27

    Build warnings resolved (#20)
    
    * fix: eslint errors and build errors
    
    * fix: all build warnings reslove
    
    * fix: eslint error
    
    * fix: merged and build warning resloved

app/auth/signup/page.tsx
app/content-publish/content-calendar/page.tsx
components/common/CreateContent.tsx
components/common/Dropdown-menu.tsx
components/common/FilterModal.tsx
components/common/FollowersGrowthChart.tsx
components/common/MediaLibrary/MediaAssetItem.tsx
components/common/MediaLibrary/MediaPreviewModal.tsx
components/common/MediaLibrary/SelectedMediaPreview.tsx
components/common/hooks/useTimeScheduling.ts
components/icons/Filter-Dropdown.tsx
components/ui/DynamicText.tsx
components/ui/Toast.tsx
lib/api/authApi.ts
lib/api/contentApi.ts
lib/api/endpoints.ts
lib/api/tasksApi.ts
lib/contexts/ToastContext.tsx
lib/hooks/mutations/useCampaignMutations.ts
lib/hooks/useCampaigns.ts
lib/hooks/useGoogleDriveAuth.ts
lib/hooks/useLocalStorageAuth.ts
lib/hooks/useProjects.ts
lib/hooks/useTasks.ts
lib/providers/UserProfileProvider.tsx

commit df5af4d1ffe3ea9d0c29a28c35ca2b1a1088d217
Author:     Sanskar-Karki01 <sanskar.karki@inicreatechnologies.com>
AuthorDate: 2025-08-27
Commit:     GitHub <noreply@github.com>
CommitDate: 2025-08-27

    feat : calendar page and calendar settings page (#18)
    
    * feat : calendar page and calendar settings page
    
    * chore: update the next config for vercel deployment
    
    * add: pre commit hook added
    
    * settingsvg fixed
    
    * testing build failure
    
    * testing build failure
    
    ---------
    
    Co-authored-by: Rajib Shresth <rajibstha059@gmail.com>

app/(dashboard)/calendar/page.tsx
app/(dashboard)/calendar/settings/page.tsx
app/content-publish/campaign/[name]/page.tsx
app/content-publish/content-studio/page.tsx
components/auth/RouteGuard.tsx
components/common/CampaignHeader.tsx
components/common/ContentDetails.tsx
components/common/NotificationPopover.tsx
components/common/TimelineCalendar.tsx
components/common/components/DropdownCard.tsx
components/icons/DashboardSvg.tsx
components/icons/LeftDownSvg.tsx
components/icons/SettingSvg.tsx
components/icons/Settings.tsx
components/icons/index.ts
components/styles/custom-calendar.css
components/styles/weekly-calendar.css
components/ui/DurationPicker.tsx
components/ui/SidebarNav.tsx
components/ui/TimePicker.tsx
components/ui/TopNav.tsx

commit fa68990ac9a6133178eb58e052cf54d37aa86e00
Author:     Rajib Shrestha <33756765+Rajibshrestha59@users.noreply.github.com>
AuthorDate: 2025-08-27
Commit:     GitHub <noreply@github.com>
CommitDate: 2025-08-27

    Fix/deployment (#19)
    
    * chore: update the next config for vercel deployment
    
    * add: pre commit hook added

.husky/pre-commit
.prettierignore
.prettierrc
package-lock.json
package.json

commit a464b73dba7aa3defa1f970ec86cf6da06188d44
Author:     Rajib Shrestha <33756765+Rajibshrestha59@users.noreply.github.com>
AuthorDate: 2025-08-27
Commit:     GitHub <noreply@github.com>
CommitDate: 2025-08-27

    chore: update the next config for vercel deployment (#17)

app/(dashboard)/page.tsx
next.config.ts

commit 875dd38948c6b3e55bbd3363dc7af8bbfb461e3c
Author:     darshanbajgain-sys <darshan.bajgain@inicreatechnologies.com>
AuthorDate: 2025-08-27
Commit:     GitHub <noreply@github.com>
CommitDate: 2025-08-27

    fix: eslint errors and build errors (#16)

app/(dashboard)/dashboard/page.tsx
app/(dashboard)/settings/page.tsx
app/auth/login/page.tsx
app/auth/otp/page.tsx
app/auth/signup/page.tsx
app/content-publish/campaign/[name]/page.tsx
app/content-publish/page.tsx
app/design-system/page.tsx
app/sidebar-demo/page.tsx
app/topnav-demo/page.tsx
components/auth/RouteGuard.tsx
components/auth/VerificationGuard.tsx
components/auth/index.ts
components/common/Calender.tsx
components/common/ContentDetails.tsx
components/common/Dropdown-menu.tsx
components/common/MediaLibrary/AssetLibrary.tsx
components/common/MediaPreview.tsx
components/common/NotificationButton.tsx
components/common/NotificationPopover.tsx
components/common/TaskGroup.tsx
components/common/UploadAssetModal.tsx
components/common/components/LocationList.tsx
components/common/components/MetricsGrid.tsx
components/common/components/PerformanceChart.tsx
components/common/components/PlatformSelection.tsx
components/common/components/TimeDropdown.tsx
components/common/components/TimeRangeSelect.tsx
components/common/components/TopContentTable.tsx
components/common/components/VisibilityDropdown.tsx
components/common/hooks/useContentDetails.ts
components/common/hooks/useMediaHandling.ts
components/common/hooks/useTimeScheduling.ts
components/common/hooks/useVideoControls.ts
components/common/previews/TikTokPreview.tsx
components/icons/AdjustmentsIcon.tsx
components/icons/CogIcon.tsx
components/icons/DocumentIcon.tsx
components/icons/Filter-Dropdown.tsx
components/icons/GridIcon.tsx
components/icons/HomeIcon.tsx
components/icons/ListIcon.tsx
components/icons/LogoutIcon.tsx
components/icons/TargetIcon.tsx
components/ui/DynamicText.tsx
eslint.config.mjs
lib/api/authApi.ts
lib/api/cloudStorageApi.ts
lib/api/endpoints.ts
lib/api/socialApi.ts
lib/api/tasksApi.ts
lib/api/types.ts
lib/consts.ts
lib/design-system.ts
lib/hooks/mutations/useAuthMutations.ts
lib/hooks/mutations/useCampaignMutations.ts
lib/hooks/useCampaignDetails.ts
lib/hooks/useCloudStorage.ts
lib/hooks/useGoogleDriveAuth.ts
lib/icons.tsx
lib/locations-data.ts
lib/providers/UserProfileProvider.tsx
lib/useAuth.ts
lib/utils/authHelpers.ts
lib/utils/routingHelper.ts
tailwind.config.ts
types/ContentDetailsTypes.ts
types/MediaPreviewTypes.ts
types/tailwindcss-animate.d.ts
types/types.ts

commit 50343da10977cd24cd2c0e291e2d844263291752
Author:     Sanskar-Karki01 <sanskar.karki@inicreatechnologies.com>
AuthorDate: 2025-08-26
Commit:     GitHub <noreply@github.com>
CommitDate: 2025-08-26

    Dashboard (#15)
    
    * feat : created dashboard page refering the figma desgin
    
    * feat : social &streaming page , some design fixes

app/(dashboard)/dashboard/page.tsx
app/(dashboard)/layout.tsx
app/(dashboard)/social-streaming/page.tsx
app/forms-demo/page.tsx
app/globals.css
app/layout.tsx
components/common/ContentDetails.tsx
components/common/CreatePostForm.tsx
components/common/Dropdown.tsx
components/common/NotificationButton.tsx
components/common/NotificationPopover.tsx
components/common/TopPerformingPost.tsx
components/common/UploadAssetModal.tsx
components/common/components/DropdownCard.tsx
components/common/components/LocationList.tsx
components/common/components/MetricCard.tsx
components/common/components/MetricsGrid.tsx
components/common/components/PerformanceChart.tsx
components/common/components/TimeRangeSelect.tsx
components/common/components/TopContentTable.tsx
components/common/components/TopMetricsCards.tsx
components/common/components/TrendChart.tsx
components/common/components/VisibilityDropdown.tsx
components/common/input.tsx
components/common/label.tsx
components/common/types/types.ts
components/icons/Instagram.tsx
components/icons/index.ts
components/svg/NotificationSvg.tsx
components/ui/AITextarea.tsx
components/ui/PlatformSelector.tsx
components/ui/Select.tsx
components/ui/SidebarNav.tsx
lib/api/axiosInstance.ts
lib/consts.ts
lib/hooks/mutations/useAuthMutations.ts
lib/hooks/useGoogleDriveAuth.ts
lib/hooks/useLocalStorageAuth.ts
lib/hooks/useTopPerformingPosts.ts
lib/utils/routingHelper.ts
next.config.ts
public/profile-small.png
tailwind.config.js
yarn.lock

commit d92ac81755107dfbc291813e708bfe28861bda68
Author:     Jacob Stallings <jacobcstallings@icloud.com>
AuthorDate: 2025-08-24
Commit:     GitHub <noreply@github.com>
CommitDate: 2025-08-24

    Evo 1414 Top Performing Posts - example API usage (#12)
    
    * top performing posts getting instagram data no thumbnail yet
    
    * scheduledTime required in schema, date filter test

app/(dashboard)/page.tsx
app/content-publish/content-studio/page.tsx
components/common/TopPerformingPost.tsx
lib/api/contentApi.ts
lib/api/types.ts
lib/hooks/index.ts
lib/hooks/useTopPerformingPosts.ts
next.config.ts

commit 0231e84b0c89298d21641244e475ebf16516a551
Author:     Sanskar-Karki01 <sanskar.karki@inicreatechnologies.com>
AuthorDate: 2025-08-22
Commit:     GitHub <noreply@github.com>
CommitDate: 2025-08-22

    feat : created dashboard page refering the figma desgin (#13)

app/(dashboard)/dashboard/page.tsx
app/(dashboard)/layout.tsx
app/content-publish/content-calendar/page.tsx
app/content-publish/layout.tsx
app/globals.css
app/layout.tsx
components/common/Calender.tsx
components/common/DayTimeline.tsx
components/common/FollowersGrowthChart.tsx
components/common/TaskGroup.tsx
components/common/components/Button.tsx
components/common/components/MetricCard.tsx
components/common/ui/BlackCheckbox.tsx
components/icons/Instagram.tsx
components/icons/InstagramSvg.tsx
components/icons/SpotifySvg.tsx
components/styles/custom-calendar.css
components/svg/BadgeLvl1.tsx
components/svg/BadgeLvl2.tsx
components/svg/BadgeLvl3.tsx
components/svg/BadgeLvl4.tsx
components/svg/BadgeLvl5.tsx
components/svg/DateSvg.tsx
components/svg/GoogleCalendarSvg.tsx
components/svg/GrowthSvg.tsx
components/svg/MinusSvg.tsx
components/svg/PluseSvg.tsx
components/svg/TagSvg.tsx
components/svg/TimeSvg.tsx
components/ui/Button.tsx
components/ui/SidebarNav.tsx
components/ui/TopNav.tsx
lib/consts.ts
package-lock.json
package.json
tailwind.config.ts
yarn.lock

commit eb50f97870b2031e5b80713be169f6009aa5ff8e
Author:     Rajib Shrestha <33756765+Rajibshrestha59@users.noreply.github.com>
AuthorDate: 2025-08-19
Commit:     GitHub <noreply@github.com>
CommitDate: 2025-08-19

    Feat/drive integration (#11)
    
    * add: google drive integration completion
    
    * refactor: media upload preview refactored, select component refactored
    
    * feat: campgain details view, refactored post form

app/content-publish/campaign/[name]/page.tsx
app/content-publish/campaign/page.tsx
components/common/Content.tsx
components/common/ContentDetails.tsx
components/common/CreatePostForm.tsx
components/common/Dropdown.tsx
components/common/MediaLibrary/AssetLibrary.tsx
components/common/MediaLibrary/EmptyState.tsx
components/common/MediaLibrary/LoadingState.tsx
components/common/MediaLibrary/MediaAssetItem.tsx
components/common/MediaLibrary/MediaPreviewModal.tsx
components/common/MediaLibrary/README.md
components/common/MediaLibrary/SelectedMediaPreview.tsx
components/common/MediaLibrary/UploadSection.tsx
components/common/MediaLibrary/index.ts
components/common/MediaLibrary/types.ts
components/common/MediaLibraryModal.tsx
components/common/MediaPreview.tsx
components/common/UploadAssetModal.tsx
components/common/components/VisibilityDropdown.tsx
components/common/hooks/index.ts
components/common/hooks/useContentDetails.ts
components/common/hooks/useFileHandling.ts
components/common/hooks/useMediaLibraryLogic.ts
components/common/hooks/useMediaManagement.ts
components/common/hooks/useMediaPreview.ts
components/common/hooks/usePlatformManagement.ts
components/common/hooks/usePostScheduling.ts
components/icons/CheckmarkSvg.tsx
components/icons/ClockSvg.tsx
components/icons/DatabaseSvg.tsx
components/icons/DeleteSvg.tsx
components/icons/DocumentSvg.tsx
components/icons/EyeSvg.tsx
components/icons/Filter-Dropdown.tsx
components/icons/FolderSvg.tsx
components/icons/ImageSvg.tsx
components/icons/PlaySvg.tsx
components/icons/ReplaceSvg.tsx
components/icons/VideoSvg.tsx
components/icons/index.ts
components/ui/PlatformSelector.tsx
components/ui/Select.tsx
components/ui/ToastContainer.tsx
lib/api/authApi.ts
lib/api/cloudStorageApi.ts
lib/api/contentApi.ts
lib/api/endpoints.ts
lib/api/index.ts
lib/api/types.ts
lib/hooks/index.ts
lib/hooks/mutations/useAuthMutations.ts
lib/hooks/mutations/useCampaignMutations.ts
lib/hooks/useCampaignDetails.ts
lib/hooks/useCampaigns.ts
lib/hooks/useCloudStorage.ts
lib/hooks/useGoogleDriveAuth.ts
lib/providers/Providers.tsx
lib/useAuth.ts
package-lock.json
package.json
yarn.lock

commit a4951d317afb42ec22db3db651f13cfb4d6c473c
Author:     Rajib Shrestha <33756765+Rajibshrestha59@users.noreply.github.com>
AuthorDate: 2025-08-16
Commit:     GitHub <noreply@github.com>
CommitDate: 2025-08-16

    Feat/api integration (#10)
    
    * add: tanstack setup, authslice done
    
    * fix: failing on loading asset
    
    * fix: social api integration and shown the followers
    
    * add: upload assets display on the asset library
    
    * remove: console.log cleanedup
    
    * feat: create campaign api integration done
    
    * refactor: all the components for content details has been refactored
    
    * feat: scheduled post displayed on calendar
    
    * fix: tslint fix and scheduled post displayed on calendar view
    
    * revert: missing packages restored

app/(dashboard)/layout.tsx
app/auth/login/page.tsx
app/auth/otp/layout.tsx
app/auth/otp/page.tsx
app/auth/signup/page.tsx
app/content-publish/campaign/page.tsx
app/content-publish/content-calendar/page.tsx
app/content-publish/content-studio/page.tsx
app/layout.tsx
components/auth/OTPRoute.tsx
components/auth/RouteGuard.tsx
components/auth/VerificationGuard.tsx
components/auth/index.ts
components/common/ActionButtons.tsx
components/common/Calender.tsx
components/common/Content.tsx
components/common/ContentDetails.tsx
components/common/CreateCampaignModal.tsx
components/common/CreatePostForm.tsx
components/common/Dropdown-menu.tsx
components/common/MediaLibraryModal.tsx
components/common/MediaPreview.README.md
components/common/MediaPreview.tsx
components/common/SocialTasks.tsx
components/common/Socials.tsx
components/common/Tasks.tsx
components/common/UploadAssetModal.tsx
components/common/components/PlatformSelection.tsx
components/common/components/TimeDropdown.tsx
components/common/components/VisibilityDropdown.tsx
components/common/hooks/index.ts
components/common/hooks/useCarousel.ts
components/common/hooks/useContentDetails.ts
components/common/hooks/useKeyboardNavigation.ts
components/common/hooks/useMediaHandling.ts
components/common/hooks/useTimeScheduling.ts
components/common/hooks/useTouchNavigation.ts
components/common/hooks/useVideoControls.ts
components/common/previews/InstagramPreview.tsx
components/common/previews/TikTokPreview.tsx
components/common/previews/index.ts
components/common/types/ContentDetailsTypes.ts
components/common/types/MediaPreviewTypes.ts
components/common/ui/CarouselIndicators.tsx
components/common/ui/CarouselNavigation.tsx
components/common/ui/MediaCounter.tsx
components/common/ui/VideoControls.tsx
components/common/ui/index.ts
components/icons/BackSvg.tsx
components/icons/CalendarSvg.tsx
components/icons/CheckmarkSvg.tsx
components/icons/ClockSvg.tsx
components/icons/CloseSvg.tsx
components/icons/GrowthArrowSvg.tsx
components/icons/LocationPinSvg.tsx
components/icons/SearchSvg.tsx
components/icons/SoundcloudSvg.tsx
components/icons/SpotifySvg.tsx
components/icons/TwitterSvg.tsx
components/layout/DashboardBackground.tsx
components/ui/Input.tsx
components/ui/Toast.tsx
components/ui/ToastContainer.tsx
components/ui/TopNav.tsx
lib/api/authApi.ts
lib/api/axiosInstance.ts
lib/api/contentApi.ts
lib/api/endpoints.ts
lib/api/index.ts
lib/api/socialApi.ts
lib/api/tasksApi.ts
lib/api/types.ts
lib/contexts/ToastContext.tsx
lib/docs/Authentication-Flow-Guide.md
lib/hooks/index.ts
lib/hooks/mutations/useAuthMutations.ts
lib/hooks/mutations/useCampaignMutations.ts
lib/hooks/useCampaigns.ts
lib/hooks/useContentAssets.ts
lib/hooks/useLocalStorageAuth.ts
lib/hooks/useProjects.ts
lib/hooks/useScheduledPosts.ts
lib/hooks/useSocial.ts
lib/hooks/useTasks.ts
lib/icons.tsx
lib/providers/Providers.tsx
lib/providers/QueryProvider.tsx
lib/providers/UserProfileProvider.tsx
lib/store/authSlice.ts
lib/store/index.ts
lib/store/uiSlice.ts
lib/useAuth.ts
lib/utils/authHelpers.ts
lib/utils/routingHelper.ts
next.config.ts
package.json
yarn.lock

commit aef5a404390db6e12af9cf822a7a882876879cf6
Author:     Sanskar-Karki01 <sanskar.karki@inicreatechnologies.com>
AuthorDate: 2025-07-30
Commit:     GitHub <noreply@github.com>
CommitDate: 2025-07-30

    Feat/design patch (#9)
    
    * fix : auth page fixes
    
    * fix : auth page and navigation optimization
    
    * fix : changes in file structure , alignment of dashbard and socail straemin, sidebar fixes

.hintrc
app/(dashboard)/dashboard/page.tsx
app/(dashboard)/layout.tsx
app/(dashboard)/page.tsx
app/(dashboard)/social-streaming/page.tsx
app/auth/login/page.tsx
app/auth/otp/page.tsx
app/auth/signup/page.tsx
app/content-publish/campaign/page.tsx
app/content-publish/content-calendar/page.tsx
app/content-publish/content-studio/page.tsx
app/globals.css
app/layout.tsx
components/common/Calender.tsx
components/common/CampaignHeader.tsx
components/common/Content.tsx
components/common/ContentStudioFilterModal.tsx
components/common/CreateCampaignModal.tsx
components/common/FilterModal.tsx
components/common/TopPerformingPost.tsx
components/icons/BackSvg.tsx
components/icons/CommonSvg.tsx
components/layout/DashboardBackground.tsx
components/styles/auth-styles.css
components/styles/custom-calendar.css
components/ui/CalendarPicker.tsx
components/ui/Input.tsx
components/ui/RangeSlider.tsx
components/ui/RoutePreloader.tsx
components/ui/RouteTransition.tsx
components/ui/SidebarNav.tsx
components/ui/TopNav.tsx
lib/hooks/useNavigation.ts
utils/index.ts
utils/otpValidation.ts

commit f7564ef12ff9e6ea1305364e5b7c14cd281546ca
Author:     Sanskar-Karki01 <sanskar.karki@inicreatechnologies.com>
AuthorDate: 2025-07-21
Commit:     GitHub <noreply@github.com>
CommitDate: 2025-07-21

    feat : auth pagees desgin and some functionlaity implementation (#7)

app/auth/layout.tsx
app/auth/login/page.tsx
app/auth/otp/page.tsx
app/auth/signup/page.tsx
app/content-publish/campaign/[name]/page.tsx
app/globals.css
app/page.tsx
components/icons/FacebookSvg.tsx
components/icons/FilterTrendSvg.tsx
components/icons/GenesisSvg.tsx
components/icons/GoogleSvg.tsx
components/icons/LoginImgSvg.tsx
components/icons/ProfileSvg.tsx
components/icons/RightArrowSvg.tsx
components/icons/StarSvg.tsx
components/icons/TwoStarSvg.tsx
components/ui/Input.tsx
package-lock.json
package.json
public/group.svg
public/logo.svg

commit f5a56abedd810677e0447e0833f79a94c7667764
Author:     Sanskar-Karki01 <sanskar.karki@inicreatechnologies.com>
AuthorDate: 2025-07-21
Commit:     GitHub <noreply@github.com>
CommitDate: 2025-07-21

    Feat/campaign (#6)
    
    * feat : redesigned create content
    
    * feat : multiple image or video post ,fixed breadcrumbs, sidebar and top nav
    
    * feat : added login signup and otp page

.vscode/c_cpp_properties.json
.vscode/launch.json
.vscode/settings.json
app/(dashboard)/layout.tsx
app/auth/layout.tsx
app/auth/login/page.tsx
app/auth/otp/page.tsx
app/auth/page.tsx
app/auth/signup/page.tsx
app/content-publish/campaign/[name]/page.tsx
app/content-publish/campaign/page.tsx
app/content-publish/content-calendar/create/page.tsx
app/content-publish/content-studio/page.tsx
app/content-publish/layout.tsx
app/globals.css
app/layout.tsx
components/common/ActionButtons.tsx
components/common/Calender.tsx
components/common/Content.tsx
components/common/ContentDetails.tsx
components/common/CreateContent.tsx
components/common/CreatePostForm.tsx
components/common/MediaLibraryModal.tsx
components/common/MediaPreview.tsx
components/common/MediaPreviewSection.tsx
components/icons/FacebookSvg.tsx
components/icons/GenesisSvg.tsx
components/icons/GoogleSvg.tsx
components/icons/HarddiskSvg.tsx
components/icons/LocationSvg.tsx
components/icons/LoginImgSvg.tsx
components/icons/NoMediaPreview.tsx
components/icons/ProfileSvg.tsx
components/icons/RightArrowSvg.tsx
components/icons/TwoStarSvg.tsx
components/icons/UploadSvg.tsx
components/styles/custom-calendar.css
components/ui/CalendarPicker.tsx
components/ui/PlatformSelector.tsx
components/ui/Select.tsx
components/ui/SidebarNav.tsx
components/ui/TopNav.tsx
input.tsx
label.tsx
lib/locations-data.ts
lib/utils.ts
package-lock.json
package.json
tailwind.config.ts

commit 4da7f1959563cb33e88c88d5ddb49e894f3ecaea
Author:     Sans <sanskar.karki@inicreatechnologies.com>
AuthorDate: 2025-07-13
Commit:     Sans <sanskar.karki@inicreatechnologies.com>
CommitDate: 2025-07-13

    feat : added create post

app/content-publish/content-calendar/create/page.tsx
components/common/Calender.tsx
components/common/CreatePostForm.tsx
components/common/CreatePostModal.tsx
components/common/MediaPreview.tsx
components/icons/ArrowSvg.tsx
components/icons/NoMediaPreview.tsx
components/icons/TwoStarSvg.tsx
components/icons/UploadSvg.tsx
components/ui/AITextarea.tsx
components/ui/DateTimePicker.tsx
components/ui/MediaUpload.tsx
components/ui/PlatformSelector.tsx
lib/navigation-config.tsx

commit cd383baff0c9a3ad9d47cea581d5acf64e4309a1
Author:     Sans <sanskar.karki@inicreatechnologies.com>
AuthorDate: 2025-07-11
Commit:     Sans <sanskar.karki@inicreatechnologies.com>
CommitDate: 2025-07-11

    feat : adde upload asset ui, fixed filter popover in campaign , added evntes in montly view, drag and drop in grid view

app/content-publish/campaign/[id]/page.tsx
app/content-publish/campaign/page.tsx
app/content-publish/content-studio/page.tsx
components/common/Calender.tsx
components/common/CampaignFilterModal.tsx
components/common/Content.tsx
components/common/ContentTable.tsx
components/common/CreateCampaignModal.tsx
components/common/CreateContent.tsx
components/common/FilterModal.tsx
components/common/UploadAssetModal.tsx
components/icons/DriveSvg.tsx
components/icons/DropboxSvg.tsx
components/icons/HarddiskSvg.tsx
components/styles/custom-calendar.css

commit 38d10a372c7517ac949a10f13ba2840081c0a256
Author:     Sans <sanskar.karki@inicreatechnologies.com>
AuthorDate: 2025-07-10
Commit:     Sans <sanskar.karki@inicreatechnologies.com>
CommitDate: 2025-07-10

    Added ui consistency in calendar, added filter in contet section , upload asset ui

app/content-publish/content-calendar/page.tsx
app/content-publish/content-studio/page.tsx
components/common/Calender.tsx
components/common/ContentStudioFilterModal.tsx
components/common/UploadAssetModal.tsx
components/icons/Settings.tsx

commit e4924905dfe38bd1cc3befcb6897538a32b32578
Author:     Sanskar-Karki01 <sanskar.karki@inicreatechnologies.com>
AuthorDate: 2025-07-10
Commit:     GitHub <noreply@github.com>
CommitDate: 2025-07-10

    Feat/campaign (#4)
    
    * feat : Added campaign page
    
    * feat: Added create campaign and individual routing for campaign name , filter modal ui
    
    * feat: sidebar routing functional, weekly view ui fix, filter ui, content calendar added
    
    * feat : calendar weekly view fixes, filter design and date picker fixed, and some minor ui desgin changes

app/content-publish/campaign/[id]/page.tsx
app/content-publish/campaign/page.tsx
app/content-publish/content-calendar/page.tsx
app/content-publish/content-studio/page.tsx
app/favicon.ico
app/layout.tsx
app/page.tsx
components/common/Calender.tsx
components/common/ContentTable.tsx
components/common/CreateContent.tsx
components/common/FilterModal.tsx
components/common/Tasks.tsx
components/icons/ContentImageSvg.tsx
components/icons/FilterTrendSvg.tsx
components/icons/Streaming.tsx
components/icons/Task.tsx
components/styles/custom-calendar.css
components/ui/RangeSlider.tsx
components/ui/SidebarNav.tsx
components/ui/TopNav.tsx
public/contentImg.png

commit e743ea5b06db94bfc4abc87718f56edf80eaf2fe
Author:     Sans <sanskar.karki@inicreatechnologies.com>
AuthorDate: 2025-07-09
Commit:     Sans <sanskar.karki@inicreatechnologies.com>
CommitDate: 2025-07-09

    feat : calendar weekly view fixes, filter design and date picker fixed, and some minor ui desgin changes

app/content-publish/content-calendar/page.tsx
app/content-publish/content-studio/page.tsx
app/favicon.ico
app/layout.tsx
app/page.tsx
components/common/Calender.tsx
components/common/CreateContent.tsx
components/common/FilterModal.tsx
components/icons/ContentImageSvg.tsx
components/icons/Streaming.tsx
components/icons/Task.tsx
components/styles/custom-calendar.css
components/ui/SidebarNav.tsx
components/ui/TopNav.tsx
public/contentImg.png

commit 930fed9f6dc5a630aea37782e507406814fdae94
Author:     Sans <sanskar.karki@inicreatechnologies.com>
AuthorDate: 2025-07-08
Commit:     Sans <sanskar.karki@inicreatechnologies.com>
CommitDate: 2025-07-08

    feat: sidebar routing functional, weekly view ui fix, filter ui, content calendar added

app/content-publish/campaign/[id]/page.tsx
app/content-publish/campaign/page.tsx
app/content-publish/content-calendar/page.tsx
app/content-publish/content-studio/page.tsx
components/common/Calender.tsx
components/common/ContentTable.tsx
components/common/FilterModal.tsx
components/common/Tasks.tsx
components/icons/FilterTrendSvg.tsx
components/styles/custom-calendar.css
components/ui/RangeSlider.tsx
components/ui/SidebarNav.tsx

commit 52fe9fb15e19e2f4c319c9b32b8732f886749dc0
Author:     Sanskar-Karki01 <sanskar.karki@inicreatechnologies.com>
AuthorDate: 2025-07-07
Commit:     GitHub <noreply@github.com>
CommitDate: 2025-07-07

    feat : Added campaign page (#3)
    
    * feat : Added campaign page
    
    * feat: Added create campaign and individual routing for campaign name , filter modal ui

README.md
app/content-publish/campaign/[id]/page.tsx
app/content-publish/campaign/page.tsx
app/content-publish/content-studio/page.tsx
app/content-publish/layout.tsx
app/content-publish/page.tsx
app/globals.css
app/page.tsx
components/common/Calender.tsx
components/common/CampaignHeader.tsx
components/common/Checkbox.tsx
components/common/ContentTable.tsx
components/common/CreateCampaignModal.tsx
components/common/Dropdown-menu.tsx
components/common/Dropdown.tsx
components/common/FilterModal.tsx
components/common/StatusBadge.tsx
components/common/StatusTabs.tsx
components/icons/Add.tsx
components/icons/DropDownSvg.tsx
components/icons/Filter-Dropdown.tsx
components/icons/LoveEmog.tsx
components/icons/PenSvg.tsx
components/icons/StarSvg.tsx
components/icons/Tiktok.tsx
components/icons/TiktokSvg.tsx
components/icons/WhiteStarSvg.tsx
components/styles/custom-calendar.css
components/ui/AITextarea.tsx
components/ui/Button.tsx
components/ui/CalendarPicker.tsx
components/ui/ColorPicker.tsx
components/ui/GlassmorphismCard.tsx
components/ui/Modal.tsx
components/ui/RangeSlider.tsx
components/ui/SearchInput.tsx
components/ui/Select.tsx
components/ui/SelectDropdown.tsx
components/ui/SidebarNav.tsx
components/ui/TopNav.tsx
lib/hooks/useNavigation.ts
lib/navigation-config.tsx
package-lock.json
package.json
types/campaign.ts

commit fc8ba1866c4e1828d3df66174aabc1cd33614578
Author:     Sans <sanskar.karki@inicreatechnologies.com>
AuthorDate: 2025-07-07
Commit:     Sans <sanskar.karki@inicreatechnologies.com>
CommitDate: 2025-07-07

    feat: Added create campaign and individual routing for campaign name , filter modal ui

app/content-publish/campaign/[id]/page.tsx
app/content-publish/campaign/page.tsx
app/globals.css
components/common/CampaignHeader.tsx
components/common/ContentTable.tsx
components/common/CreateCampaignModal.tsx
components/common/FilterModal.tsx
components/common/StatusBadge.tsx
components/common/StatusTabs.tsx
components/icons/PenSvg.tsx
components/icons/StarSvg.tsx
components/icons/WhiteStarSvg.tsx
components/ui/AITextarea.tsx
components/ui/Button.tsx
components/ui/CalendarPicker.tsx
components/ui/ColorPicker.tsx
components/ui/GlassmorphismCard.tsx
components/ui/Modal.tsx
components/ui/RangeSlider.tsx
components/ui/SearchInput.tsx
components/ui/SelectDropdown.tsx
lib/hooks/useNavigation.ts
package-lock.json
package.json
types/campaign.ts

commit cc39ce829ef8340bf53ab053e0cb240d25d1c323
Author:     Sans <sanskar.karki@inicreatechnologies.com>
AuthorDate: 2025-07-06
Commit:     Sans <sanskar.karki@inicreatechnologies.com>
CommitDate: 2025-07-06

    feat : Added campaign page

README.md
app/content-publish/campaign/page.tsx
app/content-publish/content-studio/page.tsx
app/content-publish/layout.tsx
app/content-publish/page.tsx
app/page.tsx
components/common/Calender.tsx
components/common/Checkbox.tsx
components/common/Dropdown-menu.tsx
components/common/Dropdown.tsx
components/icons/Add.tsx
components/icons/DropDownSvg.tsx
components/icons/Filter-Dropdown.tsx
components/icons/LoveEmog.tsx
components/icons/Tiktok.tsx
components/icons/TiktokSvg.tsx
components/styles/custom-calendar.css
components/ui/Select.tsx
components/ui/SidebarNav.tsx
components/ui/TopNav.tsx
lib/hooks/useNavigation.ts
lib/navigation-config.tsx

commit ab2e8774d3748e8dbfcf35de0ac7423044f0a456
Author:     Sanskar-Karki01 <sanskar.karki@inicreatechnologies.com>
AuthorDate: 2025-07-04
Commit:     GitHub <noreply@github.com>
CommitDate: 2025-07-04

    Merge pull request #2 from Genesis-Technologies-LLC/feat/content-publish/content-studio
    
    feat: content pstudio ui

app/(dashboard)/content-studio/page.tsx
app/(dashboard)/layout.tsx
app/globals.css
app/layout.tsx
components/common/Calender.tsx
components/common/CreateContent.tsx
components/common/NotificationButton.tsx
components/common/NotificationPopover.tsx
components/common/Socials.tsx
components/common/Tasks.tsx
components/common/TopPerformingPost.tsx
components/icons/Add.tsx
components/icons/Comment.tsx
components/icons/Growth.tsx
components/icons/Instagram.tsx
components/icons/InstagramPlatform.tsx
components/icons/LoveEmog.tsx
components/icons/Notification.tsx
components/icons/Save.tsx
components/icons/Share.tsx
components/icons/Task.tsx
components/icons/Tiktok.tsx
components/styles/custom-calendar.css
components/ui/Input.tsx
components/ui/SidebarNav.tsx
components/ui/TopNav.tsx
lib/localizer.ts
package-lock.json
package.json
public/tap-1.svg
public/tap.svg

commit d53612912581323d7ff587d5c0df72a5accbd811
Author:     Sans <sanskar.karki@inicreatechnologies.com>
AuthorDate: 2025-07-03
Commit:     Sans <sanskar.karki@inicreatechnologies.com>
CommitDate: 2025-07-03

    feat : content publish page

app/(dashboard)/content-studio/campaign/page.tsx
app/(dashboard)/content-studio/page.tsx
app/(dashboard)/layout.tsx
app/(dashboard)/page.tsx
app/globals.css
app/layout.tsx
app/page.tsx
components/common/Calender.tsx
components/icons/Add.tsx
components/icons/BuzzFactory.tsx
components/icons/Comment.tsx
components/icons/ContentPublish.tsx
components/icons/Growth.tsx
components/icons/Home.tsx
components/icons/Instagram.tsx
components/icons/InstagramPlatform.tsx
components/icons/Level2.tsx
components/icons/Logout.tsx
components/icons/LoveEmog.tsx
components/icons/Notification.tsx
components/icons/Playlist.tsx
components/icons/Save.tsx
components/icons/Services.tsx
components/icons/Settings.tsx
components/icons/Share.tsx
components/icons/Streaming.tsx
components/icons/Task.tsx
components/icons/Tiktok.tsx
components/ui/SidebarNav.tsx
components/ui/TopNav.tsx
lib/hooks/useNavigation.ts
lib/localizer.ts
package-lock.json
package.json
public/badges.svg
public/calendar2.svg
public/circle.svg
public/file copy.svg
public/file.svg
public/forward.svg
public/globe.svg
public/group.svg
public/home.svg
public/list.svg
public/logo.svg
public/menu.svg
public/slider.svg
public/tap-1.svg
public/tap.svg
public/window.svg

commit 6abd12eb2942e6bd6c36af07f56d36ead3a301cf
Author:     Rajib Shresth <rajibstha059@gmail.com>
AuthorDate: 2025-07-02
Commit:     Rajib Shresth <rajibstha059@gmail.com>
CommitDate: 2025-07-02

    add: default screen setup done

.gitignore
.vscode/settings.json
README.md
app/(dashboard)/content-studio/page.tsx
app/(dashboard)/dashboard/page.tsx
app/(dashboard)/layout.tsx
app/(dashboard)/page.tsx
app/(dashboard)/settings/page.tsx
app/(dashboard)/social-streaming/page.tsx
app/design-system/page.tsx
app/forms-demo/page.tsx
app/globals.css
app/page.tsx
app/sidebar-demo/page.tsx
app/topnav-demo/page.tsx
components/layout/DashboardBackground.tsx
components/layout/index.ts
components/ui/CountrySearchInput.tsx
components/ui/DynamicText.tsx
components/ui/Input.tsx
components/ui/Select.tsx
components/ui/SidebarNav.tsx
components/ui/TopNav.tsx
components/ui/Typography.tsx
lib/design-system.ts
lib/hooks/useNavigation.ts
lib/icons.tsx
lib/index.ts
lib/navigation-config.tsx
lib/utils.ts
package-lock.json
package.json
public/badges.svg
public/calendar2.svg
public/circle.svg
public/file copy.svg
public/forward.svg
public/group.svg
public/home.svg
public/list.svg
public/logo.svg
public/menu.svg
public/slider.svg
public/tap-1.svg
public/tap.svg
tailwind.config.js

commit 93b504562206ba7183846b6e3c3f92a06464ce80
Author:     Rajib Shresth <rajibstha059@gmail.com>
AuthorDate: 2025-06-28
Commit:     Rajib Shresth <rajibstha059@gmail.com>
CommitDate: 2025-06-28

    add: initial setup for color palette and buttons added

.gitignore
README.md
app/design-system/page.tsx
app/favicon.ico
app/globals.css
app/layout.tsx
app/page.tsx
components/ui/Button.tsx
components/ui/Card.tsx
components/ui/Input.tsx
components/ui/StatusIndicator.tsx
components/ui/Typography.tsx
eslint.config.mjs
lib/design-system.ts
lib/utils.ts
next.config.ts
package-lock.json
package.json
postcss.config.mjs
public/file.svg
public/globe.svg
public/next.svg
public/vercel.svg
public/window.svg
tsconfig.json
