commit af5e3118fbcd2dd461c1de5e5e8979a6c2467447
Author:     Jacob Stallings <jacobcstallings@icloud.com>
AuthorDate: 2023-12-15
Commit:     Jacob Stallings <jacobcstallings@icloud.com>
CommitDate: 2023-12-15

    blah

showcase.py

commit c34f9f4d235fb2a8146371af7ca3a9b6b90578db
Author:     Jacob Stallings <jacobcstallings@icloud.com>
AuthorDate: 2023-12-15
Commit:     Jacob Stallings <jacobcstallings@icloud.com>
CommitDate: 2023-12-15

    new trimmed dataset

ChordGeneration/notebooks/data.ipynb
ChordGeneration/notebooks/explore.ipynb
ChordGeneration/notebooks/ireal_simplified.csv
ChordGeneration/selected_dataset/ireal-pro_0.jams
ChordGeneration/selected_dataset/ireal-pro_1.jams
ChordGeneration/selected_dataset/ireal-pro_10.jams
ChordGeneration/selected_dataset/ireal-pro_100.jams
ChordGeneration/selected_dataset/ireal-pro_1000.jams
ChordGeneration/selected_dataset/ireal-pro_1001.jams
ChordGeneration/selected_dataset/ireal-pro_1002.jams
ChordGeneration/selected_dataset/ireal-pro_1003.jams
ChordGeneration/selected_dataset/ireal-pro_1004.jams
ChordGeneration/selected_dataset/ireal-pro_1005.jams
ChordGeneration/selected_dataset/ireal-pro_1006.jams
ChordGeneration/selected_dataset/ireal-pro_1007.jams
ChordGeneration/selected_dataset/ireal-pro_1008.jams
ChordGeneration/selected_dataset/ireal-pro_1009.jams
ChordGeneration/selected_dataset/ireal-pro_101.jams
ChordGeneration/selected_dataset/ireal-pro_1010.jams
ChordGeneration/selected_dataset/ireal-pro_1011.jams
ChordGeneration/selected_dataset/ireal-pro_1012.jams
ChordGeneration/selected_dataset/ireal-pro_1013.jams
ChordGeneration/selected_dataset/ireal-pro_1014.jams
ChordGeneration/selected_dataset/ireal-pro_1015.jams
ChordGeneration/selected_dataset/ireal-pro_1016.jams
ChordGeneration/selected_dataset/ireal-pro_1017.jams
ChordGeneration/selected_dataset/ireal-pro_1018.jams
ChordGeneration/selected_dataset/ireal-pro_1019.jams
ChordGeneration/selected_dataset/ireal-pro_102.jams
ChordGeneration/selected_dataset/ireal-pro_1020.jams
ChordGeneration/selected_dataset/ireal-pro_1021.jams
ChordGeneration/selected_dataset/ireal-pro_1022.jams
ChordGeneration/selected_dataset/ireal-pro_1023.jams
ChordGeneration/selected_dataset/ireal-pro_1024.jams
ChordGeneration/selected_dataset/ireal-pro_1025.jams
ChordGeneration/selected_dataset/ireal-pro_1026.jams
ChordGeneration/selected_dataset/ireal-pro_1027.jams
ChordGeneration/selected_dataset/ireal-pro_1028.jams
ChordGeneration/selected_dataset/ireal-pro_1029.jams
ChordGeneration/selected_dataset/ireal-pro_103.jams
ChordGeneration/selected_dataset/ireal-pro_1030.jams
ChordGeneration/selected_dataset/ireal-pro_1031.jams
ChordGeneration/selected_dataset/ireal-pro_1032.jams
ChordGeneration/selected_dataset/ireal-pro_1033.jams
ChordGeneration/selected_dataset/ireal-pro_1034.jams
ChordGeneration/selected_dataset/ireal-pro_1035.jams
ChordGeneration/selected_dataset/ireal-pro_1036.jams
ChordGeneration/selected_dataset/ireal-pro_1037.jams
ChordGeneration/selected_dataset/ireal-pro_1038.jams
ChordGeneration/selected_dataset/ireal-pro_1039.jams
ChordGeneration/selected_dataset/ireal-pro_104.jams
ChordGeneration/selected_dataset/ireal-pro_1040.jams
ChordGeneration/selected_dataset/ireal-pro_1041.jams
ChordGeneration/selected_dataset/ireal-pro_1042.jams
ChordGeneration/selected_dataset/ireal-pro_1043.jams
ChordGeneration/selected_dataset/ireal-pro_1044.jams
ChordGeneration/selected_dataset/ireal-pro_1045.jams
ChordGeneration/selected_dataset/ireal-pro_1046.jams
ChordGeneration/selected_dataset/ireal-pro_1047.jams
ChordGeneration/selected_dataset/ireal-pro_1048.jams
ChordGeneration/selected_dataset/ireal-pro_1049.jams
ChordGeneration/selected_dataset/ireal-pro_105.jams
ChordGeneration/selected_dataset/ireal-pro_1050.jams
ChordGeneration/selected_dataset/ireal-pro_1051.jams
ChordGeneration/selected_dataset/ireal-pro_1052.jams
ChordGeneration/selected_dataset/ireal-pro_1053.jams
ChordGeneration/selected_dataset/ireal-pro_1054.jams
ChordGeneration/selected_dataset/ireal-pro_1055.jams
ChordGeneration/selected_dataset/ireal-pro_1056.jams
ChordGeneration/selected_dataset/ireal-pro_1057.jams
ChordGeneration/selected_dataset/ireal-pro_1058.jams
ChordGeneration/selected_dataset/ireal-pro_1059.jams
ChordGeneration/selected_dataset/ireal-pro_106.jams
ChordGeneration/selected_dataset/ireal-pro_1060.jams
ChordGeneration/selected_dataset/ireal-pro_1061.jams
ChordGeneration/selected_dataset/ireal-pro_1062.jams
ChordGeneration/selected_dataset/ireal-pro_1063.jams
ChordGeneration/selected_dataset/ireal-pro_1064.jams
ChordGeneration/selected_dataset/ireal-pro_1065.jams
ChordGeneration/selected_dataset/ireal-pro_1066.jams
ChordGeneration/selected_dataset/ireal-pro_1067.jams
ChordGeneration/selected_dataset/ireal-pro_1068.jams
ChordGeneration/selected_dataset/ireal-pro_1069.jams
ChordGeneration/selected_dataset/ireal-pro_107.jams
ChordGeneration/selected_dataset/ireal-pro_1070.jams
ChordGeneration/selected_dataset/ireal-pro_1071.jams
ChordGeneration/selected_dataset/ireal-pro_1072.jams
ChordGeneration/selected_dataset/ireal-pro_1073.jams
ChordGeneration/selected_dataset/ireal-pro_1074.jams
ChordGeneration/selected_dataset/ireal-pro_1075.jams
ChordGeneration/selected_dataset/ireal-pro_1076.jams
ChordGeneration/selected_dataset/ireal-pro_1077.jams
ChordGeneration/selected_dataset/ireal-pro_1078.jams
ChordGeneration/selected_dataset/ireal-pro_1079.jams
ChordGeneration/selected_dataset/ireal-pro_108.jams
ChordGeneration/selected_dataset/ireal-pro_1080.jams
ChordGeneration/selected_dataset/ireal-pro_1081.jams
ChordGeneration/selected_dataset/ireal-pro_1082.jams
ChordGeneration/selected_dataset/ireal-pro_1083.jams
ChordGeneration/selected_dataset/ireal-pro_1084.jams
ChordGeneration/selected_dataset/ireal-pro_1085.jams
ChordGeneration/selected_dataset/ireal-pro_1086.jams
ChordGeneration/selected_dataset/ireal-pro_1087.jams
ChordGeneration/selected_dataset/ireal-pro_1088.jams
ChordGeneration/selected_dataset/ireal-pro_1089.jams
ChordGeneration/selected_dataset/ireal-pro_109.jams
ChordGeneration/selected_dataset/ireal-pro_1090.jams
ChordGeneration/selected_dataset/ireal-pro_1091.jams
ChordGeneration/selected_dataset/ireal-pro_1092.jams
ChordGeneration/selected_dataset/ireal-pro_1093.jams
ChordGeneration/selected_dataset/ireal-pro_1094.jams
ChordGeneration/selected_dataset/ireal-pro_1095.jams
ChordGeneration/selected_dataset/ireal-pro_1096.jams
ChordGeneration/selected_dataset/ireal-pro_1097.jams
ChordGeneration/selected_dataset/ireal-pro_1098.jams
ChordGeneration/selected_dataset/ireal-pro_1099.jams
ChordGeneration/selected_dataset/ireal-pro_11.jams
ChordGeneration/selected_dataset/ireal-pro_110.jams
ChordGeneration/selected_dataset/ireal-pro_1100.jams
ChordGeneration/selected_dataset/ireal-pro_1101.jams
ChordGeneration/selected_dataset/ireal-pro_1102.jams
ChordGeneration/selected_dataset/ireal-pro_1103.jams
ChordGeneration/selected_dataset/ireal-pro_1104.jams
ChordGeneration/selected_dataset/ireal-pro_1105.jams
ChordGeneration/selected_dataset/ireal-pro_1106.jams
ChordGeneration/selected_dataset/ireal-pro_1107.jams
ChordGeneration/selected_dataset/ireal-pro_1108.jams
ChordGeneration/selected_dataset/ireal-pro_1109.jams
ChordGeneration/selected_dataset/ireal-pro_111.jams
ChordGeneration/selected_dataset/ireal-pro_1110.jams
ChordGeneration/selected_dataset/ireal-pro_1111.jams
ChordGeneration/selected_dataset/ireal-pro_1112.jams
ChordGeneration/selected_dataset/ireal-pro_1113.jams
ChordGeneration/selected_dataset/ireal-pro_1114.jams
ChordGeneration/selected_dataset/ireal-pro_1115.jams
ChordGeneration/selected_dataset/ireal-pro_1116.jams
ChordGeneration/selected_dataset/ireal-pro_1117.jams
ChordGeneration/selected_dataset/ireal-pro_1118.jams
ChordGeneration/selected_dataset/ireal-pro_1119.jams
ChordGeneration/selected_dataset/ireal-pro_112.jams
ChordGeneration/selected_dataset/ireal-pro_1120.jams
ChordGeneration/selected_dataset/ireal-pro_1121.jams
ChordGeneration/selected_dataset/ireal-pro_1122.jams
ChordGeneration/selected_dataset/ireal-pro_1123.jams
ChordGeneration/selected_dataset/ireal-pro_1124.jams
ChordGeneration/selected_dataset/ireal-pro_1125.jams
ChordGeneration/selected_dataset/ireal-pro_1126.jams
ChordGeneration/selected_dataset/ireal-pro_1127.jams
ChordGeneration/selected_dataset/ireal-pro_1128.jams
ChordGeneration/selected_dataset/ireal-pro_1129.jams
ChordGeneration/selected_dataset/ireal-pro_113.jams
ChordGeneration/selected_dataset/ireal-pro_1130.jams
ChordGeneration/selected_dataset/ireal-pro_1131.jams
ChordGeneration/selected_dataset/ireal-pro_1132.jams
ChordGeneration/selected_dataset/ireal-pro_1133.jams
ChordGeneration/selected_dataset/ireal-pro_1134.jams
ChordGeneration/selected_dataset/ireal-pro_1135.jams
ChordGeneration/selected_dataset/ireal-pro_1136.jams
ChordGeneration/selected_dataset/ireal-pro_1137.jams
ChordGeneration/selected_dataset/ireal-pro_1138.jams
ChordGeneration/selected_dataset/ireal-pro_1139.jams
ChordGeneration/selected_dataset/ireal-pro_114.jams
ChordGeneration/selected_dataset/ireal-pro_1140.jams
ChordGeneration/selected_dataset/ireal-pro_1141.jams
ChordGeneration/selected_dataset/ireal-pro_1142.jams
ChordGeneration/selected_dataset/ireal-pro_1143.jams
ChordGeneration/selected_dataset/ireal-pro_1144.jams
ChordGeneration/selected_dataset/ireal-pro_1145.jams
ChordGeneration/selected_dataset/ireal-pro_1146.jams
ChordGeneration/selected_dataset/ireal-pro_1147.jams
ChordGeneration/selected_dataset/ireal-pro_1148.jams
ChordGeneration/selected_dataset/ireal-pro_1149.jams
ChordGeneration/selected_dataset/ireal-pro_115.jams
ChordGeneration/selected_dataset/ireal-pro_1150.jams
ChordGeneration/selected_dataset/ireal-pro_1151.jams
ChordGeneration/selected_dataset/ireal-pro_1152.jams
ChordGeneration/selected_dataset/ireal-pro_1153.jams
ChordGeneration/selected_dataset/ireal-pro_1154.jams
ChordGeneration/selected_dataset/ireal-pro_1155.jams
ChordGeneration/selected_dataset/ireal-pro_1156.jams
ChordGeneration/selected_dataset/ireal-pro_1157.jams
ChordGeneration/selected_dataset/ireal-pro_1158.jams
ChordGeneration/selected_dataset/ireal-pro_1159.jams
ChordGeneration/selected_dataset/ireal-pro_116.jams
ChordGeneration/selected_dataset/ireal-pro_1160.jams
ChordGeneration/selected_dataset/ireal-pro_1161.jams
ChordGeneration/selected_dataset/ireal-pro_1162.jams
ChordGeneration/selected_dataset/ireal-pro_1163.jams
ChordGeneration/selected_dataset/ireal-pro_1164.jams
ChordGeneration/selected_dataset/ireal-pro_1165.jams
ChordGeneration/selected_dataset/ireal-pro_1166.jams
ChordGeneration/selected_dataset/ireal-pro_1167.jams
ChordGeneration/selected_dataset/ireal-pro_1168.jams
ChordGeneration/selected_dataset/ireal-pro_1169.jams
ChordGeneration/selected_dataset/ireal-pro_117.jams
ChordGeneration/selected_dataset/ireal-pro_1170.jams
ChordGeneration/selected_dataset/ireal-pro_1171.jams
ChordGeneration/selected_dataset/ireal-pro_1172.jams
ChordGeneration/selected_dataset/ireal-pro_1173.jams
ChordGeneration/selected_dataset/ireal-pro_1174.jams
ChordGeneration/selected_dataset/ireal-pro_1175.jams
ChordGeneration/selected_dataset/ireal-pro_1176.jams
ChordGeneration/selected_dataset/ireal-pro_1177.jams
ChordGeneration/selected_dataset/ireal-pro_1178.jams
ChordGeneration/selected_dataset/ireal-pro_1179.jams
ChordGeneration/selected_dataset/ireal-pro_118.jams
ChordGeneration/selected_dataset/ireal-pro_1180.jams
ChordGeneration/selected_dataset/ireal-pro_1181.jams
ChordGeneration/selected_dataset/ireal-pro_1182.jams
ChordGeneration/selected_dataset/ireal-pro_1183.jams
ChordGeneration/selected_dataset/ireal-pro_1184.jams
ChordGeneration/selected_dataset/ireal-pro_1185.jams
ChordGeneration/selected_dataset/ireal-pro_1186.jams
ChordGeneration/selected_dataset/ireal-pro_1187.jams
ChordGeneration/selected_dataset/ireal-pro_1188.jams
ChordGeneration/selected_dataset/ireal-pro_1189.jams
ChordGeneration/selected_dataset/ireal-pro_119.jams
ChordGeneration/selected_dataset/ireal-pro_1190.jams
ChordGeneration/selected_dataset/ireal-pro_1191.jams
ChordGeneration/selected_dataset/ireal-pro_1192.jams
ChordGeneration/selected_dataset/ireal-pro_1193.jams
ChordGeneration/selected_dataset/ireal-pro_1194.jams
ChordGeneration/selected_dataset/ireal-pro_1195.jams
ChordGeneration/selected_dataset/ireal-pro_1196.jams
ChordGeneration/selected_dataset/ireal-pro_1197.jams
ChordGeneration/selected_dataset/ireal-pro_1198.jams
ChordGeneration/selected_dataset/ireal-pro_1199.jams
ChordGeneration/selected_dataset/ireal-pro_12.jams
ChordGeneration/selected_dataset/ireal-pro_120.jams
ChordGeneration/selected_dataset/ireal-pro_1200.jams
ChordGeneration/selected_dataset/ireal-pro_1201.jams
ChordGeneration/selected_dataset/ireal-pro_1202.jams
ChordGeneration/selected_dataset/ireal-pro_1203.jams
ChordGeneration/selected_dataset/ireal-pro_1204.jams
ChordGeneration/selected_dataset/ireal-pro_1205.jams
ChordGeneration/selected_dataset/ireal-pro_1206.jams
ChordGeneration/selected_dataset/ireal-pro_1207.jams
ChordGeneration/selected_dataset/ireal-pro_1208.jams
ChordGeneration/selected_dataset/ireal-pro_1209.jams
ChordGeneration/selected_dataset/ireal-pro_121.jams
ChordGeneration/selected_dataset/ireal-pro_1210.jams
ChordGeneration/selected_dataset/ireal-pro_1211.jams
ChordGeneration/selected_dataset/ireal-pro_1212.jams
ChordGeneration/selected_dataset/ireal-pro_1213.jams
ChordGeneration/selected_dataset/ireal-pro_1214.jams
ChordGeneration/selected_dataset/ireal-pro_1215.jams
ChordGeneration/selected_dataset/ireal-pro_1216.jams
ChordGeneration/selected_dataset/ireal-pro_1217.jams
ChordGeneration/selected_dataset/ireal-pro_1218.jams
ChordGeneration/selected_dataset/ireal-pro_1219.jams
ChordGeneration/selected_dataset/ireal-pro_122.jams
ChordGeneration/selected_dataset/ireal-pro_1220.jams
ChordGeneration/selected_dataset/ireal-pro_1221.jams
ChordGeneration/selected_dataset/ireal-pro_1222.jams
ChordGeneration/selected_dataset/ireal-pro_1223.jams
ChordGeneration/selected_dataset/ireal-pro_1224.jams
ChordGeneration/selected_dataset/ireal-pro_1225.jams
ChordGeneration/selected_dataset/ireal-pro_1226.jams
ChordGeneration/selected_dataset/ireal-pro_1227.jams
ChordGeneration/selected_dataset/ireal-pro_1228.jams
ChordGeneration/selected_dataset/ireal-pro_1229.jams
ChordGeneration/selected_dataset/ireal-pro_123.jams
ChordGeneration/selected_dataset/ireal-pro_1230.jams
ChordGeneration/selected_dataset/ireal-pro_1231.jams
ChordGeneration/selected_dataset/ireal-pro_1232.jams
ChordGeneration/selected_dataset/ireal-pro_1233.jams
ChordGeneration/selected_dataset/ireal-pro_1234.jams
ChordGeneration/selected_dataset/ireal-pro_1235.jams
ChordGeneration/selected_dataset/ireal-pro_1236.jams
ChordGeneration/selected_dataset/ireal-pro_1237.jams
ChordGeneration/selected_dataset/ireal-pro_1238.jams
ChordGeneration/selected_dataset/ireal-pro_1239.jams
ChordGeneration/selected_dataset/ireal-pro_124.jams
ChordGeneration/selected_dataset/ireal-pro_1240.jams
ChordGeneration/selected_dataset/ireal-pro_1241.jams
ChordGeneration/selected_dataset/ireal-pro_1242.jams
ChordGeneration/selected_dataset/ireal-pro_1243.jams
ChordGeneration/selected_dataset/ireal-pro_1244.jams
ChordGeneration/selected_dataset/ireal-pro_1245.jams
ChordGeneration/selected_dataset/ireal-pro_1246.jams
ChordGeneration/selected_dataset/ireal-pro_1247.jams
ChordGeneration/selected_dataset/ireal-pro_1248.jams
ChordGeneration/selected_dataset/ireal-pro_1249.jams
ChordGeneration/selected_dataset/ireal-pro_125.jams
ChordGeneration/selected_dataset/ireal-pro_1250.jams
ChordGeneration/selected_dataset/ireal-pro_1251.jams
ChordGeneration/selected_dataset/ireal-pro_1252.jams
ChordGeneration/selected_dataset/ireal-pro_1253.jams
ChordGeneration/selected_dataset/ireal-pro_1254.jams
ChordGeneration/selected_dataset/ireal-pro_1255.jams
ChordGeneration/selected_dataset/ireal-pro_1256.jams
ChordGeneration/selected_dataset/ireal-pro_1257.jams
ChordGeneration/selected_dataset/ireal-pro_1258.jams
ChordGeneration/selected_dataset/ireal-pro_1259.jams
ChordGeneration/selected_dataset/ireal-pro_126.jams
ChordGeneration/selected_dataset/ireal-pro_1260.jams
ChordGeneration/selected_dataset/ireal-pro_1261.jams
ChordGeneration/selected_dataset/ireal-pro_1262.jams
ChordGeneration/selected_dataset/ireal-pro_1263.jams
ChordGeneration/selected_dataset/ireal-pro_1264.jams
ChordGeneration/selected_dataset/ireal-pro_1265.jams
ChordGeneration/selected_dataset/ireal-pro_1266.jams
ChordGeneration/selected_dataset/ireal-pro_1267.jams
ChordGeneration/selected_dataset/ireal-pro_1268.jams
ChordGeneration/selected_dataset/ireal-pro_1269.jams
ChordGeneration/selected_dataset/ireal-pro_127.jams
ChordGeneration/selected_dataset/ireal-pro_1270.jams
ChordGeneration/selected_dataset/ireal-pro_1271.jams
ChordGeneration/selected_dataset/ireal-pro_1272.jams
ChordGeneration/selected_dataset/ireal-pro_1273.jams
ChordGeneration/selected_dataset/ireal-pro_1274.jams
ChordGeneration/selected_dataset/ireal-pro_1275.jams
ChordGeneration/selected_dataset/ireal-pro_1276.jams
ChordGeneration/selected_dataset/ireal-pro_1277.jams
ChordGeneration/selected_dataset/ireal-pro_1278.jams
ChordGeneration/selected_dataset/ireal-pro_1279.jams
ChordGeneration/selected_dataset/ireal-pro_128.jams
ChordGeneration/selected_dataset/ireal-pro_1280.jams
ChordGeneration/selected_dataset/ireal-pro_1281.jams
ChordGeneration/selected_dataset/ireal-pro_1282.jams
ChordGeneration/selected_dataset/ireal-pro_1283.jams
ChordGeneration/selected_dataset/ireal-pro_1284.jams
ChordGeneration/selected_dataset/ireal-pro_1285.jams
ChordGeneration/selected_dataset/ireal-pro_1286.jams
ChordGeneration/selected_dataset/ireal-pro_1287.jams
ChordGeneration/selected_dataset/ireal-pro_1288.jams
ChordGeneration/selected_dataset/ireal-pro_1289.jams
ChordGeneration/selected_dataset/ireal-pro_129.jams
ChordGeneration/selected_dataset/ireal-pro_1290.jams
ChordGeneration/selected_dataset/ireal-pro_1291.jams
ChordGeneration/selected_dataset/ireal-pro_1292.jams
ChordGeneration/selected_dataset/ireal-pro_1293.jams
ChordGeneration/selected_dataset/ireal-pro_1294.jams
ChordGeneration/selected_dataset/ireal-pro_1295.jams
ChordGeneration/selected_dataset/ireal-pro_1296.jams
ChordGeneration/selected_dataset/ireal-pro_1297.jams
ChordGeneration/selected_dataset/ireal-pro_1298.jams
ChordGeneration/selected_dataset/ireal-pro_1299.jams
ChordGeneration/selected_dataset/ireal-pro_13.jams
ChordGeneration/selected_dataset/ireal-pro_130.jams
ChordGeneration/selected_dataset/ireal-pro_1300.jams
ChordGeneration/selected_dataset/ireal-pro_1301.jams
ChordGeneration/selected_dataset/ireal-pro_1302.jams
ChordGeneration/selected_dataset/ireal-pro_1303.jams
ChordGeneration/selected_dataset/ireal-pro_1304.jams
ChordGeneration/selected_dataset/ireal-pro_1305.jams
ChordGeneration/selected_dataset/ireal-pro_1306.jams
ChordGeneration/selected_dataset/ireal-pro_1307.jams
ChordGeneration/selected_dataset/ireal-pro_1308.jams
ChordGeneration/selected_dataset/ireal-pro_1309.jams
ChordGeneration/selected_dataset/ireal-pro_131.jams
ChordGeneration/selected_dataset/ireal-pro_1310.jams
ChordGeneration/selected_dataset/ireal-pro_1311.jams
ChordGeneration/selected_dataset/ireal-pro_1312.jams
ChordGeneration/selected_dataset/ireal-pro_1313.jams
ChordGeneration/selected_dataset/ireal-pro_1314.jams
ChordGeneration/selected_dataset/ireal-pro_1315.jams
ChordGeneration/selected_dataset/ireal-pro_1316.jams
ChordGeneration/selected_dataset/ireal-pro_1317.jams
ChordGeneration/selected_dataset/ireal-pro_1318.jams
ChordGeneration/selected_dataset/ireal-pro_1319.jams
ChordGeneration/selected_dataset/ireal-pro_132.jams
ChordGeneration/selected_dataset/ireal-pro_1320.jams
ChordGeneration/selected_dataset/ireal-pro_1321.jams
ChordGeneration/selected_dataset/ireal-pro_1322.jams
ChordGeneration/selected_dataset/ireal-pro_1323.jams
ChordGeneration/selected_dataset/ireal-pro_1324.jams
ChordGeneration/selected_dataset/ireal-pro_1325.jams
ChordGeneration/selected_dataset/ireal-pro_1326.jams
ChordGeneration/selected_dataset/ireal-pro_1327.jams
ChordGeneration/selected_dataset/ireal-pro_1328.jams
ChordGeneration/selected_dataset/ireal-pro_1329.jams
ChordGeneration/selected_dataset/ireal-pro_133.jams
ChordGeneration/selected_dataset/ireal-pro_1330.jams
ChordGeneration/selected_dataset/ireal-pro_1331.jams
ChordGeneration/selected_dataset/ireal-pro_1332.jams
ChordGeneration/selected_dataset/ireal-pro_1333.jams
ChordGeneration/selected_dataset/ireal-pro_1334.jams
ChordGeneration/selected_dataset/ireal-pro_1335.jams
ChordGeneration/selected_dataset/ireal-pro_1336.jams
ChordGeneration/selected_dataset/ireal-pro_1337.jams
ChordGeneration/selected_dataset/ireal-pro_1338.jams
ChordGeneration/selected_dataset/ireal-pro_1339.jams
ChordGeneration/selected_dataset/ireal-pro_134.jams
ChordGeneration/selected_dataset/ireal-pro_1340.jams
ChordGeneration/selected_dataset/ireal-pro_1341.jams
ChordGeneration/selected_dataset/ireal-pro_1342.jams
ChordGeneration/selected_dataset/ireal-pro_1343.jams
ChordGeneration/selected_dataset/ireal-pro_1344.jams
ChordGeneration/selected_dataset/ireal-pro_1345.jams
ChordGeneration/selected_dataset/ireal-pro_1346.jams
ChordGeneration/selected_dataset/ireal-pro_1347.jams
ChordGeneration/selected_dataset/ireal-pro_1348.jams
ChordGeneration/selected_dataset/ireal-pro_1349.jams
ChordGeneration/selected_dataset/ireal-pro_135.jams
ChordGeneration/selected_dataset/ireal-pro_1350.jams
ChordGeneration/selected_dataset/ireal-pro_1351.jams
ChordGeneration/selected_dataset/ireal-pro_1352.jams
ChordGeneration/selected_dataset/ireal-pro_1353.jams
ChordGeneration/selected_dataset/ireal-pro_1354.jams
ChordGeneration/selected_dataset/ireal-pro_1355.jams
ChordGeneration/selected_dataset/ireal-pro_1356.jams
ChordGeneration/selected_dataset/ireal-pro_1357.jams
ChordGeneration/selected_dataset/ireal-pro_1358.jams
ChordGeneration/selected_dataset/ireal-pro_1359.jams
ChordGeneration/selected_dataset/ireal-pro_136.jams
ChordGeneration/selected_dataset/ireal-pro_1360.jams
ChordGeneration/selected_dataset/ireal-pro_1361.jams
ChordGeneration/selected_dataset/ireal-pro_1362.jams
ChordGeneration/selected_dataset/ireal-pro_1363.jams
ChordGeneration/selected_dataset/ireal-pro_1364.jams
ChordGeneration/selected_dataset/ireal-pro_1365.jams
ChordGeneration/selected_dataset/ireal-pro_1366.jams
ChordGeneration/selected_dataset/ireal-pro_1367.jams
ChordGeneration/selected_dataset/ireal-pro_1368.jams
ChordGeneration/selected_dataset/ireal-pro_1369.jams
ChordGeneration/selected_dataset/ireal-pro_137.jams
ChordGeneration/selected_dataset/ireal-pro_1370.jams
ChordGeneration/selected_dataset/ireal-pro_1371.jams
ChordGeneration/selected_dataset/ireal-pro_1372.jams
ChordGeneration/selected_dataset/ireal-pro_1373.jams
ChordGeneration/selected_dataset/ireal-pro_1374.jams
ChordGeneration/selected_dataset/ireal-pro_1375.jams
ChordGeneration/selected_dataset/ireal-pro_1376.jams
ChordGeneration/selected_dataset/ireal-pro_1377.jams
ChordGeneration/selected_dataset/ireal-pro_1378.jams
ChordGeneration/selected_dataset/ireal-pro_1379.jams
ChordGeneration/selected_dataset/ireal-pro_138.jams
ChordGeneration/selected_dataset/ireal-pro_1380.jams
ChordGeneration/selected_dataset/ireal-pro_1381.jams
ChordGeneration/selected_dataset/ireal-pro_1382.jams
ChordGeneration/selected_dataset/ireal-pro_1383.jams
ChordGeneration/selected_dataset/ireal-pro_1384.jams
ChordGeneration/selected_dataset/ireal-pro_1385.jams
ChordGeneration/selected_dataset/ireal-pro_1386.jams
ChordGeneration/selected_dataset/ireal-pro_1387.jams
ChordGeneration/selected_dataset/ireal-pro_1388.jams
ChordGeneration/selected_dataset/ireal-pro_1389.jams
ChordGeneration/selected_dataset/ireal-pro_139.jams
ChordGeneration/selected_dataset/ireal-pro_1390.jams
ChordGeneration/selected_dataset/ireal-pro_1391.jams
ChordGeneration/selected_dataset/ireal-pro_1392.jams
ChordGeneration/selected_dataset/ireal-pro_1393.jams
ChordGeneration/selected_dataset/ireal-pro_1394.jams
ChordGeneration/selected_dataset/ireal-pro_1395.jams
ChordGeneration/selected_dataset/ireal-pro_1396.jams
ChordGeneration/selected_dataset/ireal-pro_1397.jams
ChordGeneration/selected_dataset/ireal-pro_1398.jams
ChordGeneration/selected_dataset/ireal-pro_1399.jams
ChordGeneration/selected_dataset/ireal-pro_14.jams
ChordGeneration/selected_dataset/ireal-pro_140.jams
ChordGeneration/selected_dataset/ireal-pro_1400.jams
ChordGeneration/selected_dataset/ireal-pro_1401.jams
ChordGeneration/selected_dataset/ireal-pro_1402.jams
ChordGeneration/selected_dataset/ireal-pro_1403.jams
ChordGeneration/selected_dataset/ireal-pro_1404.jams
ChordGeneration/selected_dataset/ireal-pro_1405.jams
ChordGeneration/selected_dataset/ireal-pro_1406.jams
ChordGeneration/selected_dataset/ireal-pro_1407.jams
ChordGeneration/selected_dataset/ireal-pro_1408.jams
ChordGeneration/selected_dataset/ireal-pro_1409.jams
ChordGeneration/selected_dataset/ireal-pro_141.jams
ChordGeneration/selected_dataset/ireal-pro_1410.jams
ChordGeneration/selected_dataset/ireal-pro_1411.jams
ChordGeneration/selected_dataset/ireal-pro_1412.jams
ChordGeneration/selected_dataset/ireal-pro_1413.jams
ChordGeneration/selected_dataset/ireal-pro_1414.jams
ChordGeneration/selected_dataset/ireal-pro_1415.jams
ChordGeneration/selected_dataset/ireal-pro_1416.jams
ChordGeneration/selected_dataset/ireal-pro_1417.jams
ChordGeneration/selected_dataset/ireal-pro_1418.jams
ChordGeneration/selected_dataset/ireal-pro_1419.jams
ChordGeneration/selected_dataset/ireal-pro_142.jams
ChordGeneration/selected_dataset/ireal-pro_1420.jams
ChordGeneration/selected_dataset/ireal-pro_1421.jams
ChordGeneration/selected_dataset/ireal-pro_1422.jams
ChordGeneration/selected_dataset/ireal-pro_1423.jams
ChordGeneration/selected_dataset/ireal-pro_1424.jams
ChordGeneration/selected_dataset/ireal-pro_1425.jams
ChordGeneration/selected_dataset/ireal-pro_1426.jams
ChordGeneration/selected_dataset/ireal-pro_1427.jams
ChordGeneration/selected_dataset/ireal-pro_1428.jams
ChordGeneration/selected_dataset/ireal-pro_1429.jams
ChordGeneration/selected_dataset/ireal-pro_143.jams
ChordGeneration/selected_dataset/ireal-pro_1430.jams
ChordGeneration/selected_dataset/ireal-pro_1431.jams
ChordGeneration/selected_dataset/ireal-pro_1432.jams
ChordGeneration/selected_dataset/ireal-pro_1433.jams
ChordGeneration/selected_dataset/ireal-pro_1434.jams
ChordGeneration/selected_dataset/ireal-pro_1435.jams
ChordGeneration/selected_dataset/ireal-pro_1436.jams
ChordGeneration/selected_dataset/ireal-pro_1437.jams
ChordGeneration/selected_dataset/ireal-pro_1438.jams
ChordGeneration/selected_dataset/ireal-pro_1439.jams
ChordGeneration/selected_dataset/ireal-pro_144.jams
ChordGeneration/selected_dataset/ireal-pro_1440.jams
ChordGeneration/selected_dataset/ireal-pro_1441.jams
ChordGeneration/selected_dataset/ireal-pro_1442.jams
ChordGeneration/selected_dataset/ireal-pro_1443.jams
ChordGeneration/selected_dataset/ireal-pro_1444.jams
ChordGeneration/selected_dataset/ireal-pro_1445.jams
ChordGeneration/selected_dataset/ireal-pro_1446.jams
ChordGeneration/selected_dataset/ireal-pro_1447.jams
ChordGeneration/selected_dataset/ireal-pro_1448.jams
ChordGeneration/selected_dataset/ireal-pro_1449.jams
ChordGeneration/selected_dataset/ireal-pro_145.jams
ChordGeneration/selected_dataset/ireal-pro_1450.jams
ChordGeneration/selected_dataset/ireal-pro_1451.jams
ChordGeneration/selected_dataset/ireal-pro_1452.jams
ChordGeneration/selected_dataset/ireal-pro_1453.jams
ChordGeneration/selected_dataset/ireal-pro_1454.jams
ChordGeneration/selected_dataset/ireal-pro_1455.jams
ChordGeneration/selected_dataset/ireal-pro_1456.jams
ChordGeneration/selected_dataset/ireal-pro_1457.jams
ChordGeneration/selected_dataset/ireal-pro_1458.jams
ChordGeneration/selected_dataset/ireal-pro_1459.jams
ChordGeneration/selected_dataset/ireal-pro_146.jams
ChordGeneration/selected_dataset/ireal-pro_1460.jams
ChordGeneration/selected_dataset/ireal-pro_1461.jams
ChordGeneration/selected_dataset/ireal-pro_1462.jams
ChordGeneration/selected_dataset/ireal-pro_1463.jams
ChordGeneration/selected_dataset/ireal-pro_1464.jams
ChordGeneration/selected_dataset/ireal-pro_1465.jams
ChordGeneration/selected_dataset/ireal-pro_1466.jams
ChordGeneration/selected_dataset/ireal-pro_1467.jams
ChordGeneration/selected_dataset/ireal-pro_1468.jams
ChordGeneration/selected_dataset/ireal-pro_1469.jams
ChordGeneration/selected_dataset/ireal-pro_147.jams
ChordGeneration/selected_dataset/ireal-pro_1470.jams
ChordGeneration/selected_dataset/ireal-pro_1471.jams
ChordGeneration/selected_dataset/ireal-pro_1472.jams
ChordGeneration/selected_dataset/ireal-pro_1473.jams
ChordGeneration/selected_dataset/ireal-pro_1474.jams
ChordGeneration/selected_dataset/ireal-pro_1475.jams
ChordGeneration/selected_dataset/ireal-pro_1476.jams
ChordGeneration/selected_dataset/ireal-pro_1477.jams
ChordGeneration/selected_dataset/ireal-pro_1478.jams
ChordGeneration/selected_dataset/ireal-pro_1479.jams
ChordGeneration/selected_dataset/ireal-pro_148.jams
ChordGeneration/selected_dataset/ireal-pro_1480.jams
ChordGeneration/selected_dataset/ireal-pro_1481.jams
ChordGeneration/selected_dataset/ireal-pro_1482.jams
ChordGeneration/selected_dataset/ireal-pro_1483.jams
ChordGeneration/selected_dataset/ireal-pro_1484.jams
ChordGeneration/selected_dataset/ireal-pro_1485.jams
ChordGeneration/selected_dataset/ireal-pro_1486.jams
ChordGeneration/selected_dataset/ireal-pro_1487.jams
ChordGeneration/selected_dataset/ireal-pro_1488.jams
ChordGeneration/selected_dataset/ireal-pro_1489.jams
ChordGeneration/selected_dataset/ireal-pro_149.jams
ChordGeneration/selected_dataset/ireal-pro_1490.jams
ChordGeneration/selected_dataset/ireal-pro_1491.jams
ChordGeneration/selected_dataset/ireal-pro_1492.jams
ChordGeneration/selected_dataset/ireal-pro_1493.jams
ChordGeneration/selected_dataset/ireal-pro_1494.jams
ChordGeneration/selected_dataset/ireal-pro_1495.jams
ChordGeneration/selected_dataset/ireal-pro_1496.jams
ChordGeneration/selected_dataset/ireal-pro_1497.jams
ChordGeneration/selected_dataset/ireal-pro_1498.jams
ChordGeneration/selected_dataset/ireal-pro_1499.jams
ChordGeneration/selected_dataset/ireal-pro_15.jams
ChordGeneration/selected_dataset/ireal-pro_150.jams
ChordGeneration/selected_dataset/ireal-pro_1500.jams
ChordGeneration/selected_dataset/ireal-pro_1501.jams
ChordGeneration/selected_dataset/ireal-pro_1502.jams
ChordGeneration/selected_dataset/ireal-pro_1503.jams
ChordGeneration/selected_dataset/ireal-pro_1504.jams
ChordGeneration/selected_dataset/ireal-pro_1505.jams
ChordGeneration/selected_dataset/ireal-pro_1506.jams
ChordGeneration/selected_dataset/ireal-pro_1507.jams
ChordGeneration/selected_dataset/ireal-pro_1508.jams
ChordGeneration/selected_dataset/ireal-pro_1509.jams
ChordGeneration/selected_dataset/ireal-pro_151.jams
ChordGeneration/selected_dataset/ireal-pro_1510.jams
ChordGeneration/selected_dataset/ireal-pro_1511.jams
ChordGeneration/selected_dataset/ireal-pro_1512.jams
ChordGeneration/selected_dataset/ireal-pro_1513.jams
ChordGeneration/selected_dataset/ireal-pro_1514.jams
ChordGeneration/selected_dataset/ireal-pro_1515.jams
ChordGeneration/selected_dataset/ireal-pro_1516.jams
ChordGeneration/selected_dataset/ireal-pro_1517.jams
ChordGeneration/selected_dataset/ireal-pro_1518.jams
ChordGeneration/selected_dataset/ireal-pro_1519.jams
ChordGeneration/selected_dataset/ireal-pro_152.jams
ChordGeneration/selected_dataset/ireal-pro_1520.jams
ChordGeneration/selected_dataset/ireal-pro_1521.jams
ChordGeneration/selected_dataset/ireal-pro_1522.jams
ChordGeneration/selected_dataset/ireal-pro_1523.jams
ChordGeneration/selected_dataset/ireal-pro_1524.jams
ChordGeneration/selected_dataset/ireal-pro_1525.jams
ChordGeneration/selected_dataset/ireal-pro_1526.jams
ChordGeneration/selected_dataset/ireal-pro_1527.jams
ChordGeneration/selected_dataset/ireal-pro_1528.jams
ChordGeneration/selected_dataset/ireal-pro_1529.jams
ChordGeneration/selected_dataset/ireal-pro_153.jams
ChordGeneration/selected_dataset/ireal-pro_1530.jams
ChordGeneration/selected_dataset/ireal-pro_1531.jams
ChordGeneration/selected_dataset/ireal-pro_1532.jams
ChordGeneration/selected_dataset/ireal-pro_1533.jams
ChordGeneration/selected_dataset/ireal-pro_1534.jams
ChordGeneration/selected_dataset/ireal-pro_1535.jams
ChordGeneration/selected_dataset/ireal-pro_1536.jams
ChordGeneration/selected_dataset/ireal-pro_1537.jams
ChordGeneration/selected_dataset/ireal-pro_1538.jams
ChordGeneration/selected_dataset/ireal-pro_1539.jams
ChordGeneration/selected_dataset/ireal-pro_154.jams
ChordGeneration/selected_dataset/ireal-pro_1540.jams
ChordGeneration/selected_dataset/ireal-pro_1541.jams
ChordGeneration/selected_dataset/ireal-pro_1542.jams
ChordGeneration/selected_dataset/ireal-pro_1543.jams
ChordGeneration/selected_dataset/ireal-pro_1544.jams
ChordGeneration/selected_dataset/ireal-pro_1545.jams
ChordGeneration/selected_dataset/ireal-pro_1546.jams
ChordGeneration/selected_dataset/ireal-pro_1547.jams
ChordGeneration/selected_dataset/ireal-pro_1548.jams
ChordGeneration/selected_dataset/ireal-pro_1549.jams
ChordGeneration/selected_dataset/ireal-pro_155.jams
ChordGeneration/selected_dataset/ireal-pro_1550.jams
ChordGeneration/selected_dataset/ireal-pro_1551.jams
ChordGeneration/selected_dataset/ireal-pro_1552.jams
ChordGeneration/selected_dataset/ireal-pro_1553.jams
ChordGeneration/selected_dataset/ireal-pro_1554.jams
ChordGeneration/selected_dataset/ireal-pro_1555.jams
ChordGeneration/selected_dataset/ireal-pro_1556.jams
ChordGeneration/selected_dataset/ireal-pro_1557.jams
ChordGeneration/selected_dataset/ireal-pro_1558.jams
ChordGeneration/selected_dataset/ireal-pro_1559.jams
ChordGeneration/selected_dataset/ireal-pro_156.jams
ChordGeneration/selected_dataset/ireal-pro_1560.jams
ChordGeneration/selected_dataset/ireal-pro_1561.jams
ChordGeneration/selected_dataset/ireal-pro_1562.jams
ChordGeneration/selected_dataset/ireal-pro_1563.jams
ChordGeneration/selected_dataset/ireal-pro_1564.jams
ChordGeneration/selected_dataset/ireal-pro_1565.jams
ChordGeneration/selected_dataset/ireal-pro_1566.jams
ChordGeneration/selected_dataset/ireal-pro_1567.jams
ChordGeneration/selected_dataset/ireal-pro_1568.jams
ChordGeneration/selected_dataset/ireal-pro_1569.jams
ChordGeneration/selected_dataset/ireal-pro_157.jams
ChordGeneration/selected_dataset/ireal-pro_1570.jams
ChordGeneration/selected_dataset/ireal-pro_1571.jams
ChordGeneration/selected_dataset/ireal-pro_1572.jams
ChordGeneration/selected_dataset/ireal-pro_1573.jams
ChordGeneration/selected_dataset/ireal-pro_1574.jams
ChordGeneration/selected_dataset/ireal-pro_1575.jams
ChordGeneration/selected_dataset/ireal-pro_1576.jams
ChordGeneration/selected_dataset/ireal-pro_1577.jams
ChordGeneration/selected_dataset/ireal-pro_1578.jams
ChordGeneration/selected_dataset/ireal-pro_1579.jams
ChordGeneration/selected_dataset/ireal-pro_158.jams
ChordGeneration/selected_dataset/ireal-pro_1580.jams
ChordGeneration/selected_dataset/ireal-pro_1581.jams
ChordGeneration/selected_dataset/ireal-pro_1582.jams
ChordGeneration/selected_dataset/ireal-pro_1583.jams
ChordGeneration/selected_dataset/ireal-pro_1584.jams
ChordGeneration/selected_dataset/ireal-pro_1585.jams
ChordGeneration/selected_dataset/ireal-pro_1586.jams
ChordGeneration/selected_dataset/ireal-pro_1587.jams
ChordGeneration/selected_dataset/ireal-pro_1588.jams
ChordGeneration/selected_dataset/ireal-pro_1589.jams
ChordGeneration/selected_dataset/ireal-pro_159.jams
ChordGeneration/selected_dataset/ireal-pro_1590.jams
ChordGeneration/selected_dataset/ireal-pro_1591.jams
ChordGeneration/selected_dataset/ireal-pro_1592.jams
ChordGeneration/selected_dataset/ireal-pro_1593.jams
ChordGeneration/selected_dataset/ireal-pro_1594.jams
ChordGeneration/selected_dataset/ireal-pro_1595.jams
ChordGeneration/selected_dataset/ireal-pro_1596.jams
ChordGeneration/selected_dataset/ireal-pro_1597.jams
ChordGeneration/selected_dataset/ireal-pro_1598.jams
ChordGeneration/selected_dataset/ireal-pro_1599.jams
ChordGeneration/selected_dataset/ireal-pro_16.jams
ChordGeneration/selected_dataset/ireal-pro_160.jams
ChordGeneration/selected_dataset/ireal-pro_1600.jams
ChordGeneration/selected_dataset/ireal-pro_1601.jams
ChordGeneration/selected_dataset/ireal-pro_1602.jams
ChordGeneration/selected_dataset/ireal-pro_1603.jams
ChordGeneration/selected_dataset/ireal-pro_1604.jams
ChordGeneration/selected_dataset/ireal-pro_1605.jams
ChordGeneration/selected_dataset/ireal-pro_1606.jams
ChordGeneration/selected_dataset/ireal-pro_1607.jams
ChordGeneration/selected_dataset/ireal-pro_1608.jams
ChordGeneration/selected_dataset/ireal-pro_1609.jams
ChordGeneration/selected_dataset/ireal-pro_161.jams
ChordGeneration/selected_dataset/ireal-pro_1610.jams
ChordGeneration/selected_dataset/ireal-pro_1611.jams
ChordGeneration/selected_dataset/ireal-pro_1612.jams
ChordGeneration/selected_dataset/ireal-pro_1613.jams
ChordGeneration/selected_dataset/ireal-pro_1614.jams
ChordGeneration/selected_dataset/ireal-pro_1615.jams
ChordGeneration/selected_dataset/ireal-pro_1616.jams
ChordGeneration/selected_dataset/ireal-pro_1617.jams
ChordGeneration/selected_dataset/ireal-pro_1618.jams
ChordGeneration/selected_dataset/ireal-pro_1619.jams
ChordGeneration/selected_dataset/ireal-pro_162.jams
ChordGeneration/selected_dataset/ireal-pro_1620.jams
ChordGeneration/selected_dataset/ireal-pro_1621.jams
ChordGeneration/selected_dataset/ireal-pro_1622.jams
ChordGeneration/selected_dataset/ireal-pro_1623.jams
ChordGeneration/selected_dataset/ireal-pro_1624.jams
ChordGeneration/selected_dataset/ireal-pro_1625.jams
ChordGeneration/selected_dataset/ireal-pro_1626.jams
ChordGeneration/selected_dataset/ireal-pro_1627.jams
ChordGeneration/selected_dataset/ireal-pro_1628.jams
ChordGeneration/selected_dataset/ireal-pro_1629.jams
ChordGeneration/selected_dataset/ireal-pro_163.jams
ChordGeneration/selected_dataset/ireal-pro_1630.jams
ChordGeneration/selected_dataset/ireal-pro_1631.jams
ChordGeneration/selected_dataset/ireal-pro_1632.jams
ChordGeneration/selected_dataset/ireal-pro_1633.jams
ChordGeneration/selected_dataset/ireal-pro_1634.jams
ChordGeneration/selected_dataset/ireal-pro_1635.jams
ChordGeneration/selected_dataset/ireal-pro_1636.jams
ChordGeneration/selected_dataset/ireal-pro_1637.jams
ChordGeneration/selected_dataset/ireal-pro_1638.jams
ChordGeneration/selected_dataset/ireal-pro_1639.jams
ChordGeneration/selected_dataset/ireal-pro_164.jams
ChordGeneration/selected_dataset/ireal-pro_1640.jams
ChordGeneration/selected_dataset/ireal-pro_1641.jams
ChordGeneration/selected_dataset/ireal-pro_1642.jams
ChordGeneration/selected_dataset/ireal-pro_1643.jams
ChordGeneration/selected_dataset/ireal-pro_1644.jams
ChordGeneration/selected_dataset/ireal-pro_1645.jams
ChordGeneration/selected_dataset/ireal-pro_1646.jams
ChordGeneration/selected_dataset/ireal-pro_1647.jams
ChordGeneration/selected_dataset/ireal-pro_1648.jams
ChordGeneration/selected_dataset/ireal-pro_1649.jams
ChordGeneration/selected_dataset/ireal-pro_165.jams
ChordGeneration/selected_dataset/ireal-pro_1650.jams
ChordGeneration/selected_dataset/ireal-pro_1651.jams
ChordGeneration/selected_dataset/ireal-pro_1652.jams
ChordGeneration/selected_dataset/ireal-pro_1653.jams
ChordGeneration/selected_dataset/ireal-pro_1654.jams
ChordGeneration/selected_dataset/ireal-pro_1655.jams
ChordGeneration/selected_dataset/ireal-pro_1656.jams
ChordGeneration/selected_dataset/ireal-pro_1657.jams
ChordGeneration/selected_dataset/ireal-pro_1658.jams
ChordGeneration/selected_dataset/ireal-pro_1659.jams
ChordGeneration/selected_dataset/ireal-pro_166.jams
ChordGeneration/selected_dataset/ireal-pro_1660.jams
ChordGeneration/selected_dataset/ireal-pro_1661.jams
ChordGeneration/selected_dataset/ireal-pro_1662.jams
ChordGeneration/selected_dataset/ireal-pro_1663.jams
ChordGeneration/selected_dataset/ireal-pro_1664.jams
ChordGeneration/selected_dataset/ireal-pro_1665.jams
ChordGeneration/selected_dataset/ireal-pro_1666.jams
ChordGeneration/selected_dataset/ireal-pro_1667.jams
ChordGeneration/selected_dataset/ireal-pro_1668.jams
ChordGeneration/selected_dataset/ireal-pro_1669.jams
ChordGeneration/selected_dataset/ireal-pro_167.jams
ChordGeneration/selected_dataset/ireal-pro_1670.jams
ChordGeneration/selected_dataset/ireal-pro_1671.jams
ChordGeneration/selected_dataset/ireal-pro_1672.jams
ChordGeneration/selected_dataset/ireal-pro_1673.jams
ChordGeneration/selected_dataset/ireal-pro_1674.jams
ChordGeneration/selected_dataset/ireal-pro_1675.jams
ChordGeneration/selected_dataset/ireal-pro_1676.jams
ChordGeneration/selected_dataset/ireal-pro_1677.jams
ChordGeneration/selected_dataset/ireal-pro_1678.jams
ChordGeneration/selected_dataset/ireal-pro_1679.jams
ChordGeneration/selected_dataset/ireal-pro_168.jams
ChordGeneration/selected_dataset/ireal-pro_1680.jams
ChordGeneration/selected_dataset/ireal-pro_1681.jams
ChordGeneration/selected_dataset/ireal-pro_1682.jams
ChordGeneration/selected_dataset/ireal-pro_1683.jams
ChordGeneration/selected_dataset/ireal-pro_1684.jams
ChordGeneration/selected_dataset/ireal-pro_1685.jams
ChordGeneration/selected_dataset/ireal-pro_1686.jams
ChordGeneration/selected_dataset/ireal-pro_1687.jams
ChordGeneration/selected_dataset/ireal-pro_1688.jams
ChordGeneration/selected_dataset/ireal-pro_1689.jams
ChordGeneration/selected_dataset/ireal-pro_169.jams
ChordGeneration/selected_dataset/ireal-pro_1690.jams
ChordGeneration/selected_dataset/ireal-pro_1691.jams
ChordGeneration/selected_dataset/ireal-pro_1692.jams
ChordGeneration/selected_dataset/ireal-pro_1693.jams
ChordGeneration/selected_dataset/ireal-pro_1694.jams
ChordGeneration/selected_dataset/ireal-pro_1695.jams
ChordGeneration/selected_dataset/ireal-pro_1696.jams
ChordGeneration/selected_dataset/ireal-pro_1697.jams
ChordGeneration/selected_dataset/ireal-pro_1698.jams
ChordGeneration/selected_dataset/ireal-pro_1699.jams
ChordGeneration/selected_dataset/ireal-pro_17.jams
ChordGeneration/selected_dataset/ireal-pro_170.jams
ChordGeneration/selected_dataset/ireal-pro_1700.jams
ChordGeneration/selected_dataset/ireal-pro_1701.jams
ChordGeneration/selected_dataset/ireal-pro_1702.jams
ChordGeneration/selected_dataset/ireal-pro_1703.jams
ChordGeneration/selected_dataset/ireal-pro_1704.jams
ChordGeneration/selected_dataset/ireal-pro_1705.jams
ChordGeneration/selected_dataset/ireal-pro_1706.jams
ChordGeneration/selected_dataset/ireal-pro_1707.jams
ChordGeneration/selected_dataset/ireal-pro_1708.jams
ChordGeneration/selected_dataset/ireal-pro_1709.jams
ChordGeneration/selected_dataset/ireal-pro_171.jams
ChordGeneration/selected_dataset/ireal-pro_1710.jams
ChordGeneration/selected_dataset/ireal-pro_1711.jams
ChordGeneration/selected_dataset/ireal-pro_1712.jams
ChordGeneration/selected_dataset/ireal-pro_1713.jams
ChordGeneration/selected_dataset/ireal-pro_1714.jams
ChordGeneration/selected_dataset/ireal-pro_1715.jams
ChordGeneration/selected_dataset/ireal-pro_1716.jams
ChordGeneration/selected_dataset/ireal-pro_1717.jams
ChordGeneration/selected_dataset/ireal-pro_1718.jams
ChordGeneration/selected_dataset/ireal-pro_1719.jams
ChordGeneration/selected_dataset/ireal-pro_172.jams
ChordGeneration/selected_dataset/ireal-pro_1720.jams
ChordGeneration/selected_dataset/ireal-pro_1721.jams
ChordGeneration/selected_dataset/ireal-pro_1722.jams
ChordGeneration/selected_dataset/ireal-pro_1723.jams
ChordGeneration/selected_dataset/ireal-pro_1724.jams
ChordGeneration/selected_dataset/ireal-pro_1725.jams
ChordGeneration/selected_dataset/ireal-pro_1726.jams
ChordGeneration/selected_dataset/ireal-pro_1727.jams
ChordGeneration/selected_dataset/ireal-pro_1728.jams
ChordGeneration/selected_dataset/ireal-pro_1729.jams
ChordGeneration/selected_dataset/ireal-pro_173.jams
ChordGeneration/selected_dataset/ireal-pro_1730.jams
ChordGeneration/selected_dataset/ireal-pro_1731.jams
ChordGeneration/selected_dataset/ireal-pro_1732.jams
ChordGeneration/selected_dataset/ireal-pro_1733.jams
ChordGeneration/selected_dataset/ireal-pro_1734.jams
ChordGeneration/selected_dataset/ireal-pro_1735.jams
ChordGeneration/selected_dataset/ireal-pro_1736.jams
ChordGeneration/selected_dataset/ireal-pro_1737.jams
ChordGeneration/selected_dataset/ireal-pro_1738.jams
ChordGeneration/selected_dataset/ireal-pro_1739.jams
ChordGeneration/selected_dataset/ireal-pro_174.jams
ChordGeneration/selected_dataset/ireal-pro_1740.jams
ChordGeneration/selected_dataset/ireal-pro_1741.jams
ChordGeneration/selected_dataset/ireal-pro_1742.jams
ChordGeneration/selected_dataset/ireal-pro_1743.jams
ChordGeneration/selected_dataset/ireal-pro_1744.jams
ChordGeneration/selected_dataset/ireal-pro_1745.jams
ChordGeneration/selected_dataset/ireal-pro_1746.jams
ChordGeneration/selected_dataset/ireal-pro_1747.jams
ChordGeneration/selected_dataset/ireal-pro_1748.jams
ChordGeneration/selected_dataset/ireal-pro_1749.jams
ChordGeneration/selected_dataset/ireal-pro_175.jams
ChordGeneration/selected_dataset/ireal-pro_1750.jams
ChordGeneration/selected_dataset/ireal-pro_1751.jams
ChordGeneration/selected_dataset/ireal-pro_1752.jams
ChordGeneration/selected_dataset/ireal-pro_1753.jams
ChordGeneration/selected_dataset/ireal-pro_1754.jams
ChordGeneration/selected_dataset/ireal-pro_1755.jams
ChordGeneration/selected_dataset/ireal-pro_1756.jams
ChordGeneration/selected_dataset/ireal-pro_1757.jams
ChordGeneration/selected_dataset/ireal-pro_1758.jams
ChordGeneration/selected_dataset/ireal-pro_1759.jams
ChordGeneration/selected_dataset/ireal-pro_176.jams
ChordGeneration/selected_dataset/ireal-pro_1760.jams
ChordGeneration/selected_dataset/ireal-pro_1761.jams
ChordGeneration/selected_dataset/ireal-pro_1762.jams
ChordGeneration/selected_dataset/ireal-pro_1763.jams
ChordGeneration/selected_dataset/ireal-pro_1764.jams
ChordGeneration/selected_dataset/ireal-pro_1765.jams
ChordGeneration/selected_dataset/ireal-pro_1766.jams
ChordGeneration/selected_dataset/ireal-pro_1767.jams
ChordGeneration/selected_dataset/ireal-pro_1768.jams
ChordGeneration/selected_dataset/ireal-pro_1769.jams
ChordGeneration/selected_dataset/ireal-pro_177.jams
ChordGeneration/selected_dataset/ireal-pro_1770.jams
ChordGeneration/selected_dataset/ireal-pro_1771.jams
ChordGeneration/selected_dataset/ireal-pro_1772.jams
ChordGeneration/selected_dataset/ireal-pro_1773.jams
ChordGeneration/selected_dataset/ireal-pro_1774.jams
ChordGeneration/selected_dataset/ireal-pro_1775.jams
ChordGeneration/selected_dataset/ireal-pro_1776.jams
ChordGeneration/selected_dataset/ireal-pro_1777.jams
ChordGeneration/selected_dataset/ireal-pro_1778.jams
ChordGeneration/selected_dataset/ireal-pro_1779.jams
ChordGeneration/selected_dataset/ireal-pro_178.jams
ChordGeneration/selected_dataset/ireal-pro_1780.jams
ChordGeneration/selected_dataset/ireal-pro_1781.jams
ChordGeneration/selected_dataset/ireal-pro_1782.jams
ChordGeneration/selected_dataset/ireal-pro_1783.jams
ChordGeneration/selected_dataset/ireal-pro_1784.jams
ChordGeneration/selected_dataset/ireal-pro_1785.jams
ChordGeneration/selected_dataset/ireal-pro_1786.jams
ChordGeneration/selected_dataset/ireal-pro_1787.jams
ChordGeneration/selected_dataset/ireal-pro_1788.jams
ChordGeneration/selected_dataset/ireal-pro_1789.jams
ChordGeneration/selected_dataset/ireal-pro_179.jams
ChordGeneration/selected_dataset/ireal-pro_1790.jams
ChordGeneration/selected_dataset/ireal-pro_1791.jams
ChordGeneration/selected_dataset/ireal-pro_1792.jams
ChordGeneration/selected_dataset/ireal-pro_1793.jams
ChordGeneration/selected_dataset/ireal-pro_1794.jams
ChordGeneration/selected_dataset/ireal-pro_1795.jams
ChordGeneration/selected_dataset/ireal-pro_1796.jams
ChordGeneration/selected_dataset/ireal-pro_1797.jams
ChordGeneration/selected_dataset/ireal-pro_1798.jams
ChordGeneration/selected_dataset/ireal-pro_1799.jams
ChordGeneration/selected_dataset/ireal-pro_18.jams
ChordGeneration/selected_dataset/ireal-pro_180.jams
ChordGeneration/selected_dataset/ireal-pro_1800.jams
ChordGeneration/selected_dataset/ireal-pro_1801.jams
ChordGeneration/selected_dataset/ireal-pro_1802.jams
ChordGeneration/selected_dataset/ireal-pro_1803.jams
ChordGeneration/selected_dataset/ireal-pro_1804.jams
ChordGeneration/selected_dataset/ireal-pro_1805.jams
ChordGeneration/selected_dataset/ireal-pro_1806.jams
ChordGeneration/selected_dataset/ireal-pro_1807.jams
ChordGeneration/selected_dataset/ireal-pro_1808.jams
ChordGeneration/selected_dataset/ireal-pro_1809.jams
ChordGeneration/selected_dataset/ireal-pro_181.jams
ChordGeneration/selected_dataset/ireal-pro_1810.jams
ChordGeneration/selected_dataset/ireal-pro_1811.jams
ChordGeneration/selected_dataset/ireal-pro_1812.jams
ChordGeneration/selected_dataset/ireal-pro_1813.jams
ChordGeneration/selected_dataset/ireal-pro_1814.jams
ChordGeneration/selected_dataset/ireal-pro_1815.jams
ChordGeneration/selected_dataset/ireal-pro_1816.jams
ChordGeneration/selected_dataset/ireal-pro_1817.jams
ChordGeneration/selected_dataset/ireal-pro_1818.jams
ChordGeneration/selected_dataset/ireal-pro_1819.jams
ChordGeneration/selected_dataset/ireal-pro_182.jams
ChordGeneration/selected_dataset/ireal-pro_1820.jams
ChordGeneration/selected_dataset/ireal-pro_1821.jams
ChordGeneration/selected_dataset/ireal-pro_1822.jams
ChordGeneration/selected_dataset/ireal-pro_1823.jams
ChordGeneration/selected_dataset/ireal-pro_1824.jams
ChordGeneration/selected_dataset/ireal-pro_1825.jams
ChordGeneration/selected_dataset/ireal-pro_1826.jams
ChordGeneration/selected_dataset/ireal-pro_1827.jams
ChordGeneration/selected_dataset/ireal-pro_1828.jams
ChordGeneration/selected_dataset/ireal-pro_1829.jams
ChordGeneration/selected_dataset/ireal-pro_183.jams
ChordGeneration/selected_dataset/ireal-pro_1830.jams
ChordGeneration/selected_dataset/ireal-pro_1831.jams
ChordGeneration/selected_dataset/ireal-pro_1832.jams
ChordGeneration/selected_dataset/ireal-pro_1833.jams
ChordGeneration/selected_dataset/ireal-pro_1834.jams
ChordGeneration/selected_dataset/ireal-pro_1835.jams
ChordGeneration/selected_dataset/ireal-pro_1836.jams
ChordGeneration/selected_dataset/ireal-pro_1837.jams
ChordGeneration/selected_dataset/ireal-pro_1838.jams
ChordGeneration/selected_dataset/ireal-pro_1839.jams
ChordGeneration/selected_dataset/ireal-pro_184.jams
ChordGeneration/selected_dataset/ireal-pro_1840.jams
ChordGeneration/selected_dataset/ireal-pro_1841.jams
ChordGeneration/selected_dataset/ireal-pro_1842.jams
ChordGeneration/selected_dataset/ireal-pro_1843.jams
ChordGeneration/selected_dataset/ireal-pro_1844.jams
ChordGeneration/selected_dataset/ireal-pro_1845.jams
ChordGeneration/selected_dataset/ireal-pro_1846.jams
ChordGeneration/selected_dataset/ireal-pro_1847.jams
ChordGeneration/selected_dataset/ireal-pro_1848.jams
ChordGeneration/selected_dataset/ireal-pro_1849.jams
ChordGeneration/selected_dataset/ireal-pro_185.jams
ChordGeneration/selected_dataset/ireal-pro_1850.jams
ChordGeneration/selected_dataset/ireal-pro_1851.jams
ChordGeneration/selected_dataset/ireal-pro_1852.jams
ChordGeneration/selected_dataset/ireal-pro_1853.jams
ChordGeneration/selected_dataset/ireal-pro_1854.jams
ChordGeneration/selected_dataset/ireal-pro_1855.jams
ChordGeneration/selected_dataset/ireal-pro_1856.jams
ChordGeneration/selected_dataset/ireal-pro_1857.jams
ChordGeneration/selected_dataset/ireal-pro_1858.jams
ChordGeneration/selected_dataset/ireal-pro_1859.jams
ChordGeneration/selected_dataset/ireal-pro_186.jams
ChordGeneration/selected_dataset/ireal-pro_1860.jams
ChordGeneration/selected_dataset/ireal-pro_1861.jams
ChordGeneration/selected_dataset/ireal-pro_1862.jams
ChordGeneration/selected_dataset/ireal-pro_1863.jams
ChordGeneration/selected_dataset/ireal-pro_1864.jams
ChordGeneration/selected_dataset/ireal-pro_1865.jams
ChordGeneration/selected_dataset/ireal-pro_1866.jams
ChordGeneration/selected_dataset/ireal-pro_1867.jams
ChordGeneration/selected_dataset/ireal-pro_1868.jams
ChordGeneration/selected_dataset/ireal-pro_1869.jams
ChordGeneration/selected_dataset/ireal-pro_187.jams
ChordGeneration/selected_dataset/ireal-pro_1870.jams
ChordGeneration/selected_dataset/ireal-pro_1871.jams
ChordGeneration/selected_dataset/ireal-pro_1872.jams
ChordGeneration/selected_dataset/ireal-pro_1873.jams
ChordGeneration/selected_dataset/ireal-pro_1874.jams
ChordGeneration/selected_dataset/ireal-pro_1875.jams
ChordGeneration/selected_dataset/ireal-pro_1876.jams
ChordGeneration/selected_dataset/ireal-pro_1877.jams
ChordGeneration/selected_dataset/ireal-pro_1878.jams
ChordGeneration/selected_dataset/ireal-pro_1879.jams
ChordGeneration/selected_dataset/ireal-pro_188.jams
ChordGeneration/selected_dataset/ireal-pro_1880.jams
ChordGeneration/selected_dataset/ireal-pro_1881.jams
ChordGeneration/selected_dataset/ireal-pro_1882.jams
ChordGeneration/selected_dataset/ireal-pro_1883.jams
ChordGeneration/selected_dataset/ireal-pro_1884.jams
ChordGeneration/selected_dataset/ireal-pro_1885.jams
ChordGeneration/selected_dataset/ireal-pro_1886.jams
ChordGeneration/selected_dataset/ireal-pro_1887.jams
ChordGeneration/selected_dataset/ireal-pro_1888.jams
ChordGeneration/selected_dataset/ireal-pro_1889.jams
ChordGeneration/selected_dataset/ireal-pro_189.jams
ChordGeneration/selected_dataset/ireal-pro_1890.jams
ChordGeneration/selected_dataset/ireal-pro_1891.jams
ChordGeneration/selected_dataset/ireal-pro_1892.jams
ChordGeneration/selected_dataset/ireal-pro_1893.jams
ChordGeneration/selected_dataset/ireal-pro_1894.jams
ChordGeneration/selected_dataset/ireal-pro_1895.jams
ChordGeneration/selected_dataset/ireal-pro_1896.jams
ChordGeneration/selected_dataset/ireal-pro_1897.jams
ChordGeneration/selected_dataset/ireal-pro_1898.jams
ChordGeneration/selected_dataset/ireal-pro_1899.jams
ChordGeneration/selected_dataset/ireal-pro_19.jams
ChordGeneration/selected_dataset/ireal-pro_190.jams
ChordGeneration/selected_dataset/ireal-pro_1900.jams
ChordGeneration/selected_dataset/ireal-pro_1901.jams
ChordGeneration/selected_dataset/ireal-pro_1902.jams
ChordGeneration/selected_dataset/ireal-pro_1903.jams
ChordGeneration/selected_dataset/ireal-pro_1904.jams
ChordGeneration/selected_dataset/ireal-pro_1905.jams
ChordGeneration/selected_dataset/ireal-pro_1906.jams
ChordGeneration/selected_dataset/ireal-pro_1907.jams
ChordGeneration/selected_dataset/ireal-pro_1908.jams
ChordGeneration/selected_dataset/ireal-pro_1909.jams
ChordGeneration/selected_dataset/ireal-pro_191.jams
ChordGeneration/selected_dataset/ireal-pro_1910.jams
ChordGeneration/selected_dataset/ireal-pro_1911.jams
ChordGeneration/selected_dataset/ireal-pro_1912.jams
ChordGeneration/selected_dataset/ireal-pro_1913.jams
ChordGeneration/selected_dataset/ireal-pro_1914.jams
ChordGeneration/selected_dataset/ireal-pro_1915.jams
ChordGeneration/selected_dataset/ireal-pro_1916.jams
ChordGeneration/selected_dataset/ireal-pro_1917.jams
ChordGeneration/selected_dataset/ireal-pro_1918.jams
ChordGeneration/selected_dataset/ireal-pro_1919.jams
ChordGeneration/selected_dataset/ireal-pro_192.jams
ChordGeneration/selected_dataset/ireal-pro_1920.jams
ChordGeneration/selected_dataset/ireal-pro_1921.jams
ChordGeneration/selected_dataset/ireal-pro_1922.jams
ChordGeneration/selected_dataset/ireal-pro_1923.jams
ChordGeneration/selected_dataset/ireal-pro_1924.jams
ChordGeneration/selected_dataset/ireal-pro_1925.jams
ChordGeneration/selected_dataset/ireal-pro_1926.jams
ChordGeneration/selected_dataset/ireal-pro_1927.jams
ChordGeneration/selected_dataset/ireal-pro_1928.jams
ChordGeneration/selected_dataset/ireal-pro_1929.jams
ChordGeneration/selected_dataset/ireal-pro_193.jams
ChordGeneration/selected_dataset/ireal-pro_1930.jams
ChordGeneration/selected_dataset/ireal-pro_1931.jams
ChordGeneration/selected_dataset/ireal-pro_1932.jams
ChordGeneration/selected_dataset/ireal-pro_1933.jams
ChordGeneration/selected_dataset/ireal-pro_1934.jams
ChordGeneration/selected_dataset/ireal-pro_1935.jams
ChordGeneration/selected_dataset/ireal-pro_1936.jams
ChordGeneration/selected_dataset/ireal-pro_1937.jams
ChordGeneration/selected_dataset/ireal-pro_1938.jams
ChordGeneration/selected_dataset/ireal-pro_1939.jams
ChordGeneration/selected_dataset/ireal-pro_194.jams
ChordGeneration/selected_dataset/ireal-pro_1940.jams
ChordGeneration/selected_dataset/ireal-pro_1941.jams
ChordGeneration/selected_dataset/ireal-pro_1942.jams
ChordGeneration/selected_dataset/ireal-pro_1943.jams
ChordGeneration/selected_dataset/ireal-pro_1944.jams
ChordGeneration/selected_dataset/ireal-pro_1945.jams
ChordGeneration/selected_dataset/ireal-pro_1946.jams
ChordGeneration/selected_dataset/ireal-pro_1947.jams
ChordGeneration/selected_dataset/ireal-pro_1948.jams
ChordGeneration/selected_dataset/ireal-pro_1949.jams
ChordGeneration/selected_dataset/ireal-pro_195.jams
ChordGeneration/selected_dataset/ireal-pro_1950.jams
ChordGeneration/selected_dataset/ireal-pro_1951.jams
ChordGeneration/selected_dataset/ireal-pro_1952.jams
ChordGeneration/selected_dataset/ireal-pro_1953.jams
ChordGeneration/selected_dataset/ireal-pro_1954.jams
ChordGeneration/selected_dataset/ireal-pro_1955.jams
ChordGeneration/selected_dataset/ireal-pro_1956.jams
ChordGeneration/selected_dataset/ireal-pro_1957.jams
ChordGeneration/selected_dataset/ireal-pro_1958.jams
ChordGeneration/selected_dataset/ireal-pro_1959.jams
ChordGeneration/selected_dataset/ireal-pro_196.jams
ChordGeneration/selected_dataset/ireal-pro_1960.jams
ChordGeneration/selected_dataset/ireal-pro_1961.jams
ChordGeneration/selected_dataset/ireal-pro_1962.jams
ChordGeneration/selected_dataset/ireal-pro_1963.jams
ChordGeneration/selected_dataset/ireal-pro_1964.jams
ChordGeneration/selected_dataset/ireal-pro_1965.jams
ChordGeneration/selected_dataset/ireal-pro_1966.jams
ChordGeneration/selected_dataset/ireal-pro_1967.jams
ChordGeneration/selected_dataset/ireal-pro_1968.jams
ChordGeneration/selected_dataset/ireal-pro_1969.jams
ChordGeneration/selected_dataset/ireal-pro_197.jams
ChordGeneration/selected_dataset/ireal-pro_1970.jams
ChordGeneration/selected_dataset/ireal-pro_1971.jams
ChordGeneration/selected_dataset/ireal-pro_1972.jams
ChordGeneration/selected_dataset/ireal-pro_1973.jams
ChordGeneration/selected_dataset/ireal-pro_1974.jams
ChordGeneration/selected_dataset/ireal-pro_1975.jams
ChordGeneration/selected_dataset/ireal-pro_1976.jams
ChordGeneration/selected_dataset/ireal-pro_1977.jams
ChordGeneration/selected_dataset/ireal-pro_1978.jams
ChordGeneration/selected_dataset/ireal-pro_1979.jams
ChordGeneration/selected_dataset/ireal-pro_198.jams
ChordGeneration/selected_dataset/ireal-pro_1980.jams
ChordGeneration/selected_dataset/ireal-pro_1981.jams
ChordGeneration/selected_dataset/ireal-pro_1982.jams
ChordGeneration/selected_dataset/ireal-pro_1983.jams
ChordGeneration/selected_dataset/ireal-pro_1984.jams
ChordGeneration/selected_dataset/ireal-pro_1985.jams
ChordGeneration/selected_dataset/ireal-pro_1986.jams
ChordGeneration/selected_dataset/ireal-pro_1987.jams
ChordGeneration/selected_dataset/ireal-pro_1988.jams
ChordGeneration/selected_dataset/ireal-pro_1989.jams
ChordGeneration/selected_dataset/ireal-pro_199.jams
ChordGeneration/selected_dataset/ireal-pro_1990.jams
ChordGeneration/selected_dataset/ireal-pro_1991.jams
ChordGeneration/selected_dataset/ireal-pro_1992.jams
ChordGeneration/selected_dataset/ireal-pro_1993.jams
ChordGeneration/selected_dataset/ireal-pro_1994.jams
ChordGeneration/selected_dataset/ireal-pro_1995.jams
ChordGeneration/selected_dataset/ireal-pro_1996.jams
ChordGeneration/selected_dataset/ireal-pro_1997.jams
ChordGeneration/selected_dataset/ireal-pro_1998.jams
ChordGeneration/selected_dataset/ireal-pro_1999.jams
ChordGeneration/selected_dataset/ireal-pro_2.jams
ChordGeneration/selected_dataset/ireal-pro_20.jams
ChordGeneration/selected_dataset/ireal-pro_200.jams
ChordGeneration/selected_dataset/ireal-pro_2000.jams
ChordGeneration/selected_dataset/ireal-pro_2001.jams
ChordGeneration/selected_dataset/ireal-pro_2002.jams
ChordGeneration/selected_dataset/ireal-pro_2003.jams
ChordGeneration/selected_dataset/ireal-pro_2004.jams
ChordGeneration/selected_dataset/ireal-pro_2005.jams
ChordGeneration/selected_dataset/ireal-pro_2006.jams
ChordGeneration/selected_dataset/ireal-pro_2007.jams
ChordGeneration/selected_dataset/ireal-pro_2008.jams
ChordGeneration/selected_dataset/ireal-pro_2009.jams
ChordGeneration/selected_dataset/ireal-pro_201.jams
ChordGeneration/selected_dataset/ireal-pro_2010.jams
ChordGeneration/selected_dataset/ireal-pro_2011.jams
ChordGeneration/selected_dataset/ireal-pro_2012.jams
ChordGeneration/selected_dataset/ireal-pro_2013.jams
ChordGeneration/selected_dataset/ireal-pro_2014.jams
ChordGeneration/selected_dataset/ireal-pro_2015.jams
ChordGeneration/selected_dataset/ireal-pro_2016.jams
ChordGeneration/selected_dataset/ireal-pro_2017.jams
ChordGeneration/selected_dataset/ireal-pro_2018.jams
ChordGeneration/selected_dataset/ireal-pro_2019.jams
ChordGeneration/selected_dataset/ireal-pro_202.jams
ChordGeneration/selected_dataset/ireal-pro_2020.jams
ChordGeneration/selected_dataset/ireal-pro_2021.jams
ChordGeneration/selected_dataset/ireal-pro_2022.jams
ChordGeneration/selected_dataset/ireal-pro_2023.jams
ChordGeneration/selected_dataset/ireal-pro_2024.jams
ChordGeneration/selected_dataset/ireal-pro_2025.jams
ChordGeneration/selected_dataset/ireal-pro_2026.jams
ChordGeneration/selected_dataset/ireal-pro_2027.jams
ChordGeneration/selected_dataset/ireal-pro_2028.jams
ChordGeneration/selected_dataset/ireal-pro_2029.jams
ChordGeneration/selected_dataset/ireal-pro_203.jams
ChordGeneration/selected_dataset/ireal-pro_2030.jams
ChordGeneration/selected_dataset/ireal-pro_2031.jams
ChordGeneration/selected_dataset/ireal-pro_2032.jams
ChordGeneration/selected_dataset/ireal-pro_2033.jams
ChordGeneration/selected_dataset/ireal-pro_2034.jams
ChordGeneration/selected_dataset/ireal-pro_2035.jams
ChordGeneration/selected_dataset/ireal-pro_2036.jams
ChordGeneration/selected_dataset/ireal-pro_2037.jams
ChordGeneration/selected_dataset/ireal-pro_2038.jams
ChordGeneration/selected_dataset/ireal-pro_2039.jams
ChordGeneration/selected_dataset/ireal-pro_204.jams
ChordGeneration/selected_dataset/ireal-pro_2040.jams
ChordGeneration/selected_dataset/ireal-pro_2041.jams
ChordGeneration/selected_dataset/ireal-pro_2042.jams
ChordGeneration/selected_dataset/ireal-pro_2043.jams
ChordGeneration/selected_dataset/ireal-pro_2044.jams
ChordGeneration/selected_dataset/ireal-pro_2045.jams
ChordGeneration/selected_dataset/ireal-pro_2046.jams
ChordGeneration/selected_dataset/ireal-pro_2047.jams
ChordGeneration/selected_dataset/ireal-pro_205.jams
ChordGeneration/selected_dataset/ireal-pro_206.jams
ChordGeneration/selected_dataset/ireal-pro_207.jams
ChordGeneration/selected_dataset/ireal-pro_208.jams
ChordGeneration/selected_dataset/ireal-pro_209.jams
ChordGeneration/selected_dataset/ireal-pro_21.jams
ChordGeneration/selected_dataset/ireal-pro_210.jams
ChordGeneration/selected_dataset/ireal-pro_211.jams
ChordGeneration/selected_dataset/ireal-pro_212.jams
ChordGeneration/selected_dataset/ireal-pro_213.jams
ChordGeneration/selected_dataset/ireal-pro_214.jams
ChordGeneration/selected_dataset/ireal-pro_215.jams
ChordGeneration/selected_dataset/ireal-pro_216.jams
ChordGeneration/selected_dataset/ireal-pro_217.jams
ChordGeneration/selected_dataset/ireal-pro_218.jams
ChordGeneration/selected_dataset/ireal-pro_219.jams
ChordGeneration/selected_dataset/ireal-pro_22.jams
ChordGeneration/selected_dataset/ireal-pro_220.jams
ChordGeneration/selected_dataset/ireal-pro_221.jams
ChordGeneration/selected_dataset/ireal-pro_222.jams
ChordGeneration/selected_dataset/ireal-pro_223.jams
ChordGeneration/selected_dataset/ireal-pro_224.jams
ChordGeneration/selected_dataset/ireal-pro_225.jams
ChordGeneration/selected_dataset/ireal-pro_226.jams
ChordGeneration/selected_dataset/ireal-pro_227.jams
ChordGeneration/selected_dataset/ireal-pro_228.jams
ChordGeneration/selected_dataset/ireal-pro_229.jams
ChordGeneration/selected_dataset/ireal-pro_23.jams
ChordGeneration/selected_dataset/ireal-pro_230.jams
ChordGeneration/selected_dataset/ireal-pro_231.jams
ChordGeneration/selected_dataset/ireal-pro_232.jams
ChordGeneration/selected_dataset/ireal-pro_233.jams
ChordGeneration/selected_dataset/ireal-pro_234.jams
ChordGeneration/selected_dataset/ireal-pro_235.jams
ChordGeneration/selected_dataset/ireal-pro_236.jams
ChordGeneration/selected_dataset/ireal-pro_237.jams
ChordGeneration/selected_dataset/ireal-pro_238.jams
ChordGeneration/selected_dataset/ireal-pro_239.jams
ChordGeneration/selected_dataset/ireal-pro_24.jams
ChordGeneration/selected_dataset/ireal-pro_240.jams
ChordGeneration/selected_dataset/ireal-pro_241.jams
ChordGeneration/selected_dataset/ireal-pro_242.jams
ChordGeneration/selected_dataset/ireal-pro_243.jams
ChordGeneration/selected_dataset/ireal-pro_244.jams
ChordGeneration/selected_dataset/ireal-pro_245.jams
ChordGeneration/selected_dataset/ireal-pro_246.jams
ChordGeneration/selected_dataset/ireal-pro_247.jams
ChordGeneration/selected_dataset/ireal-pro_248.jams
ChordGeneration/selected_dataset/ireal-pro_249.jams
ChordGeneration/selected_dataset/ireal-pro_25.jams
ChordGeneration/selected_dataset/ireal-pro_250.jams
ChordGeneration/selected_dataset/ireal-pro_251.jams
ChordGeneration/selected_dataset/ireal-pro_252.jams
ChordGeneration/selected_dataset/ireal-pro_253.jams
ChordGeneration/selected_dataset/ireal-pro_254.jams
ChordGeneration/selected_dataset/ireal-pro_255.jams
ChordGeneration/selected_dataset/ireal-pro_256.jams
ChordGeneration/selected_dataset/ireal-pro_257.jams
ChordGeneration/selected_dataset/ireal-pro_258.jams
ChordGeneration/selected_dataset/ireal-pro_259.jams
ChordGeneration/selected_dataset/ireal-pro_26.jams
ChordGeneration/selected_dataset/ireal-pro_260.jams
ChordGeneration/selected_dataset/ireal-pro_261.jams
ChordGeneration/selected_dataset/ireal-pro_262.jams
ChordGeneration/selected_dataset/ireal-pro_263.jams
ChordGeneration/selected_dataset/ireal-pro_264.jams
ChordGeneration/selected_dataset/ireal-pro_265.jams
ChordGeneration/selected_dataset/ireal-pro_266.jams
ChordGeneration/selected_dataset/ireal-pro_267.jams
ChordGeneration/selected_dataset/ireal-pro_268.jams
ChordGeneration/selected_dataset/ireal-pro_269.jams
ChordGeneration/selected_dataset/ireal-pro_27.jams
ChordGeneration/selected_dataset/ireal-pro_270.jams
ChordGeneration/selected_dataset/ireal-pro_271.jams
ChordGeneration/selected_dataset/ireal-pro_272.jams
ChordGeneration/selected_dataset/ireal-pro_273.jams
ChordGeneration/selected_dataset/ireal-pro_274.jams
ChordGeneration/selected_dataset/ireal-pro_275.jams
ChordGeneration/selected_dataset/ireal-pro_276.jams
ChordGeneration/selected_dataset/ireal-pro_277.jams
ChordGeneration/selected_dataset/ireal-pro_278.jams
ChordGeneration/selected_dataset/ireal-pro_279.jams
ChordGeneration/selected_dataset/ireal-pro_28.jams
ChordGeneration/selected_dataset/ireal-pro_280.jams
ChordGeneration/selected_dataset/ireal-pro_281.jams
ChordGeneration/selected_dataset/ireal-pro_282.jams
ChordGeneration/selected_dataset/ireal-pro_283.jams
ChordGeneration/selected_dataset/ireal-pro_284.jams
ChordGeneration/selected_dataset/ireal-pro_285.jams
ChordGeneration/selected_dataset/ireal-pro_286.jams
ChordGeneration/selected_dataset/ireal-pro_287.jams
ChordGeneration/selected_dataset/ireal-pro_288.jams
ChordGeneration/selected_dataset/ireal-pro_289.jams
ChordGeneration/selected_dataset/ireal-pro_29.jams
ChordGeneration/selected_dataset/ireal-pro_290.jams
ChordGeneration/selected_dataset/ireal-pro_291.jams
ChordGeneration/selected_dataset/ireal-pro_292.jams
ChordGeneration/selected_dataset/ireal-pro_293.jams
ChordGeneration/selected_dataset/ireal-pro_294.jams
ChordGeneration/selected_dataset/ireal-pro_295.jams
ChordGeneration/selected_dataset/ireal-pro_296.jams
ChordGeneration/selected_dataset/ireal-pro_297.jams
ChordGeneration/selected_dataset/ireal-pro_298.jams
ChordGeneration/selected_dataset/ireal-pro_299.jams
ChordGeneration/selected_dataset/ireal-pro_3.jams
ChordGeneration/selected_dataset/ireal-pro_30.jams
ChordGeneration/selected_dataset/ireal-pro_300.jams
ChordGeneration/selected_dataset/ireal-pro_301.jams
ChordGeneration/selected_dataset/ireal-pro_302.jams
ChordGeneration/selected_dataset/ireal-pro_303.jams
ChordGeneration/selected_dataset/ireal-pro_304.jams
ChordGeneration/selected_dataset/ireal-pro_305.jams
ChordGeneration/selected_dataset/ireal-pro_306.jams
ChordGeneration/selected_dataset/ireal-pro_307.jams
ChordGeneration/selected_dataset/ireal-pro_308.jams
ChordGeneration/selected_dataset/ireal-pro_309.jams
ChordGeneration/selected_dataset/ireal-pro_31.jams
ChordGeneration/selected_dataset/ireal-pro_310.jams
ChordGeneration/selected_dataset/ireal-pro_311.jams
ChordGeneration/selected_dataset/ireal-pro_312.jams
ChordGeneration/selected_dataset/ireal-pro_313.jams
ChordGeneration/selected_dataset/ireal-pro_314.jams
ChordGeneration/selected_dataset/ireal-pro_315.jams
ChordGeneration/selected_dataset/ireal-pro_316.jams
ChordGeneration/selected_dataset/ireal-pro_317.jams
ChordGeneration/selected_dataset/ireal-pro_318.jams
ChordGeneration/selected_dataset/ireal-pro_319.jams
ChordGeneration/selected_dataset/ireal-pro_32.jams
ChordGeneration/selected_dataset/ireal-pro_320.jams
ChordGeneration/selected_dataset/ireal-pro_321.jams
ChordGeneration/selected_dataset/ireal-pro_322.jams
ChordGeneration/selected_dataset/ireal-pro_323.jams
ChordGeneration/selected_dataset/ireal-pro_324.jams
ChordGeneration/selected_dataset/ireal-pro_325.jams
ChordGeneration/selected_dataset/ireal-pro_326.jams
ChordGeneration/selected_dataset/ireal-pro_327.jams
ChordGeneration/selected_dataset/ireal-pro_328.jams
ChordGeneration/selected_dataset/ireal-pro_329.jams
ChordGeneration/selected_dataset/ireal-pro_33.jams
ChordGeneration/selected_dataset/ireal-pro_330.jams
ChordGeneration/selected_dataset/ireal-pro_331.jams
ChordGeneration/selected_dataset/ireal-pro_332.jams
ChordGeneration/selected_dataset/ireal-pro_333.jams
ChordGeneration/selected_dataset/ireal-pro_334.jams
ChordGeneration/selected_dataset/ireal-pro_335.jams
ChordGeneration/selected_dataset/ireal-pro_336.jams
ChordGeneration/selected_dataset/ireal-pro_337.jams
ChordGeneration/selected_dataset/ireal-pro_338.jams
ChordGeneration/selected_dataset/ireal-pro_339.jams
ChordGeneration/selected_dataset/ireal-pro_34.jams
ChordGeneration/selected_dataset/ireal-pro_340.jams
ChordGeneration/selected_dataset/ireal-pro_341.jams
ChordGeneration/selected_dataset/ireal-pro_342.jams
ChordGeneration/selected_dataset/ireal-pro_343.jams
ChordGeneration/selected_dataset/ireal-pro_344.jams
ChordGeneration/selected_dataset/ireal-pro_345.jams
ChordGeneration/selected_dataset/ireal-pro_346.jams
ChordGeneration/selected_dataset/ireal-pro_347.jams
ChordGeneration/selected_dataset/ireal-pro_348.jams
ChordGeneration/selected_dataset/ireal-pro_349.jams
ChordGeneration/selected_dataset/ireal-pro_35.jams
ChordGeneration/selected_dataset/ireal-pro_350.jams
ChordGeneration/selected_dataset/ireal-pro_351.jams
ChordGeneration/selected_dataset/ireal-pro_352.jams
ChordGeneration/selected_dataset/ireal-pro_353.jams
ChordGeneration/selected_dataset/ireal-pro_354.jams
ChordGeneration/selected_dataset/ireal-pro_355.jams
ChordGeneration/selected_dataset/ireal-pro_356.jams
ChordGeneration/selected_dataset/ireal-pro_357.jams
ChordGeneration/selected_dataset/ireal-pro_358.jams
ChordGeneration/selected_dataset/ireal-pro_359.jams
ChordGeneration/selected_dataset/ireal-pro_36.jams
ChordGeneration/selected_dataset/ireal-pro_360.jams
ChordGeneration/selected_dataset/ireal-pro_361.jams
ChordGeneration/selected_dataset/ireal-pro_362.jams
ChordGeneration/selected_dataset/ireal-pro_363.jams
ChordGeneration/selected_dataset/ireal-pro_364.jams
ChordGeneration/selected_dataset/ireal-pro_365.jams
ChordGeneration/selected_dataset/ireal-pro_366.jams
ChordGeneration/selected_dataset/ireal-pro_367.jams
ChordGeneration/selected_dataset/ireal-pro_368.jams
ChordGeneration/selected_dataset/ireal-pro_369.jams
ChordGeneration/selected_dataset/ireal-pro_37.jams
ChordGeneration/selected_dataset/ireal-pro_370.jams
ChordGeneration/selected_dataset/ireal-pro_371.jams
ChordGeneration/selected_dataset/ireal-pro_372.jams
ChordGeneration/selected_dataset/ireal-pro_373.jams
ChordGeneration/selected_dataset/ireal-pro_374.jams
ChordGeneration/selected_dataset/ireal-pro_375.jams
ChordGeneration/selected_dataset/ireal-pro_376.jams
ChordGeneration/selected_dataset/ireal-pro_377.jams
ChordGeneration/selected_dataset/ireal-pro_378.jams
ChordGeneration/selected_dataset/ireal-pro_379.jams
ChordGeneration/selected_dataset/ireal-pro_38.jams
ChordGeneration/selected_dataset/ireal-pro_380.jams
ChordGeneration/selected_dataset/ireal-pro_381.jams
ChordGeneration/selected_dataset/ireal-pro_382.jams
ChordGeneration/selected_dataset/ireal-pro_383.jams
ChordGeneration/selected_dataset/ireal-pro_384.jams
ChordGeneration/selected_dataset/ireal-pro_385.jams
ChordGeneration/selected_dataset/ireal-pro_386.jams
ChordGeneration/selected_dataset/ireal-pro_387.jams
ChordGeneration/selected_dataset/ireal-pro_388.jams
ChordGeneration/selected_dataset/ireal-pro_389.jams
ChordGeneration/selected_dataset/ireal-pro_39.jams
ChordGeneration/selected_dataset/ireal-pro_390.jams
ChordGeneration/selected_dataset/ireal-pro_391.jams
ChordGeneration/selected_dataset/ireal-pro_392.jams
ChordGeneration/selected_dataset/ireal-pro_393.jams
ChordGeneration/selected_dataset/ireal-pro_394.jams
ChordGeneration/selected_dataset/ireal-pro_395.jams
ChordGeneration/selected_dataset/ireal-pro_396.jams
ChordGeneration/selected_dataset/ireal-pro_397.jams
ChordGeneration/selected_dataset/ireal-pro_398.jams
ChordGeneration/selected_dataset/ireal-pro_399.jams
ChordGeneration/selected_dataset/ireal-pro_4.jams
ChordGeneration/selected_dataset/ireal-pro_40.jams
ChordGeneration/selected_dataset/ireal-pro_400.jams
ChordGeneration/selected_dataset/ireal-pro_401.jams
ChordGeneration/selected_dataset/ireal-pro_402.jams
ChordGeneration/selected_dataset/ireal-pro_403.jams
ChordGeneration/selected_dataset/ireal-pro_404.jams
ChordGeneration/selected_dataset/ireal-pro_405.jams
ChordGeneration/selected_dataset/ireal-pro_406.jams
ChordGeneration/selected_dataset/ireal-pro_407.jams
ChordGeneration/selected_dataset/ireal-pro_408.jams
ChordGeneration/selected_dataset/ireal-pro_409.jams
ChordGeneration/selected_dataset/ireal-pro_41.jams
ChordGeneration/selected_dataset/ireal-pro_410.jams
ChordGeneration/selected_dataset/ireal-pro_411.jams
ChordGeneration/selected_dataset/ireal-pro_412.jams
ChordGeneration/selected_dataset/ireal-pro_413.jams
ChordGeneration/selected_dataset/ireal-pro_414.jams
ChordGeneration/selected_dataset/ireal-pro_415.jams
ChordGeneration/selected_dataset/ireal-pro_416.jams
ChordGeneration/selected_dataset/ireal-pro_417.jams
ChordGeneration/selected_dataset/ireal-pro_418.jams
ChordGeneration/selected_dataset/ireal-pro_419.jams
ChordGeneration/selected_dataset/ireal-pro_42.jams
ChordGeneration/selected_dataset/ireal-pro_420.jams
ChordGeneration/selected_dataset/ireal-pro_421.jams
ChordGeneration/selected_dataset/ireal-pro_422.jams
ChordGeneration/selected_dataset/ireal-pro_423.jams
ChordGeneration/selected_dataset/ireal-pro_424.jams
ChordGeneration/selected_dataset/ireal-pro_425.jams
ChordGeneration/selected_dataset/ireal-pro_426.jams
ChordGeneration/selected_dataset/ireal-pro_427.jams
ChordGeneration/selected_dataset/ireal-pro_428.jams
ChordGeneration/selected_dataset/ireal-pro_429.jams
ChordGeneration/selected_dataset/ireal-pro_43.jams
ChordGeneration/selected_dataset/ireal-pro_430.jams
ChordGeneration/selected_dataset/ireal-pro_431.jams
ChordGeneration/selected_dataset/ireal-pro_432.jams
ChordGeneration/selected_dataset/ireal-pro_433.jams
ChordGeneration/selected_dataset/ireal-pro_434.jams
ChordGeneration/selected_dataset/ireal-pro_435.jams
ChordGeneration/selected_dataset/ireal-pro_436.jams
ChordGeneration/selected_dataset/ireal-pro_437.jams
ChordGeneration/selected_dataset/ireal-pro_438.jams
ChordGeneration/selected_dataset/ireal-pro_439.jams
ChordGeneration/selected_dataset/ireal-pro_44.jams
ChordGeneration/selected_dataset/ireal-pro_440.jams
ChordGeneration/selected_dataset/ireal-pro_441.jams
ChordGeneration/selected_dataset/ireal-pro_442.jams
ChordGeneration/selected_dataset/ireal-pro_443.jams
ChordGeneration/selected_dataset/ireal-pro_444.jams
ChordGeneration/selected_dataset/ireal-pro_445.jams
ChordGeneration/selected_dataset/ireal-pro_446.jams
ChordGeneration/selected_dataset/ireal-pro_447.jams
ChordGeneration/selected_dataset/ireal-pro_448.jams
ChordGeneration/selected_dataset/ireal-pro_449.jams
ChordGeneration/selected_dataset/ireal-pro_45.jams
ChordGeneration/selected_dataset/ireal-pro_450.jams
ChordGeneration/selected_dataset/ireal-pro_451.jams
ChordGeneration/selected_dataset/ireal-pro_452.jams
ChordGeneration/selected_dataset/ireal-pro_453.jams
ChordGeneration/selected_dataset/ireal-pro_454.jams
ChordGeneration/selected_dataset/ireal-pro_455.jams
ChordGeneration/selected_dataset/ireal-pro_456.jams
ChordGeneration/selected_dataset/ireal-pro_457.jams
ChordGeneration/selected_dataset/ireal-pro_458.jams
ChordGeneration/selected_dataset/ireal-pro_459.jams
ChordGeneration/selected_dataset/ireal-pro_46.jams
ChordGeneration/selected_dataset/ireal-pro_460.jams
ChordGeneration/selected_dataset/ireal-pro_461.jams
ChordGeneration/selected_dataset/ireal-pro_462.jams
ChordGeneration/selected_dataset/ireal-pro_463.jams
ChordGeneration/selected_dataset/ireal-pro_464.jams
ChordGeneration/selected_dataset/ireal-pro_465.jams
ChordGeneration/selected_dataset/ireal-pro_466.jams
ChordGeneration/selected_dataset/ireal-pro_467.jams
ChordGeneration/selected_dataset/ireal-pro_468.jams
ChordGeneration/selected_dataset/ireal-pro_469.jams
ChordGeneration/selected_dataset/ireal-pro_47.jams
ChordGeneration/selected_dataset/ireal-pro_470.jams
ChordGeneration/selected_dataset/ireal-pro_471.jams
ChordGeneration/selected_dataset/ireal-pro_472.jams
ChordGeneration/selected_dataset/ireal-pro_473.jams
ChordGeneration/selected_dataset/ireal-pro_474.jams
ChordGeneration/selected_dataset/ireal-pro_475.jams
ChordGeneration/selected_dataset/ireal-pro_476.jams
ChordGeneration/selected_dataset/ireal-pro_477.jams
ChordGeneration/selected_dataset/ireal-pro_478.jams
ChordGeneration/selected_dataset/ireal-pro_479.jams
ChordGeneration/selected_dataset/ireal-pro_48.jams
ChordGeneration/selected_dataset/ireal-pro_480.jams
ChordGeneration/selected_dataset/ireal-pro_481.jams
ChordGeneration/selected_dataset/ireal-pro_482.jams
ChordGeneration/selected_dataset/ireal-pro_483.jams
ChordGeneration/selected_dataset/ireal-pro_484.jams
ChordGeneration/selected_dataset/ireal-pro_485.jams
ChordGeneration/selected_dataset/ireal-pro_486.jams
ChordGeneration/selected_dataset/ireal-pro_487.jams
ChordGeneration/selected_dataset/ireal-pro_488.jams
ChordGeneration/selected_dataset/ireal-pro_489.jams
ChordGeneration/selected_dataset/ireal-pro_49.jams
ChordGeneration/selected_dataset/ireal-pro_490.jams
ChordGeneration/selected_dataset/ireal-pro_491.jams
ChordGeneration/selected_dataset/ireal-pro_492.jams
ChordGeneration/selected_dataset/ireal-pro_493.jams
ChordGeneration/selected_dataset/ireal-pro_494.jams
ChordGeneration/selected_dataset/ireal-pro_495.jams
ChordGeneration/selected_dataset/ireal-pro_496.jams
ChordGeneration/selected_dataset/ireal-pro_497.jams
ChordGeneration/selected_dataset/ireal-pro_498.jams
ChordGeneration/selected_dataset/ireal-pro_499.jams
ChordGeneration/selected_dataset/ireal-pro_5.jams
ChordGeneration/selected_dataset/ireal-pro_50.jams
ChordGeneration/selected_dataset/ireal-pro_500.jams
ChordGeneration/selected_dataset/ireal-pro_501.jams
ChordGeneration/selected_dataset/ireal-pro_502.jams
ChordGeneration/selected_dataset/ireal-pro_503.jams
ChordGeneration/selected_dataset/ireal-pro_504.jams
ChordGeneration/selected_dataset/ireal-pro_505.jams
ChordGeneration/selected_dataset/ireal-pro_506.jams
ChordGeneration/selected_dataset/ireal-pro_507.jams
ChordGeneration/selected_dataset/ireal-pro_508.jams
ChordGeneration/selected_dataset/ireal-pro_509.jams
ChordGeneration/selected_dataset/ireal-pro_51.jams
ChordGeneration/selected_dataset/ireal-pro_510.jams
ChordGeneration/selected_dataset/ireal-pro_511.jams
ChordGeneration/selected_dataset/ireal-pro_512.jams
ChordGeneration/selected_dataset/ireal-pro_513.jams
ChordGeneration/selected_dataset/ireal-pro_514.jams
ChordGeneration/selected_dataset/ireal-pro_515.jams
ChordGeneration/selected_dataset/ireal-pro_516.jams
ChordGeneration/selected_dataset/ireal-pro_517.jams
ChordGeneration/selected_dataset/ireal-pro_518.jams
ChordGeneration/selected_dataset/ireal-pro_519.jams
ChordGeneration/selected_dataset/ireal-pro_52.jams
ChordGeneration/selected_dataset/ireal-pro_520.jams
ChordGeneration/selected_dataset/ireal-pro_521.jams
ChordGeneration/selected_dataset/ireal-pro_522.jams
ChordGeneration/selected_dataset/ireal-pro_523.jams
ChordGeneration/selected_dataset/ireal-pro_524.jams
ChordGeneration/selected_dataset/ireal-pro_525.jams
ChordGeneration/selected_dataset/ireal-pro_526.jams
ChordGeneration/selected_dataset/ireal-pro_527.jams
ChordGeneration/selected_dataset/ireal-pro_528.jams
ChordGeneration/selected_dataset/ireal-pro_529.jams
ChordGeneration/selected_dataset/ireal-pro_53.jams
ChordGeneration/selected_dataset/ireal-pro_530.jams
ChordGeneration/selected_dataset/ireal-pro_531.jams
ChordGeneration/selected_dataset/ireal-pro_532.jams
ChordGeneration/selected_dataset/ireal-pro_533.jams
ChordGeneration/selected_dataset/ireal-pro_534.jams
ChordGeneration/selected_dataset/ireal-pro_535.jams
ChordGeneration/selected_dataset/ireal-pro_536.jams
ChordGeneration/selected_dataset/ireal-pro_537.jams
ChordGeneration/selected_dataset/ireal-pro_538.jams
ChordGeneration/selected_dataset/ireal-pro_539.jams
ChordGeneration/selected_dataset/ireal-pro_54.jams
ChordGeneration/selected_dataset/ireal-pro_540.jams
ChordGeneration/selected_dataset/ireal-pro_541.jams
ChordGeneration/selected_dataset/ireal-pro_542.jams
ChordGeneration/selected_dataset/ireal-pro_543.jams
ChordGeneration/selected_dataset/ireal-pro_544.jams
ChordGeneration/selected_dataset/ireal-pro_545.jams
ChordGeneration/selected_dataset/ireal-pro_546.jams
ChordGeneration/selected_dataset/ireal-pro_547.jams
ChordGeneration/selected_dataset/ireal-pro_548.jams
ChordGeneration/selected_dataset/ireal-pro_549.jams
ChordGeneration/selected_dataset/ireal-pro_55.jams
ChordGeneration/selected_dataset/ireal-pro_550.jams
ChordGeneration/selected_dataset/ireal-pro_551.jams
ChordGeneration/selected_dataset/ireal-pro_552.jams
ChordGeneration/selected_dataset/ireal-pro_553.jams
ChordGeneration/selected_dataset/ireal-pro_554.jams
ChordGeneration/selected_dataset/ireal-pro_555.jams
ChordGeneration/selected_dataset/ireal-pro_556.jams
ChordGeneration/selected_dataset/ireal-pro_557.jams
ChordGeneration/selected_dataset/ireal-pro_558.jams
ChordGeneration/selected_dataset/ireal-pro_559.jams
ChordGeneration/selected_dataset/ireal-pro_56.jams
ChordGeneration/selected_dataset/ireal-pro_560.jams
ChordGeneration/selected_dataset/ireal-pro_561.jams
ChordGeneration/selected_dataset/ireal-pro_562.jams
ChordGeneration/selected_dataset/ireal-pro_563.jams
ChordGeneration/selected_dataset/ireal-pro_564.jams
ChordGeneration/selected_dataset/ireal-pro_565.jams
ChordGeneration/selected_dataset/ireal-pro_566.jams
ChordGeneration/selected_dataset/ireal-pro_567.jams
ChordGeneration/selected_dataset/ireal-pro_568.jams
ChordGeneration/selected_dataset/ireal-pro_569.jams
ChordGeneration/selected_dataset/ireal-pro_57.jams
ChordGeneration/selected_dataset/ireal-pro_570.jams
ChordGeneration/selected_dataset/ireal-pro_571.jams
ChordGeneration/selected_dataset/ireal-pro_572.jams
ChordGeneration/selected_dataset/ireal-pro_573.jams
ChordGeneration/selected_dataset/ireal-pro_574.jams
ChordGeneration/selected_dataset/ireal-pro_575.jams
ChordGeneration/selected_dataset/ireal-pro_576.jams
ChordGeneration/selected_dataset/ireal-pro_577.jams
ChordGeneration/selected_dataset/ireal-pro_578.jams
ChordGeneration/selected_dataset/ireal-pro_579.jams
ChordGeneration/selected_dataset/ireal-pro_58.jams
ChordGeneration/selected_dataset/ireal-pro_580.jams
ChordGeneration/selected_dataset/ireal-pro_581.jams
ChordGeneration/selected_dataset/ireal-pro_582.jams
ChordGeneration/selected_dataset/ireal-pro_583.jams
ChordGeneration/selected_dataset/ireal-pro_584.jams
ChordGeneration/selected_dataset/ireal-pro_585.jams
ChordGeneration/selected_dataset/ireal-pro_586.jams
ChordGeneration/selected_dataset/ireal-pro_587.jams
ChordGeneration/selected_dataset/ireal-pro_588.jams
ChordGeneration/selected_dataset/ireal-pro_589.jams
ChordGeneration/selected_dataset/ireal-pro_59.jams
ChordGeneration/selected_dataset/ireal-pro_590.jams
ChordGeneration/selected_dataset/ireal-pro_591.jams
ChordGeneration/selected_dataset/ireal-pro_592.jams
ChordGeneration/selected_dataset/ireal-pro_593.jams
ChordGeneration/selected_dataset/ireal-pro_594.jams
ChordGeneration/selected_dataset/ireal-pro_595.jams
ChordGeneration/selected_dataset/ireal-pro_596.jams
ChordGeneration/selected_dataset/ireal-pro_597.jams
ChordGeneration/selected_dataset/ireal-pro_598.jams
ChordGeneration/selected_dataset/ireal-pro_599.jams
ChordGeneration/selected_dataset/ireal-pro_6.jams
ChordGeneration/selected_dataset/ireal-pro_60.jams
ChordGeneration/selected_dataset/ireal-pro_600.jams
ChordGeneration/selected_dataset/ireal-pro_601.jams
ChordGeneration/selected_dataset/ireal-pro_602.jams
ChordGeneration/selected_dataset/ireal-pro_603.jams
ChordGeneration/selected_dataset/ireal-pro_604.jams
ChordGeneration/selected_dataset/ireal-pro_605.jams
ChordGeneration/selected_dataset/ireal-pro_606.jams
ChordGeneration/selected_dataset/ireal-pro_607.jams
ChordGeneration/selected_dataset/ireal-pro_608.jams
ChordGeneration/selected_dataset/ireal-pro_609.jams
ChordGeneration/selected_dataset/ireal-pro_61.jams
ChordGeneration/selected_dataset/ireal-pro_610.jams
ChordGeneration/selected_dataset/ireal-pro_611.jams
ChordGeneration/selected_dataset/ireal-pro_612.jams
ChordGeneration/selected_dataset/ireal-pro_613.jams
ChordGeneration/selected_dataset/ireal-pro_614.jams
ChordGeneration/selected_dataset/ireal-pro_615.jams
ChordGeneration/selected_dataset/ireal-pro_616.jams
ChordGeneration/selected_dataset/ireal-pro_617.jams
ChordGeneration/selected_dataset/ireal-pro_618.jams
ChordGeneration/selected_dataset/ireal-pro_619.jams
ChordGeneration/selected_dataset/ireal-pro_62.jams
ChordGeneration/selected_dataset/ireal-pro_620.jams
ChordGeneration/selected_dataset/ireal-pro_621.jams
ChordGeneration/selected_dataset/ireal-pro_622.jams
ChordGeneration/selected_dataset/ireal-pro_623.jams
ChordGeneration/selected_dataset/ireal-pro_624.jams
ChordGeneration/selected_dataset/ireal-pro_625.jams
ChordGeneration/selected_dataset/ireal-pro_626.jams
ChordGeneration/selected_dataset/ireal-pro_627.jams
ChordGeneration/selected_dataset/ireal-pro_628.jams
ChordGeneration/selected_dataset/ireal-pro_629.jams
ChordGeneration/selected_dataset/ireal-pro_63.jams
ChordGeneration/selected_dataset/ireal-pro_630.jams
ChordGeneration/selected_dataset/ireal-pro_631.jams
ChordGeneration/selected_dataset/ireal-pro_632.jams
ChordGeneration/selected_dataset/ireal-pro_633.jams
ChordGeneration/selected_dataset/ireal-pro_634.jams
ChordGeneration/selected_dataset/ireal-pro_635.jams
ChordGeneration/selected_dataset/ireal-pro_636.jams
ChordGeneration/selected_dataset/ireal-pro_637.jams
ChordGeneration/selected_dataset/ireal-pro_638.jams
ChordGeneration/selected_dataset/ireal-pro_639.jams
ChordGeneration/selected_dataset/ireal-pro_64.jams
ChordGeneration/selected_dataset/ireal-pro_640.jams
ChordGeneration/selected_dataset/ireal-pro_641.jams
ChordGeneration/selected_dataset/ireal-pro_642.jams
ChordGeneration/selected_dataset/ireal-pro_643.jams
ChordGeneration/selected_dataset/ireal-pro_644.jams
ChordGeneration/selected_dataset/ireal-pro_645.jams
ChordGeneration/selected_dataset/ireal-pro_646.jams
ChordGeneration/selected_dataset/ireal-pro_647.jams
ChordGeneration/selected_dataset/ireal-pro_648.jams
ChordGeneration/selected_dataset/ireal-pro_649.jams
ChordGeneration/selected_dataset/ireal-pro_65.jams
ChordGeneration/selected_dataset/ireal-pro_650.jams
ChordGeneration/selected_dataset/ireal-pro_651.jams
ChordGeneration/selected_dataset/ireal-pro_652.jams
ChordGeneration/selected_dataset/ireal-pro_653.jams
ChordGeneration/selected_dataset/ireal-pro_654.jams
ChordGeneration/selected_dataset/ireal-pro_655.jams
ChordGeneration/selected_dataset/ireal-pro_656.jams
ChordGeneration/selected_dataset/ireal-pro_657.jams
ChordGeneration/selected_dataset/ireal-pro_658.jams
ChordGeneration/selected_dataset/ireal-pro_659.jams
ChordGeneration/selected_dataset/ireal-pro_66.jams
ChordGeneration/selected_dataset/ireal-pro_660.jams
ChordGeneration/selected_dataset/ireal-pro_661.jams
ChordGeneration/selected_dataset/ireal-pro_662.jams
ChordGeneration/selected_dataset/ireal-pro_663.jams
ChordGeneration/selected_dataset/ireal-pro_664.jams
ChordGeneration/selected_dataset/ireal-pro_665.jams
ChordGeneration/selected_dataset/ireal-pro_666.jams
ChordGeneration/selected_dataset/ireal-pro_667.jams
ChordGeneration/selected_dataset/ireal-pro_668.jams
ChordGeneration/selected_dataset/ireal-pro_669.jams
ChordGeneration/selected_dataset/ireal-pro_67.jams
ChordGeneration/selected_dataset/ireal-pro_670.jams
ChordGeneration/selected_dataset/ireal-pro_671.jams
ChordGeneration/selected_dataset/ireal-pro_672.jams
ChordGeneration/selected_dataset/ireal-pro_673.jams
ChordGeneration/selected_dataset/ireal-pro_674.jams
ChordGeneration/selected_dataset/ireal-pro_675.jams
ChordGeneration/selected_dataset/ireal-pro_676.jams
ChordGeneration/selected_dataset/ireal-pro_677.jams
ChordGeneration/selected_dataset/ireal-pro_678.jams
ChordGeneration/selected_dataset/ireal-pro_679.jams
ChordGeneration/selected_dataset/ireal-pro_68.jams
ChordGeneration/selected_dataset/ireal-pro_680.jams
ChordGeneration/selected_dataset/ireal-pro_681.jams
ChordGeneration/selected_dataset/ireal-pro_682.jams
ChordGeneration/selected_dataset/ireal-pro_683.jams
ChordGeneration/selected_dataset/ireal-pro_684.jams
ChordGeneration/selected_dataset/ireal-pro_685.jams
ChordGeneration/selected_dataset/ireal-pro_686.jams
ChordGeneration/selected_dataset/ireal-pro_687.jams
ChordGeneration/selected_dataset/ireal-pro_688.jams
ChordGeneration/selected_dataset/ireal-pro_689.jams
ChordGeneration/selected_dataset/ireal-pro_69.jams
ChordGeneration/selected_dataset/ireal-pro_690.jams
ChordGeneration/selected_dataset/ireal-pro_691.jams
ChordGeneration/selected_dataset/ireal-pro_692.jams
ChordGeneration/selected_dataset/ireal-pro_693.jams
ChordGeneration/selected_dataset/ireal-pro_694.jams
ChordGeneration/selected_dataset/ireal-pro_695.jams
ChordGeneration/selected_dataset/ireal-pro_696.jams
ChordGeneration/selected_dataset/ireal-pro_697.jams
ChordGeneration/selected_dataset/ireal-pro_698.jams
ChordGeneration/selected_dataset/ireal-pro_699.jams
ChordGeneration/selected_dataset/ireal-pro_7.jams
ChordGeneration/selected_dataset/ireal-pro_70.jams
ChordGeneration/selected_dataset/ireal-pro_700.jams
ChordGeneration/selected_dataset/ireal-pro_701.jams
ChordGeneration/selected_dataset/ireal-pro_702.jams
ChordGeneration/selected_dataset/ireal-pro_703.jams
ChordGeneration/selected_dataset/ireal-pro_704.jams
ChordGeneration/selected_dataset/ireal-pro_705.jams
ChordGeneration/selected_dataset/ireal-pro_706.jams
ChordGeneration/selected_dataset/ireal-pro_707.jams
ChordGeneration/selected_dataset/ireal-pro_708.jams
ChordGeneration/selected_dataset/ireal-pro_709.jams
ChordGeneration/selected_dataset/ireal-pro_71.jams
ChordGeneration/selected_dataset/ireal-pro_710.jams
ChordGeneration/selected_dataset/ireal-pro_711.jams
ChordGeneration/selected_dataset/ireal-pro_712.jams
ChordGeneration/selected_dataset/ireal-pro_713.jams
ChordGeneration/selected_dataset/ireal-pro_714.jams
ChordGeneration/selected_dataset/ireal-pro_715.jams
ChordGeneration/selected_dataset/ireal-pro_716.jams
ChordGeneration/selected_dataset/ireal-pro_717.jams
ChordGeneration/selected_dataset/ireal-pro_718.jams
ChordGeneration/selected_dataset/ireal-pro_719.jams
ChordGeneration/selected_dataset/ireal-pro_72.jams
ChordGeneration/selected_dataset/ireal-pro_720.jams
ChordGeneration/selected_dataset/ireal-pro_721.jams
ChordGeneration/selected_dataset/ireal-pro_722.jams
ChordGeneration/selected_dataset/ireal-pro_723.jams
ChordGeneration/selected_dataset/ireal-pro_724.jams
ChordGeneration/selected_dataset/ireal-pro_725.jams
ChordGeneration/selected_dataset/ireal-pro_726.jams
ChordGeneration/selected_dataset/ireal-pro_727.jams
ChordGeneration/selected_dataset/ireal-pro_728.jams
ChordGeneration/selected_dataset/ireal-pro_729.jams
ChordGeneration/selected_dataset/ireal-pro_73.jams
ChordGeneration/selected_dataset/ireal-pro_730.jams
ChordGeneration/selected_dataset/ireal-pro_731.jams
ChordGeneration/selected_dataset/ireal-pro_732.jams
ChordGeneration/selected_dataset/ireal-pro_733.jams
ChordGeneration/selected_dataset/ireal-pro_734.jams
ChordGeneration/selected_dataset/ireal-pro_735.jams
ChordGeneration/selected_dataset/ireal-pro_736.jams
ChordGeneration/selected_dataset/ireal-pro_737.jams
ChordGeneration/selected_dataset/ireal-pro_738.jams
ChordGeneration/selected_dataset/ireal-pro_739.jams
ChordGeneration/selected_dataset/ireal-pro_74.jams
ChordGeneration/selected_dataset/ireal-pro_740.jams
ChordGeneration/selected_dataset/ireal-pro_741.jams
ChordGeneration/selected_dataset/ireal-pro_742.jams
ChordGeneration/selected_dataset/ireal-pro_743.jams
ChordGeneration/selected_dataset/ireal-pro_744.jams
ChordGeneration/selected_dataset/ireal-pro_745.jams
ChordGeneration/selected_dataset/ireal-pro_746.jams
ChordGeneration/selected_dataset/ireal-pro_747.jams
ChordGeneration/selected_dataset/ireal-pro_748.jams
ChordGeneration/selected_dataset/ireal-pro_749.jams
ChordGeneration/selected_dataset/ireal-pro_75.jams
ChordGeneration/selected_dataset/ireal-pro_750.jams
ChordGeneration/selected_dataset/ireal-pro_751.jams
ChordGeneration/selected_dataset/ireal-pro_752.jams
ChordGeneration/selected_dataset/ireal-pro_753.jams
ChordGeneration/selected_dataset/ireal-pro_754.jams
ChordGeneration/selected_dataset/ireal-pro_755.jams
ChordGeneration/selected_dataset/ireal-pro_756.jams
ChordGeneration/selected_dataset/ireal-pro_757.jams
ChordGeneration/selected_dataset/ireal-pro_758.jams
ChordGeneration/selected_dataset/ireal-pro_759.jams
ChordGeneration/selected_dataset/ireal-pro_76.jams
ChordGeneration/selected_dataset/ireal-pro_760.jams
ChordGeneration/selected_dataset/ireal-pro_761.jams
ChordGeneration/selected_dataset/ireal-pro_762.jams
ChordGeneration/selected_dataset/ireal-pro_763.jams
ChordGeneration/selected_dataset/ireal-pro_764.jams
ChordGeneration/selected_dataset/ireal-pro_765.jams
ChordGeneration/selected_dataset/ireal-pro_766.jams
ChordGeneration/selected_dataset/ireal-pro_767.jams
ChordGeneration/selected_dataset/ireal-pro_768.jams
ChordGeneration/selected_dataset/ireal-pro_769.jams
ChordGeneration/selected_dataset/ireal-pro_77.jams
ChordGeneration/selected_dataset/ireal-pro_770.jams
ChordGeneration/selected_dataset/ireal-pro_771.jams
ChordGeneration/selected_dataset/ireal-pro_772.jams
ChordGeneration/selected_dataset/ireal-pro_773.jams
ChordGeneration/selected_dataset/ireal-pro_774.jams
ChordGeneration/selected_dataset/ireal-pro_775.jams
ChordGeneration/selected_dataset/ireal-pro_776.jams
ChordGeneration/selected_dataset/ireal-pro_777.jams
ChordGeneration/selected_dataset/ireal-pro_778.jams
ChordGeneration/selected_dataset/ireal-pro_779.jams
ChordGeneration/selected_dataset/ireal-pro_78.jams
ChordGeneration/selected_dataset/ireal-pro_780.jams
ChordGeneration/selected_dataset/ireal-pro_781.jams
ChordGeneration/selected_dataset/ireal-pro_782.jams
ChordGeneration/selected_dataset/ireal-pro_783.jams
ChordGeneration/selected_dataset/ireal-pro_784.jams
ChordGeneration/selected_dataset/ireal-pro_785.jams
ChordGeneration/selected_dataset/ireal-pro_786.jams
ChordGeneration/selected_dataset/ireal-pro_787.jams
ChordGeneration/selected_dataset/ireal-pro_788.jams
ChordGeneration/selected_dataset/ireal-pro_789.jams
ChordGeneration/selected_dataset/ireal-pro_79.jams
ChordGeneration/selected_dataset/ireal-pro_790.jams
ChordGeneration/selected_dataset/ireal-pro_791.jams
ChordGeneration/selected_dataset/ireal-pro_792.jams
ChordGeneration/selected_dataset/ireal-pro_793.jams
ChordGeneration/selected_dataset/ireal-pro_794.jams
ChordGeneration/selected_dataset/ireal-pro_795.jams
ChordGeneration/selected_dataset/ireal-pro_796.jams
ChordGeneration/selected_dataset/ireal-pro_797.jams
ChordGeneration/selected_dataset/ireal-pro_798.jams
ChordGeneration/selected_dataset/ireal-pro_799.jams
ChordGeneration/selected_dataset/ireal-pro_8.jams
ChordGeneration/selected_dataset/ireal-pro_80.jams
ChordGeneration/selected_dataset/ireal-pro_800.jams
ChordGeneration/selected_dataset/ireal-pro_801.jams
ChordGeneration/selected_dataset/ireal-pro_802.jams
ChordGeneration/selected_dataset/ireal-pro_803.jams
ChordGeneration/selected_dataset/ireal-pro_804.jams
ChordGeneration/selected_dataset/ireal-pro_805.jams
ChordGeneration/selected_dataset/ireal-pro_806.jams
ChordGeneration/selected_dataset/ireal-pro_807.jams
ChordGeneration/selected_dataset/ireal-pro_808.jams
ChordGeneration/selected_dataset/ireal-pro_809.jams
ChordGeneration/selected_dataset/ireal-pro_81.jams
ChordGeneration/selected_dataset/ireal-pro_810.jams
ChordGeneration/selected_dataset/ireal-pro_811.jams
ChordGeneration/selected_dataset/ireal-pro_812.jams
ChordGeneration/selected_dataset/ireal-pro_813.jams
ChordGeneration/selected_dataset/ireal-pro_814.jams
ChordGeneration/selected_dataset/ireal-pro_815.jams
ChordGeneration/selected_dataset/ireal-pro_816.jams
ChordGeneration/selected_dataset/ireal-pro_817.jams
ChordGeneration/selected_dataset/ireal-pro_818.jams
ChordGeneration/selected_dataset/ireal-pro_819.jams
ChordGeneration/selected_dataset/ireal-pro_82.jams
ChordGeneration/selected_dataset/ireal-pro_820.jams
ChordGeneration/selected_dataset/ireal-pro_821.jams
ChordGeneration/selected_dataset/ireal-pro_822.jams
ChordGeneration/selected_dataset/ireal-pro_823.jams
ChordGeneration/selected_dataset/ireal-pro_824.jams
ChordGeneration/selected_dataset/ireal-pro_825.jams
ChordGeneration/selected_dataset/ireal-pro_826.jams
ChordGeneration/selected_dataset/ireal-pro_827.jams
ChordGeneration/selected_dataset/ireal-pro_828.jams
ChordGeneration/selected_dataset/ireal-pro_829.jams
ChordGeneration/selected_dataset/ireal-pro_83.jams
ChordGeneration/selected_dataset/ireal-pro_830.jams
ChordGeneration/selected_dataset/ireal-pro_831.jams
ChordGeneration/selected_dataset/ireal-pro_832.jams
ChordGeneration/selected_dataset/ireal-pro_833.jams
ChordGeneration/selected_dataset/ireal-pro_834.jams
ChordGeneration/selected_dataset/ireal-pro_835.jams
ChordGeneration/selected_dataset/ireal-pro_836.jams
ChordGeneration/selected_dataset/ireal-pro_837.jams
ChordGeneration/selected_dataset/ireal-pro_838.jams
ChordGeneration/selected_dataset/ireal-pro_839.jams
ChordGeneration/selected_dataset/ireal-pro_84.jams
ChordGeneration/selected_dataset/ireal-pro_840.jams
ChordGeneration/selected_dataset/ireal-pro_841.jams
ChordGeneration/selected_dataset/ireal-pro_842.jams
ChordGeneration/selected_dataset/ireal-pro_843.jams
ChordGeneration/selected_dataset/ireal-pro_844.jams
ChordGeneration/selected_dataset/ireal-pro_845.jams
ChordGeneration/selected_dataset/ireal-pro_846.jams
ChordGeneration/selected_dataset/ireal-pro_847.jams
ChordGeneration/selected_dataset/ireal-pro_848.jams
ChordGeneration/selected_dataset/ireal-pro_849.jams
ChordGeneration/selected_dataset/ireal-pro_85.jams
ChordGeneration/selected_dataset/ireal-pro_850.jams
ChordGeneration/selected_dataset/ireal-pro_851.jams
ChordGeneration/selected_dataset/ireal-pro_852.jams
ChordGeneration/selected_dataset/ireal-pro_853.jams
ChordGeneration/selected_dataset/ireal-pro_854.jams
ChordGeneration/selected_dataset/ireal-pro_855.jams
ChordGeneration/selected_dataset/ireal-pro_856.jams
ChordGeneration/selected_dataset/ireal-pro_857.jams
ChordGeneration/selected_dataset/ireal-pro_858.jams
ChordGeneration/selected_dataset/ireal-pro_859.jams
ChordGeneration/selected_dataset/ireal-pro_86.jams
ChordGeneration/selected_dataset/ireal-pro_860.jams
ChordGeneration/selected_dataset/ireal-pro_861.jams
ChordGeneration/selected_dataset/ireal-pro_862.jams
ChordGeneration/selected_dataset/ireal-pro_863.jams
ChordGeneration/selected_dataset/ireal-pro_864.jams
ChordGeneration/selected_dataset/ireal-pro_865.jams
ChordGeneration/selected_dataset/ireal-pro_866.jams
ChordGeneration/selected_dataset/ireal-pro_867.jams
ChordGeneration/selected_dataset/ireal-pro_868.jams
ChordGeneration/selected_dataset/ireal-pro_869.jams
ChordGeneration/selected_dataset/ireal-pro_87.jams
ChordGeneration/selected_dataset/ireal-pro_870.jams
ChordGeneration/selected_dataset/ireal-pro_871.jams
ChordGeneration/selected_dataset/ireal-pro_872.jams
ChordGeneration/selected_dataset/ireal-pro_873.jams
ChordGeneration/selected_dataset/ireal-pro_874.jams
ChordGeneration/selected_dataset/ireal-pro_875.jams
ChordGeneration/selected_dataset/ireal-pro_876.jams
ChordGeneration/selected_dataset/ireal-pro_877.jams
ChordGeneration/selected_dataset/ireal-pro_878.jams
ChordGeneration/selected_dataset/ireal-pro_879.jams
ChordGeneration/selected_dataset/ireal-pro_88.jams
ChordGeneration/selected_dataset/ireal-pro_880.jams
ChordGeneration/selected_dataset/ireal-pro_881.jams
ChordGeneration/selected_dataset/ireal-pro_882.jams
ChordGeneration/selected_dataset/ireal-pro_883.jams
ChordGeneration/selected_dataset/ireal-pro_884.jams
ChordGeneration/selected_dataset/ireal-pro_885.jams
ChordGeneration/selected_dataset/ireal-pro_886.jams
ChordGeneration/selected_dataset/ireal-pro_887.jams
ChordGeneration/selected_dataset/ireal-pro_888.jams
ChordGeneration/selected_dataset/ireal-pro_889.jams
ChordGeneration/selected_dataset/ireal-pro_89.jams
ChordGeneration/selected_dataset/ireal-pro_890.jams
ChordGeneration/selected_dataset/ireal-pro_891.jams
ChordGeneration/selected_dataset/ireal-pro_892.jams
ChordGeneration/selected_dataset/ireal-pro_893.jams
ChordGeneration/selected_dataset/ireal-pro_894.jams
ChordGeneration/selected_dataset/ireal-pro_895.jams
ChordGeneration/selected_dataset/ireal-pro_896.jams
ChordGeneration/selected_dataset/ireal-pro_897.jams
ChordGeneration/selected_dataset/ireal-pro_898.jams
ChordGeneration/selected_dataset/ireal-pro_899.jams
ChordGeneration/selected_dataset/ireal-pro_9.jams
ChordGeneration/selected_dataset/ireal-pro_90.jams
ChordGeneration/selected_dataset/ireal-pro_900.jams
ChordGeneration/selected_dataset/ireal-pro_901.jams
ChordGeneration/selected_dataset/ireal-pro_902.jams
ChordGeneration/selected_dataset/ireal-pro_903.jams
ChordGeneration/selected_dataset/ireal-pro_904.jams
ChordGeneration/selected_dataset/ireal-pro_905.jams
ChordGeneration/selected_dataset/ireal-pro_906.jams
ChordGeneration/selected_dataset/ireal-pro_907.jams
ChordGeneration/selected_dataset/ireal-pro_908.jams
ChordGeneration/selected_dataset/ireal-pro_909.jams
ChordGeneration/selected_dataset/ireal-pro_91.jams
ChordGeneration/selected_dataset/ireal-pro_910.jams
ChordGeneration/selected_dataset/ireal-pro_911.jams
ChordGeneration/selected_dataset/ireal-pro_912.jams
ChordGeneration/selected_dataset/ireal-pro_913.jams
ChordGeneration/selected_dataset/ireal-pro_914.jams
ChordGeneration/selected_dataset/ireal-pro_915.jams
ChordGeneration/selected_dataset/ireal-pro_916.jams
ChordGeneration/selected_dataset/ireal-pro_917.jams
ChordGeneration/selected_dataset/ireal-pro_918.jams
ChordGeneration/selected_dataset/ireal-pro_919.jams
ChordGeneration/selected_dataset/ireal-pro_92.jams
ChordGeneration/selected_dataset/ireal-pro_920.jams
ChordGeneration/selected_dataset/ireal-pro_921.jams
ChordGeneration/selected_dataset/ireal-pro_922.jams
ChordGeneration/selected_dataset/ireal-pro_923.jams
ChordGeneration/selected_dataset/ireal-pro_924.jams
ChordGeneration/selected_dataset/ireal-pro_925.jams
ChordGeneration/selected_dataset/ireal-pro_926.jams
ChordGeneration/selected_dataset/ireal-pro_927.jams
ChordGeneration/selected_dataset/ireal-pro_928.jams
ChordGeneration/selected_dataset/ireal-pro_929.jams
ChordGeneration/selected_dataset/ireal-pro_93.jams
ChordGeneration/selected_dataset/ireal-pro_930.jams
ChordGeneration/selected_dataset/ireal-pro_931.jams
ChordGeneration/selected_dataset/ireal-pro_932.jams
ChordGeneration/selected_dataset/ireal-pro_933.jams
ChordGeneration/selected_dataset/ireal-pro_934.jams
ChordGeneration/selected_dataset/ireal-pro_935.jams
ChordGeneration/selected_dataset/ireal-pro_936.jams
ChordGeneration/selected_dataset/ireal-pro_937.jams
ChordGeneration/selected_dataset/ireal-pro_938.jams
ChordGeneration/selected_dataset/ireal-pro_939.jams
ChordGeneration/selected_dataset/ireal-pro_94.jams
ChordGeneration/selected_dataset/ireal-pro_940.jams
ChordGeneration/selected_dataset/ireal-pro_941.jams
ChordGeneration/selected_dataset/ireal-pro_942.jams
ChordGeneration/selected_dataset/ireal-pro_943.jams
ChordGeneration/selected_dataset/ireal-pro_944.jams
ChordGeneration/selected_dataset/ireal-pro_945.jams
ChordGeneration/selected_dataset/ireal-pro_946.jams
ChordGeneration/selected_dataset/ireal-pro_947.jams
ChordGeneration/selected_dataset/ireal-pro_948.jams
ChordGeneration/selected_dataset/ireal-pro_949.jams
ChordGeneration/selected_dataset/ireal-pro_95.jams
ChordGeneration/selected_dataset/ireal-pro_950.jams
ChordGeneration/selected_dataset/ireal-pro_951.jams
ChordGeneration/selected_dataset/ireal-pro_952.jams
ChordGeneration/selected_dataset/ireal-pro_953.jams
ChordGeneration/selected_dataset/ireal-pro_954.jams
ChordGeneration/selected_dataset/ireal-pro_955.jams
ChordGeneration/selected_dataset/ireal-pro_956.jams
ChordGeneration/selected_dataset/ireal-pro_957.jams
ChordGeneration/selected_dataset/ireal-pro_958.jams
ChordGeneration/selected_dataset/ireal-pro_959.jams
ChordGeneration/selected_dataset/ireal-pro_96.jams
ChordGeneration/selected_dataset/ireal-pro_960.jams
ChordGeneration/selected_dataset/ireal-pro_961.jams
ChordGeneration/selected_dataset/ireal-pro_962.jams
ChordGeneration/selected_dataset/ireal-pro_963.jams
ChordGeneration/selected_dataset/ireal-pro_964.jams
ChordGeneration/selected_dataset/ireal-pro_965.jams
ChordGeneration/selected_dataset/ireal-pro_966.jams
ChordGeneration/selected_dataset/ireal-pro_967.jams
ChordGeneration/selected_dataset/ireal-pro_968.jams
ChordGeneration/selected_dataset/ireal-pro_969.jams
ChordGeneration/selected_dataset/ireal-pro_97.jams
ChordGeneration/selected_dataset/ireal-pro_970.jams
ChordGeneration/selected_dataset/ireal-pro_971.jams
ChordGeneration/selected_dataset/ireal-pro_972.jams
ChordGeneration/selected_dataset/ireal-pro_973.jams
ChordGeneration/selected_dataset/ireal-pro_974.jams
ChordGeneration/selected_dataset/ireal-pro_975.jams
ChordGeneration/selected_dataset/ireal-pro_976.jams
ChordGeneration/selected_dataset/ireal-pro_977.jams
ChordGeneration/selected_dataset/ireal-pro_978.jams
ChordGeneration/selected_dataset/ireal-pro_979.jams
ChordGeneration/selected_dataset/ireal-pro_98.jams
ChordGeneration/selected_dataset/ireal-pro_980.jams
ChordGeneration/selected_dataset/ireal-pro_981.jams
ChordGeneration/selected_dataset/ireal-pro_982.jams
ChordGeneration/selected_dataset/ireal-pro_983.jams
ChordGeneration/selected_dataset/ireal-pro_984.jams
ChordGeneration/selected_dataset/ireal-pro_985.jams
ChordGeneration/selected_dataset/ireal-pro_986.jams
ChordGeneration/selected_dataset/ireal-pro_987.jams
ChordGeneration/selected_dataset/ireal-pro_988.jams
ChordGeneration/selected_dataset/ireal-pro_989.jams
ChordGeneration/selected_dataset/ireal-pro_99.jams
ChordGeneration/selected_dataset/ireal-pro_990.jams
ChordGeneration/selected_dataset/ireal-pro_991.jams
ChordGeneration/selected_dataset/ireal-pro_992.jams
ChordGeneration/selected_dataset/ireal-pro_993.jams
ChordGeneration/selected_dataset/ireal-pro_994.jams
ChordGeneration/selected_dataset/ireal-pro_995.jams
ChordGeneration/selected_dataset/ireal-pro_996.jams
ChordGeneration/selected_dataset/ireal-pro_997.jams
ChordGeneration/selected_dataset/ireal-pro_998.jams
ChordGeneration/selected_dataset/ireal-pro_999.jams
ChordGeneration/utils/jams_utils.py
checkpoint
chords_data_100.csv
chords_data_300.csv
chords_data_simplified_irealpro.csv
ckpt-8.data-00000-of-00001
ckpt-8.index
model-weights.data-00000-of-00001
model-weights.h5
model-weights.index
mymodel.pkl
train.py

commit f1b21cceabb4394bb437fe98a9c33c46a533440b
Author:     Masetto96 <stefano.scola@protonmail.com>
AuthorDate: 2023-12-15
Commit:     Masetto96 <stefano.scola@protonmail.com>
CommitDate: 2023-12-15

    added script for showcasing

chordplayer.py
showcase.py

commit c94187c74e27fcecea03564efc11092e156030fe
Author:     Masetto96 <stefano.scola@protonmail.com>
AuthorDate: 2023-12-15
Commit:     Masetto96 <stefano.scola@protonmail.com>
CommitDate: 2023-12-15

    added chordplayer to construct music21 score from chord progression

chordplayer.py

commit eb562da86631427922090f77d0a146007fa312a1
Author:     Jacob Stallings <jacobcstallings@icloud.com>
AuthorDate: 2023-12-14
Commit:     Jacob Stallings <jacobcstallings@icloud.com>
CommitDate: 2023-12-14

    simplified qualities whole dataset

ChordGeneration/utils/jams_utils.py
chords_data_simplified.csv

commit 78da02e42c6e0939b2d52baa8ba149c3ed22887f
Author:     Masetto96 <stefano.scola@protonmail.com>
AuthorDate: 2023-12-14
Commit:     Masetto96 <stefano.scola@protonmail.com>
CommitDate: 2023-12-14

    fixed parser error

ChordGeneration/utils/jams_utils.py
chords_test_data.csv
resources/qualities_list_with_counts.csv

commit 261384b6222920fad1cf500478b3c44161972c3e
Author:     Masetto96 <stefano.scola@protonmail.com>
AuthorDate: 2023-12-14
Commit:     Masetto96 <stefano.scola@protonmail.com>
CommitDate: 2023-12-14

    update chord qualities

ChordGeneration/evaluator.py
ChordGeneration/utils/jams_utils.py
chords_data.csv
chords_test_data.csv
resources/qualities_list_with_counts.csv

commit 0105669c1ecd6543a6d087bca46c149e1d512d1e
Author:     Jacob Stallings <jacobcstallings@icloud.com>
AuthorDate: 2023-12-14
Commit:     Jacob Stallings <jacobcstallings@icloud.com>
CommitDate: 2023-12-14

    update sus and hdim7

ChordGeneration/utils/jams_utils.py

commit b39e090dab10bae816f298fe7c1859037c261502
Author:     Jacob Stallings <jacobcstallings@icloud.com>
AuthorDate: 2023-12-14
Commit:     Jacob Stallings <jacobcstallings@icloud.com>
CommitDate: 2023-12-14

    chord reducing fixes

ChordGeneration/utils/chord_utils.py
ChordGeneration/utils/jams_utils.py
chords_test_data.csv

commit df2a8919fd54180b708861e422f202029032857c
Author:     Jacob Stallings <jacobcstallings@icloud.com>
AuthorDate: 2023-12-14
Commit:     Jacob Stallings <jacobcstallings@icloud.com>
CommitDate: 2023-12-14

    add chord quality reducing function

.gitignore
ChordGeneration/notebooks/quality_mapping.ipynb
ChordGeneration/utils/jams_utils.py
resources/qualities_list_with_counts.csv

commit c5ebeadd0b82ac5ba621c42267a1f03fb92145cd
Author:     Jacob Stallings <jacobcstallings@icloud.com>
AuthorDate: 2023-12-14
Commit:     Jacob Stallings <jacobcstallings@icloud.com>
CommitDate: 2023-12-14

    colab

ChordGeneration/notebooks/colab.ipynb

commit d7d03acab1b03bbd5ebadc7b3e11ee1fc3cd0df9
Author:     Masetto96 <stefano.scola@protonmail.com>
AuthorDate: 2023-12-14
Commit:     Masetto96 <stefano.scola@protonmail.com>
CommitDate: 2023-12-14

    first training run. with no errors

ChordGeneration/utils/jams_utils.py
chords_test_data.csv
model/chordgenerator.py
test_data.csv
train.py

commit e9ff44e1ba483abdfb6a58c0a060126b5fdf3628
Author:     Jacob Stallings <jacobcstallings@icloud.com>
AuthorDate: 2023-12-14
Commit:     Jacob Stallings <jacobcstallings@icloud.com>
CommitDate: 2023-12-14

    chord generator

model/chordgenerator.py
train.py

commit 3d6bd7f41edd43ab8bed1e15311d87a1825fa0ff
Author:     Masetto96 <stefano.scola@protonmail.com>
AuthorDate: 2023-12-14
Commit:     Masetto96 <stefano.scola@protonmail.com>
CommitDate: 2023-12-14

    refactored chordpreprocessor, first training run

ChordGeneration/utils/jams_utils.py
chordspreprocessor.py
resources/dataset.json
test_data.csv
train.py

commit a7173d79af4c0d7bbe02836d4d7fa23d9204db97
Author:     Stefano <stef@nigel.home>
AuthorDate: 2023-12-14
Commit:     Stefano <stef@nigel.home>
CommitDate: 2023-12-14

    fixed transpose function

ChordGeneration/utils/jams_utils.py
melodypreprocessor.py
model/__init__.py
test_out.csv
train.py

commit 9eb2664630e2defd592cf630ef2239ed5314d3a5
Author:     Stefano <stef@nigel.home>
AuthorDate: 2023-12-14
Commit:     Stefano <stef@nigel.home>
CommitDate: 2023-12-14

    fixed jam parser, added transformer scripts

ChordGeneration/utils/jams_utils.py
__init__.py
model/melodygenerator.py
model/melodypreprocessor.py
model/transformer.py
playground.py
test_out.csv
train.py

commit 0955305e3543793de5983a2eaa956fe8202ff626
Author:     Jacob Stallings <jacobcstallings@icloud.com>
AuthorDate: 2023-12-14
Commit:     Jacob Stallings <jacobcstallings@icloud.com>
CommitDate: 2023-12-14

    finish transpose fn

ChordGeneration/notebooks/explore.ipynb
ChordGeneration/utils/jams_utils.py

commit d56a25b8559c1d07ca8a4f15cf0848ac574c6a64
Author:     Jacob Stallings <jacobcstallings@icloud.com>
AuthorDate: 2023-12-14
Commit:     Jacob Stallings <jacobcstallings@icloud.com>
CommitDate: 2023-12-14

    added tranpose fn not fully tested

ChordGeneration/notebooks/explore.ipynb
ChordGeneration/utils/jams_utils.py

commit 62367af4efd19fc06bd90d326fb33d5d92cc6000
Author:     Stefano <stef@nigel.home>
AuthorDate: 2023-12-13
Commit:     Stefano <stef@nigel.home>
CommitDate: 2023-12-13

    started impl of transpose

ChordGeneration/utils/jams_utils.py
test_out.csv

commit 02ed22758c3becd0be87b874f47223155f5a1e4e
Author:     Stefano <stef@nigel.home>
AuthorDate: 2023-12-13
Commit:     Stefano <stef@nigel.home>
CommitDate: 2023-12-13

    implemented JamsParser, needs debug

ChordGeneration/utils/chord_utils.py
ChordGeneration/utils/download_dataset.py
ChordGeneration/utils/jams_utils.py
README.md
dataset/weimar_1.jams
dataset/weimar_10.jams
dataset/weimar_100.jams
dataset/weimar_101.jams
dataset/weimar_102.jams
dataset/weimar_103.jams
dataset/weimar_104.jams
dataset/weimar_105.jams
dataset/weimar_106.jams
dataset/weimar_107.jams
dataset/weimar_108.jams
dataset/weimar_109.jams
dataset/weimar_11.jams
dataset/weimar_110.jams
dataset/weimar_111.jams
dataset/weimar_112.jams
dataset/weimar_113.jams
dataset/weimar_114.jams
dataset/weimar_115.jams
dataset/weimar_116.jams
dataset/weimar_117.jams
dataset/weimar_118.jams
dataset/weimar_119.jams
dataset/weimar_12.jams
dataset/weimar_120.jams
dataset/weimar_121.jams
dataset/weimar_122.jams
dataset/weimar_123.jams
dataset/weimar_124.jams
dataset/weimar_125.jams
dataset/weimar_126.jams
dataset/weimar_127.jams
dataset/weimar_128.jams
dataset/weimar_129.jams
dataset/weimar_13.jams
dataset/weimar_130.jams
dataset/weimar_131.jams
dataset/weimar_132.jams
dataset/weimar_133.jams
dataset/weimar_134.jams
dataset/weimar_135.jams
dataset/weimar_136.jams
dataset/weimar_137.jams
dataset/weimar_138.jams
dataset/weimar_139.jams
dataset/weimar_14.jams
dataset/weimar_140.jams
dataset/weimar_141.jams
dataset/weimar_142.jams
dataset/weimar_143.jams
dataset/weimar_144.jams
dataset/weimar_145.jams
dataset/weimar_146.jams
dataset/weimar_147.jams
dataset/weimar_148.jams
dataset/weimar_149.jams
dataset/weimar_15.jams
dataset/weimar_150.jams
dataset/weimar_151.jams
dataset/weimar_152.jams
dataset/weimar_153.jams
dataset/weimar_154.jams
dataset/weimar_155.jams
dataset/weimar_156.jams
dataset/weimar_157.jams
dataset/weimar_158.jams
dataset/weimar_159.jams
dataset/weimar_16.jams
dataset/weimar_160.jams
dataset/weimar_161.jams
dataset/weimar_162.jams
dataset/weimar_163.jams
dataset/weimar_164.jams
dataset/weimar_165.jams
dataset/weimar_166.jams
dataset/weimar_167.jams
dataset/weimar_168.jams
dataset/weimar_169.jams
dataset/weimar_17.jams
dataset/weimar_170.jams
dataset/weimar_171.jams
dataset/weimar_172.jams
dataset/weimar_173.jams
dataset/weimar_174.jams
dataset/weimar_175.jams
dataset/weimar_176.jams
dataset/weimar_177.jams
dataset/weimar_178.jams
dataset/weimar_179.jams
dataset/weimar_18.jams
dataset/weimar_180.jams
dataset/weimar_181.jams
dataset/weimar_182.jams
dataset/weimar_183.jams
dataset/weimar_184.jams
dataset/weimar_185.jams
dataset/weimar_186.jams
dataset/weimar_187.jams
dataset/weimar_188.jams
dataset/weimar_189.jams
dataset/weimar_19.jams
dataset/weimar_190.jams
dataset/weimar_191.jams
dataset/weimar_192.jams
dataset/weimar_193.jams
dataset/weimar_194.jams
dataset/weimar_195.jams
dataset/weimar_196.jams
dataset/weimar_197.jams
dataset/weimar_198.jams
dataset/weimar_199.jams
dataset/weimar_2.jams
dataset/weimar_20.jams
dataset/weimar_200.jams
dataset/weimar_201.jams
dataset/weimar_202.jams
dataset/weimar_203.jams
dataset/weimar_204.jams
dataset/weimar_205.jams
dataset/weimar_206.jams
dataset/weimar_207.jams
dataset/weimar_208.jams
dataset/weimar_209.jams
dataset/weimar_21.jams
dataset/weimar_210.jams
dataset/weimar_211.jams
dataset/weimar_212.jams
dataset/weimar_213.jams
dataset/weimar_214.jams
dataset/weimar_215.jams
dataset/weimar_216.jams
dataset/weimar_217.jams
dataset/weimar_218.jams
dataset/weimar_219.jams
dataset/weimar_22.jams
dataset/weimar_220.jams
dataset/weimar_221.jams
dataset/weimar_222.jams
dataset/weimar_223.jams
dataset/weimar_224.jams
dataset/weimar_225.jams
dataset/weimar_226.jams
dataset/weimar_227.jams
dataset/weimar_228.jams
dataset/weimar_229.jams
dataset/weimar_23.jams
dataset/weimar_230.jams
dataset/weimar_231.jams
dataset/weimar_232.jams
dataset/weimar_233.jams
dataset/weimar_234.jams
dataset/weimar_235.jams
dataset/weimar_236.jams
dataset/weimar_237.jams
dataset/weimar_238.jams
dataset/weimar_239.jams
dataset/weimar_24.jams
dataset/weimar_240.jams
dataset/weimar_241.jams
dataset/weimar_242.jams
dataset/weimar_243.jams
dataset/weimar_244.jams
dataset/weimar_245.jams
dataset/weimar_246.jams
dataset/weimar_247.jams
dataset/weimar_248.jams
dataset/weimar_249.jams
dataset/weimar_25.jams
dataset/weimar_250.jams
dataset/weimar_251.jams
dataset/weimar_252.jams
dataset/weimar_253.jams
dataset/weimar_254.jams
dataset/weimar_255.jams
dataset/weimar_256.jams
dataset/weimar_257.jams
dataset/weimar_258.jams
dataset/weimar_259.jams
dataset/weimar_26.jams
dataset/weimar_260.jams
dataset/weimar_261.jams
dataset/weimar_262.jams
dataset/weimar_263.jams
dataset/weimar_264.jams
dataset/weimar_265.jams
dataset/weimar_266.jams
dataset/weimar_267.jams
dataset/weimar_268.jams
dataset/weimar_269.jams
dataset/weimar_27.jams
dataset/weimar_270.jams
dataset/weimar_271.jams
dataset/weimar_272.jams
dataset/weimar_273.jams
dataset/weimar_274.jams
dataset/weimar_275.jams
dataset/weimar_276.jams
dataset/weimar_277.jams
dataset/weimar_278.jams
dataset/weimar_279.jams
dataset/weimar_28.jams
dataset/weimar_280.jams
dataset/weimar_281.jams
dataset/weimar_282.jams
dataset/weimar_283.jams
dataset/weimar_284.jams
dataset/weimar_285.jams
dataset/weimar_286.jams
dataset/weimar_287.jams
dataset/weimar_288.jams
dataset/weimar_289.jams
dataset/weimar_29.jams
dataset/weimar_290.jams
dataset/weimar_291.jams
dataset/weimar_292.jams
dataset/weimar_293.jams
dataset/weimar_294.jams
dataset/weimar_295.jams
dataset/weimar_296.jams
dataset/weimar_297.jams
dataset/weimar_298.jams
dataset/weimar_299.jams
dataset/weimar_3.jams
dataset/weimar_30.jams
dataset/weimar_300.jams
dataset/weimar_301.jams
dataset/weimar_302.jams
dataset/weimar_303.jams
dataset/weimar_304.jams
dataset/weimar_305.jams
dataset/weimar_306.jams
dataset/weimar_307.jams
dataset/weimar_308.jams
dataset/weimar_309.jams
dataset/weimar_31.jams
dataset/weimar_310.jams
dataset/weimar_311.jams
dataset/weimar_312.jams
dataset/weimar_313.jams
dataset/weimar_314.jams
dataset/weimar_315.jams
dataset/weimar_316.jams
dataset/weimar_317.jams
dataset/weimar_318.jams
dataset/weimar_319.jams
dataset/weimar_32.jams
dataset/weimar_320.jams
dataset/weimar_321.jams
dataset/weimar_322.jams
dataset/weimar_323.jams
dataset/weimar_324.jams
dataset/weimar_325.jams
dataset/weimar_326.jams
dataset/weimar_327.jams
dataset/weimar_328.jams
dataset/weimar_329.jams
dataset/weimar_33.jams
dataset/weimar_330.jams
dataset/weimar_331.jams
dataset/weimar_332.jams
dataset/weimar_333.jams
dataset/weimar_334.jams
dataset/weimar_335.jams
dataset/weimar_336.jams
dataset/weimar_337.jams
dataset/weimar_338.jams
dataset/weimar_339.jams
dataset/weimar_34.jams
dataset/weimar_340.jams
dataset/weimar_341.jams
dataset/weimar_342.jams
dataset/weimar_343.jams
dataset/weimar_344.jams
dataset/weimar_345.jams
dataset/weimar_346.jams
dataset/weimar_347.jams
dataset/weimar_348.jams
dataset/weimar_349.jams
dataset/weimar_35.jams
dataset/weimar_350.jams
dataset/weimar_351.jams
dataset/weimar_352.jams
dataset/weimar_353.jams
dataset/weimar_354.jams
dataset/weimar_355.jams
dataset/weimar_356.jams
dataset/weimar_357.jams
dataset/weimar_358.jams
dataset/weimar_359.jams
dataset/weimar_36.jams
dataset/weimar_360.jams
dataset/weimar_361.jams
dataset/weimar_362.jams
dataset/weimar_363.jams
dataset/weimar_364.jams
dataset/weimar_365.jams
dataset/weimar_366.jams
dataset/weimar_367.jams
dataset/weimar_368.jams
dataset/weimar_369.jams
dataset/weimar_37.jams
dataset/weimar_370.jams
dataset/weimar_371.jams
dataset/weimar_372.jams
dataset/weimar_373.jams
dataset/weimar_374.jams
dataset/weimar_375.jams
dataset/weimar_376.jams
dataset/weimar_377.jams
dataset/weimar_378.jams
dataset/weimar_379.jams
dataset/weimar_38.jams
dataset/weimar_380.jams
dataset/weimar_381.jams
dataset/weimar_382.jams
dataset/weimar_383.jams
dataset/weimar_384.jams
dataset/weimar_385.jams
dataset/weimar_386.jams
dataset/weimar_387.jams
dataset/weimar_388.jams
dataset/weimar_389.jams
dataset/weimar_39.jams
dataset/weimar_390.jams
dataset/weimar_391.jams
dataset/weimar_392.jams
dataset/weimar_393.jams
dataset/weimar_394.jams
dataset/weimar_395.jams
dataset/weimar_396.jams
dataset/weimar_397.jams
dataset/weimar_398.jams
dataset/weimar_399.jams
dataset/weimar_4.jams
dataset/weimar_40.jams
dataset/weimar_400.jams
dataset/weimar_401.jams
dataset/weimar_402.jams
dataset/weimar_403.jams
dataset/weimar_404.jams
dataset/weimar_405.jams
dataset/weimar_406.jams
dataset/weimar_407.jams
dataset/weimar_408.jams
dataset/weimar_409.jams
dataset/weimar_41.jams
dataset/weimar_410.jams
dataset/weimar_411.jams
dataset/weimar_412.jams
dataset/weimar_413.jams
dataset/weimar_414.jams
dataset/weimar_415.jams
dataset/weimar_416.jams
dataset/weimar_417.jams
dataset/weimar_418.jams
dataset/weimar_419.jams
dataset/weimar_42.jams
dataset/weimar_420.jams
dataset/weimar_421.jams
dataset/weimar_422.jams
dataset/weimar_423.jams
dataset/weimar_424.jams
dataset/weimar_425.jams
dataset/weimar_426.jams
dataset/weimar_427.jams
dataset/weimar_428.jams
dataset/weimar_429.jams
dataset/weimar_43.jams
dataset/weimar_430.jams
dataset/weimar_431.jams
dataset/weimar_432.jams
dataset/weimar_433.jams
dataset/weimar_434.jams
dataset/weimar_435.jams
dataset/weimar_436.jams
dataset/weimar_437.jams
dataset/weimar_438.jams
dataset/weimar_439.jams
dataset/weimar_44.jams
dataset/weimar_440.jams
dataset/weimar_441.jams
dataset/weimar_442.jams
dataset/weimar_443.jams
dataset/weimar_444.jams
dataset/weimar_445.jams
dataset/weimar_446.jams
dataset/weimar_447.jams
dataset/weimar_448.jams
dataset/weimar_449.jams
dataset/weimar_45.jams
dataset/weimar_450.jams
dataset/weimar_451.jams
dataset/weimar_452.jams
dataset/weimar_453.jams
dataset/weimar_454.jams
dataset/weimar_455.jams
dataset/weimar_456.jams
dataset/weimar_46.jams
dataset/weimar_47.jams
dataset/weimar_48.jams
dataset/weimar_49.jams
dataset/weimar_5.jams
dataset/weimar_50.jams
dataset/weimar_51.jams
dataset/weimar_52.jams
dataset/weimar_53.jams
dataset/weimar_54.jams
dataset/weimar_55.jams
dataset/weimar_56.jams
dataset/weimar_57.jams
dataset/weimar_58.jams
dataset/weimar_59.jams
dataset/weimar_6.jams
dataset/weimar_60.jams
dataset/weimar_61.jams
dataset/weimar_62.jams
dataset/weimar_63.jams
dataset/weimar_64.jams
dataset/weimar_65.jams
dataset/weimar_66.jams
dataset/weimar_67.jams
dataset/weimar_68.jams
dataset/weimar_69.jams
dataset/weimar_7.jams
dataset/weimar_70.jams
dataset/weimar_71.jams
dataset/weimar_72.jams
dataset/weimar_73.jams
dataset/weimar_74.jams
dataset/weimar_75.jams
dataset/weimar_76.jams
dataset/weimar_77.jams
dataset/weimar_78.jams
dataset/weimar_79.jams
dataset/weimar_8.jams
dataset/weimar_80.jams
dataset/weimar_81.jams
dataset/weimar_82.jams
dataset/weimar_83.jams
dataset/weimar_84.jams
dataset/weimar_85.jams
dataset/weimar_86.jams
dataset/weimar_87.jams
dataset/weimar_88.jams
dataset/weimar_89.jams
dataset/weimar_9.jams
dataset/weimar_90.jams
dataset/weimar_91.jams
dataset/weimar_92.jams
dataset/weimar_93.jams
dataset/weimar_94.jams
dataset/weimar_95.jams
dataset/weimar_96.jams
dataset/weimar_97.jams
dataset/weimar_98.jams
dataset/weimar_99.jams
test_out.csv

commit e7090e7aaf683e29b2b4e64fbccfc124c62b1ab4
Author:     andreamust <andrea.poltronieri21@gmail.com>
AuthorDate: 2023-12-13
Commit:     andreamust <andrea.poltronieri21@gmail.com>
CommitDate: 2023-12-13

    add chord utils

ChordGeneration/utils/chord_utils.py

commit 99ffca4ec29ececafce30cf5ef96907fecccbb66
Author:     Jacob Stallings <jacobcstallings@icloud.com>
AuthorDate: 2023-12-13
Commit:     Jacob Stallings <jacobcstallings@icloud.com>
CommitDate: 2023-12-13

    made list of qualities in resources

ChordGeneration/notebooks/explore.ipynb
resources/qualities_list.csv

commit 9fa90bd152810acd81f8e9f2c5472aa05e5f0bed
Author:     Stefano <stef@nigel.home>
AuthorDate: 2023-12-12
Commit:     Stefano <stef@nigel.home>
CommitDate: 2023-12-12

    updated readme

ChordGeneration/utils/jams_utils.py
README.md
playground.py

commit c9dccedfa790e5be5a4f50e631dc999897deb9b2
Author:     Stefano <stef@nigel.home>
AuthorDate: 2023-12-12
Commit:     Stefano <stef@nigel.home>
CommitDate: 2023-12-12

    added pseudo code

ChordGeneration/utils/jams_utils.py

commit 071b4e7bbbb62ad35ad0af60ed5fdd137a7d1c54
Author:     Stefano <stef@nigel.home>
AuthorDate: 2023-12-12
Commit:     Stefano <stef@nigel.home>
CommitDate: 2023-12-12

    added function to check if song is 4/4

ChordGeneration/utils/jams_utils.py
README.md
requirements.txt

commit 2a125919654f8bec3c268bea0e4123658d5d07d9
Author:     andreamust <andrea.poltronieri21@gmail.com>
AuthorDate: 2023-12-12
Commit:     andreamust <andrea.poltronieri21@gmail.com>
CommitDate: 2023-12-12

    utils up

ChordGeneration/utils/__init__.py
ChordGeneration/utils/download_dataset.py
ChordGeneration/utils/jams_utils.py

commit 27c4982ed1a9dbb4f03821f95611de52878f77ee
Author:     andreamust <andrea.poltronieri21@gmail.com>
AuthorDate: 2023-12-12
Commit:     andreamust <andrea.poltronieri21@gmail.com>
CommitDate: 2023-12-12

    namespaces

ChordGeneration/jams_namespaces/__init__.py
ChordGeneration/jams_namespaces/chord_ireal.json
ChordGeneration/jams_namespaces/chord_jparser_functional.json
ChordGeneration/jams_namespaces/chord_jparser_harte.json
ChordGeneration/jams_namespaces/chord_m21_abc.json
ChordGeneration/jams_namespaces/chord_m21_leadsheet.json
ChordGeneration/jams_namespaces/chord_weimar.json
ChordGeneration/jams_namespaces/timesig.json

commit d08acdd3dc7acebd08e1d09963f493b24c343278
Author:     andreamust <andrea.poltronieri21@gmail.com>
AuthorDate: 2023-12-12
Commit:     andreamust <andrea.poltronieri21@gmail.com>
CommitDate: 2023-12-12

    notebook up

ChordGeneration/notebooks/stats.ipynb

commit 3044c2cdd2f14a415ad5c76c8e4c1fc6afb69daf
Author:     andreamust <andrea.poltronieri21@gmail.com>
AuthorDate: 2023-12-12
Commit:     andreamust <andrea.poltronieri21@gmail.com>
CommitDate: 2023-12-12

    first commit

.gitignore
ChordGeneration/dataloader.py
ChordGeneration/download_dataset.py
ChordGeneration/notebooks/stats.ipynb
dataset/biab-internet-corpus_0.jams
dataset/biab-internet-corpus_1.jams
dataset/biab-internet-corpus_10.jams
dataset/biab-internet-corpus_100.jams
dataset/biab-internet-corpus_1000.jams
dataset/biab-internet-corpus_1001.jams
dataset/biab-internet-corpus_1002.jams
dataset/biab-internet-corpus_1003.jams
dataset/biab-internet-corpus_1004.jams
dataset/biab-internet-corpus_1005.jams
dataset/biab-internet-corpus_1006.jams
dataset/biab-internet-corpus_1007.jams
dataset/biab-internet-corpus_1008.jams
dataset/biab-internet-corpus_1009.jams
dataset/biab-internet-corpus_101.jams
dataset/biab-internet-corpus_1010.jams
dataset/biab-internet-corpus_1011.jams
dataset/biab-internet-corpus_1012.jams
dataset/biab-internet-corpus_1013.jams
dataset/biab-internet-corpus_1014.jams
dataset/biab-internet-corpus_1015.jams
dataset/biab-internet-corpus_1016.jams
dataset/biab-internet-corpus_1017.jams
dataset/biab-internet-corpus_1018.jams
dataset/biab-internet-corpus_1019.jams
dataset/biab-internet-corpus_102.jams
dataset/biab-internet-corpus_1020.jams
dataset/biab-internet-corpus_1021.jams
dataset/biab-internet-corpus_1022.jams
dataset/biab-internet-corpus_1023.jams
dataset/biab-internet-corpus_1024.jams
dataset/biab-internet-corpus_1025.jams
dataset/biab-internet-corpus_1026.jams
dataset/biab-internet-corpus_1027.jams
dataset/biab-internet-corpus_1028.jams
dataset/biab-internet-corpus_1029.jams
dataset/biab-internet-corpus_103.jams
dataset/biab-internet-corpus_1030.jams
dataset/biab-internet-corpus_1031.jams
dataset/biab-internet-corpus_1032.jams
dataset/biab-internet-corpus_1033.jams
dataset/biab-internet-corpus_1034.jams
dataset/biab-internet-corpus_1035.jams
dataset/biab-internet-corpus_1036.jams
dataset/biab-internet-corpus_1037.jams
dataset/biab-internet-corpus_1038.jams
dataset/biab-internet-corpus_1039.jams
dataset/biab-internet-corpus_104.jams
dataset/biab-internet-corpus_1040.jams
dataset/biab-internet-corpus_1042.jams
dataset/biab-internet-corpus_1043.jams
dataset/biab-internet-corpus_1044.jams
dataset/biab-internet-corpus_1045.jams
dataset/biab-internet-corpus_1046.jams
dataset/biab-internet-corpus_1047.jams
dataset/biab-internet-corpus_1048.jams
dataset/biab-internet-corpus_1049.jams
dataset/biab-internet-corpus_105.jams
dataset/biab-internet-corpus_1050.jams
dataset/biab-internet-corpus_1051.jams
dataset/biab-internet-corpus_1052.jams
dataset/biab-internet-corpus_1053.jams
dataset/biab-internet-corpus_1054.jams
dataset/biab-internet-corpus_1055.jams
dataset/biab-internet-corpus_1056.jams
dataset/biab-internet-corpus_1057.jams
dataset/biab-internet-corpus_1058.jams
dataset/biab-internet-corpus_1059.jams
dataset/biab-internet-corpus_106.jams
dataset/biab-internet-corpus_1060.jams
dataset/biab-internet-corpus_1061.jams
dataset/biab-internet-corpus_1062.jams
dataset/biab-internet-corpus_1063.jams
dataset/biab-internet-corpus_1064.jams
dataset/biab-internet-corpus_1065.jams
dataset/biab-internet-corpus_1066.jams
dataset/biab-internet-corpus_1067.jams
dataset/biab-internet-corpus_1068.jams
dataset/biab-internet-corpus_1069.jams
dataset/biab-internet-corpus_107.jams
dataset/biab-internet-corpus_1070.jams
dataset/biab-internet-corpus_1071.jams
dataset/biab-internet-corpus_1072.jams
dataset/biab-internet-corpus_1073.jams
dataset/biab-internet-corpus_1074.jams
dataset/biab-internet-corpus_1075.jams
dataset/biab-internet-corpus_1076.jams
dataset/biab-internet-corpus_1077.jams
dataset/biab-internet-corpus_1078.jams
dataset/biab-internet-corpus_1079.jams
dataset/biab-internet-corpus_108.jams
dataset/biab-internet-corpus_1080.jams
dataset/biab-internet-corpus_1081.jams
dataset/biab-internet-corpus_1082.jams
dataset/biab-internet-corpus_1083.jams
dataset/biab-internet-corpus_1084.jams
dataset/biab-internet-corpus_1085.jams
dataset/biab-internet-corpus_1086.jams
dataset/biab-internet-corpus_1087.jams
dataset/biab-internet-corpus_1088.jams
dataset/biab-internet-corpus_1089.jams
dataset/biab-internet-corpus_109.jams
dataset/biab-internet-corpus_1090.jams
dataset/biab-internet-corpus_1091.jams
dataset/biab-internet-corpus_1092.jams
dataset/biab-internet-corpus_1093.jams
dataset/biab-internet-corpus_1094.jams
dataset/biab-internet-corpus_1095.jams
dataset/biab-internet-corpus_1096.jams
dataset/biab-internet-corpus_1097.jams
dataset/biab-internet-corpus_1098.jams
dataset/biab-internet-corpus_1099.jams
dataset/biab-internet-corpus_11.jams
dataset/biab-internet-corpus_110.jams
dataset/biab-internet-corpus_1100.jams
dataset/biab-internet-corpus_1101.jams
dataset/biab-internet-corpus_1102.jams
dataset/biab-internet-corpus_1103.jams
dataset/biab-internet-corpus_1104.jams
dataset/biab-internet-corpus_1105.jams
dataset/biab-internet-corpus_1106.jams
dataset/biab-internet-corpus_1107.jams
dataset/biab-internet-corpus_1108.jams
dataset/biab-internet-corpus_1109.jams
dataset/biab-internet-corpus_111.jams
dataset/biab-internet-corpus_1110.jams
dataset/biab-internet-corpus_1111.jams
dataset/biab-internet-corpus_1112.jams
dataset/biab-internet-corpus_1113.jams
dataset/biab-internet-corpus_1114.jams
dataset/biab-internet-corpus_1115.jams
dataset/biab-internet-corpus_1116.jams
dataset/biab-internet-corpus_1117.jams
dataset/biab-internet-corpus_1118.jams
dataset/biab-internet-corpus_1119.jams
dataset/biab-internet-corpus_1120.jams
dataset/biab-internet-corpus_1121.jams
dataset/biab-internet-corpus_1122.jams
dataset/biab-internet-corpus_1123.jams
dataset/biab-internet-corpus_1124.jams
dataset/biab-internet-corpus_1125.jams
dataset/biab-internet-corpus_1126.jams
dataset/biab-internet-corpus_1127.jams
dataset/biab-internet-corpus_1128.jams
dataset/biab-internet-corpus_1129.jams
dataset/biab-internet-corpus_113.jams
dataset/biab-internet-corpus_1130.jams
dataset/biab-internet-corpus_1131.jams
dataset/biab-internet-corpus_1132.jams
dataset/biab-internet-corpus_1133.jams
dataset/biab-internet-corpus_1134.jams
dataset/biab-internet-corpus_1135.jams
dataset/biab-internet-corpus_1136.jams
dataset/biab-internet-corpus_1137.jams
dataset/biab-internet-corpus_1138.jams
dataset/biab-internet-corpus_1139.jams
dataset/biab-internet-corpus_114.jams
dataset/biab-internet-corpus_1140.jams
dataset/biab-internet-corpus_1141.jams
dataset/biab-internet-corpus_1142.jams
dataset/biab-internet-corpus_1143.jams
dataset/biab-internet-corpus_1144.jams
dataset/biab-internet-corpus_1145.jams
dataset/biab-internet-corpus_1146.jams
dataset/biab-internet-corpus_1147.jams
dataset/biab-internet-corpus_1148.jams
dataset/biab-internet-corpus_1149.jams
dataset/biab-internet-corpus_115.jams
dataset/biab-internet-corpus_1150.jams
dataset/biab-internet-corpus_1151.jams
dataset/biab-internet-corpus_1152.jams
dataset/biab-internet-corpus_1153.jams
dataset/biab-internet-corpus_1154.jams
dataset/biab-internet-corpus_1155.jams
dataset/biab-internet-corpus_1156.jams
dataset/biab-internet-corpus_1157.jams
dataset/biab-internet-corpus_1158.jams
dataset/biab-internet-corpus_1159.jams
dataset/biab-internet-corpus_116.jams
dataset/biab-internet-corpus_1161.jams
dataset/biab-internet-corpus_1162.jams
dataset/biab-internet-corpus_1163.jams
dataset/biab-internet-corpus_1164.jams
dataset/biab-internet-corpus_1165.jams
dataset/biab-internet-corpus_1166.jams
dataset/biab-internet-corpus_1167.jams
dataset/biab-internet-corpus_1168.jams
dataset/biab-internet-corpus_1169.jams
dataset/biab-internet-corpus_117.jams
dataset/biab-internet-corpus_1170.jams
dataset/biab-internet-corpus_1171.jams
dataset/biab-internet-corpus_1172.jams
dataset/biab-internet-corpus_1173.jams
dataset/biab-internet-corpus_1174.jams
dataset/biab-internet-corpus_1175.jams
dataset/biab-internet-corpus_1176.jams
dataset/biab-internet-corpus_1177.jams
dataset/biab-internet-corpus_1178.jams
dataset/biab-internet-corpus_1179.jams
dataset/biab-internet-corpus_118.jams
dataset/biab-internet-corpus_1180.jams
dataset/biab-internet-corpus_1181.jams
dataset/biab-internet-corpus_1182.jams
dataset/biab-internet-corpus_1183.jams
dataset/biab-internet-corpus_1184.jams
dataset/biab-internet-corpus_1185.jams
dataset/biab-internet-corpus_1186.jams
dataset/biab-internet-corpus_1187.jams
dataset/biab-internet-corpus_1188.jams
dataset/biab-internet-corpus_1189.jams
dataset/biab-internet-corpus_119.jams
dataset/biab-internet-corpus_1190.jams
dataset/biab-internet-corpus_1191.jams
dataset/biab-internet-corpus_1192.jams
dataset/biab-internet-corpus_1193.jams
dataset/biab-internet-corpus_1194.jams
dataset/biab-internet-corpus_1195.jams
dataset/biab-internet-corpus_1196.jams
dataset/biab-internet-corpus_1197.jams
dataset/biab-internet-corpus_1198.jams
dataset/biab-internet-corpus_1199.jams
dataset/biab-internet-corpus_12.jams
dataset/biab-internet-corpus_120.jams
dataset/biab-internet-corpus_1200.jams
dataset/biab-internet-corpus_1201.jams
dataset/biab-internet-corpus_1202.jams
dataset/biab-internet-corpus_1203.jams
dataset/biab-internet-corpus_1204.jams
dataset/biab-internet-corpus_1205.jams
dataset/biab-internet-corpus_1206.jams
dataset/biab-internet-corpus_1207.jams
dataset/biab-internet-corpus_1208.jams
dataset/biab-internet-corpus_1209.jams
dataset/biab-internet-corpus_121.jams
dataset/biab-internet-corpus_1210.jams
dataset/biab-internet-corpus_1211.jams
dataset/biab-internet-corpus_1212.jams
dataset/biab-internet-corpus_1213.jams
dataset/biab-internet-corpus_1214.jams
dataset/biab-internet-corpus_1215.jams
dataset/biab-internet-corpus_1216.jams
dataset/biab-internet-corpus_1217.jams
dataset/biab-internet-corpus_1218.jams
dataset/biab-internet-corpus_1219.jams
dataset/biab-internet-corpus_122.jams
dataset/biab-internet-corpus_1220.jams
dataset/biab-internet-corpus_1221.jams
dataset/biab-internet-corpus_1222.jams
dataset/biab-internet-corpus_1223.jams
dataset/biab-internet-corpus_1224.jams
dataset/biab-internet-corpus_1225.jams
dataset/biab-internet-corpus_1226.jams
dataset/biab-internet-corpus_1227.jams
dataset/biab-internet-corpus_1228.jams
dataset/biab-internet-corpus_1229.jams
dataset/biab-internet-corpus_123.jams
dataset/biab-internet-corpus_1230.jams
dataset/biab-internet-corpus_1231.jams
dataset/biab-internet-corpus_1232.jams
dataset/biab-internet-corpus_1233.jams
dataset/biab-internet-corpus_1234.jams
dataset/biab-internet-corpus_1235.jams
dataset/biab-internet-corpus_1236.jams
dataset/biab-internet-corpus_1237.jams
dataset/biab-internet-corpus_1238.jams
dataset/biab-internet-corpus_1239.jams
dataset/biab-internet-corpus_124.jams
dataset/biab-internet-corpus_1240.jams
dataset/biab-internet-corpus_1241.jams
dataset/biab-internet-corpus_1242.jams
dataset/biab-internet-corpus_1243.jams
dataset/biab-internet-corpus_1244.jams
dataset/biab-internet-corpus_1245.jams
dataset/biab-internet-corpus_1246.jams
dataset/biab-internet-corpus_1247.jams
dataset/biab-internet-corpus_1248.jams
dataset/biab-internet-corpus_1249.jams
dataset/biab-internet-corpus_125.jams
dataset/biab-internet-corpus_1250.jams
dataset/biab-internet-corpus_1251.jams
dataset/biab-internet-corpus_1252.jams
dataset/biab-internet-corpus_1253.jams
dataset/biab-internet-corpus_1254.jams
dataset/biab-internet-corpus_1255.jams
dataset/biab-internet-corpus_1256.jams
dataset/biab-internet-corpus_1257.jams
dataset/biab-internet-corpus_1258.jams
dataset/biab-internet-corpus_1259.jams
dataset/biab-internet-corpus_126.jams
dataset/biab-internet-corpus_1260.jams
dataset/biab-internet-corpus_1261.jams
dataset/biab-internet-corpus_1262.jams
dataset/biab-internet-corpus_1263.jams
dataset/biab-internet-corpus_1264.jams
dataset/biab-internet-corpus_1265.jams
dataset/biab-internet-corpus_1266.jams
dataset/biab-internet-corpus_1267.jams
dataset/biab-internet-corpus_1268.jams
dataset/biab-internet-corpus_1269.jams
dataset/biab-internet-corpus_127.jams
dataset/biab-internet-corpus_1270.jams
dataset/biab-internet-corpus_1271.jams
dataset/biab-internet-corpus_1272.jams
dataset/biab-internet-corpus_1273.jams
dataset/biab-internet-corpus_1274.jams
dataset/biab-internet-corpus_1275.jams
dataset/biab-internet-corpus_1276.jams
dataset/biab-internet-corpus_1277.jams
dataset/biab-internet-corpus_1278.jams
dataset/biab-internet-corpus_1279.jams
dataset/biab-internet-corpus_128.jams
dataset/biab-internet-corpus_1280.jams
dataset/biab-internet-corpus_1281.jams
dataset/biab-internet-corpus_1282.jams
dataset/biab-internet-corpus_1283.jams
dataset/biab-internet-corpus_1284.jams
dataset/biab-internet-corpus_1285.jams
dataset/biab-internet-corpus_1286.jams
dataset/biab-internet-corpus_1287.jams
dataset/biab-internet-corpus_1288.jams
dataset/biab-internet-corpus_1289.jams
dataset/biab-internet-corpus_129.jams
dataset/biab-internet-corpus_1290.jams
dataset/biab-internet-corpus_1291.jams
dataset/biab-internet-corpus_1292.jams
dataset/biab-internet-corpus_1293.jams
dataset/biab-internet-corpus_1294.jams
dataset/biab-internet-corpus_1295.jams
dataset/biab-internet-corpus_1296.jams
dataset/biab-internet-corpus_1297.jams
dataset/biab-internet-corpus_1298.jams
dataset/biab-internet-corpus_1299.jams
dataset/biab-internet-corpus_13.jams
dataset/biab-internet-corpus_130.jams
dataset/biab-internet-corpus_1300.jams
dataset/biab-internet-corpus_1301.jams
dataset/biab-internet-corpus_1302.jams
dataset/biab-internet-corpus_1303.jams
dataset/biab-internet-corpus_1304.jams
dataset/biab-internet-corpus_1305.jams
dataset/biab-internet-corpus_1306.jams
dataset/biab-internet-corpus_1307.jams
dataset/biab-internet-corpus_1308.jams
dataset/biab-internet-corpus_1309.jams
dataset/biab-internet-corpus_131.jams
dataset/biab-internet-corpus_1310.jams
dataset/biab-internet-corpus_1311.jams
dataset/biab-internet-corpus_1312.jams
dataset/biab-internet-corpus_1313.jams
dataset/biab-internet-corpus_1314.jams
dataset/biab-internet-corpus_1315.jams
dataset/biab-internet-corpus_1316.jams
dataset/biab-internet-corpus_1317.jams
dataset/biab-internet-corpus_1318.jams
dataset/biab-internet-corpus_1319.jams
dataset/biab-internet-corpus_132.jams
dataset/biab-internet-corpus_1320.jams
dataset/biab-internet-corpus_1321.jams
dataset/biab-internet-corpus_1322.jams
dataset/biab-internet-corpus_1323.jams
dataset/biab-internet-corpus_1324.jams
dataset/biab-internet-corpus_1325.jams
dataset/biab-internet-corpus_1326.jams
dataset/biab-internet-corpus_1327.jams
dataset/biab-internet-corpus_1328.jams
dataset/biab-internet-corpus_1329.jams
dataset/biab-internet-corpus_133.jams
dataset/biab-internet-corpus_1330.jams
dataset/biab-internet-corpus_1331.jams
dataset/biab-internet-corpus_1332.jams
dataset/biab-internet-corpus_1333.jams
dataset/biab-internet-corpus_1334.jams
dataset/biab-internet-corpus_1335.jams
dataset/biab-internet-corpus_1336.jams
dataset/biab-internet-corpus_1337.jams
dataset/biab-internet-corpus_1338.jams
dataset/biab-internet-corpus_1339.jams
dataset/biab-internet-corpus_134.jams
dataset/biab-internet-corpus_1340.jams
dataset/biab-internet-corpus_1341.jams
dataset/biab-internet-corpus_1342.jams
dataset/biab-internet-corpus_1343.jams
dataset/biab-internet-corpus_1344.jams
dataset/biab-internet-corpus_1345.jams
dataset/biab-internet-corpus_1346.jams
dataset/biab-internet-corpus_1347.jams
dataset/biab-internet-corpus_1349.jams
dataset/biab-internet-corpus_135.jams
dataset/biab-internet-corpus_1350.jams
dataset/biab-internet-corpus_1351.jams
dataset/biab-internet-corpus_1352.jams
dataset/biab-internet-corpus_1353.jams
dataset/biab-internet-corpus_1354.jams
dataset/biab-internet-corpus_1355.jams
dataset/biab-internet-corpus_1356.jams
dataset/biab-internet-corpus_1357.jams
dataset/biab-internet-corpus_1358.jams
dataset/biab-internet-corpus_1359.jams
dataset/biab-internet-corpus_136.jams
dataset/biab-internet-corpus_1360.jams
dataset/biab-internet-corpus_1361.jams
dataset/biab-internet-corpus_1362.jams
dataset/biab-internet-corpus_1363.jams
dataset/biab-internet-corpus_1364.jams
dataset/biab-internet-corpus_1365.jams
dataset/biab-internet-corpus_1366.jams
dataset/biab-internet-corpus_1367.jams
dataset/biab-internet-corpus_1368.jams
dataset/biab-internet-corpus_1369.jams
dataset/biab-internet-corpus_137.jams
dataset/biab-internet-corpus_1370.jams
dataset/biab-internet-corpus_1371.jams
dataset/biab-internet-corpus_1372.jams
dataset/biab-internet-corpus_1373.jams
dataset/biab-internet-corpus_1374.jams
dataset/biab-internet-corpus_1375.jams
dataset/biab-internet-corpus_1376.jams
dataset/biab-internet-corpus_1377.jams
dataset/biab-internet-corpus_1378.jams
dataset/biab-internet-corpus_1379.jams
dataset/biab-internet-corpus_138.jams
dataset/biab-internet-corpus_1380.jams
dataset/biab-internet-corpus_1381.jams
dataset/biab-internet-corpus_1382.jams
dataset/biab-internet-corpus_1383.jams
dataset/biab-internet-corpus_1384.jams
dataset/biab-internet-corpus_1385.jams
dataset/biab-internet-corpus_1386.jams
dataset/biab-internet-corpus_1387.jams
dataset/biab-internet-corpus_1388.jams
dataset/biab-internet-corpus_1389.jams
dataset/biab-internet-corpus_139.jams
dataset/biab-internet-corpus_1390.jams
dataset/biab-internet-corpus_1391.jams
dataset/biab-internet-corpus_1392.jams
dataset/biab-internet-corpus_1393.jams
dataset/biab-internet-corpus_1394.jams
dataset/biab-internet-corpus_1395.jams
dataset/biab-internet-corpus_1396.jams
dataset/biab-internet-corpus_1397.jams
dataset/biab-internet-corpus_1398.jams
dataset/biab-internet-corpus_1399.jams
dataset/biab-internet-corpus_14.jams
dataset/biab-internet-corpus_140.jams
dataset/biab-internet-corpus_1400.jams
dataset/biab-internet-corpus_1401.jams
dataset/biab-internet-corpus_1402.jams
dataset/biab-internet-corpus_1403.jams
dataset/biab-internet-corpus_1404.jams
dataset/biab-internet-corpus_1405.jams
dataset/biab-internet-corpus_1406.jams
dataset/biab-internet-corpus_1407.jams
dataset/biab-internet-corpus_1408.jams
dataset/biab-internet-corpus_1409.jams
dataset/biab-internet-corpus_141.jams
dataset/biab-internet-corpus_1410.jams
dataset/biab-internet-corpus_1411.jams
dataset/biab-internet-corpus_1412.jams
dataset/biab-internet-corpus_1413.jams
dataset/biab-internet-corpus_1414.jams
dataset/biab-internet-corpus_1415.jams
dataset/biab-internet-corpus_1416.jams
dataset/biab-internet-corpus_1417.jams
dataset/biab-internet-corpus_1418.jams
dataset/biab-internet-corpus_1419.jams
dataset/biab-internet-corpus_142.jams
dataset/biab-internet-corpus_1420.jams
dataset/biab-internet-corpus_1421.jams
dataset/biab-internet-corpus_1422.jams
dataset/biab-internet-corpus_1423.jams
dataset/biab-internet-corpus_1424.jams
dataset/biab-internet-corpus_1425.jams
dataset/biab-internet-corpus_1426.jams
dataset/biab-internet-corpus_1427.jams
dataset/biab-internet-corpus_1428.jams
dataset/biab-internet-corpus_1429.jams
dataset/biab-internet-corpus_143.jams
dataset/biab-internet-corpus_1430.jams
dataset/biab-internet-corpus_1431.jams
dataset/biab-internet-corpus_1432.jams
dataset/biab-internet-corpus_1433.jams
dataset/biab-internet-corpus_1434.jams
dataset/biab-internet-corpus_1435.jams
dataset/biab-internet-corpus_1436.jams
dataset/biab-internet-corpus_1437.jams
dataset/biab-internet-corpus_1438.jams
dataset/biab-internet-corpus_1439.jams
dataset/biab-internet-corpus_144.jams
dataset/biab-internet-corpus_1440.jams
dataset/biab-internet-corpus_1441.jams
dataset/biab-internet-corpus_1442.jams
dataset/biab-internet-corpus_1443.jams
dataset/biab-internet-corpus_1444.jams
dataset/biab-internet-corpus_1445.jams
dataset/biab-internet-corpus_1446.jams
dataset/biab-internet-corpus_1447.jams
dataset/biab-internet-corpus_1448.jams
dataset/biab-internet-corpus_1449.jams
dataset/biab-internet-corpus_145.jams
dataset/biab-internet-corpus_1450.jams
dataset/biab-internet-corpus_1451.jams
dataset/biab-internet-corpus_1452.jams
dataset/biab-internet-corpus_1453.jams
dataset/biab-internet-corpus_1454.jams
dataset/biab-internet-corpus_1455.jams
dataset/biab-internet-corpus_1456.jams
dataset/biab-internet-corpus_1457.jams
dataset/biab-internet-corpus_1458.jams
dataset/biab-internet-corpus_1459.jams
dataset/biab-internet-corpus_146.jams
dataset/biab-internet-corpus_1460.jams
dataset/biab-internet-corpus_1461.jams
dataset/biab-internet-corpus_1462.jams
dataset/biab-internet-corpus_1463.jams
dataset/biab-internet-corpus_1464.jams
dataset/biab-internet-corpus_1465.jams
dataset/biab-internet-corpus_1466.jams
dataset/biab-internet-corpus_1467.jams
dataset/biab-internet-corpus_1468.jams
dataset/biab-internet-corpus_1469.jams
dataset/biab-internet-corpus_147.jams
dataset/biab-internet-corpus_1470.jams
dataset/biab-internet-corpus_1471.jams
dataset/biab-internet-corpus_1472.jams
dataset/biab-internet-corpus_1473.jams
dataset/biab-internet-corpus_1474.jams
dataset/biab-internet-corpus_1475.jams
dataset/biab-internet-corpus_1476.jams
dataset/biab-internet-corpus_1477.jams
dataset/biab-internet-corpus_1478.jams
dataset/biab-internet-corpus_1479.jams
dataset/biab-internet-corpus_148.jams
dataset/biab-internet-corpus_1480.jams
dataset/biab-internet-corpus_1481.jams
dataset/biab-internet-corpus_1482.jams
dataset/biab-internet-corpus_1483.jams
dataset/biab-internet-corpus_1484.jams
dataset/biab-internet-corpus_1485.jams
dataset/biab-internet-corpus_1486.jams
dataset/biab-internet-corpus_1487.jams
dataset/biab-internet-corpus_1488.jams
dataset/biab-internet-corpus_1489.jams
dataset/biab-internet-corpus_149.jams
dataset/biab-internet-corpus_1490.jams
dataset/biab-internet-corpus_1491.jams
dataset/biab-internet-corpus_1492.jams
dataset/biab-internet-corpus_1493.jams
dataset/biab-internet-corpus_1494.jams
dataset/biab-internet-corpus_1495.jams
dataset/biab-internet-corpus_1496.jams
dataset/biab-internet-corpus_1497.jams
dataset/biab-internet-corpus_1498.jams
dataset/biab-internet-corpus_1499.jams
dataset/biab-internet-corpus_15.jams
dataset/biab-internet-corpus_150.jams
dataset/biab-internet-corpus_1500.jams
dataset/biab-internet-corpus_1501.jams
dataset/biab-internet-corpus_1502.jams
dataset/biab-internet-corpus_1503.jams
dataset/biab-internet-corpus_1504.jams
dataset/biab-internet-corpus_1505.jams
dataset/biab-internet-corpus_1506.jams
dataset/biab-internet-corpus_1507.jams
dataset/biab-internet-corpus_1508.jams
dataset/biab-internet-corpus_1509.jams
dataset/biab-internet-corpus_151.jams
dataset/biab-internet-corpus_1510.jams
dataset/biab-internet-corpus_1511.jams
dataset/biab-internet-corpus_1512.jams
dataset/biab-internet-corpus_1513.jams
dataset/biab-internet-corpus_1514.jams
dataset/biab-internet-corpus_1515.jams
dataset/biab-internet-corpus_1516.jams
dataset/biab-internet-corpus_1517.jams
dataset/biab-internet-corpus_1518.jams
dataset/biab-internet-corpus_1519.jams
dataset/biab-internet-corpus_152.jams
dataset/biab-internet-corpus_1520.jams
dataset/biab-internet-corpus_1521.jams
dataset/biab-internet-corpus_1522.jams
dataset/biab-internet-corpus_1523.jams
dataset/biab-internet-corpus_1524.jams
dataset/biab-internet-corpus_1525.jams
dataset/biab-internet-corpus_1526.jams
dataset/biab-internet-corpus_1527.jams
dataset/biab-internet-corpus_1528.jams
dataset/biab-internet-corpus_1529.jams
dataset/biab-internet-corpus_153.jams
dataset/biab-internet-corpus_1530.jams
dataset/biab-internet-corpus_1531.jams
dataset/biab-internet-corpus_1532.jams
dataset/biab-internet-corpus_1533.jams
dataset/biab-internet-corpus_1534.jams
dataset/biab-internet-corpus_1535.jams
dataset/biab-internet-corpus_1536.jams
dataset/biab-internet-corpus_1537.jams
dataset/biab-internet-corpus_1538.jams
dataset/biab-internet-corpus_1539.jams
dataset/biab-internet-corpus_154.jams
dataset/biab-internet-corpus_1540.jams
dataset/biab-internet-corpus_1541.jams
dataset/biab-internet-corpus_1542.jams
dataset/biab-internet-corpus_1543.jams
dataset/biab-internet-corpus_1544.jams
dataset/biab-internet-corpus_1545.jams
dataset/biab-internet-corpus_1546.jams
dataset/biab-internet-corpus_1547.jams
dataset/biab-internet-corpus_1548.jams
dataset/biab-internet-corpus_1549.jams
dataset/biab-internet-corpus_155.jams
dataset/biab-internet-corpus_1550.jams
dataset/biab-internet-corpus_1551.jams
dataset/biab-internet-corpus_1552.jams
dataset/biab-internet-corpus_1553.jams
dataset/biab-internet-corpus_1554.jams
dataset/biab-internet-corpus_1555.jams
dataset/biab-internet-corpus_1556.jams
dataset/biab-internet-corpus_1557.jams
dataset/biab-internet-corpus_1558.jams
dataset/biab-internet-corpus_1559.jams
dataset/biab-internet-corpus_156.jams
dataset/biab-internet-corpus_1560.jams
dataset/biab-internet-corpus_1561.jams
dataset/biab-internet-corpus_1562.jams
dataset/biab-internet-corpus_1563.jams
dataset/biab-internet-corpus_1564.jams
dataset/biab-internet-corpus_1565.jams
dataset/biab-internet-corpus_1566.jams
dataset/biab-internet-corpus_1567.jams
dataset/biab-internet-corpus_1568.jams
dataset/biab-internet-corpus_1569.jams
dataset/biab-internet-corpus_157.jams
dataset/biab-internet-corpus_1570.jams
dataset/biab-internet-corpus_1571.jams
dataset/biab-internet-corpus_1572.jams
dataset/biab-internet-corpus_1573.jams
dataset/biab-internet-corpus_1574.jams
dataset/biab-internet-corpus_1575.jams
dataset/biab-internet-corpus_1576.jams
dataset/biab-internet-corpus_1577.jams
dataset/biab-internet-corpus_1578.jams
dataset/biab-internet-corpus_1579.jams
dataset/biab-internet-corpus_158.jams
dataset/biab-internet-corpus_1580.jams
dataset/biab-internet-corpus_1581.jams
dataset/biab-internet-corpus_1582.jams
dataset/biab-internet-corpus_1583.jams
dataset/biab-internet-corpus_1584.jams
dataset/biab-internet-corpus_1585.jams
dataset/biab-internet-corpus_1586.jams
dataset/biab-internet-corpus_1587.jams
dataset/biab-internet-corpus_1589.jams
dataset/biab-internet-corpus_159.jams
dataset/biab-internet-corpus_1590.jams
dataset/biab-internet-corpus_1591.jams
dataset/biab-internet-corpus_1592.jams
dataset/biab-internet-corpus_1593.jams
dataset/biab-internet-corpus_1594.jams
dataset/biab-internet-corpus_1595.jams
dataset/biab-internet-corpus_1596.jams
dataset/biab-internet-corpus_1597.jams
dataset/biab-internet-corpus_1598.jams
dataset/biab-internet-corpus_1599.jams
dataset/biab-internet-corpus_16.jams
dataset/biab-internet-corpus_160.jams
dataset/biab-internet-corpus_1600.jams
dataset/biab-internet-corpus_1601.jams
dataset/biab-internet-corpus_1602.jams
dataset/biab-internet-corpus_1603.jams
dataset/biab-internet-corpus_1604.jams
dataset/biab-internet-corpus_1605.jams
dataset/biab-internet-corpus_1606.jams
dataset/biab-internet-corpus_1607.jams
dataset/biab-internet-corpus_1608.jams
dataset/biab-internet-corpus_1609.jams
dataset/biab-internet-corpus_161.jams
dataset/biab-internet-corpus_1610.jams
dataset/biab-internet-corpus_1611.jams
dataset/biab-internet-corpus_1612.jams
dataset/biab-internet-corpus_1613.jams
dataset/biab-internet-corpus_1614.jams
dataset/biab-internet-corpus_1615.jams
dataset/biab-internet-corpus_1616.jams
dataset/biab-internet-corpus_1617.jams
dataset/biab-internet-corpus_1618.jams
dataset/biab-internet-corpus_1619.jams
dataset/biab-internet-corpus_162.jams
dataset/biab-internet-corpus_1620.jams
dataset/biab-internet-corpus_1621.jams
dataset/biab-internet-corpus_1622.jams
dataset/biab-internet-corpus_1623.jams
dataset/biab-internet-corpus_1624.jams
dataset/biab-internet-corpus_1625.jams
dataset/biab-internet-corpus_1626.jams
dataset/biab-internet-corpus_1627.jams
dataset/biab-internet-corpus_1628.jams
dataset/biab-internet-corpus_1629.jams
dataset/biab-internet-corpus_163.jams
dataset/biab-internet-corpus_1630.jams
dataset/biab-internet-corpus_1631.jams
dataset/biab-internet-corpus_1632.jams
dataset/biab-internet-corpus_1633.jams
dataset/biab-internet-corpus_1634.jams
dataset/biab-internet-corpus_1635.jams
dataset/biab-internet-corpus_1636.jams
dataset/biab-internet-corpus_1637.jams
dataset/biab-internet-corpus_1638.jams
dataset/biab-internet-corpus_1639.jams
dataset/biab-internet-corpus_164.jams
dataset/biab-internet-corpus_1640.jams
dataset/biab-internet-corpus_1641.jams
dataset/biab-internet-corpus_1642.jams
dataset/biab-internet-corpus_1643.jams
dataset/biab-internet-corpus_1644.jams
dataset/biab-internet-corpus_1645.jams
dataset/biab-internet-corpus_1646.jams
dataset/biab-internet-corpus_1647.jams
dataset/biab-internet-corpus_1648.jams
dataset/biab-internet-corpus_1649.jams
dataset/biab-internet-corpus_165.jams
dataset/biab-internet-corpus_1650.jams
dataset/biab-internet-corpus_1651.jams
dataset/biab-internet-corpus_1652.jams
dataset/biab-internet-corpus_1653.jams
dataset/biab-internet-corpus_1654.jams
dataset/biab-internet-corpus_1655.jams
dataset/biab-internet-corpus_1656.jams
dataset/biab-internet-corpus_1657.jams
dataset/biab-internet-corpus_1658.jams
dataset/biab-internet-corpus_1659.jams
dataset/biab-internet-corpus_166.jams
dataset/biab-internet-corpus_1660.jams
dataset/biab-internet-corpus_1661.jams
dataset/biab-internet-corpus_1662.jams
dataset/biab-internet-corpus_1663.jams
dataset/biab-internet-corpus_1664.jams
dataset/biab-internet-corpus_1665.jams
dataset/biab-internet-corpus_1666.jams
dataset/biab-internet-corpus_1667.jams
dataset/biab-internet-corpus_1668.jams
dataset/biab-internet-corpus_1669.jams
dataset/biab-internet-corpus_167.jams
dataset/biab-internet-corpus_1670.jams
dataset/biab-internet-corpus_1671.jams
dataset/biab-internet-corpus_1672.jams
dataset/biab-internet-corpus_1673.jams
dataset/biab-internet-corpus_1674.jams
dataset/biab-internet-corpus_1675.jams
dataset/biab-internet-corpus_1676.jams
dataset/biab-internet-corpus_1677.jams
dataset/biab-internet-corpus_1678.jams
dataset/biab-internet-corpus_1679.jams
dataset/biab-internet-corpus_168.jams
dataset/biab-internet-corpus_1680.jams
dataset/biab-internet-corpus_1681.jams
dataset/biab-internet-corpus_1682.jams
dataset/biab-internet-corpus_1683.jams
dataset/biab-internet-corpus_1684.jams
dataset/biab-internet-corpus_1685.jams
dataset/biab-internet-corpus_1686.jams
dataset/biab-internet-corpus_1687.jams
dataset/biab-internet-corpus_1688.jams
dataset/biab-internet-corpus_1689.jams
dataset/biab-internet-corpus_169.jams
dataset/biab-internet-corpus_1690.jams
dataset/biab-internet-corpus_1691.jams
dataset/biab-internet-corpus_1692.jams
dataset/biab-internet-corpus_1693.jams
dataset/biab-internet-corpus_1694.jams
dataset/biab-internet-corpus_1695.jams
dataset/biab-internet-corpus_1696.jams
dataset/biab-internet-corpus_1697.jams
dataset/biab-internet-corpus_1698.jams
dataset/biab-internet-corpus_1699.jams
dataset/biab-internet-corpus_17.jams
dataset/biab-internet-corpus_170.jams
dataset/biab-internet-corpus_1700.jams
dataset/biab-internet-corpus_1701.jams
dataset/biab-internet-corpus_1702.jams
dataset/biab-internet-corpus_1703.jams
dataset/biab-internet-corpus_1704.jams
dataset/biab-internet-corpus_1705.jams
dataset/biab-internet-corpus_1706.jams
dataset/biab-internet-corpus_1707.jams
dataset/biab-internet-corpus_1708.jams
dataset/biab-internet-corpus_1709.jams
dataset/biab-internet-corpus_171.jams
dataset/biab-internet-corpus_1710.jams
dataset/biab-internet-corpus_1711.jams
dataset/biab-internet-corpus_1712.jams
dataset/biab-internet-corpus_1713.jams
dataset/biab-internet-corpus_1714.jams
dataset/biab-internet-corpus_1715.jams
dataset/biab-internet-corpus_1716.jams
dataset/biab-internet-corpus_1717.jams
dataset/biab-internet-corpus_1718.jams
dataset/biab-internet-corpus_1719.jams
dataset/biab-internet-corpus_172.jams
dataset/biab-internet-corpus_1720.jams
dataset/biab-internet-corpus_1721.jams
dataset/biab-internet-corpus_1722.jams
dataset/biab-internet-corpus_1723.jams
dataset/biab-internet-corpus_1724.jams
dataset/biab-internet-corpus_1725.jams
dataset/biab-internet-corpus_1726.jams
dataset/biab-internet-corpus_1727.jams
dataset/biab-internet-corpus_1728.jams
dataset/biab-internet-corpus_1729.jams
dataset/biab-internet-corpus_173.jams
dataset/biab-internet-corpus_1730.jams
dataset/biab-internet-corpus_1731.jams
dataset/biab-internet-corpus_1732.jams
dataset/biab-internet-corpus_1733.jams
dataset/biab-internet-corpus_1734.jams
dataset/biab-internet-corpus_1735.jams
dataset/biab-internet-corpus_1736.jams
dataset/biab-internet-corpus_1737.jams
dataset/biab-internet-corpus_1738.jams
dataset/biab-internet-corpus_1739.jams
dataset/biab-internet-corpus_174.jams
dataset/biab-internet-corpus_1740.jams
dataset/biab-internet-corpus_1741.jams
dataset/biab-internet-corpus_1742.jams
dataset/biab-internet-corpus_1743.jams
dataset/biab-internet-corpus_1744.jams
dataset/biab-internet-corpus_1745.jams
dataset/biab-internet-corpus_1746.jams
dataset/biab-internet-corpus_1747.jams
dataset/biab-internet-corpus_1748.jams
dataset/biab-internet-corpus_1749.jams
dataset/biab-internet-corpus_175.jams
dataset/biab-internet-corpus_1750.jams
dataset/biab-internet-corpus_1751.jams
dataset/biab-internet-corpus_1752.jams
dataset/biab-internet-corpus_1753.jams
dataset/biab-internet-corpus_1754.jams
dataset/biab-internet-corpus_1755.jams
dataset/biab-internet-corpus_1756.jams
dataset/biab-internet-corpus_1757.jams
dataset/biab-internet-corpus_1758.jams
dataset/biab-internet-corpus_1759.jams
dataset/biab-internet-corpus_176.jams
dataset/biab-internet-corpus_1760.jams
dataset/biab-internet-corpus_1761.jams
dataset/biab-internet-corpus_1762.jams
dataset/biab-internet-corpus_1763.jams
dataset/biab-internet-corpus_1764.jams
dataset/biab-internet-corpus_1765.jams
dataset/biab-internet-corpus_1766.jams
dataset/biab-internet-corpus_1767.jams
dataset/biab-internet-corpus_1768.jams
dataset/biab-internet-corpus_1769.jams
dataset/biab-internet-corpus_177.jams
dataset/biab-internet-corpus_1770.jams
dataset/biab-internet-corpus_1771.jams
dataset/biab-internet-corpus_1772.jams
dataset/biab-internet-corpus_1773.jams
dataset/biab-internet-corpus_1774.jams
dataset/biab-internet-corpus_1775.jams
dataset/biab-internet-corpus_1776.jams
dataset/biab-internet-corpus_1777.jams
dataset/biab-internet-corpus_1778.jams
dataset/biab-internet-corpus_1779.jams
dataset/biab-internet-corpus_178.jams
dataset/biab-internet-corpus_1780.jams
dataset/biab-internet-corpus_1781.jams
dataset/biab-internet-corpus_1782.jams
dataset/biab-internet-corpus_1783.jams
dataset/biab-internet-corpus_1784.jams
dataset/biab-internet-corpus_1785.jams
dataset/biab-internet-corpus_1786.jams
dataset/biab-internet-corpus_1787.jams
dataset/biab-internet-corpus_1788.jams
dataset/biab-internet-corpus_1789.jams
dataset/biab-internet-corpus_179.jams
dataset/biab-internet-corpus_1790.jams
dataset/biab-internet-corpus_1791.jams
dataset/biab-internet-corpus_1792.jams
dataset/biab-internet-corpus_1793.jams
dataset/biab-internet-corpus_1794.jams
dataset/biab-internet-corpus_1795.jams
dataset/biab-internet-corpus_1796.jams
dataset/biab-internet-corpus_1797.jams
dataset/biab-internet-corpus_1798.jams
dataset/biab-internet-corpus_1799.jams
dataset/biab-internet-corpus_18.jams
dataset/biab-internet-corpus_180.jams
dataset/biab-internet-corpus_1800.jams
dataset/biab-internet-corpus_1801.jams
dataset/biab-internet-corpus_1802.jams
dataset/biab-internet-corpus_1803.jams
dataset/biab-internet-corpus_1804.jams
dataset/biab-internet-corpus_1805.jams
dataset/biab-internet-corpus_1806.jams
dataset/biab-internet-corpus_1807.jams
dataset/biab-internet-corpus_1808.jams
dataset/biab-internet-corpus_1809.jams
dataset/biab-internet-corpus_181.jams
dataset/biab-internet-corpus_1810.jams
dataset/biab-internet-corpus_1811.jams
dataset/biab-internet-corpus_1812.jams
dataset/biab-internet-corpus_1813.jams
dataset/biab-internet-corpus_1814.jams
dataset/biab-internet-corpus_1815.jams
dataset/biab-internet-corpus_1816.jams
dataset/biab-internet-corpus_1817.jams
dataset/biab-internet-corpus_1818.jams
dataset/biab-internet-corpus_1819.jams
dataset/biab-internet-corpus_182.jams
dataset/biab-internet-corpus_1820.jams
dataset/biab-internet-corpus_1821.jams
dataset/biab-internet-corpus_1822.jams
dataset/biab-internet-corpus_1823.jams
dataset/biab-internet-corpus_1824.jams
dataset/biab-internet-corpus_1825.jams
dataset/biab-internet-corpus_1826.jams
dataset/biab-internet-corpus_1827.jams
dataset/biab-internet-corpus_1828.jams
dataset/biab-internet-corpus_1829.jams
dataset/biab-internet-corpus_183.jams
dataset/biab-internet-corpus_1830.jams
dataset/biab-internet-corpus_1831.jams
dataset/biab-internet-corpus_1832.jams
dataset/biab-internet-corpus_1833.jams
dataset/biab-internet-corpus_1834.jams
dataset/biab-internet-corpus_1835.jams
dataset/biab-internet-corpus_1836.jams
dataset/biab-internet-corpus_1837.jams
dataset/biab-internet-corpus_1838.jams
dataset/biab-internet-corpus_1839.jams
dataset/biab-internet-corpus_184.jams
dataset/biab-internet-corpus_1840.jams
dataset/biab-internet-corpus_1841.jams
dataset/biab-internet-corpus_1842.jams
dataset/biab-internet-corpus_1843.jams
dataset/biab-internet-corpus_1844.jams
dataset/biab-internet-corpus_1845.jams
dataset/biab-internet-corpus_1846.jams
dataset/biab-internet-corpus_1847.jams
dataset/biab-internet-corpus_1848.jams
dataset/biab-internet-corpus_1849.jams
dataset/biab-internet-corpus_185.jams
dataset/biab-internet-corpus_1850.jams
dataset/biab-internet-corpus_1851.jams
dataset/biab-internet-corpus_1852.jams
dataset/biab-internet-corpus_1853.jams
dataset/biab-internet-corpus_1854.jams
dataset/biab-internet-corpus_1855.jams
dataset/biab-internet-corpus_1856.jams
dataset/biab-internet-corpus_1857.jams
dataset/biab-internet-corpus_1858.jams
dataset/biab-internet-corpus_1859.jams
dataset/biab-internet-corpus_186.jams
dataset/biab-internet-corpus_1860.jams
dataset/biab-internet-corpus_1861.jams
dataset/biab-internet-corpus_1862.jams
dataset/biab-internet-corpus_1863.jams
dataset/biab-internet-corpus_1864.jams
dataset/biab-internet-corpus_1865.jams
dataset/biab-internet-corpus_1866.jams
dataset/biab-internet-corpus_1867.jams
dataset/biab-internet-corpus_1868.jams
dataset/biab-internet-corpus_1869.jams
dataset/biab-internet-corpus_187.jams
dataset/biab-internet-corpus_1870.jams
dataset/biab-internet-corpus_1871.jams
dataset/biab-internet-corpus_1872.jams
dataset/biab-internet-corpus_1873.jams
dataset/biab-internet-corpus_1874.jams
dataset/biab-internet-corpus_1875.jams
dataset/biab-internet-corpus_1876.jams
dataset/biab-internet-corpus_1877.jams
dataset/biab-internet-corpus_1878.jams
dataset/biab-internet-corpus_1879.jams
dataset/biab-internet-corpus_188.jams
dataset/biab-internet-corpus_1880.jams
dataset/biab-internet-corpus_1881.jams
dataset/biab-internet-corpus_1882.jams
dataset/biab-internet-corpus_1883.jams
dataset/biab-internet-corpus_1884.jams
dataset/biab-internet-corpus_1885.jams
dataset/biab-internet-corpus_1886.jams
dataset/biab-internet-corpus_1887.jams
dataset/biab-internet-corpus_1888.jams
dataset/biab-internet-corpus_1889.jams
dataset/biab-internet-corpus_189.jams
dataset/biab-internet-corpus_1890.jams
dataset/biab-internet-corpus_1891.jams
dataset/biab-internet-corpus_1892.jams
dataset/biab-internet-corpus_1893.jams
dataset/biab-internet-corpus_1894.jams
dataset/biab-internet-corpus_1895.jams
dataset/biab-internet-corpus_1896.jams
dataset/biab-internet-corpus_1897.jams
dataset/biab-internet-corpus_1899.jams
dataset/biab-internet-corpus_19.jams
dataset/biab-internet-corpus_190.jams
dataset/biab-internet-corpus_1900.jams
dataset/biab-internet-corpus_1901.jams
dataset/biab-internet-corpus_1902.jams
dataset/biab-internet-corpus_1903.jams
dataset/biab-internet-corpus_1904.jams
dataset/biab-internet-corpus_1905.jams
dataset/biab-internet-corpus_1906.jams
dataset/biab-internet-corpus_1907.jams
dataset/biab-internet-corpus_1908.jams
dataset/biab-internet-corpus_1909.jams
dataset/biab-internet-corpus_191.jams
dataset/biab-internet-corpus_1910.jams
dataset/biab-internet-corpus_1911.jams
dataset/biab-internet-corpus_1912.jams
dataset/biab-internet-corpus_1913.jams
dataset/biab-internet-corpus_1914.jams
dataset/biab-internet-corpus_1915.jams
dataset/biab-internet-corpus_1916.jams
dataset/biab-internet-corpus_1917.jams
dataset/biab-internet-corpus_1918.jams
dataset/biab-internet-corpus_1919.jams
dataset/biab-internet-corpus_1920.jams
dataset/biab-internet-corpus_1921.jams
dataset/biab-internet-corpus_1922.jams
dataset/biab-internet-corpus_1923.jams
dataset/biab-internet-corpus_1924.jams
dataset/biab-internet-corpus_1925.jams
dataset/biab-internet-corpus_1926.jams
dataset/biab-internet-corpus_1927.jams
dataset/biab-internet-corpus_1928.jams
dataset/biab-internet-corpus_1929.jams
dataset/biab-internet-corpus_193.jams
dataset/biab-internet-corpus_1930.jams
dataset/biab-internet-corpus_1931.jams
dataset/biab-internet-corpus_1932.jams
dataset/biab-internet-corpus_1933.jams
dataset/biab-internet-corpus_1934.jams
dataset/biab-internet-corpus_1935.jams
dataset/biab-internet-corpus_1936.jams
dataset/biab-internet-corpus_1937.jams
dataset/biab-internet-corpus_1938.jams
dataset/biab-internet-corpus_1939.jams
dataset/biab-internet-corpus_194.jams
dataset/biab-internet-corpus_1940.jams
dataset/biab-internet-corpus_1941.jams
dataset/biab-internet-corpus_1942.jams
dataset/biab-internet-corpus_1943.jams
dataset/biab-internet-corpus_1944.jams
dataset/biab-internet-corpus_1945.jams
dataset/biab-internet-corpus_1946.jams
dataset/biab-internet-corpus_1947.jams
dataset/biab-internet-corpus_1948.jams
dataset/biab-internet-corpus_1949.jams
dataset/biab-internet-corpus_195.jams
dataset/biab-internet-corpus_1950.jams
dataset/biab-internet-corpus_1951.jams
dataset/biab-internet-corpus_1952.jams
dataset/biab-internet-corpus_1953.jams
dataset/biab-internet-corpus_1954.jams
dataset/biab-internet-corpus_1955.jams
dataset/biab-internet-corpus_1956.jams
dataset/biab-internet-corpus_1957.jams
dataset/biab-internet-corpus_1958.jams
dataset/biab-internet-corpus_1959.jams
dataset/biab-internet-corpus_196.jams
dataset/biab-internet-corpus_1960.jams
dataset/biab-internet-corpus_1961.jams
dataset/biab-internet-corpus_1962.jams
dataset/biab-internet-corpus_1963.jams
dataset/biab-internet-corpus_1964.jams
dataset/biab-internet-corpus_1965.jams
dataset/biab-internet-corpus_1966.jams
dataset/biab-internet-corpus_1967.jams
dataset/biab-internet-corpus_1968.jams
dataset/biab-internet-corpus_1969.jams
dataset/biab-internet-corpus_197.jams
dataset/biab-internet-corpus_1970.jams
dataset/biab-internet-corpus_1971.jams
dataset/biab-internet-corpus_1972.jams
dataset/biab-internet-corpus_1973.jams
dataset/biab-internet-corpus_1974.jams
dataset/biab-internet-corpus_1975.jams
dataset/biab-internet-corpus_1976.jams
dataset/biab-internet-corpus_1977.jams
dataset/biab-internet-corpus_1978.jams
dataset/biab-internet-corpus_1979.jams
dataset/biab-internet-corpus_198.jams
dataset/biab-internet-corpus_1980.jams
dataset/biab-internet-corpus_1981.jams
dataset/biab-internet-corpus_1982.jams
dataset/biab-internet-corpus_1983.jams
dataset/biab-internet-corpus_1984.jams
dataset/biab-internet-corpus_1985.jams
dataset/biab-internet-corpus_1987.jams
dataset/biab-internet-corpus_1988.jams
dataset/biab-internet-corpus_1989.jams
dataset/biab-internet-corpus_199.jams
dataset/biab-internet-corpus_1990.jams
dataset/biab-internet-corpus_1991.jams
dataset/biab-internet-corpus_1992.jams
dataset/biab-internet-corpus_1993.jams
dataset/biab-internet-corpus_1994.jams
dataset/biab-internet-corpus_1995.jams
dataset/biab-internet-corpus_1996.jams
dataset/biab-internet-corpus_1997.jams
dataset/biab-internet-corpus_1998.jams
dataset/biab-internet-corpus_1999.jams
dataset/biab-internet-corpus_2.jams
dataset/biab-internet-corpus_20.jams
dataset/biab-internet-corpus_200.jams
dataset/biab-internet-corpus_2000.jams
dataset/biab-internet-corpus_2001.jams
dataset/biab-internet-corpus_2002.jams
dataset/biab-internet-corpus_2003.jams
dataset/biab-internet-corpus_2004.jams
dataset/biab-internet-corpus_2005.jams
dataset/biab-internet-corpus_2006.jams
dataset/biab-internet-corpus_2007.jams
dataset/biab-internet-corpus_2008.jams
dataset/biab-internet-corpus_2009.jams
dataset/biab-internet-corpus_201.jams
dataset/biab-internet-corpus_2010.jams
dataset/biab-internet-corpus_2011.jams
dataset/biab-internet-corpus_2012.jams
dataset/biab-internet-corpus_2013.jams
dataset/biab-internet-corpus_2014.jams
dataset/biab-internet-corpus_2015.jams
dataset/biab-internet-corpus_2016.jams
dataset/biab-internet-corpus_2017.jams
dataset/biab-internet-corpus_2018.jams
dataset/biab-internet-corpus_2019.jams
dataset/biab-internet-corpus_202.jams
dataset/biab-internet-corpus_2020.jams
dataset/biab-internet-corpus_2021.jams
dataset/biab-internet-corpus_2022.jams
dataset/biab-internet-corpus_2023.jams
dataset/biab-internet-corpus_2024.jams
dataset/biab-internet-corpus_2025.jams
dataset/biab-internet-corpus_2026.jams
dataset/biab-internet-corpus_2027.jams
dataset/biab-internet-corpus_2028.jams
dataset/biab-internet-corpus_2029.jams
dataset/biab-internet-corpus_203.jams
dataset/biab-internet-corpus_2030.jams
dataset/biab-internet-corpus_2031.jams
dataset/biab-internet-corpus_2032.jams
dataset/biab-internet-corpus_2033.jams
dataset/biab-internet-corpus_2034.jams
dataset/biab-internet-corpus_2035.jams
dataset/biab-internet-corpus_2036.jams
dataset/biab-internet-corpus_2037.jams
dataset/biab-internet-corpus_2038.jams
dataset/biab-internet-corpus_2039.jams
dataset/biab-internet-corpus_204.jams
dataset/biab-internet-corpus_2040.jams
dataset/biab-internet-corpus_2041.jams
dataset/biab-internet-corpus_2042.jams
dataset/biab-internet-corpus_2043.jams
dataset/biab-internet-corpus_2044.jams
dataset/biab-internet-corpus_2045.jams
dataset/biab-internet-corpus_2046.jams
dataset/biab-internet-corpus_2047.jams
dataset/biab-internet-corpus_2048.jams
dataset/biab-internet-corpus_2049.jams
dataset/biab-internet-corpus_205.jams
dataset/biab-internet-corpus_2050.jams
dataset/biab-internet-corpus_2051.jams
dataset/biab-internet-corpus_2052.jams
dataset/biab-internet-corpus_2053.jams
dataset/biab-internet-corpus_2054.jams
dataset/biab-internet-corpus_2055.jams
dataset/biab-internet-corpus_2056.jams
dataset/biab-internet-corpus_2057.jams
dataset/biab-internet-corpus_2058.jams
dataset/biab-internet-corpus_2059.jams
dataset/biab-internet-corpus_206.jams
dataset/biab-internet-corpus_2060.jams
dataset/biab-internet-corpus_2061.jams
dataset/biab-internet-corpus_2062.jams
dataset/biab-internet-corpus_2063.jams
dataset/biab-internet-corpus_2065.jams
dataset/biab-internet-corpus_2066.jams
dataset/biab-internet-corpus_2067.jams
dataset/biab-internet-corpus_2068.jams
dataset/biab-internet-corpus_2069.jams
dataset/biab-internet-corpus_207.jams
dataset/biab-internet-corpus_2070.jams
dataset/biab-internet-corpus_2071.jams
dataset/biab-internet-corpus_2072.jams
dataset/biab-internet-corpus_2073.jams
dataset/biab-internet-corpus_2074.jams
dataset/biab-internet-corpus_2075.jams
dataset/biab-internet-corpus_2076.jams
dataset/biab-internet-corpus_2077.jams
dataset/biab-internet-corpus_2078.jams
dataset/biab-internet-corpus_2079.jams
dataset/biab-internet-corpus_208.jams
dataset/biab-internet-corpus_2080.jams
dataset/biab-internet-corpus_2081.jams
dataset/biab-internet-corpus_2082.jams
dataset/biab-internet-corpus_2083.jams
dataset/biab-internet-corpus_2084.jams
dataset/biab-internet-corpus_2085.jams
dataset/biab-internet-corpus_2086.jams
dataset/biab-internet-corpus_2087.jams
dataset/biab-internet-corpus_2088.jams
dataset/biab-internet-corpus_2089.jams
dataset/biab-internet-corpus_209.jams
dataset/biab-internet-corpus_2090.jams
dataset/biab-internet-corpus_2091.jams
dataset/biab-internet-corpus_2092.jams
dataset/biab-internet-corpus_2093.jams
dataset/biab-internet-corpus_2094.jams
dataset/biab-internet-corpus_2095.jams
dataset/biab-internet-corpus_2096.jams
dataset/biab-internet-corpus_2097.jams
dataset/biab-internet-corpus_2098.jams
dataset/biab-internet-corpus_2099.jams
dataset/biab-internet-corpus_21.jams
dataset/biab-internet-corpus_210.jams
dataset/biab-internet-corpus_2100.jams
dataset/biab-internet-corpus_2101.jams
dataset/biab-internet-corpus_2102.jams
dataset/biab-internet-corpus_2103.jams
dataset/biab-internet-corpus_2104.jams
dataset/biab-internet-corpus_2105.jams
dataset/biab-internet-corpus_2106.jams
dataset/biab-internet-corpus_2107.jams
dataset/biab-internet-corpus_2108.jams
dataset/biab-internet-corpus_2109.jams
dataset/biab-internet-corpus_211.jams
dataset/biab-internet-corpus_2110.jams
dataset/biab-internet-corpus_2111.jams
dataset/biab-internet-corpus_2112.jams
dataset/biab-internet-corpus_2113.jams
dataset/biab-internet-corpus_2114.jams
dataset/biab-internet-corpus_2115.jams
dataset/biab-internet-corpus_2116.jams
dataset/biab-internet-corpus_2117.jams
dataset/biab-internet-corpus_2118.jams
dataset/biab-internet-corpus_2119.jams
dataset/biab-internet-corpus_212.jams
dataset/biab-internet-corpus_2120.jams
dataset/biab-internet-corpus_2121.jams
dataset/biab-internet-corpus_2122.jams
dataset/biab-internet-corpus_2123.jams
dataset/biab-internet-corpus_2124.jams
dataset/biab-internet-corpus_2125.jams
dataset/biab-internet-corpus_2126.jams
dataset/biab-internet-corpus_2127.jams
dataset/biab-internet-corpus_2128.jams
dataset/biab-internet-corpus_2129.jams
dataset/biab-internet-corpus_213.jams
dataset/biab-internet-corpus_2130.jams
dataset/biab-internet-corpus_2131.jams
dataset/biab-internet-corpus_2132.jams
dataset/biab-internet-corpus_2133.jams
dataset/biab-internet-corpus_2134.jams
dataset/biab-internet-corpus_2135.jams
dataset/biab-internet-corpus_2136.jams
dataset/biab-internet-corpus_2137.jams
dataset/biab-internet-corpus_2138.jams
dataset/biab-internet-corpus_2139.jams
dataset/biab-internet-corpus_214.jams
dataset/biab-internet-corpus_2140.jams
dataset/biab-internet-corpus_2141.jams
dataset/biab-internet-corpus_2142.jams
dataset/biab-internet-corpus_2143.jams
dataset/biab-internet-corpus_2144.jams
dataset/biab-internet-corpus_2145.jams
dataset/biab-internet-corpus_2146.jams
dataset/biab-internet-corpus_2147.jams
dataset/biab-internet-corpus_2148.jams
dataset/biab-internet-corpus_2149.jams
dataset/biab-internet-corpus_215.jams
dataset/biab-internet-corpus_2150.jams
dataset/biab-internet-corpus_2151.jams
dataset/biab-internet-corpus_2152.jams
dataset/biab-internet-corpus_2153.jams
dataset/biab-internet-corpus_2154.jams
dataset/biab-internet-corpus_2155.jams
dataset/biab-internet-corpus_2156.jams
dataset/biab-internet-corpus_2157.jams
dataset/biab-internet-corpus_2158.jams
dataset/biab-internet-corpus_2159.jams
dataset/biab-internet-corpus_216.jams
dataset/biab-internet-corpus_2160.jams
dataset/biab-internet-corpus_2161.jams
dataset/biab-internet-corpus_2162.jams
dataset/biab-internet-corpus_2163.jams
dataset/biab-internet-corpus_2164.jams
dataset/biab-internet-corpus_2165.jams
dataset/biab-internet-corpus_2166.jams
dataset/biab-internet-corpus_2167.jams
dataset/biab-internet-corpus_2168.jams
dataset/biab-internet-corpus_2169.jams
dataset/biab-internet-corpus_217.jams
dataset/biab-internet-corpus_2170.jams
dataset/biab-internet-corpus_2171.jams
dataset/biab-internet-corpus_2172.jams
dataset/biab-internet-corpus_2173.jams
dataset/biab-internet-corpus_2174.jams
dataset/biab-internet-corpus_2175.jams
dataset/biab-internet-corpus_2176.jams
dataset/biab-internet-corpus_2177.jams
dataset/biab-internet-corpus_2178.jams
dataset/biab-internet-corpus_2179.jams
dataset/biab-internet-corpus_218.jams
dataset/biab-internet-corpus_2180.jams
dataset/biab-internet-corpus_2181.jams
dataset/biab-internet-corpus_2182.jams
dataset/biab-internet-corpus_2183.jams
dataset/biab-internet-corpus_2184.jams
dataset/biab-internet-corpus_2185.jams
dataset/biab-internet-corpus_2186.jams
dataset/biab-internet-corpus_2187.jams
dataset/biab-internet-corpus_2188.jams
dataset/biab-internet-corpus_2189.jams
dataset/biab-internet-corpus_219.jams
dataset/biab-internet-corpus_2190.jams
dataset/biab-internet-corpus_2191.jams
dataset/biab-internet-corpus_2192.jams
dataset/biab-internet-corpus_2193.jams
dataset/biab-internet-corpus_2194.jams
dataset/biab-internet-corpus_2195.jams
dataset/biab-internet-corpus_2196.jams
dataset/biab-internet-corpus_2197.jams
dataset/biab-internet-corpus_2198.jams
dataset/biab-internet-corpus_2199.jams
dataset/biab-internet-corpus_22.jams
dataset/biab-internet-corpus_220.jams
dataset/biab-internet-corpus_2200.jams
dataset/biab-internet-corpus_2201.jams
dataset/biab-internet-corpus_2202.jams
dataset/biab-internet-corpus_2203.jams
dataset/biab-internet-corpus_2204.jams
dataset/biab-internet-corpus_2205.jams
dataset/biab-internet-corpus_2206.jams
dataset/biab-internet-corpus_2207.jams
dataset/biab-internet-corpus_2208.jams
dataset/biab-internet-corpus_2209.jams
dataset/biab-internet-corpus_221.jams
dataset/biab-internet-corpus_2210.jams
dataset/biab-internet-corpus_2211.jams
dataset/biab-internet-corpus_2212.jams
dataset/biab-internet-corpus_2213.jams
dataset/biab-internet-corpus_2214.jams
dataset/biab-internet-corpus_2215.jams
dataset/biab-internet-corpus_2216.jams
dataset/biab-internet-corpus_2217.jams
dataset/biab-internet-corpus_2218.jams
dataset/biab-internet-corpus_2219.jams
dataset/biab-internet-corpus_222.jams
dataset/biab-internet-corpus_2220.jams
dataset/biab-internet-corpus_2221.jams
dataset/biab-internet-corpus_2222.jams
dataset/biab-internet-corpus_2223.jams
dataset/biab-internet-corpus_2224.jams
dataset/biab-internet-corpus_2225.jams
dataset/biab-internet-corpus_2226.jams
dataset/biab-internet-corpus_2227.jams
dataset/biab-internet-corpus_2228.jams
dataset/biab-internet-corpus_2229.jams
dataset/biab-internet-corpus_223.jams
dataset/biab-internet-corpus_2230.jams
dataset/biab-internet-corpus_2231.jams
dataset/biab-internet-corpus_2232.jams
dataset/biab-internet-corpus_2233.jams
dataset/biab-internet-corpus_2234.jams
dataset/biab-internet-corpus_2235.jams
dataset/biab-internet-corpus_2236.jams
dataset/biab-internet-corpus_2237.jams
dataset/biab-internet-corpus_2238.jams
dataset/biab-internet-corpus_2239.jams
dataset/biab-internet-corpus_224.jams
dataset/biab-internet-corpus_2240.jams
dataset/biab-internet-corpus_2241.jams
dataset/biab-internet-corpus_2242.jams
dataset/biab-internet-corpus_2243.jams
dataset/biab-internet-corpus_2244.jams
dataset/biab-internet-corpus_2245.jams
dataset/biab-internet-corpus_2246.jams
dataset/biab-internet-corpus_2247.jams
dataset/biab-internet-corpus_2248.jams
dataset/biab-internet-corpus_2249.jams
dataset/biab-internet-corpus_225.jams
dataset/biab-internet-corpus_2250.jams
dataset/biab-internet-corpus_2251.jams
dataset/biab-internet-corpus_2252.jams
dataset/biab-internet-corpus_2253.jams
dataset/biab-internet-corpus_2254.jams
dataset/biab-internet-corpus_2255.jams
dataset/biab-internet-corpus_2256.jams
dataset/biab-internet-corpus_2257.jams
dataset/biab-internet-corpus_2258.jams
dataset/biab-internet-corpus_2259.jams
dataset/biab-internet-corpus_226.jams
dataset/biab-internet-corpus_2260.jams
dataset/biab-internet-corpus_2261.jams
dataset/biab-internet-corpus_2262.jams
dataset/biab-internet-corpus_2263.jams
dataset/biab-internet-corpus_2264.jams
dataset/biab-internet-corpus_2265.jams
dataset/biab-internet-corpus_2266.jams
dataset/biab-internet-corpus_2267.jams
dataset/biab-internet-corpus_2268.jams
dataset/biab-internet-corpus_2269.jams
dataset/biab-internet-corpus_227.jams
dataset/biab-internet-corpus_2270.jams
dataset/biab-internet-corpus_2271.jams
dataset/biab-internet-corpus_2272.jams
dataset/biab-internet-corpus_2273.jams
dataset/biab-internet-corpus_2274.jams
dataset/biab-internet-corpus_2275.jams
dataset/biab-internet-corpus_2276.jams
dataset/biab-internet-corpus_2277.jams
dataset/biab-internet-corpus_2278.jams
dataset/biab-internet-corpus_2279.jams
dataset/biab-internet-corpus_228.jams
dataset/biab-internet-corpus_2280.jams
dataset/biab-internet-corpus_2281.jams
dataset/biab-internet-corpus_2282.jams
dataset/biab-internet-corpus_2283.jams
dataset/biab-internet-corpus_2284.jams
dataset/biab-internet-corpus_2285.jams
dataset/biab-internet-corpus_2286.jams
dataset/biab-internet-corpus_2287.jams
dataset/biab-internet-corpus_2288.jams
dataset/biab-internet-corpus_2289.jams
dataset/biab-internet-corpus_229.jams
dataset/biab-internet-corpus_2290.jams
dataset/biab-internet-corpus_2291.jams
dataset/biab-internet-corpus_2292.jams
dataset/biab-internet-corpus_2293.jams
dataset/biab-internet-corpus_2294.jams
dataset/biab-internet-corpus_2295.jams
dataset/biab-internet-corpus_2296.jams
dataset/biab-internet-corpus_2297.jams
dataset/biab-internet-corpus_2298.jams
dataset/biab-internet-corpus_2299.jams
dataset/biab-internet-corpus_23.jams
dataset/biab-internet-corpus_230.jams
dataset/biab-internet-corpus_2300.jams
dataset/biab-internet-corpus_2301.jams
dataset/biab-internet-corpus_2302.jams
dataset/biab-internet-corpus_2303.jams
dataset/biab-internet-corpus_2304.jams
dataset/biab-internet-corpus_2305.jams
dataset/biab-internet-corpus_2306.jams
dataset/biab-internet-corpus_2307.jams
dataset/biab-internet-corpus_2308.jams
dataset/biab-internet-corpus_2309.jams
dataset/biab-internet-corpus_231.jams
dataset/biab-internet-corpus_2310.jams
dataset/biab-internet-corpus_2311.jams
dataset/biab-internet-corpus_2312.jams
dataset/biab-internet-corpus_2313.jams
dataset/biab-internet-corpus_2314.jams
dataset/biab-internet-corpus_2315.jams
dataset/biab-internet-corpus_2316.jams
dataset/biab-internet-corpus_2317.jams
dataset/biab-internet-corpus_2318.jams
dataset/biab-internet-corpus_2319.jams
dataset/biab-internet-corpus_232.jams
dataset/biab-internet-corpus_2320.jams
dataset/biab-internet-corpus_2321.jams
dataset/biab-internet-corpus_2322.jams
dataset/biab-internet-corpus_2323.jams
dataset/biab-internet-corpus_2324.jams
dataset/biab-internet-corpus_2325.jams
dataset/biab-internet-corpus_2326.jams
dataset/biab-internet-corpus_2327.jams
dataset/biab-internet-corpus_2328.jams
dataset/biab-internet-corpus_2329.jams
dataset/biab-internet-corpus_233.jams
dataset/biab-internet-corpus_2330.jams
dataset/biab-internet-corpus_2331.jams
dataset/biab-internet-corpus_2332.jams
dataset/biab-internet-corpus_2333.jams
dataset/biab-internet-corpus_2334.jams
dataset/biab-internet-corpus_2335.jams
dataset/biab-internet-corpus_2336.jams
dataset/biab-internet-corpus_2337.jams
dataset/biab-internet-corpus_2338.jams
dataset/biab-internet-corpus_2339.jams
dataset/biab-internet-corpus_234.jams
dataset/biab-internet-corpus_2340.jams
dataset/biab-internet-corpus_2341.jams
dataset/biab-internet-corpus_2342.jams
dataset/biab-internet-corpus_2343.jams
dataset/biab-internet-corpus_2344.jams
dataset/biab-internet-corpus_2345.jams
dataset/biab-internet-corpus_2346.jams
dataset/biab-internet-corpus_2347.jams
dataset/biab-internet-corpus_2348.jams
dataset/biab-internet-corpus_2349.jams
dataset/biab-internet-corpus_235.jams
dataset/biab-internet-corpus_2350.jams
dataset/biab-internet-corpus_2351.jams
dataset/biab-internet-corpus_2352.jams
dataset/biab-internet-corpus_2353.jams
dataset/biab-internet-corpus_2354.jams
dataset/biab-internet-corpus_2355.jams
dataset/biab-internet-corpus_2356.jams
dataset/biab-internet-corpus_2357.jams
dataset/biab-internet-corpus_2358.jams
dataset/biab-internet-corpus_2359.jams
dataset/biab-internet-corpus_236.jams
dataset/biab-internet-corpus_2360.jams
dataset/biab-internet-corpus_2361.jams
dataset/biab-internet-corpus_2362.jams
dataset/biab-internet-corpus_2363.jams
dataset/biab-internet-corpus_2364.jams
dataset/biab-internet-corpus_2365.jams
dataset/biab-internet-corpus_2366.jams
dataset/biab-internet-corpus_2367.jams
dataset/biab-internet-corpus_2368.jams
dataset/biab-internet-corpus_2369.jams
dataset/biab-internet-corpus_237.jams
dataset/biab-internet-corpus_2370.jams
dataset/biab-internet-corpus_2371.jams
dataset/biab-internet-corpus_2372.jams
dataset/biab-internet-corpus_2373.jams
dataset/biab-internet-corpus_2374.jams
dataset/biab-internet-corpus_2375.jams
dataset/biab-internet-corpus_2376.jams
dataset/biab-internet-corpus_2377.jams
dataset/biab-internet-corpus_2378.jams
dataset/biab-internet-corpus_2379.jams
dataset/biab-internet-corpus_238.jams
dataset/biab-internet-corpus_2380.jams
dataset/biab-internet-corpus_2381.jams
dataset/biab-internet-corpus_2382.jams
dataset/biab-internet-corpus_2383.jams
dataset/biab-internet-corpus_2384.jams
dataset/biab-internet-corpus_2385.jams
dataset/biab-internet-corpus_2386.jams
dataset/biab-internet-corpus_2387.jams
dataset/biab-internet-corpus_2388.jams
dataset/biab-internet-corpus_2389.jams
dataset/biab-internet-corpus_239.jams
dataset/biab-internet-corpus_2390.jams
dataset/biab-internet-corpus_2391.jams
dataset/biab-internet-corpus_2392.jams
dataset/biab-internet-corpus_2393.jams
dataset/biab-internet-corpus_2394.jams
dataset/biab-internet-corpus_2395.jams
dataset/biab-internet-corpus_2396.jams
dataset/biab-internet-corpus_2397.jams
dataset/biab-internet-corpus_2398.jams
dataset/biab-internet-corpus_2399.jams
dataset/biab-internet-corpus_24.jams
dataset/biab-internet-corpus_240.jams
dataset/biab-internet-corpus_2400.jams
dataset/biab-internet-corpus_2401.jams
dataset/biab-internet-corpus_2402.jams
dataset/biab-internet-corpus_2403.jams
dataset/biab-internet-corpus_2404.jams
dataset/biab-internet-corpus_2405.jams
dataset/biab-internet-corpus_2406.jams
dataset/biab-internet-corpus_2407.jams
dataset/biab-internet-corpus_2408.jams
dataset/biab-internet-corpus_2409.jams
dataset/biab-internet-corpus_241.jams
dataset/biab-internet-corpus_2410.jams
dataset/biab-internet-corpus_2411.jams
dataset/biab-internet-corpus_2412.jams
dataset/biab-internet-corpus_2413.jams
dataset/biab-internet-corpus_2414.jams
dataset/biab-internet-corpus_2415.jams
dataset/biab-internet-corpus_2416.jams
dataset/biab-internet-corpus_2417.jams
dataset/biab-internet-corpus_2418.jams
dataset/biab-internet-corpus_2419.jams
dataset/biab-internet-corpus_242.jams
dataset/biab-internet-corpus_2420.jams
dataset/biab-internet-corpus_2421.jams
dataset/biab-internet-corpus_2422.jams
dataset/biab-internet-corpus_2423.jams
dataset/biab-internet-corpus_2424.jams
dataset/biab-internet-corpus_2425.jams
dataset/biab-internet-corpus_2426.jams
dataset/biab-internet-corpus_2427.jams
dataset/biab-internet-corpus_2428.jams
dataset/biab-internet-corpus_2429.jams
dataset/biab-internet-corpus_243.jams
dataset/biab-internet-corpus_2430.jams
dataset/biab-internet-corpus_2431.jams
dataset/biab-internet-corpus_2432.jams
dataset/biab-internet-corpus_2433.jams
dataset/biab-internet-corpus_2434.jams
dataset/biab-internet-corpus_2435.jams
dataset/biab-internet-corpus_2436.jams
dataset/biab-internet-corpus_2437.jams
dataset/biab-internet-corpus_2438.jams
dataset/biab-internet-corpus_2439.jams
dataset/biab-internet-corpus_244.jams
dataset/biab-internet-corpus_2440.jams
dataset/biab-internet-corpus_2441.jams
dataset/biab-internet-corpus_2442.jams
dataset/biab-internet-corpus_2443.jams
dataset/biab-internet-corpus_2444.jams
dataset/biab-internet-corpus_2445.jams
dataset/biab-internet-corpus_2446.jams
dataset/biab-internet-corpus_2447.jams
dataset/biab-internet-corpus_2448.jams
dataset/biab-internet-corpus_2449.jams
dataset/biab-internet-corpus_245.jams
dataset/biab-internet-corpus_2450.jams
dataset/biab-internet-corpus_2451.jams
dataset/biab-internet-corpus_2452.jams
dataset/biab-internet-corpus_2453.jams
dataset/biab-internet-corpus_2454.jams
dataset/biab-internet-corpus_2455.jams
dataset/biab-internet-corpus_2456.jams
dataset/biab-internet-corpus_2457.jams
dataset/biab-internet-corpus_2458.jams
dataset/biab-internet-corpus_2459.jams
dataset/biab-internet-corpus_246.jams
dataset/biab-internet-corpus_2460.jams
dataset/biab-internet-corpus_2461.jams
dataset/biab-internet-corpus_2462.jams
dataset/biab-internet-corpus_2463.jams
dataset/biab-internet-corpus_2464.jams
dataset/biab-internet-corpus_2465.jams
dataset/biab-internet-corpus_2466.jams
dataset/biab-internet-corpus_2467.jams
dataset/biab-internet-corpus_2468.jams
dataset/biab-internet-corpus_2469.jams
dataset/biab-internet-corpus_247.jams
dataset/biab-internet-corpus_2470.jams
dataset/biab-internet-corpus_2471.jams
dataset/biab-internet-corpus_2472.jams
dataset/biab-internet-corpus_2473.jams
dataset/biab-internet-corpus_2474.jams
dataset/biab-internet-corpus_2475.jams
dataset/biab-internet-corpus_2476.jams
dataset/biab-internet-corpus_2477.jams
dataset/biab-internet-corpus_2478.jams
dataset/biab-internet-corpus_2479.jams
dataset/biab-internet-corpus_248.jams
dataset/biab-internet-corpus_2480.jams
dataset/biab-internet-corpus_2481.jams
dataset/biab-internet-corpus_2482.jams
dataset/biab-internet-corpus_2483.jams
dataset/biab-internet-corpus_2484.jams
dataset/biab-internet-corpus_2485.jams
dataset/biab-internet-corpus_2486.jams
dataset/biab-internet-corpus_2487.jams
dataset/biab-internet-corpus_2488.jams
dataset/biab-internet-corpus_2489.jams
dataset/biab-internet-corpus_249.jams
dataset/biab-internet-corpus_2490.jams
dataset/biab-internet-corpus_2491.jams
dataset/biab-internet-corpus_2492.jams
dataset/biab-internet-corpus_2493.jams
dataset/biab-internet-corpus_2494.jams
dataset/biab-internet-corpus_2495.jams
dataset/biab-internet-corpus_2496.jams
dataset/biab-internet-corpus_2497.jams
dataset/biab-internet-corpus_2498.jams
dataset/biab-internet-corpus_2499.jams
dataset/biab-internet-corpus_25.jams
dataset/biab-internet-corpus_250.jams
dataset/biab-internet-corpus_2500.jams
dataset/biab-internet-corpus_2501.jams
dataset/biab-internet-corpus_2502.jams
dataset/biab-internet-corpus_2503.jams
dataset/biab-internet-corpus_2504.jams
dataset/biab-internet-corpus_2505.jams
dataset/biab-internet-corpus_2506.jams
dataset/biab-internet-corpus_2507.jams
dataset/biab-internet-corpus_2508.jams
dataset/biab-internet-corpus_2509.jams
dataset/biab-internet-corpus_251.jams
dataset/biab-internet-corpus_2510.jams
dataset/biab-internet-corpus_2511.jams
dataset/biab-internet-corpus_2512.jams
dataset/biab-internet-corpus_2513.jams
dataset/biab-internet-corpus_2514.jams
dataset/biab-internet-corpus_2515.jams
dataset/biab-internet-corpus_2516.jams
dataset/biab-internet-corpus_2517.jams
dataset/biab-internet-corpus_2518.jams
dataset/biab-internet-corpus_2519.jams
dataset/biab-internet-corpus_252.jams
dataset/biab-internet-corpus_2520.jams
dataset/biab-internet-corpus_2521.jams
dataset/biab-internet-corpus_2522.jams
dataset/biab-internet-corpus_2523.jams
dataset/biab-internet-corpus_2524.jams
dataset/biab-internet-corpus_2525.jams
dataset/biab-internet-corpus_2526.jams
dataset/biab-internet-corpus_2527.jams
dataset/biab-internet-corpus_2528.jams
dataset/biab-internet-corpus_2529.jams
dataset/biab-internet-corpus_253.jams
dataset/biab-internet-corpus_2530.jams
dataset/biab-internet-corpus_2531.jams
dataset/biab-internet-corpus_2532.jams
dataset/biab-internet-corpus_2533.jams
dataset/biab-internet-corpus_2534.jams
dataset/biab-internet-corpus_2536.jams
dataset/biab-internet-corpus_2537.jams
dataset/biab-internet-corpus_2538.jams
dataset/biab-internet-corpus_2539.jams
dataset/biab-internet-corpus_254.jams
dataset/biab-internet-corpus_2540.jams
dataset/biab-internet-corpus_2541.jams
dataset/biab-internet-corpus_2542.jams
dataset/biab-internet-corpus_2543.jams
dataset/biab-internet-corpus_2544.jams
dataset/biab-internet-corpus_2545.jams
dataset/biab-internet-corpus_2546.jams
dataset/biab-internet-corpus_2547.jams
dataset/biab-internet-corpus_2548.jams
dataset/biab-internet-corpus_2549.jams
dataset/biab-internet-corpus_255.jams
dataset/biab-internet-corpus_2550.jams
dataset/biab-internet-corpus_2551.jams
dataset/biab-internet-corpus_2552.jams
dataset/biab-internet-corpus_2553.jams
dataset/biab-internet-corpus_2554.jams
dataset/biab-internet-corpus_2555.jams
dataset/biab-internet-corpus_2556.jams
dataset/biab-internet-corpus_2557.jams
dataset/biab-internet-corpus_2558.jams
dataset/biab-internet-corpus_2559.jams
dataset/biab-internet-corpus_256.jams
dataset/biab-internet-corpus_2560.jams
dataset/biab-internet-corpus_2561.jams
dataset/biab-internet-corpus_2562.jams
dataset/biab-internet-corpus_2563.jams
dataset/biab-internet-corpus_2564.jams
dataset/biab-internet-corpus_2565.jams
dataset/biab-internet-corpus_2566.jams
dataset/biab-internet-corpus_2567.jams
dataset/biab-internet-corpus_2568.jams
dataset/biab-internet-corpus_2569.jams
dataset/biab-internet-corpus_257.jams
dataset/biab-internet-corpus_2570.jams
dataset/biab-internet-corpus_2571.jams
dataset/biab-internet-corpus_2572.jams
dataset/biab-internet-corpus_2573.jams
dataset/biab-internet-corpus_2574.jams
dataset/biab-internet-corpus_2575.jams
dataset/biab-internet-corpus_2576.jams
dataset/biab-internet-corpus_2577.jams
dataset/biab-internet-corpus_2578.jams
dataset/biab-internet-corpus_2579.jams
dataset/biab-internet-corpus_258.jams
dataset/biab-internet-corpus_2580.jams
dataset/biab-internet-corpus_2581.jams
dataset/biab-internet-corpus_2582.jams
dataset/biab-internet-corpus_2583.jams
dataset/biab-internet-corpus_2584.jams
dataset/biab-internet-corpus_2585.jams
dataset/biab-internet-corpus_2586.jams
dataset/biab-internet-corpus_2587.jams
dataset/biab-internet-corpus_2588.jams
dataset/biab-internet-corpus_2589.jams
dataset/biab-internet-corpus_259.jams
dataset/biab-internet-corpus_2590.jams
dataset/biab-internet-corpus_2591.jams
dataset/biab-internet-corpus_2592.jams
dataset/biab-internet-corpus_2593.jams
dataset/biab-internet-corpus_2594.jams
dataset/biab-internet-corpus_2595.jams
dataset/biab-internet-corpus_2596.jams
dataset/biab-internet-corpus_2597.jams
dataset/biab-internet-corpus_2598.jams
dataset/biab-internet-corpus_2599.jams
dataset/biab-internet-corpus_26.jams
dataset/biab-internet-corpus_260.jams
dataset/biab-internet-corpus_2600.jams
dataset/biab-internet-corpus_2601.jams
dataset/biab-internet-corpus_2602.jams
dataset/biab-internet-corpus_2603.jams
dataset/biab-internet-corpus_2604.jams
dataset/biab-internet-corpus_2605.jams
dataset/biab-internet-corpus_2606.jams
dataset/biab-internet-corpus_2607.jams
dataset/biab-internet-corpus_2608.jams
dataset/biab-internet-corpus_2609.jams
dataset/biab-internet-corpus_261.jams
dataset/biab-internet-corpus_2610.jams
dataset/biab-internet-corpus_2611.jams
dataset/biab-internet-corpus_2612.jams
dataset/biab-internet-corpus_2613.jams
dataset/biab-internet-corpus_2614.jams
dataset/biab-internet-corpus_2615.jams
dataset/biab-internet-corpus_2616.jams
dataset/biab-internet-corpus_2617.jams
dataset/biab-internet-corpus_2618.jams
dataset/biab-internet-corpus_2619.jams
dataset/biab-internet-corpus_262.jams
dataset/biab-internet-corpus_2620.jams
dataset/biab-internet-corpus_2621.jams
dataset/biab-internet-corpus_2622.jams
dataset/biab-internet-corpus_2623.jams
dataset/biab-internet-corpus_2624.jams
dataset/biab-internet-corpus_2625.jams
dataset/biab-internet-corpus_2626.jams
dataset/biab-internet-corpus_2627.jams
dataset/biab-internet-corpus_2628.jams
dataset/biab-internet-corpus_2629.jams
dataset/biab-internet-corpus_263.jams
dataset/biab-internet-corpus_2630.jams
dataset/biab-internet-corpus_2631.jams
dataset/biab-internet-corpus_2632.jams
dataset/biab-internet-corpus_2633.jams
dataset/biab-internet-corpus_2634.jams
dataset/biab-internet-corpus_2635.jams
dataset/biab-internet-corpus_2636.jams
dataset/biab-internet-corpus_2637.jams
dataset/biab-internet-corpus_2638.jams
dataset/biab-internet-corpus_2639.jams
dataset/biab-internet-corpus_264.jams
dataset/biab-internet-corpus_2640.jams
dataset/biab-internet-corpus_2641.jams
dataset/biab-internet-corpus_2642.jams
dataset/biab-internet-corpus_2643.jams
dataset/biab-internet-corpus_2644.jams
dataset/biab-internet-corpus_2645.jams
dataset/biab-internet-corpus_2646.jams
dataset/biab-internet-corpus_2647.jams
dataset/biab-internet-corpus_2648.jams
dataset/biab-internet-corpus_2649.jams
dataset/biab-internet-corpus_265.jams
dataset/biab-internet-corpus_2650.jams
dataset/biab-internet-corpus_2651.jams
dataset/biab-internet-corpus_2652.jams
dataset/biab-internet-corpus_2653.jams
dataset/biab-internet-corpus_2654.jams
dataset/biab-internet-corpus_2655.jams
dataset/biab-internet-corpus_2656.jams
dataset/biab-internet-corpus_2657.jams
dataset/biab-internet-corpus_2658.jams
dataset/biab-internet-corpus_2659.jams
dataset/biab-internet-corpus_266.jams
dataset/biab-internet-corpus_2660.jams
dataset/biab-internet-corpus_2661.jams
dataset/biab-internet-corpus_2662.jams
dataset/biab-internet-corpus_2663.jams
dataset/biab-internet-corpus_2664.jams
dataset/biab-internet-corpus_2665.jams
dataset/biab-internet-corpus_2666.jams
dataset/biab-internet-corpus_2667.jams
dataset/biab-internet-corpus_2668.jams
dataset/biab-internet-corpus_2669.jams
dataset/biab-internet-corpus_267.jams
dataset/biab-internet-corpus_2670.jams
dataset/biab-internet-corpus_2671.jams
dataset/biab-internet-corpus_2672.jams
dataset/biab-internet-corpus_2673.jams
dataset/biab-internet-corpus_2674.jams
dataset/biab-internet-corpus_2675.jams
dataset/biab-internet-corpus_2676.jams
dataset/biab-internet-corpus_2677.jams
dataset/biab-internet-corpus_2678.jams
dataset/biab-internet-corpus_2679.jams
dataset/biab-internet-corpus_268.jams
dataset/biab-internet-corpus_2680.jams
dataset/biab-internet-corpus_2681.jams
dataset/biab-internet-corpus_2682.jams
dataset/biab-internet-corpus_2683.jams
dataset/biab-internet-corpus_2684.jams
dataset/biab-internet-corpus_2685.jams
dataset/biab-internet-corpus_2686.jams
dataset/biab-internet-corpus_2687.jams
dataset/biab-internet-corpus_2688.jams
dataset/biab-internet-corpus_2689.jams
dataset/biab-internet-corpus_269.jams
dataset/biab-internet-corpus_2690.jams
dataset/biab-internet-corpus_2691.jams
dataset/biab-internet-corpus_2692.jams
dataset/biab-internet-corpus_2693.jams
dataset/biab-internet-corpus_2694.jams
dataset/biab-internet-corpus_2695.jams
dataset/biab-internet-corpus_2696.jams
dataset/biab-internet-corpus_2697.jams
dataset/biab-internet-corpus_2698.jams
dataset/biab-internet-corpus_2699.jams
dataset/biab-internet-corpus_27.jams
dataset/biab-internet-corpus_270.jams
dataset/biab-internet-corpus_2700.jams
dataset/biab-internet-corpus_2701.jams
dataset/biab-internet-corpus_2702.jams
dataset/biab-internet-corpus_2703.jams
dataset/biab-internet-corpus_2704.jams
dataset/biab-internet-corpus_2705.jams
dataset/biab-internet-corpus_2706.jams
dataset/biab-internet-corpus_2707.jams
dataset/biab-internet-corpus_2708.jams
dataset/biab-internet-corpus_2709.jams
dataset/biab-internet-corpus_271.jams
dataset/biab-internet-corpus_2710.jams
dataset/biab-internet-corpus_2711.jams
dataset/biab-internet-corpus_2712.jams
dataset/biab-internet-corpus_2713.jams
dataset/biab-internet-corpus_2714.jams
dataset/biab-internet-corpus_2715.jams
dataset/biab-internet-corpus_2716.jams
dataset/biab-internet-corpus_2717.jams
dataset/biab-internet-corpus_2718.jams
dataset/biab-internet-corpus_2719.jams
dataset/biab-internet-corpus_272.jams
dataset/biab-internet-corpus_2720.jams
dataset/biab-internet-corpus_2721.jams
dataset/biab-internet-corpus_2722.jams
dataset/biab-internet-corpus_2723.jams
dataset/biab-internet-corpus_2724.jams
dataset/biab-internet-corpus_2725.jams
dataset/biab-internet-corpus_2726.jams
dataset/biab-internet-corpus_2727.jams
dataset/biab-internet-corpus_2728.jams
dataset/biab-internet-corpus_2729.jams
dataset/biab-internet-corpus_273.jams
dataset/biab-internet-corpus_2730.jams
dataset/biab-internet-corpus_2731.jams
dataset/biab-internet-corpus_2732.jams
dataset/biab-internet-corpus_2733.jams
dataset/biab-internet-corpus_2734.jams
dataset/biab-internet-corpus_2735.jams
dataset/biab-internet-corpus_2736.jams
dataset/biab-internet-corpus_2737.jams
dataset/biab-internet-corpus_2738.jams
dataset/biab-internet-corpus_2739.jams
dataset/biab-internet-corpus_274.jams
dataset/biab-internet-corpus_2740.jams
dataset/biab-internet-corpus_2741.jams
dataset/biab-internet-corpus_2742.jams
dataset/biab-internet-corpus_2743.jams
dataset/biab-internet-corpus_2744.jams
dataset/biab-internet-corpus_2745.jams
dataset/biab-internet-corpus_2746.jams
dataset/biab-internet-corpus_2747.jams
dataset/biab-internet-corpus_2748.jams
dataset/biab-internet-corpus_2749.jams
dataset/biab-internet-corpus_275.jams
dataset/biab-internet-corpus_2750.jams
dataset/biab-internet-corpus_2751.jams
dataset/biab-internet-corpus_2752.jams
dataset/biab-internet-corpus_2753.jams
dataset/biab-internet-corpus_2754.jams
dataset/biab-internet-corpus_2755.jams
dataset/biab-internet-corpus_2756.jams
dataset/biab-internet-corpus_2757.jams
dataset/biab-internet-corpus_2758.jams
dataset/biab-internet-corpus_2759.jams
dataset/biab-internet-corpus_276.jams
dataset/biab-internet-corpus_2760.jams
dataset/biab-internet-corpus_2761.jams
dataset/biab-internet-corpus_2762.jams
dataset/biab-internet-corpus_2763.jams
dataset/biab-internet-corpus_2764.jams
dataset/biab-internet-corpus_2765.jams
dataset/biab-internet-corpus_2766.jams
dataset/biab-internet-corpus_2767.jams
dataset/biab-internet-corpus_2768.jams
dataset/biab-internet-corpus_2769.jams
dataset/biab-internet-corpus_277.jams
dataset/biab-internet-corpus_2770.jams
dataset/biab-internet-corpus_2771.jams
dataset/biab-internet-corpus_2772.jams
dataset/biab-internet-corpus_2773.jams
dataset/biab-internet-corpus_2774.jams
dataset/biab-internet-corpus_2775.jams
dataset/biab-internet-corpus_2776.jams
dataset/biab-internet-corpus_2777.jams
dataset/biab-internet-corpus_2778.jams
dataset/biab-internet-corpus_2779.jams
dataset/biab-internet-corpus_278.jams
dataset/biab-internet-corpus_2780.jams
dataset/biab-internet-corpus_2781.jams
dataset/biab-internet-corpus_2782.jams
dataset/biab-internet-corpus_2783.jams
dataset/biab-internet-corpus_2784.jams
dataset/biab-internet-corpus_2785.jams
dataset/biab-internet-corpus_2786.jams
dataset/biab-internet-corpus_2787.jams
dataset/biab-internet-corpus_2788.jams
dataset/biab-internet-corpus_2789.jams
dataset/biab-internet-corpus_279.jams
dataset/biab-internet-corpus_2790.jams
dataset/biab-internet-corpus_2791.jams
dataset/biab-internet-corpus_2792.jams
dataset/biab-internet-corpus_2793.jams
dataset/biab-internet-corpus_2794.jams
dataset/biab-internet-corpus_2795.jams
dataset/biab-internet-corpus_2796.jams
dataset/biab-internet-corpus_2797.jams
dataset/biab-internet-corpus_2798.jams
dataset/biab-internet-corpus_28.jams
dataset/biab-internet-corpus_280.jams
dataset/biab-internet-corpus_2800.jams
dataset/biab-internet-corpus_2801.jams
dataset/biab-internet-corpus_2802.jams
dataset/biab-internet-corpus_2803.jams
dataset/biab-internet-corpus_2804.jams
dataset/biab-internet-corpus_2805.jams
dataset/biab-internet-corpus_2806.jams
dataset/biab-internet-corpus_2807.jams
dataset/biab-internet-corpus_2808.jams
dataset/biab-internet-corpus_2809.jams
dataset/biab-internet-corpus_281.jams
dataset/biab-internet-corpus_2810.jams
dataset/biab-internet-corpus_2811.jams
dataset/biab-internet-corpus_2812.jams
dataset/biab-internet-corpus_2813.jams
dataset/biab-internet-corpus_2814.jams
dataset/biab-internet-corpus_2815.jams
dataset/biab-internet-corpus_2816.jams
dataset/biab-internet-corpus_2817.jams
dataset/biab-internet-corpus_2818.jams
dataset/biab-internet-corpus_2819.jams
dataset/biab-internet-corpus_282.jams
dataset/biab-internet-corpus_2820.jams
dataset/biab-internet-corpus_2821.jams
dataset/biab-internet-corpus_2822.jams
dataset/biab-internet-corpus_2823.jams
dataset/biab-internet-corpus_2824.jams
dataset/biab-internet-corpus_2825.jams
dataset/biab-internet-corpus_2826.jams
dataset/biab-internet-corpus_2827.jams
dataset/biab-internet-corpus_2828.jams
dataset/biab-internet-corpus_2829.jams
dataset/biab-internet-corpus_283.jams
dataset/biab-internet-corpus_2830.jams
dataset/biab-internet-corpus_2831.jams
dataset/biab-internet-corpus_2832.jams
dataset/biab-internet-corpus_2833.jams
dataset/biab-internet-corpus_2834.jams
dataset/biab-internet-corpus_2835.jams
dataset/biab-internet-corpus_2836.jams
dataset/biab-internet-corpus_2837.jams
dataset/biab-internet-corpus_2838.jams
dataset/biab-internet-corpus_2839.jams
dataset/biab-internet-corpus_284.jams
dataset/biab-internet-corpus_2840.jams
dataset/biab-internet-corpus_2841.jams
dataset/biab-internet-corpus_2842.jams
dataset/biab-internet-corpus_2843.jams
dataset/biab-internet-corpus_2844.jams
dataset/biab-internet-corpus_2845.jams
dataset/biab-internet-corpus_2846.jams
dataset/biab-internet-corpus_2847.jams
dataset/biab-internet-corpus_2848.jams
dataset/biab-internet-corpus_2849.jams
dataset/biab-internet-corpus_285.jams
dataset/biab-internet-corpus_2850.jams
dataset/biab-internet-corpus_2851.jams
dataset/biab-internet-corpus_2852.jams
dataset/biab-internet-corpus_2853.jams
dataset/biab-internet-corpus_2854.jams
dataset/biab-internet-corpus_2855.jams
dataset/biab-internet-corpus_2856.jams
dataset/biab-internet-corpus_2857.jams
dataset/biab-internet-corpus_2858.jams
dataset/biab-internet-corpus_2859.jams
dataset/biab-internet-corpus_286.jams
dataset/biab-internet-corpus_2860.jams
dataset/biab-internet-corpus_2861.jams
dataset/biab-internet-corpus_2862.jams
dataset/biab-internet-corpus_2863.jams
dataset/biab-internet-corpus_2864.jams
dataset/biab-internet-corpus_2865.jams
dataset/biab-internet-corpus_2866.jams
dataset/biab-internet-corpus_2867.jams
dataset/biab-internet-corpus_2868.jams
dataset/biab-internet-corpus_2869.jams
dataset/biab-internet-corpus_287.jams
dataset/biab-internet-corpus_2870.jams
dataset/biab-internet-corpus_2871.jams
dataset/biab-internet-corpus_2872.jams
dataset/biab-internet-corpus_2873.jams
dataset/biab-internet-corpus_2874.jams
dataset/biab-internet-corpus_2875.jams
dataset/biab-internet-corpus_2876.jams
dataset/biab-internet-corpus_2877.jams
dataset/biab-internet-corpus_2878.jams
dataset/biab-internet-corpus_2879.jams
dataset/biab-internet-corpus_288.jams
dataset/biab-internet-corpus_2880.jams
dataset/biab-internet-corpus_2881.jams
dataset/biab-internet-corpus_2882.jams
dataset/biab-internet-corpus_2883.jams
dataset/biab-internet-corpus_2884.jams
dataset/biab-internet-corpus_2885.jams
dataset/biab-internet-corpus_2886.jams
dataset/biab-internet-corpus_2887.jams
dataset/biab-internet-corpus_2888.jams
dataset/biab-internet-corpus_2889.jams
dataset/biab-internet-corpus_289.jams
dataset/biab-internet-corpus_2890.jams
dataset/biab-internet-corpus_2891.jams
dataset/biab-internet-corpus_2892.jams
dataset/biab-internet-corpus_2893.jams
dataset/biab-internet-corpus_2894.jams
dataset/biab-internet-corpus_2895.jams
dataset/biab-internet-corpus_2896.jams
dataset/biab-internet-corpus_2897.jams
dataset/biab-internet-corpus_2898.jams
dataset/biab-internet-corpus_2899.jams
dataset/biab-internet-corpus_29.jams
dataset/biab-internet-corpus_290.jams
dataset/biab-internet-corpus_2900.jams
dataset/biab-internet-corpus_2901.jams
dataset/biab-internet-corpus_2902.jams
dataset/biab-internet-corpus_2903.jams
dataset/biab-internet-corpus_2904.jams
dataset/biab-internet-corpus_2905.jams
dataset/biab-internet-corpus_2906.jams
dataset/biab-internet-corpus_2907.jams
dataset/biab-internet-corpus_2908.jams
dataset/biab-internet-corpus_2909.jams
dataset/biab-internet-corpus_291.jams
dataset/biab-internet-corpus_2910.jams
dataset/biab-internet-corpus_2911.jams
dataset/biab-internet-corpus_2912.jams
dataset/biab-internet-corpus_2913.jams
dataset/biab-internet-corpus_2914.jams
dataset/biab-internet-corpus_2915.jams
dataset/biab-internet-corpus_2916.jams
dataset/biab-internet-corpus_2917.jams
dataset/biab-internet-corpus_2918.jams
dataset/biab-internet-corpus_2919.jams
dataset/biab-internet-corpus_292.jams
dataset/biab-internet-corpus_2920.jams
dataset/biab-internet-corpus_2921.jams
dataset/biab-internet-corpus_2922.jams
dataset/biab-internet-corpus_2923.jams
dataset/biab-internet-corpus_2924.jams
dataset/biab-internet-corpus_2925.jams
dataset/biab-internet-corpus_2926.jams
dataset/biab-internet-corpus_2927.jams
dataset/biab-internet-corpus_2928.jams
dataset/biab-internet-corpus_2929.jams
dataset/biab-internet-corpus_293.jams
dataset/biab-internet-corpus_2930.jams
dataset/biab-internet-corpus_2931.jams
dataset/biab-internet-corpus_2932.jams
dataset/biab-internet-corpus_2933.jams
dataset/biab-internet-corpus_2934.jams
dataset/biab-internet-corpus_2935.jams
dataset/biab-internet-corpus_2936.jams
dataset/biab-internet-corpus_2937.jams
dataset/biab-internet-corpus_2938.jams
dataset/biab-internet-corpus_2939.jams
dataset/biab-internet-corpus_294.jams
dataset/biab-internet-corpus_2940.jams
dataset/biab-internet-corpus_2941.jams
dataset/biab-internet-corpus_2942.jams
dataset/biab-internet-corpus_2943.jams
dataset/biab-internet-corpus_2944.jams
dataset/biab-internet-corpus_2945.jams
dataset/biab-internet-corpus_2946.jams
dataset/biab-internet-corpus_2947.jams
dataset/biab-internet-corpus_2948.jams
dataset/biab-internet-corpus_2949.jams
dataset/biab-internet-corpus_295.jams
dataset/biab-internet-corpus_2950.jams
dataset/biab-internet-corpus_2951.jams
dataset/biab-internet-corpus_2952.jams
dataset/biab-internet-corpus_2953.jams
dataset/biab-internet-corpus_2954.jams
dataset/biab-internet-corpus_2955.jams
dataset/biab-internet-corpus_2956.jams
dataset/biab-internet-corpus_2957.jams
dataset/biab-internet-corpus_2958.jams
dataset/biab-internet-corpus_2959.jams
dataset/biab-internet-corpus_296.jams
dataset/biab-internet-corpus_2960.jams
dataset/biab-internet-corpus_2961.jams
dataset/biab-internet-corpus_2962.jams
dataset/biab-internet-corpus_2963.jams
dataset/biab-internet-corpus_2964.jams
dataset/biab-internet-corpus_2965.jams
dataset/biab-internet-corpus_2966.jams
dataset/biab-internet-corpus_2967.jams
dataset/biab-internet-corpus_2968.jams
dataset/biab-internet-corpus_2969.jams
dataset/biab-internet-corpus_297.jams
dataset/biab-internet-corpus_2970.jams
dataset/biab-internet-corpus_2971.jams
dataset/biab-internet-corpus_2972.jams
dataset/biab-internet-corpus_2973.jams
dataset/biab-internet-corpus_2974.jams
dataset/biab-internet-corpus_2975.jams
dataset/biab-internet-corpus_2976.jams
dataset/biab-internet-corpus_2977.jams
dataset/biab-internet-corpus_2978.jams
dataset/biab-internet-corpus_2979.jams
dataset/biab-internet-corpus_298.jams
dataset/biab-internet-corpus_2980.jams
dataset/biab-internet-corpus_2981.jams
dataset/biab-internet-corpus_2982.jams
dataset/biab-internet-corpus_2983.jams
dataset/biab-internet-corpus_2984.jams
dataset/biab-internet-corpus_2985.jams
dataset/biab-internet-corpus_2986.jams
dataset/biab-internet-corpus_2987.jams
dataset/biab-internet-corpus_2988.jams
dataset/biab-internet-corpus_2989.jams
dataset/biab-internet-corpus_299.jams
dataset/biab-internet-corpus_2990.jams
dataset/biab-internet-corpus_2991.jams
dataset/biab-internet-corpus_2992.jams
dataset/biab-internet-corpus_2993.jams
dataset/biab-internet-corpus_2994.jams
dataset/biab-internet-corpus_2995.jams
dataset/biab-internet-corpus_2996.jams
dataset/biab-internet-corpus_2997.jams
dataset/biab-internet-corpus_2998.jams
dataset/biab-internet-corpus_2999.jams
dataset/biab-internet-corpus_3.jams
dataset/biab-internet-corpus_30.jams
dataset/biab-internet-corpus_300.jams
dataset/biab-internet-corpus_3000.jams
dataset/biab-internet-corpus_3001.jams
dataset/biab-internet-corpus_3002.jams
dataset/biab-internet-corpus_3003.jams
dataset/biab-internet-corpus_3004.jams
dataset/biab-internet-corpus_3005.jams
dataset/biab-internet-corpus_3006.jams
dataset/biab-internet-corpus_3007.jams
dataset/biab-internet-corpus_3008.jams
dataset/biab-internet-corpus_3009.jams
dataset/biab-internet-corpus_301.jams
dataset/biab-internet-corpus_3010.jams
dataset/biab-internet-corpus_3011.jams
dataset/biab-internet-corpus_3012.jams
dataset/biab-internet-corpus_3013.jams
dataset/biab-internet-corpus_3014.jams
dataset/biab-internet-corpus_3016.jams
dataset/biab-internet-corpus_3017.jams
dataset/biab-internet-corpus_3018.jams
dataset/biab-internet-corpus_3019.jams
dataset/biab-internet-corpus_302.jams
dataset/biab-internet-corpus_3020.jams
dataset/biab-internet-corpus_3021.jams
dataset/biab-internet-corpus_3022.jams
dataset/biab-internet-corpus_3023.jams
dataset/biab-internet-corpus_3024.jams
dataset/biab-internet-corpus_3025.jams
dataset/biab-internet-corpus_3026.jams
dataset/biab-internet-corpus_3027.jams
dataset/biab-internet-corpus_3028.jams
dataset/biab-internet-corpus_303.jams
dataset/biab-internet-corpus_3030.jams
dataset/biab-internet-corpus_3031.jams
dataset/biab-internet-corpus_3032.jams
dataset/biab-internet-corpus_3033.jams
dataset/biab-internet-corpus_3034.jams
dataset/biab-internet-corpus_3035.jams
dataset/biab-internet-corpus_3036.jams
dataset/biab-internet-corpus_3037.jams
dataset/biab-internet-corpus_3038.jams
dataset/biab-internet-corpus_3039.jams
dataset/biab-internet-corpus_304.jams
dataset/biab-internet-corpus_3040.jams
dataset/biab-internet-corpus_3041.jams
dataset/biab-internet-corpus_3042.jams
dataset/biab-internet-corpus_3043.jams
dataset/biab-internet-corpus_3044.jams
dataset/biab-internet-corpus_3045.jams
dataset/biab-internet-corpus_3046.jams
dataset/biab-internet-corpus_3047.jams
dataset/biab-internet-corpus_3048.jams
dataset/biab-internet-corpus_3049.jams
dataset/biab-internet-corpus_305.jams
dataset/biab-internet-corpus_3050.jams
dataset/biab-internet-corpus_3051.jams
dataset/biab-internet-corpus_3052.jams
dataset/biab-internet-corpus_3053.jams
dataset/biab-internet-corpus_3054.jams
dataset/biab-internet-corpus_3055.jams
dataset/biab-internet-corpus_3056.jams
dataset/biab-internet-corpus_3057.jams
dataset/biab-internet-corpus_3058.jams
dataset/biab-internet-corpus_3059.jams
dataset/biab-internet-corpus_306.jams
dataset/biab-internet-corpus_3060.jams
dataset/biab-internet-corpus_3061.jams
dataset/biab-internet-corpus_3062.jams
dataset/biab-internet-corpus_3063.jams
dataset/biab-internet-corpus_3064.jams
dataset/biab-internet-corpus_3065.jams
dataset/biab-internet-corpus_3066.jams
dataset/biab-internet-corpus_3067.jams
dataset/biab-internet-corpus_3068.jams
dataset/biab-internet-corpus_3069.jams
dataset/biab-internet-corpus_307.jams
dataset/biab-internet-corpus_3070.jams
dataset/biab-internet-corpus_3071.jams
dataset/biab-internet-corpus_3072.jams
dataset/biab-internet-corpus_3073.jams
dataset/biab-internet-corpus_3074.jams
dataset/biab-internet-corpus_3075.jams
dataset/biab-internet-corpus_3076.jams
dataset/biab-internet-corpus_3077.jams
dataset/biab-internet-corpus_3078.jams
dataset/biab-internet-corpus_3079.jams
dataset/biab-internet-corpus_308.jams
dataset/biab-internet-corpus_3080.jams
dataset/biab-internet-corpus_3081.jams
dataset/biab-internet-corpus_3082.jams
dataset/biab-internet-corpus_3083.jams
dataset/biab-internet-corpus_3084.jams
dataset/biab-internet-corpus_3085.jams
dataset/biab-internet-corpus_3086.jams
dataset/biab-internet-corpus_3087.jams
dataset/biab-internet-corpus_3088.jams
dataset/biab-internet-corpus_3089.jams
dataset/biab-internet-corpus_309.jams
dataset/biab-internet-corpus_3091.jams
dataset/biab-internet-corpus_3092.jams
dataset/biab-internet-corpus_3093.jams
dataset/biab-internet-corpus_3094.jams
dataset/biab-internet-corpus_3095.jams
dataset/biab-internet-corpus_3096.jams
dataset/biab-internet-corpus_3097.jams
dataset/biab-internet-corpus_3098.jams
dataset/biab-internet-corpus_3099.jams
dataset/biab-internet-corpus_31.jams
dataset/biab-internet-corpus_310.jams
dataset/biab-internet-corpus_3100.jams
dataset/biab-internet-corpus_3101.jams
dataset/biab-internet-corpus_3102.jams
dataset/biab-internet-corpus_3103.jams
dataset/biab-internet-corpus_3104.jams
dataset/biab-internet-corpus_3105.jams
dataset/biab-internet-corpus_3106.jams
dataset/biab-internet-corpus_3107.jams
dataset/biab-internet-corpus_3108.jams
dataset/biab-internet-corpus_3109.jams
dataset/biab-internet-corpus_311.jams
dataset/biab-internet-corpus_3110.jams
dataset/biab-internet-corpus_3111.jams
dataset/biab-internet-corpus_3112.jams
dataset/biab-internet-corpus_3113.jams
dataset/biab-internet-corpus_3114.jams
dataset/biab-internet-corpus_3115.jams
dataset/biab-internet-corpus_3116.jams
dataset/biab-internet-corpus_3117.jams
dataset/biab-internet-corpus_3118.jams
dataset/biab-internet-corpus_3119.jams
dataset/biab-internet-corpus_312.jams
dataset/biab-internet-corpus_3120.jams
dataset/biab-internet-corpus_3121.jams
dataset/biab-internet-corpus_3122.jams
dataset/biab-internet-corpus_3123.jams
dataset/biab-internet-corpus_3124.jams
dataset/biab-internet-corpus_3125.jams
dataset/biab-internet-corpus_3126.jams
dataset/biab-internet-corpus_3127.jams
dataset/biab-internet-corpus_3128.jams
dataset/biab-internet-corpus_3129.jams
dataset/biab-internet-corpus_313.jams
dataset/biab-internet-corpus_3130.jams
dataset/biab-internet-corpus_3131.jams
dataset/biab-internet-corpus_3132.jams
dataset/biab-internet-corpus_3133.jams
dataset/biab-internet-corpus_3134.jams
dataset/biab-internet-corpus_3135.jams
dataset/biab-internet-corpus_3136.jams
dataset/biab-internet-corpus_3137.jams
dataset/biab-internet-corpus_3138.jams
dataset/biab-internet-corpus_3139.jams
dataset/biab-internet-corpus_314.jams
dataset/biab-internet-corpus_3140.jams
dataset/biab-internet-corpus_3141.jams
dataset/biab-internet-corpus_3142.jams
dataset/biab-internet-corpus_3143.jams
dataset/biab-internet-corpus_3144.jams
dataset/biab-internet-corpus_3145.jams
dataset/biab-internet-corpus_3146.jams
dataset/biab-internet-corpus_3147.jams
dataset/biab-internet-corpus_3148.jams
dataset/biab-internet-corpus_3149.jams
dataset/biab-internet-corpus_315.jams
dataset/biab-internet-corpus_3150.jams
dataset/biab-internet-corpus_3151.jams
dataset/biab-internet-corpus_3152.jams
dataset/biab-internet-corpus_3153.jams
dataset/biab-internet-corpus_3154.jams
dataset/biab-internet-corpus_3155.jams
dataset/biab-internet-corpus_3156.jams
dataset/biab-internet-corpus_3157.jams
dataset/biab-internet-corpus_3158.jams
dataset/biab-internet-corpus_3159.jams
dataset/biab-internet-corpus_316.jams
dataset/biab-internet-corpus_3160.jams
dataset/biab-internet-corpus_3161.jams
dataset/biab-internet-corpus_3162.jams
dataset/biab-internet-corpus_3163.jams
dataset/biab-internet-corpus_3164.jams
dataset/biab-internet-corpus_3165.jams
dataset/biab-internet-corpus_3166.jams
dataset/biab-internet-corpus_3167.jams
dataset/biab-internet-corpus_3168.jams
dataset/biab-internet-corpus_3169.jams
dataset/biab-internet-corpus_317.jams
dataset/biab-internet-corpus_3170.jams
dataset/biab-internet-corpus_3171.jams
dataset/biab-internet-corpus_3172.jams
dataset/biab-internet-corpus_3173.jams
dataset/biab-internet-corpus_3174.jams
dataset/biab-internet-corpus_3175.jams
dataset/biab-internet-corpus_3176.jams
dataset/biab-internet-corpus_3177.jams
dataset/biab-internet-corpus_3178.jams
dataset/biab-internet-corpus_3179.jams
dataset/biab-internet-corpus_318.jams
dataset/biab-internet-corpus_3180.jams
dataset/biab-internet-corpus_3181.jams
dataset/biab-internet-corpus_3182.jams
dataset/biab-internet-corpus_3183.jams
dataset/biab-internet-corpus_3184.jams
dataset/biab-internet-corpus_3185.jams
dataset/biab-internet-corpus_3186.jams
dataset/biab-internet-corpus_3187.jams
dataset/biab-internet-corpus_3188.jams
dataset/biab-internet-corpus_3189.jams
dataset/biab-internet-corpus_319.jams
dataset/biab-internet-corpus_3190.jams
dataset/biab-internet-corpus_3191.jams
dataset/biab-internet-corpus_3192.jams
dataset/biab-internet-corpus_3193.jams
dataset/biab-internet-corpus_3194.jams
dataset/biab-internet-corpus_3195.jams
dataset/biab-internet-corpus_3196.jams
dataset/biab-internet-corpus_3197.jams
dataset/biab-internet-corpus_3198.jams
dataset/biab-internet-corpus_3199.jams
dataset/biab-internet-corpus_32.jams
dataset/biab-internet-corpus_320.jams
dataset/biab-internet-corpus_3200.jams
dataset/biab-internet-corpus_3201.jams
dataset/biab-internet-corpus_3202.jams
dataset/biab-internet-corpus_3203.jams
dataset/biab-internet-corpus_3204.jams
dataset/biab-internet-corpus_3205.jams
dataset/biab-internet-corpus_3206.jams
dataset/biab-internet-corpus_3207.jams
dataset/biab-internet-corpus_3208.jams
dataset/biab-internet-corpus_3209.jams
dataset/biab-internet-corpus_321.jams
dataset/biab-internet-corpus_3210.jams
dataset/biab-internet-corpus_3211.jams
dataset/biab-internet-corpus_3212.jams
dataset/biab-internet-corpus_3213.jams
dataset/biab-internet-corpus_3214.jams
dataset/biab-internet-corpus_3215.jams
dataset/biab-internet-corpus_3216.jams
dataset/biab-internet-corpus_3217.jams
dataset/biab-internet-corpus_3218.jams
dataset/biab-internet-corpus_3219.jams
dataset/biab-internet-corpus_322.jams
dataset/biab-internet-corpus_3220.jams
dataset/biab-internet-corpus_3221.jams
dataset/biab-internet-corpus_3222.jams
dataset/biab-internet-corpus_3223.jams
dataset/biab-internet-corpus_3224.jams
dataset/biab-internet-corpus_3225.jams
dataset/biab-internet-corpus_3226.jams
dataset/biab-internet-corpus_3227.jams
dataset/biab-internet-corpus_3228.jams
dataset/biab-internet-corpus_3229.jams
dataset/biab-internet-corpus_323.jams
dataset/biab-internet-corpus_3230.jams
dataset/biab-internet-corpus_3231.jams
dataset/biab-internet-corpus_3232.jams
dataset/biab-internet-corpus_3233.jams
dataset/biab-internet-corpus_3234.jams
dataset/biab-internet-corpus_3235.jams
dataset/biab-internet-corpus_3236.jams
dataset/biab-internet-corpus_3237.jams
dataset/biab-internet-corpus_3238.jams
dataset/biab-internet-corpus_3239.jams
dataset/biab-internet-corpus_324.jams
dataset/biab-internet-corpus_3240.jams
dataset/biab-internet-corpus_3241.jams
dataset/biab-internet-corpus_3242.jams
dataset/biab-internet-corpus_3243.jams
dataset/biab-internet-corpus_3244.jams
dataset/biab-internet-corpus_3245.jams
dataset/biab-internet-corpus_3246.jams
dataset/biab-internet-corpus_3247.jams
dataset/biab-internet-corpus_3248.jams
dataset/biab-internet-corpus_3249.jams
dataset/biab-internet-corpus_325.jams
dataset/biab-internet-corpus_3250.jams
dataset/biab-internet-corpus_3251.jams
dataset/biab-internet-corpus_3252.jams
dataset/biab-internet-corpus_3253.jams
dataset/biab-internet-corpus_3254.jams
dataset/biab-internet-corpus_3255.jams
dataset/biab-internet-corpus_3256.jams
dataset/biab-internet-corpus_3257.jams
dataset/biab-internet-corpus_3258.jams
dataset/biab-internet-corpus_3259.jams
dataset/biab-internet-corpus_326.jams
dataset/biab-internet-corpus_3260.jams
dataset/biab-internet-corpus_3261.jams
dataset/biab-internet-corpus_3262.jams
dataset/biab-internet-corpus_3263.jams
dataset/biab-internet-corpus_3264.jams
dataset/biab-internet-corpus_3265.jams
dataset/biab-internet-corpus_3266.jams
dataset/biab-internet-corpus_3267.jams
dataset/biab-internet-corpus_3268.jams
dataset/biab-internet-corpus_3269.jams
dataset/biab-internet-corpus_327.jams
dataset/biab-internet-corpus_3270.jams
dataset/biab-internet-corpus_3271.jams
dataset/biab-internet-corpus_3272.jams
dataset/biab-internet-corpus_3273.jams
dataset/biab-internet-corpus_3274.jams
dataset/biab-internet-corpus_3275.jams
dataset/biab-internet-corpus_3276.jams
dataset/biab-internet-corpus_3277.jams
dataset/biab-internet-corpus_3278.jams
dataset/biab-internet-corpus_3279.jams
dataset/biab-internet-corpus_328.jams
dataset/biab-internet-corpus_3280.jams
dataset/biab-internet-corpus_3281.jams
dataset/biab-internet-corpus_3282.jams
dataset/biab-internet-corpus_3283.jams
dataset/biab-internet-corpus_3284.jams
dataset/biab-internet-corpus_3285.jams
dataset/biab-internet-corpus_3286.jams
dataset/biab-internet-corpus_3287.jams
dataset/biab-internet-corpus_3288.jams
dataset/biab-internet-corpus_3289.jams
dataset/biab-internet-corpus_329.jams
dataset/biab-internet-corpus_3290.jams
dataset/biab-internet-corpus_3291.jams
dataset/biab-internet-corpus_3292.jams
dataset/biab-internet-corpus_3293.jams
dataset/biab-internet-corpus_3294.jams
dataset/biab-internet-corpus_3295.jams
dataset/biab-internet-corpus_3296.jams
dataset/biab-internet-corpus_3297.jams
dataset/biab-internet-corpus_3298.jams
dataset/biab-internet-corpus_3299.jams
dataset/biab-internet-corpus_33.jams
dataset/biab-internet-corpus_330.jams
dataset/biab-internet-corpus_3300.jams
dataset/biab-internet-corpus_3301.jams
dataset/biab-internet-corpus_3302.jams
dataset/biab-internet-corpus_3303.jams
dataset/biab-internet-corpus_3304.jams
dataset/biab-internet-corpus_3305.jams
dataset/biab-internet-corpus_3306.jams
dataset/biab-internet-corpus_3307.jams
dataset/biab-internet-corpus_3308.jams
dataset/biab-internet-corpus_3309.jams
dataset/biab-internet-corpus_331.jams
dataset/biab-internet-corpus_3311.jams
dataset/biab-internet-corpus_3312.jams
dataset/biab-internet-corpus_3313.jams
dataset/biab-internet-corpus_3314.jams
dataset/biab-internet-corpus_3315.jams
dataset/biab-internet-corpus_3316.jams
dataset/biab-internet-corpus_3317.jams
dataset/biab-internet-corpus_3318.jams
dataset/biab-internet-corpus_3319.jams
dataset/biab-internet-corpus_332.jams
dataset/biab-internet-corpus_3320.jams
dataset/biab-internet-corpus_3321.jams
dataset/biab-internet-corpus_3322.jams
dataset/biab-internet-corpus_3323.jams
dataset/biab-internet-corpus_3324.jams
dataset/biab-internet-corpus_3325.jams
dataset/biab-internet-corpus_3326.jams
dataset/biab-internet-corpus_3327.jams
dataset/biab-internet-corpus_3328.jams
dataset/biab-internet-corpus_3329.jams
dataset/biab-internet-corpus_333.jams
dataset/biab-internet-corpus_3330.jams
dataset/biab-internet-corpus_3331.jams
dataset/biab-internet-corpus_3332.jams
dataset/biab-internet-corpus_3333.jams
dataset/biab-internet-corpus_3334.jams
dataset/biab-internet-corpus_3335.jams
dataset/biab-internet-corpus_3336.jams
dataset/biab-internet-corpus_3337.jams
dataset/biab-internet-corpus_3338.jams
dataset/biab-internet-corpus_3339.jams
dataset/biab-internet-corpus_334.jams
dataset/biab-internet-corpus_3340.jams
dataset/biab-internet-corpus_3341.jams
dataset/biab-internet-corpus_3343.jams
dataset/biab-internet-corpus_3344.jams
dataset/biab-internet-corpus_3345.jams
dataset/biab-internet-corpus_3346.jams
dataset/biab-internet-corpus_3347.jams
dataset/biab-internet-corpus_3348.jams
dataset/biab-internet-corpus_3349.jams
dataset/biab-internet-corpus_335.jams
dataset/biab-internet-corpus_3350.jams
dataset/biab-internet-corpus_3351.jams
dataset/biab-internet-corpus_3352.jams
dataset/biab-internet-corpus_3353.jams
dataset/biab-internet-corpus_3354.jams
dataset/biab-internet-corpus_3355.jams
dataset/biab-internet-corpus_3356.jams
dataset/biab-internet-corpus_3357.jams
dataset/biab-internet-corpus_3358.jams
dataset/biab-internet-corpus_3359.jams
dataset/biab-internet-corpus_336.jams
dataset/biab-internet-corpus_3360.jams
dataset/biab-internet-corpus_3361.jams
dataset/biab-internet-corpus_3362.jams
dataset/biab-internet-corpus_3363.jams
dataset/biab-internet-corpus_3364.jams
dataset/biab-internet-corpus_3365.jams
dataset/biab-internet-corpus_3366.jams
dataset/biab-internet-corpus_3367.jams
dataset/biab-internet-corpus_3368.jams
dataset/biab-internet-corpus_3369.jams
dataset/biab-internet-corpus_337.jams
dataset/biab-internet-corpus_3370.jams
dataset/biab-internet-corpus_3371.jams
dataset/biab-internet-corpus_3372.jams
dataset/biab-internet-corpus_3373.jams
dataset/biab-internet-corpus_3374.jams
dataset/biab-internet-corpus_3375.jams
dataset/biab-internet-corpus_3376.jams
dataset/biab-internet-corpus_3377.jams
dataset/biab-internet-corpus_3378.jams
dataset/biab-internet-corpus_3379.jams
dataset/biab-internet-corpus_338.jams
dataset/biab-internet-corpus_3380.jams
dataset/biab-internet-corpus_3381.jams
dataset/biab-internet-corpus_3382.jams
dataset/biab-internet-corpus_3383.jams
dataset/biab-internet-corpus_3384.jams
dataset/biab-internet-corpus_3385.jams
dataset/biab-internet-corpus_3386.jams
dataset/biab-internet-corpus_3387.jams
dataset/biab-internet-corpus_3388.jams
dataset/biab-internet-corpus_3389.jams
dataset/biab-internet-corpus_339.jams
dataset/biab-internet-corpus_3390.jams
dataset/biab-internet-corpus_3391.jams
dataset/biab-internet-corpus_3392.jams
dataset/biab-internet-corpus_3393.jams
dataset/biab-internet-corpus_3394.jams
dataset/biab-internet-corpus_3395.jams
dataset/biab-internet-corpus_3396.jams
dataset/biab-internet-corpus_3397.jams
dataset/biab-internet-corpus_3398.jams
dataset/biab-internet-corpus_3399.jams
dataset/biab-internet-corpus_34.jams
dataset/biab-internet-corpus_340.jams
dataset/biab-internet-corpus_3400.jams
dataset/biab-internet-corpus_3401.jams
dataset/biab-internet-corpus_3402.jams
dataset/biab-internet-corpus_3403.jams
dataset/biab-internet-corpus_3404.jams
dataset/biab-internet-corpus_3405.jams
dataset/biab-internet-corpus_3406.jams
dataset/biab-internet-corpus_3407.jams
dataset/biab-internet-corpus_3408.jams
dataset/biab-internet-corpus_3409.jams
dataset/biab-internet-corpus_341.jams
dataset/biab-internet-corpus_3410.jams
dataset/biab-internet-corpus_3411.jams
dataset/biab-internet-corpus_3412.jams
dataset/biab-internet-corpus_3413.jams
dataset/biab-internet-corpus_3414.jams
dataset/biab-internet-corpus_3415.jams
dataset/biab-internet-corpus_3416.jams
dataset/biab-internet-corpus_3417.jams
dataset/biab-internet-corpus_3418.jams
dataset/biab-internet-corpus_3419.jams
dataset/biab-internet-corpus_342.jams
dataset/biab-internet-corpus_3420.jams
dataset/biab-internet-corpus_3421.jams
dataset/biab-internet-corpus_3422.jams
dataset/biab-internet-corpus_3423.jams
dataset/biab-internet-corpus_3424.jams
dataset/biab-internet-corpus_3425.jams
dataset/biab-internet-corpus_3426.jams
dataset/biab-internet-corpus_3427.jams
dataset/biab-internet-corpus_3428.jams
dataset/biab-internet-corpus_343.jams
dataset/biab-internet-corpus_3430.jams
dataset/biab-internet-corpus_3431.jams
dataset/biab-internet-corpus_3432.jams
dataset/biab-internet-corpus_3433.jams
dataset/biab-internet-corpus_3434.jams
dataset/biab-internet-corpus_3435.jams
dataset/biab-internet-corpus_3436.jams
dataset/biab-internet-corpus_3437.jams
dataset/biab-internet-corpus_3438.jams
dataset/biab-internet-corpus_3439.jams
dataset/biab-internet-corpus_344.jams
dataset/biab-internet-corpus_3440.jams
dataset/biab-internet-corpus_3441.jams
dataset/biab-internet-corpus_3442.jams
dataset/biab-internet-corpus_3443.jams
dataset/biab-internet-corpus_3444.jams
dataset/biab-internet-corpus_3445.jams
dataset/biab-internet-corpus_3446.jams
dataset/biab-internet-corpus_3447.jams
dataset/biab-internet-corpus_3448.jams
dataset/biab-internet-corpus_3449.jams
dataset/biab-internet-corpus_345.jams
dataset/biab-internet-corpus_3450.jams
dataset/biab-internet-corpus_3451.jams
dataset/biab-internet-corpus_3452.jams
dataset/biab-internet-corpus_3453.jams
dataset/biab-internet-corpus_3454.jams
dataset/biab-internet-corpus_3455.jams
dataset/biab-internet-corpus_3456.jams
dataset/biab-internet-corpus_3457.jams
dataset/biab-internet-corpus_3458.jams
dataset/biab-internet-corpus_3459.jams
dataset/biab-internet-corpus_346.jams
dataset/biab-internet-corpus_3460.jams
dataset/biab-internet-corpus_3461.jams
dataset/biab-internet-corpus_3462.jams
dataset/biab-internet-corpus_3463.jams
dataset/biab-internet-corpus_3464.jams
dataset/biab-internet-corpus_3465.jams
dataset/biab-internet-corpus_3466.jams
dataset/biab-internet-corpus_3467.jams
dataset/biab-internet-corpus_3468.jams
dataset/biab-internet-corpus_3469.jams
dataset/biab-internet-corpus_3470.jams
dataset/biab-internet-corpus_3471.jams
dataset/biab-internet-corpus_3472.jams
dataset/biab-internet-corpus_3473.jams
dataset/biab-internet-corpus_3474.jams
dataset/biab-internet-corpus_3475.jams
dataset/biab-internet-corpus_3476.jams
dataset/biab-internet-corpus_3477.jams
dataset/biab-internet-corpus_3478.jams
dataset/biab-internet-corpus_3479.jams
dataset/biab-internet-corpus_348.jams
dataset/biab-internet-corpus_3480.jams
dataset/biab-internet-corpus_3481.jams
dataset/biab-internet-corpus_3482.jams
dataset/biab-internet-corpus_3483.jams
dataset/biab-internet-corpus_3484.jams
dataset/biab-internet-corpus_3485.jams
dataset/biab-internet-corpus_3486.jams
dataset/biab-internet-corpus_3487.jams
dataset/biab-internet-corpus_3488.jams
dataset/biab-internet-corpus_3489.jams
dataset/biab-internet-corpus_349.jams
dataset/biab-internet-corpus_3490.jams
dataset/biab-internet-corpus_3491.jams
dataset/biab-internet-corpus_3492.jams
dataset/biab-internet-corpus_3493.jams
dataset/biab-internet-corpus_3494.jams
dataset/biab-internet-corpus_3495.jams
dataset/biab-internet-corpus_3496.jams
dataset/biab-internet-corpus_3497.jams
dataset/biab-internet-corpus_3498.jams
dataset/biab-internet-corpus_3499.jams
dataset/biab-internet-corpus_35.jams
dataset/biab-internet-corpus_350.jams
dataset/biab-internet-corpus_3500.jams
dataset/biab-internet-corpus_3501.jams
dataset/biab-internet-corpus_3502.jams
dataset/biab-internet-corpus_3503.jams
dataset/biab-internet-corpus_3504.jams
dataset/biab-internet-corpus_3505.jams
dataset/biab-internet-corpus_3506.jams
dataset/biab-internet-corpus_3507.jams
dataset/biab-internet-corpus_3508.jams
dataset/biab-internet-corpus_3509.jams
dataset/biab-internet-corpus_351.jams
dataset/biab-internet-corpus_3510.jams
dataset/biab-internet-corpus_3511.jams
dataset/biab-internet-corpus_3512.jams
dataset/biab-internet-corpus_3513.jams
dataset/biab-internet-corpus_3514.jams
dataset/biab-internet-corpus_3515.jams
dataset/biab-internet-corpus_3516.jams
dataset/biab-internet-corpus_3517.jams
dataset/biab-internet-corpus_3518.jams
dataset/biab-internet-corpus_3519.jams
dataset/biab-internet-corpus_3520.jams
dataset/biab-internet-corpus_3521.jams
dataset/biab-internet-corpus_3522.jams
dataset/biab-internet-corpus_3523.jams
dataset/biab-internet-corpus_3524.jams
dataset/biab-internet-corpus_3525.jams
dataset/biab-internet-corpus_3526.jams
dataset/biab-internet-corpus_3527.jams
dataset/biab-internet-corpus_3528.jams
dataset/biab-internet-corpus_3529.jams
dataset/biab-internet-corpus_353.jams
dataset/biab-internet-corpus_3530.jams
dataset/biab-internet-corpus_3531.jams
dataset/biab-internet-corpus_3532.jams
dataset/biab-internet-corpus_3533.jams
dataset/biab-internet-corpus_3535.jams
dataset/biab-internet-corpus_3536.jams
dataset/biab-internet-corpus_3537.jams
dataset/biab-internet-corpus_3538.jams
dataset/biab-internet-corpus_3539.jams
dataset/biab-internet-corpus_354.jams
dataset/biab-internet-corpus_3540.jams
dataset/biab-internet-corpus_3541.jams
dataset/biab-internet-corpus_3542.jams
dataset/biab-internet-corpus_3543.jams
dataset/biab-internet-corpus_3544.jams
dataset/biab-internet-corpus_3545.jams
dataset/biab-internet-corpus_3546.jams
dataset/biab-internet-corpus_3547.jams
dataset/biab-internet-corpus_3548.jams
dataset/biab-internet-corpus_3549.jams
dataset/biab-internet-corpus_355.jams
dataset/biab-internet-corpus_3550.jams
dataset/biab-internet-corpus_3551.jams
dataset/biab-internet-corpus_3552.jams
dataset/biab-internet-corpus_3553.jams
dataset/biab-internet-corpus_3554.jams
dataset/biab-internet-corpus_3555.jams
dataset/biab-internet-corpus_3556.jams
dataset/biab-internet-corpus_3557.jams
dataset/biab-internet-corpus_3558.jams
dataset/biab-internet-corpus_3559.jams
dataset/biab-internet-corpus_356.jams
dataset/biab-internet-corpus_3560.jams
dataset/biab-internet-corpus_3561.jams
dataset/biab-internet-corpus_3562.jams
dataset/biab-internet-corpus_3563.jams
dataset/biab-internet-corpus_3564.jams
dataset/biab-internet-corpus_3565.jams
dataset/biab-internet-corpus_3566.jams
dataset/biab-internet-corpus_3567.jams
dataset/biab-internet-corpus_3568.jams
dataset/biab-internet-corpus_3569.jams
dataset/biab-internet-corpus_357.jams
dataset/biab-internet-corpus_3570.jams
dataset/biab-internet-corpus_3572.jams
dataset/biab-internet-corpus_3573.jams
dataset/biab-internet-corpus_3574.jams
dataset/biab-internet-corpus_3576.jams
dataset/biab-internet-corpus_3577.jams
dataset/biab-internet-corpus_3578.jams
dataset/biab-internet-corpus_3579.jams
dataset/biab-internet-corpus_358.jams
dataset/biab-internet-corpus_3580.jams
dataset/biab-internet-corpus_3581.jams
dataset/biab-internet-corpus_3582.jams
dataset/biab-internet-corpus_3583.jams
dataset/biab-internet-corpus_3584.jams
dataset/biab-internet-corpus_3585.jams
dataset/biab-internet-corpus_3586.jams
dataset/biab-internet-corpus_3587.jams
dataset/biab-internet-corpus_3588.jams
dataset/biab-internet-corpus_3589.jams
dataset/biab-internet-corpus_359.jams
dataset/biab-internet-corpus_3590.jams
dataset/biab-internet-corpus_3591.jams
dataset/biab-internet-corpus_3592.jams
dataset/biab-internet-corpus_3593.jams
dataset/biab-internet-corpus_3594.jams
dataset/biab-internet-corpus_3595.jams
dataset/biab-internet-corpus_3596.jams
dataset/biab-internet-corpus_3597.jams
dataset/biab-internet-corpus_3598.jams
dataset/biab-internet-corpus_3599.jams
dataset/biab-internet-corpus_36.jams
dataset/biab-internet-corpus_360.jams
dataset/biab-internet-corpus_3600.jams
dataset/biab-internet-corpus_3601.jams
dataset/biab-internet-corpus_3602.jams
dataset/biab-internet-corpus_3603.jams
dataset/biab-internet-corpus_3604.jams
dataset/biab-internet-corpus_3605.jams
dataset/biab-internet-corpus_3606.jams
dataset/biab-internet-corpus_3607.jams
dataset/biab-internet-corpus_3608.jams
dataset/biab-internet-corpus_3609.jams
dataset/biab-internet-corpus_361.jams
dataset/biab-internet-corpus_3610.jams
dataset/biab-internet-corpus_3611.jams
dataset/biab-internet-corpus_3612.jams
dataset/biab-internet-corpus_3613.jams
dataset/biab-internet-corpus_3614.jams
dataset/biab-internet-corpus_3615.jams
dataset/biab-internet-corpus_3616.jams
dataset/biab-internet-corpus_3617.jams
dataset/biab-internet-corpus_3618.jams
dataset/biab-internet-corpus_3619.jams
dataset/biab-internet-corpus_362.jams
dataset/biab-internet-corpus_3620.jams
dataset/biab-internet-corpus_3621.jams
dataset/biab-internet-corpus_3622.jams
dataset/biab-internet-corpus_3623.jams
dataset/biab-internet-corpus_3624.jams
dataset/biab-internet-corpus_3625.jams
dataset/biab-internet-corpus_3626.jams
dataset/biab-internet-corpus_3627.jams
dataset/biab-internet-corpus_3628.jams
dataset/biab-internet-corpus_3629.jams
dataset/biab-internet-corpus_363.jams
dataset/biab-internet-corpus_3630.jams
dataset/biab-internet-corpus_3631.jams
dataset/biab-internet-corpus_3632.jams
dataset/biab-internet-corpus_3633.jams
dataset/biab-internet-corpus_3634.jams
dataset/biab-internet-corpus_3635.jams
dataset/biab-internet-corpus_3636.jams
dataset/biab-internet-corpus_3637.jams
dataset/biab-internet-corpus_3638.jams
dataset/biab-internet-corpus_3639.jams
dataset/biab-internet-corpus_364.jams
dataset/biab-internet-corpus_3640.jams
dataset/biab-internet-corpus_3641.jams
dataset/biab-internet-corpus_3642.jams
dataset/biab-internet-corpus_3643.jams
dataset/biab-internet-corpus_3645.jams
dataset/biab-internet-corpus_3646.jams
dataset/biab-internet-corpus_3647.jams
dataset/biab-internet-corpus_3648.jams
dataset/biab-internet-corpus_3649.jams
dataset/biab-internet-corpus_365.jams
dataset/biab-internet-corpus_3650.jams
dataset/biab-internet-corpus_3651.jams
dataset/biab-internet-corpus_3652.jams
dataset/biab-internet-corpus_3653.jams
dataset/biab-internet-corpus_3654.jams
dataset/biab-internet-corpus_3655.jams
dataset/biab-internet-corpus_3656.jams
dataset/biab-internet-corpus_3657.jams
dataset/biab-internet-corpus_3658.jams
dataset/biab-internet-corpus_3659.jams
dataset/biab-internet-corpus_366.jams
dataset/biab-internet-corpus_3660.jams
dataset/biab-internet-corpus_3661.jams
dataset/biab-internet-corpus_3662.jams
dataset/biab-internet-corpus_3663.jams
dataset/biab-internet-corpus_3664.jams
dataset/biab-internet-corpus_3665.jams
dataset/biab-internet-corpus_3666.jams
dataset/biab-internet-corpus_3667.jams
dataset/biab-internet-corpus_3668.jams
dataset/biab-internet-corpus_3669.jams
dataset/biab-internet-corpus_367.jams
dataset/biab-internet-corpus_3670.jams
dataset/biab-internet-corpus_3671.jams
dataset/biab-internet-corpus_3672.jams
dataset/biab-internet-corpus_3673.jams
dataset/biab-internet-corpus_3674.jams
dataset/biab-internet-corpus_3675.jams
dataset/biab-internet-corpus_3676.jams
dataset/biab-internet-corpus_3677.jams
dataset/biab-internet-corpus_3678.jams
dataset/biab-internet-corpus_3679.jams
dataset/biab-internet-corpus_368.jams
dataset/biab-internet-corpus_3680.jams
dataset/biab-internet-corpus_3681.jams
dataset/biab-internet-corpus_3682.jams
dataset/biab-internet-corpus_3683.jams
dataset/biab-internet-corpus_3684.jams
dataset/biab-internet-corpus_3685.jams
dataset/biab-internet-corpus_3686.jams
dataset/biab-internet-corpus_3687.jams
dataset/biab-internet-corpus_3688.jams
dataset/biab-internet-corpus_3689.jams
dataset/biab-internet-corpus_369.jams
dataset/biab-internet-corpus_3690.jams
dataset/biab-internet-corpus_3691.jams
dataset/biab-internet-corpus_3692.jams
dataset/biab-internet-corpus_3693.jams
dataset/biab-internet-corpus_3694.jams
dataset/biab-internet-corpus_3695.jams
dataset/biab-internet-corpus_3696.jams
dataset/biab-internet-corpus_3697.jams
dataset/biab-internet-corpus_3698.jams
dataset/biab-internet-corpus_3699.jams
dataset/biab-internet-corpus_37.jams
dataset/biab-internet-corpus_370.jams
dataset/biab-internet-corpus_3700.jams
dataset/biab-internet-corpus_3701.jams
dataset/biab-internet-corpus_3702.jams
dataset/biab-internet-corpus_3703.jams
dataset/biab-internet-corpus_3704.jams
dataset/biab-internet-corpus_3705.jams
dataset/biab-internet-corpus_3706.jams
dataset/biab-internet-corpus_3707.jams
dataset/biab-internet-corpus_3709.jams
dataset/biab-internet-corpus_371.jams
dataset/biab-internet-corpus_3710.jams
dataset/biab-internet-corpus_3711.jams
dataset/biab-internet-corpus_3712.jams
dataset/biab-internet-corpus_3713.jams
dataset/biab-internet-corpus_3714.jams
dataset/biab-internet-corpus_3715.jams
dataset/biab-internet-corpus_3716.jams
dataset/biab-internet-corpus_3717.jams
dataset/biab-internet-corpus_3718.jams
dataset/biab-internet-corpus_3719.jams
dataset/biab-internet-corpus_372.jams
dataset/biab-internet-corpus_3720.jams
dataset/biab-internet-corpus_3721.jams
dataset/biab-internet-corpus_3722.jams
dataset/biab-internet-corpus_3723.jams
dataset/biab-internet-corpus_3724.jams
dataset/biab-internet-corpus_3725.jams
dataset/biab-internet-corpus_3726.jams
dataset/biab-internet-corpus_3727.jams
dataset/biab-internet-corpus_3728.jams
dataset/biab-internet-corpus_3729.jams
dataset/biab-internet-corpus_373.jams
dataset/biab-internet-corpus_3730.jams
dataset/biab-internet-corpus_3731.jams
dataset/biab-internet-corpus_3732.jams
dataset/biab-internet-corpus_3733.jams
dataset/biab-internet-corpus_3734.jams
dataset/biab-internet-corpus_3735.jams
dataset/biab-internet-corpus_3736.jams
dataset/biab-internet-corpus_3738.jams
dataset/biab-internet-corpus_3739.jams
dataset/biab-internet-corpus_374.jams
dataset/biab-internet-corpus_3740.jams
dataset/biab-internet-corpus_3741.jams
dataset/biab-internet-corpus_3742.jams
dataset/biab-internet-corpus_3743.jams
dataset/biab-internet-corpus_3744.jams
dataset/biab-internet-corpus_3745.jams
dataset/biab-internet-corpus_3746.jams
dataset/biab-internet-corpus_3747.jams
dataset/biab-internet-corpus_3748.jams
dataset/biab-internet-corpus_3749.jams
dataset/biab-internet-corpus_375.jams
dataset/biab-internet-corpus_3750.jams
dataset/biab-internet-corpus_3751.jams
dataset/biab-internet-corpus_3752.jams
dataset/biab-internet-corpus_3753.jams
dataset/biab-internet-corpus_3754.jams
dataset/biab-internet-corpus_3755.jams
dataset/biab-internet-corpus_3756.jams
dataset/biab-internet-corpus_3757.jams
dataset/biab-internet-corpus_3758.jams
dataset/biab-internet-corpus_3759.jams
dataset/biab-internet-corpus_376.jams
dataset/biab-internet-corpus_3760.jams
dataset/biab-internet-corpus_3761.jams
dataset/biab-internet-corpus_3762.jams
dataset/biab-internet-corpus_3763.jams
dataset/biab-internet-corpus_3764.jams
dataset/biab-internet-corpus_3765.jams
dataset/biab-internet-corpus_3766.jams
dataset/biab-internet-corpus_3767.jams
dataset/biab-internet-corpus_3768.jams
dataset/biab-internet-corpus_3769.jams
dataset/biab-internet-corpus_377.jams
dataset/biab-internet-corpus_3770.jams
dataset/biab-internet-corpus_3771.jams
dataset/biab-internet-corpus_3772.jams
dataset/biab-internet-corpus_3773.jams
dataset/biab-internet-corpus_3774.jams
dataset/biab-internet-corpus_3775.jams
dataset/biab-internet-corpus_3776.jams
dataset/biab-internet-corpus_3777.jams
dataset/biab-internet-corpus_3778.jams
dataset/biab-internet-corpus_3779.jams
dataset/biab-internet-corpus_378.jams
dataset/biab-internet-corpus_3780.jams
dataset/biab-internet-corpus_3781.jams
dataset/biab-internet-corpus_3782.jams
dataset/biab-internet-corpus_3783.jams
dataset/biab-internet-corpus_3784.jams
dataset/biab-internet-corpus_3785.jams
dataset/biab-internet-corpus_3786.jams
dataset/biab-internet-corpus_3787.jams
dataset/biab-internet-corpus_3788.jams
dataset/biab-internet-corpus_3789.jams
dataset/biab-internet-corpus_379.jams
dataset/biab-internet-corpus_3790.jams
dataset/biab-internet-corpus_3791.jams
dataset/biab-internet-corpus_3792.jams
dataset/biab-internet-corpus_3793.jams
dataset/biab-internet-corpus_3794.jams
dataset/biab-internet-corpus_3795.jams
dataset/biab-internet-corpus_3796.jams
dataset/biab-internet-corpus_3797.jams
dataset/biab-internet-corpus_3798.jams
dataset/biab-internet-corpus_3799.jams
dataset/biab-internet-corpus_38.jams
dataset/biab-internet-corpus_380.jams
dataset/biab-internet-corpus_3800.jams
dataset/biab-internet-corpus_3801.jams
dataset/biab-internet-corpus_3802.jams
dataset/biab-internet-corpus_3803.jams
dataset/biab-internet-corpus_3804.jams
dataset/biab-internet-corpus_3805.jams
dataset/biab-internet-corpus_3806.jams
dataset/biab-internet-corpus_3807.jams
dataset/biab-internet-corpus_3808.jams
dataset/biab-internet-corpus_3809.jams
dataset/biab-internet-corpus_381.jams
dataset/biab-internet-corpus_3810.jams
dataset/biab-internet-corpus_3811.jams
dataset/biab-internet-corpus_3812.jams
dataset/biab-internet-corpus_3813.jams
dataset/biab-internet-corpus_3814.jams
dataset/biab-internet-corpus_3815.jams
dataset/biab-internet-corpus_3816.jams
dataset/biab-internet-corpus_3817.jams
dataset/biab-internet-corpus_3818.jams
dataset/biab-internet-corpus_3819.jams
dataset/biab-internet-corpus_382.jams
dataset/biab-internet-corpus_3820.jams
dataset/biab-internet-corpus_3821.jams
dataset/biab-internet-corpus_3822.jams
dataset/biab-internet-corpus_3823.jams
dataset/biab-internet-corpus_3824.jams
dataset/biab-internet-corpus_3825.jams
dataset/biab-internet-corpus_3826.jams
dataset/biab-internet-corpus_3827.jams
dataset/biab-internet-corpus_3828.jams
dataset/biab-internet-corpus_3829.jams
dataset/biab-internet-corpus_383.jams
dataset/biab-internet-corpus_3830.jams
dataset/biab-internet-corpus_3831.jams
dataset/biab-internet-corpus_3832.jams
dataset/biab-internet-corpus_3833.jams
dataset/biab-internet-corpus_3834.jams
dataset/biab-internet-corpus_3835.jams
dataset/biab-internet-corpus_3836.jams
dataset/biab-internet-corpus_3837.jams
dataset/biab-internet-corpus_3838.jams
dataset/biab-internet-corpus_3839.jams
dataset/biab-internet-corpus_384.jams
dataset/biab-internet-corpus_3840.jams
dataset/biab-internet-corpus_3841.jams
dataset/biab-internet-corpus_3842.jams
dataset/biab-internet-corpus_3843.jams
dataset/biab-internet-corpus_3844.jams
dataset/biab-internet-corpus_3845.jams
dataset/biab-internet-corpus_3846.jams
dataset/biab-internet-corpus_3847.jams
dataset/biab-internet-corpus_3848.jams
dataset/biab-internet-corpus_3849.jams
dataset/biab-internet-corpus_385.jams
dataset/biab-internet-corpus_3850.jams
dataset/biab-internet-corpus_3851.jams
dataset/biab-internet-corpus_3852.jams
dataset/biab-internet-corpus_3853.jams
dataset/biab-internet-corpus_3854.jams
dataset/biab-internet-corpus_3855.jams
dataset/biab-internet-corpus_3856.jams
dataset/biab-internet-corpus_3857.jams
dataset/biab-internet-corpus_3858.jams
dataset/biab-internet-corpus_3859.jams
dataset/biab-internet-corpus_386.jams
dataset/biab-internet-corpus_3860.jams
dataset/biab-internet-corpus_3861.jams
dataset/biab-internet-corpus_3862.jams
dataset/biab-internet-corpus_3863.jams
dataset/biab-internet-corpus_3864.jams
dataset/biab-internet-corpus_3865.jams
dataset/biab-internet-corpus_3866.jams
dataset/biab-internet-corpus_3867.jams
dataset/biab-internet-corpus_3868.jams
dataset/biab-internet-corpus_3869.jams
dataset/biab-internet-corpus_387.jams
dataset/biab-internet-corpus_3870.jams
dataset/biab-internet-corpus_3871.jams
dataset/biab-internet-corpus_3872.jams
dataset/biab-internet-corpus_3873.jams
dataset/biab-internet-corpus_3874.jams
dataset/biab-internet-corpus_3875.jams
dataset/biab-internet-corpus_3876.jams
dataset/biab-internet-corpus_3877.jams
dataset/biab-internet-corpus_3878.jams
dataset/biab-internet-corpus_3879.jams
dataset/biab-internet-corpus_388.jams
dataset/biab-internet-corpus_3880.jams
dataset/biab-internet-corpus_3881.jams
dataset/biab-internet-corpus_3882.jams
dataset/biab-internet-corpus_3883.jams
dataset/biab-internet-corpus_3884.jams
dataset/biab-internet-corpus_3885.jams
dataset/biab-internet-corpus_3886.jams
dataset/biab-internet-corpus_3887.jams
dataset/biab-internet-corpus_3888.jams
dataset/biab-internet-corpus_3889.jams
dataset/biab-internet-corpus_389.jams
dataset/biab-internet-corpus_3890.jams
dataset/biab-internet-corpus_3891.jams
dataset/biab-internet-corpus_3892.jams
dataset/biab-internet-corpus_3893.jams
dataset/biab-internet-corpus_3894.jams
dataset/biab-internet-corpus_3895.jams
dataset/biab-internet-corpus_3896.jams
dataset/biab-internet-corpus_3897.jams
dataset/biab-internet-corpus_3898.jams
dataset/biab-internet-corpus_3899.jams
dataset/biab-internet-corpus_39.jams
dataset/biab-internet-corpus_390.jams
dataset/biab-internet-corpus_3900.jams
dataset/biab-internet-corpus_3901.jams
dataset/biab-internet-corpus_3902.jams
dataset/biab-internet-corpus_3903.jams
dataset/biab-internet-corpus_3904.jams
dataset/biab-internet-corpus_3906.jams
dataset/biab-internet-corpus_3907.jams
dataset/biab-internet-corpus_3908.jams
dataset/biab-internet-corpus_3909.jams
dataset/biab-internet-corpus_391.jams
dataset/biab-internet-corpus_3910.jams
dataset/biab-internet-corpus_3911.jams
dataset/biab-internet-corpus_3912.jams
dataset/biab-internet-corpus_3913.jams
dataset/biab-internet-corpus_3914.jams
dataset/biab-internet-corpus_3915.jams
dataset/biab-internet-corpus_3916.jams
dataset/biab-internet-corpus_3917.jams
dataset/biab-internet-corpus_3918.jams
dataset/biab-internet-corpus_3919.jams
dataset/biab-internet-corpus_392.jams
dataset/biab-internet-corpus_3920.jams
dataset/biab-internet-corpus_3921.jams
dataset/biab-internet-corpus_3922.jams
dataset/biab-internet-corpus_3923.jams
dataset/biab-internet-corpus_3924.jams
dataset/biab-internet-corpus_3925.jams
dataset/biab-internet-corpus_3926.jams
dataset/biab-internet-corpus_3927.jams
dataset/biab-internet-corpus_3928.jams
dataset/biab-internet-corpus_3929.jams
dataset/biab-internet-corpus_393.jams
dataset/biab-internet-corpus_3930.jams
dataset/biab-internet-corpus_3931.jams
dataset/biab-internet-corpus_3932.jams
dataset/biab-internet-corpus_3933.jams
dataset/biab-internet-corpus_3934.jams
dataset/biab-internet-corpus_3935.jams
dataset/biab-internet-corpus_3936.jams
dataset/biab-internet-corpus_3937.jams
dataset/biab-internet-corpus_3938.jams
dataset/biab-internet-corpus_3939.jams
dataset/biab-internet-corpus_394.jams
dataset/biab-internet-corpus_3941.jams
dataset/biab-internet-corpus_3942.jams
dataset/biab-internet-corpus_3943.jams
dataset/biab-internet-corpus_3944.jams
dataset/biab-internet-corpus_3945.jams
dataset/biab-internet-corpus_3946.jams
dataset/biab-internet-corpus_3947.jams
dataset/biab-internet-corpus_3948.jams
dataset/biab-internet-corpus_3949.jams
dataset/biab-internet-corpus_395.jams
dataset/biab-internet-corpus_3950.jams
dataset/biab-internet-corpus_3951.jams
dataset/biab-internet-corpus_3952.jams
dataset/biab-internet-corpus_3953.jams
dataset/biab-internet-corpus_3954.jams
dataset/biab-internet-corpus_3955.jams
dataset/biab-internet-corpus_3956.jams
dataset/biab-internet-corpus_3957.jams
dataset/biab-internet-corpus_3958.jams
dataset/biab-internet-corpus_3959.jams
dataset/biab-internet-corpus_396.jams
dataset/biab-internet-corpus_3960.jams
dataset/biab-internet-corpus_3961.jams
dataset/biab-internet-corpus_3962.jams
dataset/biab-internet-corpus_3963.jams
dataset/biab-internet-corpus_3964.jams
dataset/biab-internet-corpus_3965.jams
dataset/biab-internet-corpus_3966.jams
dataset/biab-internet-corpus_3967.jams
dataset/biab-internet-corpus_3968.jams
dataset/biab-internet-corpus_3969.jams
dataset/biab-internet-corpus_397.jams
dataset/biab-internet-corpus_3970.jams
dataset/biab-internet-corpus_3971.jams
dataset/biab-internet-corpus_3972.jams
dataset/biab-internet-corpus_3973.jams
dataset/biab-internet-corpus_3974.jams
dataset/biab-internet-corpus_3975.jams
dataset/biab-internet-corpus_3976.jams
dataset/biab-internet-corpus_3977.jams
dataset/biab-internet-corpus_3978.jams
dataset/biab-internet-corpus_3979.jams
dataset/biab-internet-corpus_398.jams
dataset/biab-internet-corpus_3980.jams
dataset/biab-internet-corpus_3981.jams
dataset/biab-internet-corpus_3982.jams
dataset/biab-internet-corpus_3983.jams
dataset/biab-internet-corpus_3984.jams
dataset/biab-internet-corpus_3985.jams
dataset/biab-internet-corpus_3986.jams
dataset/biab-internet-corpus_3987.jams
dataset/biab-internet-corpus_3988.jams
dataset/biab-internet-corpus_3989.jams
dataset/biab-internet-corpus_399.jams
dataset/biab-internet-corpus_3990.jams
dataset/biab-internet-corpus_3991.jams
dataset/biab-internet-corpus_3992.jams
dataset/biab-internet-corpus_3993.jams
dataset/biab-internet-corpus_3994.jams
dataset/biab-internet-corpus_3995.jams
dataset/biab-internet-corpus_3996.jams
dataset/biab-internet-corpus_3997.jams
dataset/biab-internet-corpus_3998.jams
dataset/biab-internet-corpus_3999.jams
dataset/biab-internet-corpus_4.jams
dataset/biab-internet-corpus_40.jams
dataset/biab-internet-corpus_400.jams
dataset/biab-internet-corpus_4000.jams
dataset/biab-internet-corpus_4001.jams
dataset/biab-internet-corpus_4002.jams
dataset/biab-internet-corpus_4003.jams
dataset/biab-internet-corpus_4004.jams
dataset/biab-internet-corpus_4005.jams
dataset/biab-internet-corpus_4006.jams
dataset/biab-internet-corpus_4007.jams
dataset/biab-internet-corpus_4008.jams
dataset/biab-internet-corpus_4009.jams
dataset/biab-internet-corpus_401.jams
dataset/biab-internet-corpus_4010.jams
dataset/biab-internet-corpus_4011.jams
dataset/biab-internet-corpus_4012.jams
dataset/biab-internet-corpus_4013.jams
dataset/biab-internet-corpus_4014.jams
dataset/biab-internet-corpus_4015.jams
dataset/biab-internet-corpus_4016.jams
dataset/biab-internet-corpus_4017.jams
dataset/biab-internet-corpus_4018.jams
dataset/biab-internet-corpus_4019.jams
dataset/biab-internet-corpus_402.jams
dataset/biab-internet-corpus_4020.jams
dataset/biab-internet-corpus_4021.jams
dataset/biab-internet-corpus_4022.jams
dataset/biab-internet-corpus_4023.jams
dataset/biab-internet-corpus_4024.jams
dataset/biab-internet-corpus_4025.jams
dataset/biab-internet-corpus_4026.jams
dataset/biab-internet-corpus_4027.jams
dataset/biab-internet-corpus_4028.jams
dataset/biab-internet-corpus_4029.jams
dataset/biab-internet-corpus_403.jams
dataset/biab-internet-corpus_4030.jams
dataset/biab-internet-corpus_4031.jams
dataset/biab-internet-corpus_4032.jams
dataset/biab-internet-corpus_4033.jams
dataset/biab-internet-corpus_4034.jams
dataset/biab-internet-corpus_4035.jams
dataset/biab-internet-corpus_4036.jams
dataset/biab-internet-corpus_4037.jams
dataset/biab-internet-corpus_4038.jams
dataset/biab-internet-corpus_4039.jams
dataset/biab-internet-corpus_404.jams
dataset/biab-internet-corpus_4040.jams
dataset/biab-internet-corpus_4041.jams
dataset/biab-internet-corpus_4042.jams
dataset/biab-internet-corpus_4043.jams
dataset/biab-internet-corpus_4044.jams
dataset/biab-internet-corpus_4045.jams
dataset/biab-internet-corpus_4046.jams
dataset/biab-internet-corpus_4047.jams
dataset/biab-internet-corpus_4048.jams
dataset/biab-internet-corpus_4049.jams
dataset/biab-internet-corpus_405.jams
dataset/biab-internet-corpus_4050.jams
dataset/biab-internet-corpus_4051.jams
dataset/biab-internet-corpus_4052.jams
dataset/biab-internet-corpus_4053.jams
dataset/biab-internet-corpus_4054.jams
dataset/biab-internet-corpus_4055.jams
dataset/biab-internet-corpus_4056.jams
dataset/biab-internet-corpus_4057.jams
dataset/biab-internet-corpus_4058.jams
dataset/biab-internet-corpus_4059.jams
dataset/biab-internet-corpus_406.jams
dataset/biab-internet-corpus_4060.jams
dataset/biab-internet-corpus_4061.jams
dataset/biab-internet-corpus_4062.jams
dataset/biab-internet-corpus_4063.jams
dataset/biab-internet-corpus_4064.jams
dataset/biab-internet-corpus_4065.jams
dataset/biab-internet-corpus_4066.jams
dataset/biab-internet-corpus_4067.jams
dataset/biab-internet-corpus_4068.jams
dataset/biab-internet-corpus_4069.jams
dataset/biab-internet-corpus_407.jams
dataset/biab-internet-corpus_4070.jams
dataset/biab-internet-corpus_4071.jams
dataset/biab-internet-corpus_4072.jams
dataset/biab-internet-corpus_4073.jams
dataset/biab-internet-corpus_4074.jams
dataset/biab-internet-corpus_4075.jams
dataset/biab-internet-corpus_4076.jams
dataset/biab-internet-corpus_4077.jams
dataset/biab-internet-corpus_4078.jams
dataset/biab-internet-corpus_4079.jams
dataset/biab-internet-corpus_408.jams
dataset/biab-internet-corpus_4080.jams
dataset/biab-internet-corpus_4081.jams
dataset/biab-internet-corpus_4082.jams
dataset/biab-internet-corpus_4083.jams
dataset/biab-internet-corpus_4084.jams
dataset/biab-internet-corpus_4085.jams
dataset/biab-internet-corpus_4086.jams
dataset/biab-internet-corpus_4087.jams
dataset/biab-internet-corpus_4088.jams
dataset/biab-internet-corpus_4089.jams
dataset/biab-internet-corpus_409.jams
dataset/biab-internet-corpus_4090.jams
dataset/biab-internet-corpus_4091.jams
dataset/biab-internet-corpus_4092.jams
dataset/biab-internet-corpus_4093.jams
dataset/biab-internet-corpus_4094.jams
dataset/biab-internet-corpus_4095.jams
dataset/biab-internet-corpus_4096.jams
dataset/biab-internet-corpus_4097.jams
dataset/biab-internet-corpus_4098.jams
dataset/biab-internet-corpus_4099.jams
dataset/biab-internet-corpus_41.jams
dataset/biab-internet-corpus_410.jams
dataset/biab-internet-corpus_4100.jams
dataset/biab-internet-corpus_4101.jams
dataset/biab-internet-corpus_4102.jams
dataset/biab-internet-corpus_4103.jams
dataset/biab-internet-corpus_4104.jams
dataset/biab-internet-corpus_4105.jams
dataset/biab-internet-corpus_4106.jams
dataset/biab-internet-corpus_4107.jams
dataset/biab-internet-corpus_4108.jams
dataset/biab-internet-corpus_4109.jams
dataset/biab-internet-corpus_411.jams
dataset/biab-internet-corpus_4110.jams
dataset/biab-internet-corpus_4111.jams
dataset/biab-internet-corpus_4112.jams
dataset/biab-internet-corpus_4113.jams
dataset/biab-internet-corpus_4114.jams
dataset/biab-internet-corpus_4115.jams
dataset/biab-internet-corpus_4116.jams
dataset/biab-internet-corpus_4117.jams
dataset/biab-internet-corpus_4118.jams
dataset/biab-internet-corpus_4119.jams
dataset/biab-internet-corpus_412.jams
dataset/biab-internet-corpus_4120.jams
dataset/biab-internet-corpus_4121.jams
dataset/biab-internet-corpus_4122.jams
dataset/biab-internet-corpus_4123.jams
dataset/biab-internet-corpus_4124.jams
dataset/biab-internet-corpus_4125.jams
dataset/biab-internet-corpus_4126.jams
dataset/biab-internet-corpus_4127.jams
dataset/biab-internet-corpus_4128.jams
dataset/biab-internet-corpus_4129.jams
dataset/biab-internet-corpus_413.jams
dataset/biab-internet-corpus_4130.jams
dataset/biab-internet-corpus_4131.jams
dataset/biab-internet-corpus_4132.jams
dataset/biab-internet-corpus_4133.jams
dataset/biab-internet-corpus_4134.jams
dataset/biab-internet-corpus_4135.jams
dataset/biab-internet-corpus_4136.jams
dataset/biab-internet-corpus_4137.jams
dataset/biab-internet-corpus_4138.jams
dataset/biab-internet-corpus_4139.jams
dataset/biab-internet-corpus_414.jams
dataset/biab-internet-corpus_4140.jams
dataset/biab-internet-corpus_4141.jams
dataset/biab-internet-corpus_4142.jams
dataset/biab-internet-corpus_4143.jams
dataset/biab-internet-corpus_4144.jams
dataset/biab-internet-corpus_4145.jams
dataset/biab-internet-corpus_4146.jams
dataset/biab-internet-corpus_4147.jams
dataset/biab-internet-corpus_4148.jams
dataset/biab-internet-corpus_4149.jams
dataset/biab-internet-corpus_415.jams
dataset/biab-internet-corpus_4150.jams
dataset/biab-internet-corpus_4151.jams
dataset/biab-internet-corpus_4152.jams
dataset/biab-internet-corpus_4153.jams
dataset/biab-internet-corpus_4154.jams
dataset/biab-internet-corpus_4155.jams
dataset/biab-internet-corpus_4156.jams
dataset/biab-internet-corpus_4157.jams
dataset/biab-internet-corpus_4158.jams
dataset/biab-internet-corpus_4159.jams
dataset/biab-internet-corpus_416.jams
dataset/biab-internet-corpus_4160.jams
dataset/biab-internet-corpus_4161.jams
dataset/biab-internet-corpus_4162.jams
dataset/biab-internet-corpus_4163.jams
dataset/biab-internet-corpus_4164.jams
dataset/biab-internet-corpus_4165.jams
dataset/biab-internet-corpus_4166.jams
dataset/biab-internet-corpus_4167.jams
dataset/biab-internet-corpus_4168.jams
dataset/biab-internet-corpus_4169.jams
dataset/biab-internet-corpus_417.jams
dataset/biab-internet-corpus_4170.jams
dataset/biab-internet-corpus_4171.jams
dataset/biab-internet-corpus_4172.jams
dataset/biab-internet-corpus_4173.jams
dataset/biab-internet-corpus_4174.jams
dataset/biab-internet-corpus_4175.jams
dataset/biab-internet-corpus_4176.jams
dataset/biab-internet-corpus_4177.jams
dataset/biab-internet-corpus_4178.jams
dataset/biab-internet-corpus_4179.jams
dataset/biab-internet-corpus_418.jams
dataset/biab-internet-corpus_4180.jams
dataset/biab-internet-corpus_4181.jams
dataset/biab-internet-corpus_4182.jams
dataset/biab-internet-corpus_4183.jams
dataset/biab-internet-corpus_4184.jams
dataset/biab-internet-corpus_4185.jams
dataset/biab-internet-corpus_4186.jams
dataset/biab-internet-corpus_4187.jams
dataset/biab-internet-corpus_4188.jams
dataset/biab-internet-corpus_4189.jams
dataset/biab-internet-corpus_419.jams
dataset/biab-internet-corpus_4190.jams
dataset/biab-internet-corpus_4191.jams
dataset/biab-internet-corpus_4192.jams
dataset/biab-internet-corpus_4193.jams
dataset/biab-internet-corpus_4194.jams
dataset/biab-internet-corpus_4195.jams
dataset/biab-internet-corpus_4196.jams
dataset/biab-internet-corpus_4197.jams
dataset/biab-internet-corpus_4198.jams
dataset/biab-internet-corpus_4199.jams
dataset/biab-internet-corpus_42.jams
dataset/biab-internet-corpus_420.jams
dataset/biab-internet-corpus_4200.jams
dataset/biab-internet-corpus_4201.jams
dataset/biab-internet-corpus_4202.jams
dataset/biab-internet-corpus_4203.jams
dataset/biab-internet-corpus_4204.jams
dataset/biab-internet-corpus_4205.jams
dataset/biab-internet-corpus_4206.jams
dataset/biab-internet-corpus_4207.jams
dataset/biab-internet-corpus_4208.jams
dataset/biab-internet-corpus_4209.jams
dataset/biab-internet-corpus_421.jams
dataset/biab-internet-corpus_4210.jams
dataset/biab-internet-corpus_4211.jams
dataset/biab-internet-corpus_4212.jams
dataset/biab-internet-corpus_4213.jams
dataset/biab-internet-corpus_4214.jams
dataset/biab-internet-corpus_4215.jams
dataset/biab-internet-corpus_4216.jams
dataset/biab-internet-corpus_4217.jams
dataset/biab-internet-corpus_4218.jams
dataset/biab-internet-corpus_4219.jams
dataset/biab-internet-corpus_422.jams
dataset/biab-internet-corpus_4220.jams
dataset/biab-internet-corpus_4221.jams
dataset/biab-internet-corpus_4222.jams
dataset/biab-internet-corpus_4223.jams
dataset/biab-internet-corpus_4224.jams
dataset/biab-internet-corpus_4225.jams
dataset/biab-internet-corpus_4226.jams
dataset/biab-internet-corpus_4227.jams
dataset/biab-internet-corpus_4228.jams
dataset/biab-internet-corpus_4229.jams
dataset/biab-internet-corpus_423.jams
dataset/biab-internet-corpus_4230.jams
dataset/biab-internet-corpus_4231.jams
dataset/biab-internet-corpus_4232.jams
dataset/biab-internet-corpus_4233.jams
dataset/biab-internet-corpus_4234.jams
dataset/biab-internet-corpus_4235.jams
dataset/biab-internet-corpus_4236.jams
dataset/biab-internet-corpus_4237.jams
dataset/biab-internet-corpus_4238.jams
dataset/biab-internet-corpus_4239.jams
dataset/biab-internet-corpus_424.jams
dataset/biab-internet-corpus_4240.jams
dataset/biab-internet-corpus_4241.jams
dataset/biab-internet-corpus_4242.jams
dataset/biab-internet-corpus_4243.jams
dataset/biab-internet-corpus_4244.jams
dataset/biab-internet-corpus_4245.jams
dataset/biab-internet-corpus_4246.jams
dataset/biab-internet-corpus_4247.jams
dataset/biab-internet-corpus_4248.jams
dataset/biab-internet-corpus_4249.jams
dataset/biab-internet-corpus_425.jams
dataset/biab-internet-corpus_4250.jams
dataset/biab-internet-corpus_4251.jams
dataset/biab-internet-corpus_4252.jams
dataset/biab-internet-corpus_4253.jams
dataset/biab-internet-corpus_4254.jams
dataset/biab-internet-corpus_4255.jams
dataset/biab-internet-corpus_4256.jams
dataset/biab-internet-corpus_4257.jams
dataset/biab-internet-corpus_4258.jams
dataset/biab-internet-corpus_4259.jams
dataset/biab-internet-corpus_426.jams
dataset/biab-internet-corpus_4260.jams
dataset/biab-internet-corpus_4261.jams
dataset/biab-internet-corpus_4262.jams
dataset/biab-internet-corpus_4263.jams
dataset/biab-internet-corpus_4264.jams
dataset/biab-internet-corpus_4265.jams
dataset/biab-internet-corpus_4266.jams
dataset/biab-internet-corpus_4267.jams
dataset/biab-internet-corpus_4268.jams
dataset/biab-internet-corpus_4269.jams
dataset/biab-internet-corpus_427.jams
dataset/biab-internet-corpus_4270.jams
dataset/biab-internet-corpus_4271.jams
dataset/biab-internet-corpus_4272.jams
dataset/biab-internet-corpus_4273.jams
dataset/biab-internet-corpus_4275.jams
dataset/biab-internet-corpus_4276.jams
dataset/biab-internet-corpus_4277.jams
dataset/biab-internet-corpus_4278.jams
dataset/biab-internet-corpus_4279.jams
dataset/biab-internet-corpus_428.jams
dataset/biab-internet-corpus_4280.jams
dataset/biab-internet-corpus_4281.jams
dataset/biab-internet-corpus_4282.jams
dataset/biab-internet-corpus_4283.jams
dataset/biab-internet-corpus_4284.jams
dataset/biab-internet-corpus_4285.jams
dataset/biab-internet-corpus_4286.jams
dataset/biab-internet-corpus_4287.jams
dataset/biab-internet-corpus_4288.jams
dataset/biab-internet-corpus_4289.jams
dataset/biab-internet-corpus_429.jams
dataset/biab-internet-corpus_4290.jams
dataset/biab-internet-corpus_4291.jams
dataset/biab-internet-corpus_4292.jams
dataset/biab-internet-corpus_4293.jams
dataset/biab-internet-corpus_4294.jams
dataset/biab-internet-corpus_4295.jams
dataset/biab-internet-corpus_4296.jams
dataset/biab-internet-corpus_4297.jams
dataset/biab-internet-corpus_4298.jams
dataset/biab-internet-corpus_4299.jams
dataset/biab-internet-corpus_43.jams
dataset/biab-internet-corpus_430.jams
dataset/biab-internet-corpus_4300.jams
dataset/biab-internet-corpus_4301.jams
dataset/biab-internet-corpus_4302.jams
dataset/biab-internet-corpus_4303.jams
dataset/biab-internet-corpus_4304.jams
dataset/biab-internet-corpus_4305.jams
dataset/biab-internet-corpus_4306.jams
dataset/biab-internet-corpus_4307.jams
dataset/biab-internet-corpus_4308.jams
dataset/biab-internet-corpus_4309.jams
dataset/biab-internet-corpus_431.jams
dataset/biab-internet-corpus_4310.jams
dataset/biab-internet-corpus_4311.jams
dataset/biab-internet-corpus_4312.jams
dataset/biab-internet-corpus_4313.jams
dataset/biab-internet-corpus_4314.jams
dataset/biab-internet-corpus_4315.jams
dataset/biab-internet-corpus_4316.jams
dataset/biab-internet-corpus_4317.jams
dataset/biab-internet-corpus_4318.jams
dataset/biab-internet-corpus_4319.jams
dataset/biab-internet-corpus_432.jams
dataset/biab-internet-corpus_4320.jams
dataset/biab-internet-corpus_4321.jams
dataset/biab-internet-corpus_4322.jams
dataset/biab-internet-corpus_4323.jams
dataset/biab-internet-corpus_4324.jams
dataset/biab-internet-corpus_4325.jams
dataset/biab-internet-corpus_4326.jams
dataset/biab-internet-corpus_4327.jams
dataset/biab-internet-corpus_4328.jams
dataset/biab-internet-corpus_4329.jams
dataset/biab-internet-corpus_433.jams
dataset/biab-internet-corpus_4330.jams
dataset/biab-internet-corpus_4331.jams
dataset/biab-internet-corpus_4332.jams
dataset/biab-internet-corpus_4333.jams
dataset/biab-internet-corpus_4334.jams
dataset/biab-internet-corpus_4335.jams
dataset/biab-internet-corpus_4336.jams
dataset/biab-internet-corpus_4337.jams
dataset/biab-internet-corpus_4338.jams
dataset/biab-internet-corpus_4339.jams
dataset/biab-internet-corpus_434.jams
dataset/biab-internet-corpus_4340.jams
dataset/biab-internet-corpus_4341.jams
dataset/biab-internet-corpus_4342.jams
dataset/biab-internet-corpus_4343.jams
dataset/biab-internet-corpus_4344.jams
dataset/biab-internet-corpus_4345.jams
dataset/biab-internet-corpus_4346.jams
dataset/biab-internet-corpus_4347.jams
dataset/biab-internet-corpus_4348.jams
dataset/biab-internet-corpus_4349.jams
dataset/biab-internet-corpus_435.jams
dataset/biab-internet-corpus_4350.jams
dataset/biab-internet-corpus_4351.jams
dataset/biab-internet-corpus_4352.jams
dataset/biab-internet-corpus_4353.jams
dataset/biab-internet-corpus_4354.jams
dataset/biab-internet-corpus_4355.jams
dataset/biab-internet-corpus_4356.jams
dataset/biab-internet-corpus_4357.jams
dataset/biab-internet-corpus_4358.jams
dataset/biab-internet-corpus_4359.jams
dataset/biab-internet-corpus_436.jams
dataset/biab-internet-corpus_4360.jams
dataset/biab-internet-corpus_4361.jams
dataset/biab-internet-corpus_4362.jams
dataset/biab-internet-corpus_4363.jams
dataset/biab-internet-corpus_4364.jams
dataset/biab-internet-corpus_4365.jams
dataset/biab-internet-corpus_4366.jams
dataset/biab-internet-corpus_4367.jams
dataset/biab-internet-corpus_4368.jams
dataset/biab-internet-corpus_4369.jams
dataset/biab-internet-corpus_437.jams
dataset/biab-internet-corpus_4370.jams
dataset/biab-internet-corpus_4371.jams
dataset/biab-internet-corpus_4372.jams
dataset/biab-internet-corpus_4373.jams
dataset/biab-internet-corpus_4374.jams
dataset/biab-internet-corpus_4375.jams
dataset/biab-internet-corpus_4376.jams
dataset/biab-internet-corpus_4377.jams
dataset/biab-internet-corpus_4378.jams
dataset/biab-internet-corpus_4379.jams
dataset/biab-internet-corpus_438.jams
dataset/biab-internet-corpus_4380.jams
dataset/biab-internet-corpus_4381.jams
dataset/biab-internet-corpus_4382.jams
dataset/biab-internet-corpus_4383.jams
dataset/biab-internet-corpus_4384.jams
dataset/biab-internet-corpus_4385.jams
dataset/biab-internet-corpus_4386.jams
dataset/biab-internet-corpus_4387.jams
dataset/biab-internet-corpus_4388.jams
dataset/biab-internet-corpus_4389.jams
dataset/biab-internet-corpus_439.jams
dataset/biab-internet-corpus_4390.jams
dataset/biab-internet-corpus_4391.jams
dataset/biab-internet-corpus_4392.jams
dataset/biab-internet-corpus_4393.jams
dataset/biab-internet-corpus_4394.jams
dataset/biab-internet-corpus_4395.jams
dataset/biab-internet-corpus_4396.jams
dataset/biab-internet-corpus_4397.jams
dataset/biab-internet-corpus_4398.jams
dataset/biab-internet-corpus_4399.jams
dataset/biab-internet-corpus_44.jams
dataset/biab-internet-corpus_440.jams
dataset/biab-internet-corpus_4400.jams
dataset/biab-internet-corpus_4401.jams
dataset/biab-internet-corpus_4402.jams
dataset/biab-internet-corpus_4403.jams
dataset/biab-internet-corpus_4404.jams
dataset/biab-internet-corpus_4405.jams
dataset/biab-internet-corpus_4406.jams
dataset/biab-internet-corpus_4407.jams
dataset/biab-internet-corpus_4408.jams
dataset/biab-internet-corpus_4409.jams
dataset/biab-internet-corpus_441.jams
dataset/biab-internet-corpus_4410.jams
dataset/biab-internet-corpus_4411.jams
dataset/biab-internet-corpus_4412.jams
dataset/biab-internet-corpus_4413.jams
dataset/biab-internet-corpus_4414.jams
dataset/biab-internet-corpus_4415.jams
dataset/biab-internet-corpus_4416.jams
dataset/biab-internet-corpus_4417.jams
dataset/biab-internet-corpus_4418.jams
dataset/biab-internet-corpus_4419.jams
dataset/biab-internet-corpus_442.jams
dataset/biab-internet-corpus_4420.jams
dataset/biab-internet-corpus_4421.jams
dataset/biab-internet-corpus_4422.jams
dataset/biab-internet-corpus_4424.jams
dataset/biab-internet-corpus_4425.jams
dataset/biab-internet-corpus_4426.jams
dataset/biab-internet-corpus_4427.jams
dataset/biab-internet-corpus_4428.jams
dataset/biab-internet-corpus_4429.jams
dataset/biab-internet-corpus_443.jams
dataset/biab-internet-corpus_4430.jams
dataset/biab-internet-corpus_4431.jams
dataset/biab-internet-corpus_4433.jams
dataset/biab-internet-corpus_4434.jams
dataset/biab-internet-corpus_4435.jams
dataset/biab-internet-corpus_4436.jams
dataset/biab-internet-corpus_4437.jams
dataset/biab-internet-corpus_4438.jams
dataset/biab-internet-corpus_4439.jams
dataset/biab-internet-corpus_444.jams
dataset/biab-internet-corpus_4440.jams
dataset/biab-internet-corpus_4441.jams
dataset/biab-internet-corpus_4442.jams
dataset/biab-internet-corpus_4443.jams
dataset/biab-internet-corpus_4444.jams
dataset/biab-internet-corpus_4445.jams
dataset/biab-internet-corpus_4446.jams
dataset/biab-internet-corpus_4447.jams
dataset/biab-internet-corpus_4448.jams
dataset/biab-internet-corpus_4449.jams
dataset/biab-internet-corpus_445.jams
dataset/biab-internet-corpus_4450.jams
dataset/biab-internet-corpus_4451.jams
dataset/biab-internet-corpus_4452.jams
dataset/biab-internet-corpus_4453.jams
dataset/biab-internet-corpus_4454.jams
dataset/biab-internet-corpus_4455.jams
dataset/biab-internet-corpus_4456.jams
dataset/biab-internet-corpus_4457.jams
dataset/biab-internet-corpus_4458.jams
dataset/biab-internet-corpus_4459.jams
dataset/biab-internet-corpus_446.jams
dataset/biab-internet-corpus_4460.jams
dataset/biab-internet-corpus_4461.jams
dataset/biab-internet-corpus_4462.jams
dataset/biab-internet-corpus_4463.jams
dataset/biab-internet-corpus_4464.jams
dataset/biab-internet-corpus_4465.jams
dataset/biab-internet-corpus_4466.jams
dataset/biab-internet-corpus_4467.jams
dataset/biab-internet-corpus_4468.jams
dataset/biab-internet-corpus_4469.jams
dataset/biab-internet-corpus_447.jams
dataset/biab-internet-corpus_4470.jams
dataset/biab-internet-corpus_4471.jams
dataset/biab-internet-corpus_4472.jams
dataset/biab-internet-corpus_4473.jams
dataset/biab-internet-corpus_4474.jams
dataset/biab-internet-corpus_4475.jams
dataset/biab-internet-corpus_4476.jams
dataset/biab-internet-corpus_4477.jams
dataset/biab-internet-corpus_4478.jams
dataset/biab-internet-corpus_4479.jams
dataset/biab-internet-corpus_448.jams
dataset/biab-internet-corpus_4480.jams
dataset/biab-internet-corpus_4481.jams
dataset/biab-internet-corpus_4482.jams
dataset/biab-internet-corpus_4483.jams
dataset/biab-internet-corpus_4484.jams
dataset/biab-internet-corpus_4485.jams
dataset/biab-internet-corpus_4486.jams
dataset/biab-internet-corpus_4487.jams
dataset/biab-internet-corpus_4488.jams
dataset/biab-internet-corpus_4489.jams
dataset/biab-internet-corpus_449.jams
dataset/biab-internet-corpus_4490.jams
dataset/biab-internet-corpus_4491.jams
dataset/biab-internet-corpus_4492.jams
dataset/biab-internet-corpus_4493.jams
dataset/biab-internet-corpus_4494.jams
dataset/biab-internet-corpus_4495.jams
dataset/biab-internet-corpus_4496.jams
dataset/biab-internet-corpus_4497.jams
dataset/biab-internet-corpus_4498.jams
dataset/biab-internet-corpus_4499.jams
dataset/biab-internet-corpus_45.jams
dataset/biab-internet-corpus_450.jams
dataset/biab-internet-corpus_4500.jams
dataset/biab-internet-corpus_4501.jams
dataset/biab-internet-corpus_4502.jams
dataset/biab-internet-corpus_4503.jams
dataset/biab-internet-corpus_4504.jams
dataset/biab-internet-corpus_4505.jams
dataset/biab-internet-corpus_4506.jams
dataset/biab-internet-corpus_4507.jams
dataset/biab-internet-corpus_4508.jams
dataset/biab-internet-corpus_4509.jams
dataset/biab-internet-corpus_451.jams
dataset/biab-internet-corpus_4510.jams
dataset/biab-internet-corpus_4511.jams
dataset/biab-internet-corpus_4512.jams
dataset/biab-internet-corpus_4513.jams
dataset/biab-internet-corpus_4514.jams
dataset/biab-internet-corpus_4515.jams
dataset/biab-internet-corpus_4516.jams
dataset/biab-internet-corpus_4517.jams
dataset/biab-internet-corpus_4518.jams
dataset/biab-internet-corpus_4519.jams
dataset/biab-internet-corpus_452.jams
dataset/biab-internet-corpus_4520.jams
dataset/biab-internet-corpus_4521.jams
dataset/biab-internet-corpus_4522.jams
dataset/biab-internet-corpus_4523.jams
dataset/biab-internet-corpus_4524.jams
dataset/biab-internet-corpus_4525.jams
dataset/biab-internet-corpus_4526.jams
dataset/biab-internet-corpus_4527.jams
dataset/biab-internet-corpus_4528.jams
dataset/biab-internet-corpus_4529.jams
dataset/biab-internet-corpus_453.jams
dataset/biab-internet-corpus_4530.jams
dataset/biab-internet-corpus_4531.jams
dataset/biab-internet-corpus_4532.jams
dataset/biab-internet-corpus_4533.jams
dataset/biab-internet-corpus_4534.jams
dataset/biab-internet-corpus_4535.jams
dataset/biab-internet-corpus_4536.jams
dataset/biab-internet-corpus_4537.jams
dataset/biab-internet-corpus_4538.jams
dataset/biab-internet-corpus_4539.jams
dataset/biab-internet-corpus_454.jams
dataset/biab-internet-corpus_4540.jams
dataset/biab-internet-corpus_4541.jams
dataset/biab-internet-corpus_4542.jams
dataset/biab-internet-corpus_4543.jams
dataset/biab-internet-corpus_4544.jams
dataset/biab-internet-corpus_4545.jams
dataset/biab-internet-corpus_4546.jams
dataset/biab-internet-corpus_4547.jams
dataset/biab-internet-corpus_4549.jams
dataset/biab-internet-corpus_455.jams
dataset/biab-internet-corpus_4550.jams
dataset/biab-internet-corpus_4551.jams
dataset/biab-internet-corpus_4552.jams
dataset/biab-internet-corpus_4553.jams
dataset/biab-internet-corpus_4554.jams
dataset/biab-internet-corpus_4555.jams
dataset/biab-internet-corpus_4556.jams
dataset/biab-internet-corpus_4557.jams
dataset/biab-internet-corpus_4558.jams
dataset/biab-internet-corpus_4559.jams
dataset/biab-internet-corpus_456.jams
dataset/biab-internet-corpus_4560.jams
dataset/biab-internet-corpus_4561.jams
dataset/biab-internet-corpus_4562.jams
dataset/biab-internet-corpus_4563.jams
dataset/biab-internet-corpus_4564.jams
dataset/biab-internet-corpus_4565.jams
dataset/biab-internet-corpus_4566.jams
dataset/biab-internet-corpus_4567.jams
dataset/biab-internet-corpus_4568.jams
dataset/biab-internet-corpus_4569.jams
dataset/biab-internet-corpus_457.jams
dataset/biab-internet-corpus_4570.jams
dataset/biab-internet-corpus_4571.jams
dataset/biab-internet-corpus_4572.jams
dataset/biab-internet-corpus_4573.jams
dataset/biab-internet-corpus_4574.jams
dataset/biab-internet-corpus_4575.jams
dataset/biab-internet-corpus_4576.jams
dataset/biab-internet-corpus_4577.jams
dataset/biab-internet-corpus_4578.jams
dataset/biab-internet-corpus_4579.jams
dataset/biab-internet-corpus_458.jams
dataset/biab-internet-corpus_4580.jams
dataset/biab-internet-corpus_4581.jams
dataset/biab-internet-corpus_4582.jams
dataset/biab-internet-corpus_4583.jams
dataset/biab-internet-corpus_4584.jams
dataset/biab-internet-corpus_4585.jams
dataset/biab-internet-corpus_4586.jams
dataset/biab-internet-corpus_4587.jams
dataset/biab-internet-corpus_4588.jams
dataset/biab-internet-corpus_4589.jams
dataset/biab-internet-corpus_459.jams
dataset/biab-internet-corpus_4590.jams
dataset/biab-internet-corpus_4591.jams
dataset/biab-internet-corpus_4592.jams
dataset/biab-internet-corpus_4593.jams
dataset/biab-internet-corpus_4594.jams
dataset/biab-internet-corpus_4595.jams
dataset/biab-internet-corpus_4596.jams
dataset/biab-internet-corpus_4597.jams
dataset/biab-internet-corpus_4598.jams
dataset/biab-internet-corpus_4599.jams
dataset/biab-internet-corpus_46.jams
dataset/biab-internet-corpus_460.jams
dataset/biab-internet-corpus_4600.jams
dataset/biab-internet-corpus_4601.jams
dataset/biab-internet-corpus_4602.jams
dataset/biab-internet-corpus_4603.jams
dataset/biab-internet-corpus_4604.jams
dataset/biab-internet-corpus_4605.jams
dataset/biab-internet-corpus_4606.jams
dataset/biab-internet-corpus_4607.jams
dataset/biab-internet-corpus_4608.jams
dataset/biab-internet-corpus_4609.jams
dataset/biab-internet-corpus_461.jams
dataset/biab-internet-corpus_4610.jams
dataset/biab-internet-corpus_4611.jams
dataset/biab-internet-corpus_4612.jams
dataset/biab-internet-corpus_4613.jams
dataset/biab-internet-corpus_4614.jams
dataset/biab-internet-corpus_4615.jams
dataset/biab-internet-corpus_4616.jams
dataset/biab-internet-corpus_4617.jams
dataset/biab-internet-corpus_4618.jams
dataset/biab-internet-corpus_4619.jams
dataset/biab-internet-corpus_462.jams
dataset/biab-internet-corpus_4620.jams
dataset/biab-internet-corpus_4621.jams
dataset/biab-internet-corpus_4622.jams
dataset/biab-internet-corpus_4623.jams
dataset/biab-internet-corpus_4624.jams
dataset/biab-internet-corpus_4625.jams
dataset/biab-internet-corpus_4626.jams
dataset/biab-internet-corpus_4627.jams
dataset/biab-internet-corpus_4628.jams
dataset/biab-internet-corpus_4629.jams
dataset/biab-internet-corpus_463.jams
dataset/biab-internet-corpus_4630.jams
dataset/biab-internet-corpus_4631.jams
dataset/biab-internet-corpus_4632.jams
dataset/biab-internet-corpus_4633.jams
dataset/biab-internet-corpus_4634.jams
dataset/biab-internet-corpus_4635.jams
dataset/biab-internet-corpus_4636.jams
dataset/biab-internet-corpus_4637.jams
dataset/biab-internet-corpus_4638.jams
dataset/biab-internet-corpus_4639.jams
dataset/biab-internet-corpus_464.jams
dataset/biab-internet-corpus_4640.jams
dataset/biab-internet-corpus_4641.jams
dataset/biab-internet-corpus_4642.jams
dataset/biab-internet-corpus_4643.jams
dataset/biab-internet-corpus_4644.jams
dataset/biab-internet-corpus_4645.jams
dataset/biab-internet-corpus_4646.jams
dataset/biab-internet-corpus_4647.jams
dataset/biab-internet-corpus_4648.jams
dataset/biab-internet-corpus_4649.jams
dataset/biab-internet-corpus_465.jams
dataset/biab-internet-corpus_4650.jams
dataset/biab-internet-corpus_4651.jams
dataset/biab-internet-corpus_4652.jams
dataset/biab-internet-corpus_4653.jams
dataset/biab-internet-corpus_4654.jams
dataset/biab-internet-corpus_4655.jams
dataset/biab-internet-corpus_4656.jams
dataset/biab-internet-corpus_4657.jams
dataset/biab-internet-corpus_4658.jams
dataset/biab-internet-corpus_4659.jams
dataset/biab-internet-corpus_466.jams
dataset/biab-internet-corpus_4660.jams
dataset/biab-internet-corpus_4661.jams
dataset/biab-internet-corpus_4662.jams
dataset/biab-internet-corpus_4663.jams
dataset/biab-internet-corpus_4664.jams
dataset/biab-internet-corpus_4665.jams
dataset/biab-internet-corpus_4666.jams
dataset/biab-internet-corpus_4667.jams
dataset/biab-internet-corpus_4668.jams
dataset/biab-internet-corpus_4669.jams
dataset/biab-internet-corpus_467.jams
dataset/biab-internet-corpus_4670.jams
dataset/biab-internet-corpus_4671.jams
dataset/biab-internet-corpus_4672.jams
dataset/biab-internet-corpus_4673.jams
dataset/biab-internet-corpus_4674.jams
dataset/biab-internet-corpus_4675.jams
dataset/biab-internet-corpus_4676.jams
dataset/biab-internet-corpus_4677.jams
dataset/biab-internet-corpus_4678.jams
dataset/biab-internet-corpus_4679.jams
dataset/biab-internet-corpus_468.jams
dataset/biab-internet-corpus_4680.jams
dataset/biab-internet-corpus_4681.jams
dataset/biab-internet-corpus_4682.jams
dataset/biab-internet-corpus_4683.jams
dataset/biab-internet-corpus_4684.jams
dataset/biab-internet-corpus_4685.jams
dataset/biab-internet-corpus_4686.jams
dataset/biab-internet-corpus_4687.jams
dataset/biab-internet-corpus_4688.jams
dataset/biab-internet-corpus_4689.jams
dataset/biab-internet-corpus_469.jams
dataset/biab-internet-corpus_4690.jams
dataset/biab-internet-corpus_4691.jams
dataset/biab-internet-corpus_4692.jams
dataset/biab-internet-corpus_4693.jams
dataset/biab-internet-corpus_4694.jams
dataset/biab-internet-corpus_4695.jams
dataset/biab-internet-corpus_4696.jams
dataset/biab-internet-corpus_4697.jams
dataset/biab-internet-corpus_4698.jams
dataset/biab-internet-corpus_4699.jams
dataset/biab-internet-corpus_47.jams
dataset/biab-internet-corpus_470.jams
dataset/biab-internet-corpus_4700.jams
dataset/biab-internet-corpus_4701.jams
dataset/biab-internet-corpus_4702.jams
dataset/biab-internet-corpus_4703.jams
dataset/biab-internet-corpus_4704.jams
dataset/biab-internet-corpus_4705.jams
dataset/biab-internet-corpus_4706.jams
dataset/biab-internet-corpus_4707.jams
dataset/biab-internet-corpus_4708.jams
dataset/biab-internet-corpus_4709.jams
dataset/biab-internet-corpus_471.jams
dataset/biab-internet-corpus_4710.jams
dataset/biab-internet-corpus_4711.jams
dataset/biab-internet-corpus_4712.jams
dataset/biab-internet-corpus_4713.jams
dataset/biab-internet-corpus_4714.jams
dataset/biab-internet-corpus_4715.jams
dataset/biab-internet-corpus_4716.jams
dataset/biab-internet-corpus_4717.jams
dataset/biab-internet-corpus_4718.jams
dataset/biab-internet-corpus_4719.jams
dataset/biab-internet-corpus_472.jams
dataset/biab-internet-corpus_4720.jams
dataset/biab-internet-corpus_4721.jams
dataset/biab-internet-corpus_4722.jams
dataset/biab-internet-corpus_4723.jams
dataset/biab-internet-corpus_4724.jams
dataset/biab-internet-corpus_4725.jams
dataset/biab-internet-corpus_4726.jams
dataset/biab-internet-corpus_4727.jams
dataset/biab-internet-corpus_4728.jams
dataset/biab-internet-corpus_4729.jams
dataset/biab-internet-corpus_473.jams
dataset/biab-internet-corpus_4730.jams
dataset/biab-internet-corpus_4731.jams
dataset/biab-internet-corpus_4732.jams
dataset/biab-internet-corpus_4733.jams
dataset/biab-internet-corpus_4734.jams
dataset/biab-internet-corpus_4735.jams
dataset/biab-internet-corpus_4736.jams
dataset/biab-internet-corpus_4737.jams
dataset/biab-internet-corpus_4738.jams
dataset/biab-internet-corpus_4739.jams
dataset/biab-internet-corpus_474.jams
dataset/biab-internet-corpus_4740.jams
dataset/biab-internet-corpus_4741.jams
dataset/biab-internet-corpus_4742.jams
dataset/biab-internet-corpus_4743.jams
dataset/biab-internet-corpus_4744.jams
dataset/biab-internet-corpus_4745.jams
dataset/biab-internet-corpus_4746.jams
dataset/biab-internet-corpus_4747.jams
dataset/biab-internet-corpus_4748.jams
dataset/biab-internet-corpus_4749.jams
dataset/biab-internet-corpus_475.jams
dataset/biab-internet-corpus_4750.jams
dataset/biab-internet-corpus_4751.jams
dataset/biab-internet-corpus_4752.jams
dataset/biab-internet-corpus_4753.jams
dataset/biab-internet-corpus_4754.jams
dataset/biab-internet-corpus_4755.jams
dataset/biab-internet-corpus_4756.jams
dataset/biab-internet-corpus_4757.jams
dataset/biab-internet-corpus_4758.jams
dataset/biab-internet-corpus_4759.jams
dataset/biab-internet-corpus_476.jams
dataset/biab-internet-corpus_4760.jams
dataset/biab-internet-corpus_4761.jams
dataset/biab-internet-corpus_4762.jams
dataset/biab-internet-corpus_4763.jams
dataset/biab-internet-corpus_4764.jams
dataset/biab-internet-corpus_4765.jams
dataset/biab-internet-corpus_4766.jams
dataset/biab-internet-corpus_4767.jams
dataset/biab-internet-corpus_4768.jams
dataset/biab-internet-corpus_4769.jams
dataset/biab-internet-corpus_477.jams
dataset/biab-internet-corpus_4770.jams
dataset/biab-internet-corpus_4771.jams
dataset/biab-internet-corpus_4772.jams
dataset/biab-internet-corpus_4773.jams
dataset/biab-internet-corpus_4774.jams
dataset/biab-internet-corpus_4775.jams
dataset/biab-internet-corpus_4776.jams
dataset/biab-internet-corpus_4777.jams
dataset/biab-internet-corpus_4778.jams
dataset/biab-internet-corpus_4779.jams
dataset/biab-internet-corpus_478.jams
dataset/biab-internet-corpus_4780.jams
dataset/biab-internet-corpus_4781.jams
dataset/biab-internet-corpus_4782.jams
dataset/biab-internet-corpus_4783.jams
dataset/biab-internet-corpus_4784.jams
dataset/biab-internet-corpus_4785.jams
dataset/biab-internet-corpus_4786.jams
dataset/biab-internet-corpus_4787.jams
dataset/biab-internet-corpus_4788.jams
dataset/biab-internet-corpus_4789.jams
dataset/biab-internet-corpus_479.jams
dataset/biab-internet-corpus_4790.jams
dataset/biab-internet-corpus_4791.jams
dataset/biab-internet-corpus_4792.jams
dataset/biab-internet-corpus_4793.jams
dataset/biab-internet-corpus_4794.jams
dataset/biab-internet-corpus_4795.jams
dataset/biab-internet-corpus_4796.jams
dataset/biab-internet-corpus_4797.jams
dataset/biab-internet-corpus_4798.jams
dataset/biab-internet-corpus_4799.jams
dataset/biab-internet-corpus_48.jams
dataset/biab-internet-corpus_480.jams
dataset/biab-internet-corpus_4800.jams
dataset/biab-internet-corpus_4801.jams
dataset/biab-internet-corpus_4802.jams
dataset/biab-internet-corpus_4803.jams
dataset/biab-internet-corpus_4804.jams
dataset/biab-internet-corpus_4805.jams
dataset/biab-internet-corpus_4806.jams
dataset/biab-internet-corpus_4807.jams
dataset/biab-internet-corpus_4808.jams
dataset/biab-internet-corpus_4809.jams
dataset/biab-internet-corpus_481.jams
dataset/biab-internet-corpus_4810.jams
dataset/biab-internet-corpus_4811.jams
dataset/biab-internet-corpus_4812.jams
dataset/biab-internet-corpus_4813.jams
dataset/biab-internet-corpus_4814.jams
dataset/biab-internet-corpus_4815.jams
dataset/biab-internet-corpus_4816.jams
dataset/biab-internet-corpus_4817.jams
dataset/biab-internet-corpus_4818.jams
dataset/biab-internet-corpus_4819.jams
dataset/biab-internet-corpus_482.jams
dataset/biab-internet-corpus_4820.jams
dataset/biab-internet-corpus_4821.jams
dataset/biab-internet-corpus_4822.jams
dataset/biab-internet-corpus_4824.jams
dataset/biab-internet-corpus_4825.jams
dataset/biab-internet-corpus_4826.jams
dataset/biab-internet-corpus_4827.jams
dataset/biab-internet-corpus_4828.jams
dataset/biab-internet-corpus_4829.jams
dataset/biab-internet-corpus_483.jams
dataset/biab-internet-corpus_4830.jams
dataset/biab-internet-corpus_4831.jams
dataset/biab-internet-corpus_4832.jams
dataset/biab-internet-corpus_4833.jams
dataset/biab-internet-corpus_4834.jams
dataset/biab-internet-corpus_4835.jams
dataset/biab-internet-corpus_4836.jams
dataset/biab-internet-corpus_4837.jams
dataset/biab-internet-corpus_4838.jams
dataset/biab-internet-corpus_4839.jams
dataset/biab-internet-corpus_484.jams
dataset/biab-internet-corpus_4840.jams
dataset/biab-internet-corpus_4841.jams
dataset/biab-internet-corpus_4842.jams
dataset/biab-internet-corpus_4843.jams
dataset/biab-internet-corpus_4844.jams
dataset/biab-internet-corpus_4845.jams
dataset/biab-internet-corpus_4846.jams
dataset/biab-internet-corpus_4847.jams
dataset/biab-internet-corpus_4848.jams
dataset/biab-internet-corpus_4849.jams
dataset/biab-internet-corpus_485.jams
dataset/biab-internet-corpus_4850.jams
dataset/biab-internet-corpus_4851.jams
dataset/biab-internet-corpus_4852.jams
dataset/biab-internet-corpus_4853.jams
dataset/biab-internet-corpus_4854.jams
dataset/biab-internet-corpus_4855.jams
dataset/biab-internet-corpus_4856.jams
dataset/biab-internet-corpus_4857.jams
dataset/biab-internet-corpus_4858.jams
dataset/biab-internet-corpus_4859.jams
dataset/biab-internet-corpus_486.jams
dataset/biab-internet-corpus_4860.jams
dataset/biab-internet-corpus_4861.jams
dataset/biab-internet-corpus_4862.jams
dataset/biab-internet-corpus_4863.jams
dataset/biab-internet-corpus_4864.jams
dataset/biab-internet-corpus_4865.jams
dataset/biab-internet-corpus_4866.jams
dataset/biab-internet-corpus_4867.jams
dataset/biab-internet-corpus_4868.jams
dataset/biab-internet-corpus_4869.jams
dataset/biab-internet-corpus_487.jams
dataset/biab-internet-corpus_4870.jams
dataset/biab-internet-corpus_4871.jams
dataset/biab-internet-corpus_4872.jams
dataset/biab-internet-corpus_4873.jams
dataset/biab-internet-corpus_4874.jams
dataset/biab-internet-corpus_4875.jams
dataset/biab-internet-corpus_4876.jams
dataset/biab-internet-corpus_4877.jams
dataset/biab-internet-corpus_4878.jams
dataset/biab-internet-corpus_4879.jams
dataset/biab-internet-corpus_488.jams
dataset/biab-internet-corpus_4880.jams
dataset/biab-internet-corpus_4881.jams
dataset/biab-internet-corpus_4882.jams
dataset/biab-internet-corpus_4883.jams
dataset/biab-internet-corpus_4884.jams
dataset/biab-internet-corpus_4885.jams
dataset/biab-internet-corpus_4886.jams
dataset/biab-internet-corpus_4887.jams
dataset/biab-internet-corpus_4888.jams
dataset/biab-internet-corpus_4889.jams
dataset/biab-internet-corpus_489.jams
dataset/biab-internet-corpus_4890.jams
dataset/biab-internet-corpus_4891.jams
dataset/biab-internet-corpus_4892.jams
dataset/biab-internet-corpus_4893.jams
dataset/biab-internet-corpus_4894.jams
dataset/biab-internet-corpus_4895.jams
dataset/biab-internet-corpus_4896.jams
dataset/biab-internet-corpus_4897.jams
dataset/biab-internet-corpus_4898.jams
dataset/biab-internet-corpus_4899.jams
dataset/biab-internet-corpus_49.jams
dataset/biab-internet-corpus_490.jams
dataset/biab-internet-corpus_4900.jams
dataset/biab-internet-corpus_4901.jams
dataset/biab-internet-corpus_4902.jams
dataset/biab-internet-corpus_4903.jams
dataset/biab-internet-corpus_4904.jams
dataset/biab-internet-corpus_4905.jams
dataset/biab-internet-corpus_4906.jams
dataset/biab-internet-corpus_4907.jams
dataset/biab-internet-corpus_4908.jams
dataset/biab-internet-corpus_4909.jams
dataset/biab-internet-corpus_491.jams
dataset/biab-internet-corpus_4910.jams
dataset/biab-internet-corpus_4911.jams
dataset/biab-internet-corpus_4912.jams
dataset/biab-internet-corpus_4913.jams
dataset/biab-internet-corpus_4915.jams
dataset/biab-internet-corpus_4916.jams
dataset/biab-internet-corpus_4917.jams
dataset/biab-internet-corpus_4918.jams
dataset/biab-internet-corpus_4919.jams
dataset/biab-internet-corpus_492.jams
dataset/biab-internet-corpus_4920.jams
dataset/biab-internet-corpus_4921.jams
dataset/biab-internet-corpus_4922.jams
dataset/biab-internet-corpus_4923.jams
dataset/biab-internet-corpus_4924.jams
dataset/biab-internet-corpus_4925.jams
dataset/biab-internet-corpus_4926.jams
dataset/biab-internet-corpus_4927.jams
dataset/biab-internet-corpus_4928.jams
dataset/biab-internet-corpus_4929.jams
dataset/biab-internet-corpus_493.jams
dataset/biab-internet-corpus_4930.jams
dataset/biab-internet-corpus_4931.jams
dataset/biab-internet-corpus_4932.jams
dataset/biab-internet-corpus_4933.jams
dataset/biab-internet-corpus_4934.jams
dataset/biab-internet-corpus_4935.jams
dataset/biab-internet-corpus_4936.jams
dataset/biab-internet-corpus_4937.jams
dataset/biab-internet-corpus_4938.jams
dataset/biab-internet-corpus_4939.jams
dataset/biab-internet-corpus_494.jams
dataset/biab-internet-corpus_4940.jams
dataset/biab-internet-corpus_4941.jams
dataset/biab-internet-corpus_4942.jams
dataset/biab-internet-corpus_4943.jams
dataset/biab-internet-corpus_4944.jams
dataset/biab-internet-corpus_4946.jams
dataset/biab-internet-corpus_4947.jams
dataset/biab-internet-corpus_4948.jams
dataset/biab-internet-corpus_4949.jams
dataset/biab-internet-corpus_495.jams
dataset/biab-internet-corpus_4950.jams
dataset/biab-internet-corpus_4951.jams
dataset/biab-internet-corpus_4952.jams
dataset/biab-internet-corpus_4953.jams
dataset/biab-internet-corpus_4954.jams
dataset/biab-internet-corpus_4955.jams
dataset/biab-internet-corpus_4956.jams
dataset/biab-internet-corpus_4957.jams
dataset/biab-internet-corpus_4958.jams
dataset/biab-internet-corpus_4959.jams
dataset/biab-internet-corpus_496.jams
dataset/biab-internet-corpus_4960.jams
dataset/biab-internet-corpus_4961.jams
dataset/biab-internet-corpus_4962.jams
dataset/biab-internet-corpus_4963.jams
dataset/biab-internet-corpus_4964.jams
dataset/biab-internet-corpus_4966.jams
dataset/biab-internet-corpus_4967.jams
dataset/biab-internet-corpus_4968.jams
dataset/biab-internet-corpus_4969.jams
dataset/biab-internet-corpus_497.jams
dataset/biab-internet-corpus_4970.jams
dataset/biab-internet-corpus_4971.jams
dataset/biab-internet-corpus_4972.jams
dataset/biab-internet-corpus_4973.jams
dataset/biab-internet-corpus_4974.jams
dataset/biab-internet-corpus_4975.jams
dataset/biab-internet-corpus_4976.jams
dataset/biab-internet-corpus_4977.jams
dataset/biab-internet-corpus_4978.jams
dataset/biab-internet-corpus_4979.jams
dataset/biab-internet-corpus_498.jams
dataset/biab-internet-corpus_4980.jams
dataset/biab-internet-corpus_4981.jams
dataset/biab-internet-corpus_4982.jams
dataset/biab-internet-corpus_4983.jams
dataset/biab-internet-corpus_4984.jams
dataset/biab-internet-corpus_4985.jams
dataset/biab-internet-corpus_4986.jams
dataset/biab-internet-corpus_4987.jams
dataset/biab-internet-corpus_4988.jams
dataset/biab-internet-corpus_4989.jams
dataset/biab-internet-corpus_499.jams
dataset/biab-internet-corpus_4990.jams
dataset/biab-internet-corpus_4991.jams
dataset/biab-internet-corpus_4992.jams
dataset/biab-internet-corpus_4993.jams
dataset/biab-internet-corpus_4994.jams
dataset/biab-internet-corpus_4995.jams
dataset/biab-internet-corpus_4996.jams
dataset/biab-internet-corpus_4997.jams
dataset/biab-internet-corpus_4998.jams
dataset/biab-internet-corpus_4999.jams
dataset/biab-internet-corpus_5.jams
dataset/biab-internet-corpus_50.jams
dataset/biab-internet-corpus_500.jams
dataset/biab-internet-corpus_5000.jams
dataset/biab-internet-corpus_5001.jams
dataset/biab-internet-corpus_5002.jams
dataset/biab-internet-corpus_5003.jams
dataset/biab-internet-corpus_5004.jams
dataset/biab-internet-corpus_5005.jams
dataset/biab-internet-corpus_5006.jams
dataset/biab-internet-corpus_5007.jams
dataset/biab-internet-corpus_5008.jams
dataset/biab-internet-corpus_5009.jams
dataset/biab-internet-corpus_501.jams
dataset/biab-internet-corpus_5010.jams
dataset/biab-internet-corpus_5011.jams
dataset/biab-internet-corpus_5012.jams
dataset/biab-internet-corpus_5013.jams
dataset/biab-internet-corpus_5014.jams
dataset/biab-internet-corpus_5015.jams
dataset/biab-internet-corpus_5016.jams
dataset/biab-internet-corpus_5017.jams
dataset/biab-internet-corpus_5018.jams
dataset/biab-internet-corpus_5019.jams
dataset/biab-internet-corpus_502.jams
dataset/biab-internet-corpus_5020.jams
dataset/biab-internet-corpus_5021.jams
dataset/biab-internet-corpus_5022.jams
dataset/biab-internet-corpus_5023.jams
dataset/biab-internet-corpus_5024.jams
dataset/biab-internet-corpus_5025.jams
dataset/biab-internet-corpus_5026.jams
dataset/biab-internet-corpus_5027.jams
dataset/biab-internet-corpus_5028.jams
dataset/biab-internet-corpus_503.jams
dataset/biab-internet-corpus_504.jams
dataset/biab-internet-corpus_505.jams
dataset/biab-internet-corpus_506.jams
dataset/biab-internet-corpus_507.jams
dataset/biab-internet-corpus_508.jams
dataset/biab-internet-corpus_509.jams
dataset/biab-internet-corpus_51.jams
dataset/biab-internet-corpus_510.jams
dataset/biab-internet-corpus_511.jams
dataset/biab-internet-corpus_512.jams
dataset/biab-internet-corpus_513.jams
dataset/biab-internet-corpus_514.jams
dataset/biab-internet-corpus_515.jams
dataset/biab-internet-corpus_516.jams
dataset/biab-internet-corpus_517.jams
dataset/biab-internet-corpus_518.jams
dataset/biab-internet-corpus_52.jams
dataset/biab-internet-corpus_520.jams
dataset/biab-internet-corpus_521.jams
dataset/biab-internet-corpus_522.jams
dataset/biab-internet-corpus_523.jams
dataset/biab-internet-corpus_524.jams
dataset/biab-internet-corpus_525.jams
dataset/biab-internet-corpus_526.jams
dataset/biab-internet-corpus_527.jams
dataset/biab-internet-corpus_528.jams
dataset/biab-internet-corpus_529.jams
dataset/biab-internet-corpus_53.jams
dataset/biab-internet-corpus_530.jams
dataset/biab-internet-corpus_531.jams
dataset/biab-internet-corpus_532.jams
dataset/biab-internet-corpus_533.jams
dataset/biab-internet-corpus_534.jams
dataset/biab-internet-corpus_535.jams
dataset/biab-internet-corpus_536.jams
dataset/biab-internet-corpus_537.jams
dataset/biab-internet-corpus_538.jams
dataset/biab-internet-corpus_539.jams
dataset/biab-internet-corpus_54.jams
dataset/biab-internet-corpus_540.jams
dataset/biab-internet-corpus_541.jams
dataset/biab-internet-corpus_542.jams
dataset/biab-internet-corpus_543.jams
dataset/biab-internet-corpus_544.jams
dataset/biab-internet-corpus_545.jams
dataset/biab-internet-corpus_546.jams
dataset/biab-internet-corpus_547.jams
dataset/biab-internet-corpus_548.jams
dataset/biab-internet-corpus_549.jams
dataset/biab-internet-corpus_55.jams
dataset/biab-internet-corpus_550.jams
dataset/biab-internet-corpus_551.jams
dataset/biab-internet-corpus_552.jams
dataset/biab-internet-corpus_553.jams
dataset/biab-internet-corpus_554.jams
dataset/biab-internet-corpus_555.jams
dataset/biab-internet-corpus_556.jams
dataset/biab-internet-corpus_557.jams
dataset/biab-internet-corpus_558.jams
dataset/biab-internet-corpus_559.jams
dataset/biab-internet-corpus_56.jams
dataset/biab-internet-corpus_560.jams
dataset/biab-internet-corpus_561.jams
dataset/biab-internet-corpus_562.jams
dataset/biab-internet-corpus_563.jams
dataset/biab-internet-corpus_564.jams
dataset/biab-internet-corpus_565.jams
dataset/biab-internet-corpus_566.jams
dataset/biab-internet-corpus_567.jams
dataset/biab-internet-corpus_568.jams
dataset/biab-internet-corpus_569.jams
dataset/biab-internet-corpus_57.jams
dataset/biab-internet-corpus_570.jams
dataset/biab-internet-corpus_571.jams
dataset/biab-internet-corpus_572.jams
dataset/biab-internet-corpus_573.jams
dataset/biab-internet-corpus_574.jams
dataset/biab-internet-corpus_575.jams
dataset/biab-internet-corpus_576.jams
dataset/biab-internet-corpus_577.jams
dataset/biab-internet-corpus_578.jams
dataset/biab-internet-corpus_579.jams
dataset/biab-internet-corpus_58.jams
dataset/biab-internet-corpus_580.jams
dataset/biab-internet-corpus_581.jams
dataset/biab-internet-corpus_582.jams
dataset/biab-internet-corpus_583.jams
dataset/biab-internet-corpus_584.jams
dataset/biab-internet-corpus_585.jams
dataset/biab-internet-corpus_586.jams
dataset/biab-internet-corpus_587.jams
dataset/biab-internet-corpus_588.jams
dataset/biab-internet-corpus_589.jams
dataset/biab-internet-corpus_59.jams
dataset/biab-internet-corpus_590.jams
dataset/biab-internet-corpus_591.jams
dataset/biab-internet-corpus_592.jams
dataset/biab-internet-corpus_593.jams
dataset/biab-internet-corpus_594.jams
dataset/biab-internet-corpus_595.jams
dataset/biab-internet-corpus_596.jams
dataset/biab-internet-corpus_597.jams
dataset/biab-internet-corpus_598.jams
dataset/biab-internet-corpus_599.jams
dataset/biab-internet-corpus_6.jams
dataset/biab-internet-corpus_60.jams
dataset/biab-internet-corpus_600.jams
dataset/biab-internet-corpus_601.jams
dataset/biab-internet-corpus_602.jams
dataset/biab-internet-corpus_603.jams
dataset/biab-internet-corpus_604.jams
dataset/biab-internet-corpus_605.jams
dataset/biab-internet-corpus_606.jams
dataset/biab-internet-corpus_607.jams
dataset/biab-internet-corpus_608.jams
dataset/biab-internet-corpus_609.jams
dataset/biab-internet-corpus_61.jams
dataset/biab-internet-corpus_610.jams
dataset/biab-internet-corpus_611.jams
dataset/biab-internet-corpus_612.jams
dataset/biab-internet-corpus_613.jams
dataset/biab-internet-corpus_614.jams
dataset/biab-internet-corpus_615.jams
dataset/biab-internet-corpus_616.jams
dataset/biab-internet-corpus_617.jams
dataset/biab-internet-corpus_618.jams
dataset/biab-internet-corpus_619.jams
dataset/biab-internet-corpus_62.jams
dataset/biab-internet-corpus_620.jams
dataset/biab-internet-corpus_621.jams
dataset/biab-internet-corpus_622.jams
dataset/biab-internet-corpus_623.jams
dataset/biab-internet-corpus_624.jams
dataset/biab-internet-corpus_625.jams
dataset/biab-internet-corpus_626.jams
dataset/biab-internet-corpus_627.jams
dataset/biab-internet-corpus_628.jams
dataset/biab-internet-corpus_629.jams
dataset/biab-internet-corpus_63.jams
dataset/biab-internet-corpus_630.jams
dataset/biab-internet-corpus_631.jams
dataset/biab-internet-corpus_632.jams
dataset/biab-internet-corpus_633.jams
dataset/biab-internet-corpus_634.jams
dataset/biab-internet-corpus_635.jams
dataset/biab-internet-corpus_636.jams
dataset/biab-internet-corpus_637.jams
dataset/biab-internet-corpus_638.jams
dataset/biab-internet-corpus_639.jams
dataset/biab-internet-corpus_64.jams
dataset/biab-internet-corpus_640.jams
dataset/biab-internet-corpus_641.jams
dataset/biab-internet-corpus_642.jams
dataset/biab-internet-corpus_643.jams
dataset/biab-internet-corpus_644.jams
dataset/biab-internet-corpus_645.jams
dataset/biab-internet-corpus_646.jams
dataset/biab-internet-corpus_647.jams
dataset/biab-internet-corpus_648.jams
dataset/biab-internet-corpus_649.jams
dataset/biab-internet-corpus_65.jams
dataset/biab-internet-corpus_650.jams
dataset/biab-internet-corpus_651.jams
dataset/biab-internet-corpus_652.jams
dataset/biab-internet-corpus_653.jams
dataset/biab-internet-corpus_654.jams
dataset/biab-internet-corpus_655.jams
dataset/biab-internet-corpus_657.jams
dataset/biab-internet-corpus_658.jams
dataset/biab-internet-corpus_659.jams
dataset/biab-internet-corpus_66.jams
dataset/biab-internet-corpus_660.jams
dataset/biab-internet-corpus_661.jams
dataset/biab-internet-corpus_662.jams
dataset/biab-internet-corpus_663.jams
dataset/biab-internet-corpus_664.jams
dataset/biab-internet-corpus_665.jams
dataset/biab-internet-corpus_666.jams
dataset/biab-internet-corpus_667.jams
dataset/biab-internet-corpus_668.jams
dataset/biab-internet-corpus_669.jams
dataset/biab-internet-corpus_67.jams
dataset/biab-internet-corpus_670.jams
dataset/biab-internet-corpus_671.jams
dataset/biab-internet-corpus_672.jams
dataset/biab-internet-corpus_673.jams
dataset/biab-internet-corpus_674.jams
dataset/biab-internet-corpus_675.jams
dataset/biab-internet-corpus_676.jams
dataset/biab-internet-corpus_677.jams
dataset/biab-internet-corpus_678.jams
dataset/biab-internet-corpus_679.jams
dataset/biab-internet-corpus_68.jams
dataset/biab-internet-corpus_680.jams
dataset/biab-internet-corpus_681.jams
dataset/biab-internet-corpus_682.jams
dataset/biab-internet-corpus_683.jams
dataset/biab-internet-corpus_684.jams
dataset/biab-internet-corpus_685.jams
dataset/biab-internet-corpus_686.jams
dataset/biab-internet-corpus_687.jams
dataset/biab-internet-corpus_688.jams
dataset/biab-internet-corpus_689.jams
dataset/biab-internet-corpus_69.jams
dataset/biab-internet-corpus_690.jams
dataset/biab-internet-corpus_691.jams
dataset/biab-internet-corpus_692.jams
dataset/biab-internet-corpus_693.jams
dataset/biab-internet-corpus_694.jams
dataset/biab-internet-corpus_695.jams
dataset/biab-internet-corpus_696.jams
dataset/biab-internet-corpus_697.jams
dataset/biab-internet-corpus_698.jams
dataset/biab-internet-corpus_699.jams
dataset/biab-internet-corpus_7.jams
dataset/biab-internet-corpus_70.jams
dataset/biab-internet-corpus_700.jams
dataset/biab-internet-corpus_701.jams
dataset/biab-internet-corpus_702.jams
dataset/biab-internet-corpus_703.jams
dataset/biab-internet-corpus_704.jams
dataset/biab-internet-corpus_705.jams
dataset/biab-internet-corpus_706.jams
dataset/biab-internet-corpus_707.jams
dataset/biab-internet-corpus_708.jams
dataset/biab-internet-corpus_709.jams
dataset/biab-internet-corpus_71.jams
dataset/biab-internet-corpus_710.jams
dataset/biab-internet-corpus_711.jams
dataset/biab-internet-corpus_712.jams
dataset/biab-internet-corpus_713.jams
dataset/biab-internet-corpus_714.jams
dataset/biab-internet-corpus_715.jams
dataset/biab-internet-corpus_716.jams
dataset/biab-internet-corpus_717.jams
dataset/biab-internet-corpus_718.jams
dataset/biab-internet-corpus_719.jams
dataset/biab-internet-corpus_72.jams
dataset/biab-internet-corpus_720.jams
dataset/biab-internet-corpus_721.jams
dataset/biab-internet-corpus_722.jams
dataset/biab-internet-corpus_723.jams
dataset/biab-internet-corpus_724.jams
dataset/biab-internet-corpus_725.jams
dataset/biab-internet-corpus_726.jams
dataset/biab-internet-corpus_727.jams
dataset/biab-internet-corpus_728.jams
dataset/biab-internet-corpus_729.jams
dataset/biab-internet-corpus_73.jams
dataset/biab-internet-corpus_730.jams
dataset/biab-internet-corpus_731.jams
dataset/biab-internet-corpus_732.jams
dataset/biab-internet-corpus_733.jams
dataset/biab-internet-corpus_734.jams
dataset/biab-internet-corpus_735.jams
dataset/biab-internet-corpus_736.jams
dataset/biab-internet-corpus_737.jams
dataset/biab-internet-corpus_738.jams
dataset/biab-internet-corpus_739.jams
dataset/biab-internet-corpus_74.jams
dataset/biab-internet-corpus_740.jams
dataset/biab-internet-corpus_741.jams
dataset/biab-internet-corpus_742.jams
dataset/biab-internet-corpus_743.jams
dataset/biab-internet-corpus_744.jams
dataset/biab-internet-corpus_745.jams
dataset/biab-internet-corpus_746.jams
dataset/biab-internet-corpus_747.jams
dataset/biab-internet-corpus_748.jams
dataset/biab-internet-corpus_749.jams
dataset/biab-internet-corpus_75.jams
dataset/biab-internet-corpus_750.jams
dataset/biab-internet-corpus_751.jams
dataset/biab-internet-corpus_752.jams
dataset/biab-internet-corpus_753.jams
dataset/biab-internet-corpus_754.jams
dataset/biab-internet-corpus_755.jams
dataset/biab-internet-corpus_756.jams
dataset/biab-internet-corpus_757.jams
dataset/biab-internet-corpus_758.jams
dataset/biab-internet-corpus_759.jams
dataset/biab-internet-corpus_76.jams
dataset/biab-internet-corpus_760.jams
dataset/biab-internet-corpus_761.jams
dataset/biab-internet-corpus_762.jams
dataset/biab-internet-corpus_763.jams
dataset/biab-internet-corpus_764.jams
dataset/biab-internet-corpus_765.jams
dataset/biab-internet-corpus_766.jams
dataset/biab-internet-corpus_767.jams
dataset/biab-internet-corpus_768.jams
dataset/biab-internet-corpus_769.jams
dataset/biab-internet-corpus_77.jams
dataset/biab-internet-corpus_770.jams
dataset/biab-internet-corpus_771.jams
dataset/biab-internet-corpus_772.jams
dataset/biab-internet-corpus_773.jams
dataset/biab-internet-corpus_774.jams
dataset/biab-internet-corpus_775.jams
dataset/biab-internet-corpus_776.jams
dataset/biab-internet-corpus_777.jams
dataset/biab-internet-corpus_778.jams
dataset/biab-internet-corpus_779.jams
dataset/biab-internet-corpus_78.jams
dataset/biab-internet-corpus_780.jams
dataset/biab-internet-corpus_781.jams
dataset/biab-internet-corpus_782.jams
dataset/biab-internet-corpus_783.jams
dataset/biab-internet-corpus_784.jams
dataset/biab-internet-corpus_785.jams
dataset/biab-internet-corpus_786.jams
dataset/biab-internet-corpus_787.jams
dataset/biab-internet-corpus_788.jams
dataset/biab-internet-corpus_789.jams
dataset/biab-internet-corpus_79.jams
dataset/biab-internet-corpus_790.jams
dataset/biab-internet-corpus_791.jams
dataset/biab-internet-corpus_792.jams
dataset/biab-internet-corpus_793.jams
dataset/biab-internet-corpus_794.jams
dataset/biab-internet-corpus_795.jams
dataset/biab-internet-corpus_796.jams
dataset/biab-internet-corpus_797.jams
dataset/biab-internet-corpus_798.jams
dataset/biab-internet-corpus_799.jams
dataset/biab-internet-corpus_8.jams
dataset/biab-internet-corpus_80.jams
dataset/biab-internet-corpus_800.jams
dataset/biab-internet-corpus_802.jams
dataset/biab-internet-corpus_803.jams
dataset/biab-internet-corpus_804.jams
dataset/biab-internet-corpus_806.jams
dataset/biab-internet-corpus_807.jams
dataset/biab-internet-corpus_808.jams
dataset/biab-internet-corpus_809.jams
dataset/biab-internet-corpus_81.jams
dataset/biab-internet-corpus_810.jams
dataset/biab-internet-corpus_811.jams
dataset/biab-internet-corpus_812.jams
dataset/biab-internet-corpus_813.jams
dataset/biab-internet-corpus_814.jams
dataset/biab-internet-corpus_815.jams
dataset/biab-internet-corpus_816.jams
dataset/biab-internet-corpus_817.jams
dataset/biab-internet-corpus_818.jams
dataset/biab-internet-corpus_819.jams
dataset/biab-internet-corpus_82.jams
dataset/biab-internet-corpus_820.jams
dataset/biab-internet-corpus_821.jams
dataset/biab-internet-corpus_822.jams
dataset/biab-internet-corpus_823.jams
dataset/biab-internet-corpus_824.jams
dataset/biab-internet-corpus_825.jams
dataset/biab-internet-corpus_826.jams
dataset/biab-internet-corpus_827.jams
dataset/biab-internet-corpus_828.jams
dataset/biab-internet-corpus_829.jams
dataset/biab-internet-corpus_83.jams
dataset/biab-internet-corpus_830.jams
dataset/biab-internet-corpus_831.jams
dataset/biab-internet-corpus_832.jams
dataset/biab-internet-corpus_833.jams
dataset/biab-internet-corpus_834.jams
dataset/biab-internet-corpus_835.jams
dataset/biab-internet-corpus_836.jams
dataset/biab-internet-corpus_837.jams
dataset/biab-internet-corpus_838.jams
dataset/biab-internet-corpus_839.jams
dataset/biab-internet-corpus_84.jams
dataset/biab-internet-corpus_840.jams
dataset/biab-internet-corpus_841.jams
dataset/biab-internet-corpus_842.jams
dataset/biab-internet-corpus_843.jams
dataset/biab-internet-corpus_844.jams
dataset/biab-internet-corpus_845.jams
dataset/biab-internet-corpus_846.jams
dataset/biab-internet-corpus_847.jams
dataset/biab-internet-corpus_848.jams
dataset/biab-internet-corpus_849.jams
dataset/biab-internet-corpus_85.jams
dataset/biab-internet-corpus_850.jams
dataset/biab-internet-corpus_851.jams
dataset/biab-internet-corpus_852.jams
dataset/biab-internet-corpus_853.jams
dataset/biab-internet-corpus_854.jams
dataset/biab-internet-corpus_855.jams
dataset/biab-internet-corpus_856.jams
dataset/biab-internet-corpus_857.jams
dataset/biab-internet-corpus_858.jams
dataset/biab-internet-corpus_859.jams
dataset/biab-internet-corpus_86.jams
dataset/biab-internet-corpus_860.jams
dataset/biab-internet-corpus_861.jams
dataset/biab-internet-corpus_862.jams
dataset/biab-internet-corpus_863.jams
dataset/biab-internet-corpus_864.jams
dataset/biab-internet-corpus_865.jams
dataset/biab-internet-corpus_866.jams
dataset/biab-internet-corpus_867.jams
dataset/biab-internet-corpus_868.jams
dataset/biab-internet-corpus_869.jams
dataset/biab-internet-corpus_87.jams
dataset/biab-internet-corpus_870.jams
dataset/biab-internet-corpus_871.jams
dataset/biab-internet-corpus_872.jams
dataset/biab-internet-corpus_873.jams
dataset/biab-internet-corpus_874.jams
dataset/biab-internet-corpus_875.jams
dataset/biab-internet-corpus_876.jams
dataset/biab-internet-corpus_877.jams
dataset/biab-internet-corpus_878.jams
dataset/biab-internet-corpus_879.jams
dataset/biab-internet-corpus_88.jams
dataset/biab-internet-corpus_880.jams
dataset/biab-internet-corpus_881.jams
dataset/biab-internet-corpus_882.jams
dataset/biab-internet-corpus_883.jams
dataset/biab-internet-corpus_884.jams
dataset/biab-internet-corpus_885.jams
dataset/biab-internet-corpus_886.jams
dataset/biab-internet-corpus_887.jams
dataset/biab-internet-corpus_888.jams
dataset/biab-internet-corpus_889.jams
dataset/biab-internet-corpus_89.jams
dataset/biab-internet-corpus_890.jams
dataset/biab-internet-corpus_891.jams
dataset/biab-internet-corpus_892.jams
dataset/biab-internet-corpus_893.jams
dataset/biab-internet-corpus_894.jams
dataset/biab-internet-corpus_895.jams
dataset/biab-internet-corpus_896.jams
dataset/biab-internet-corpus_897.jams
dataset/biab-internet-corpus_898.jams
dataset/biab-internet-corpus_899.jams
dataset/biab-internet-corpus_9.jams
dataset/biab-internet-corpus_90.jams
dataset/biab-internet-corpus_900.jams
dataset/biab-internet-corpus_901.jams
dataset/biab-internet-corpus_902.jams
dataset/biab-internet-corpus_903.jams
dataset/biab-internet-corpus_904.jams
dataset/biab-internet-corpus_905.jams
dataset/biab-internet-corpus_906.jams
dataset/biab-internet-corpus_907.jams
dataset/biab-internet-corpus_908.jams
dataset/biab-internet-corpus_909.jams
dataset/biab-internet-corpus_91.jams
dataset/biab-internet-corpus_910.jams
dataset/biab-internet-corpus_911.jams
dataset/biab-internet-corpus_912.jams
dataset/biab-internet-corpus_913.jams
dataset/biab-internet-corpus_914.jams
dataset/biab-internet-corpus_915.jams
dataset/biab-internet-corpus_916.jams
dataset/biab-internet-corpus_917.jams
dataset/biab-internet-corpus_918.jams
dataset/biab-internet-corpus_919.jams
dataset/biab-internet-corpus_92.jams
dataset/biab-internet-corpus_920.jams
dataset/biab-internet-corpus_921.jams
dataset/biab-internet-corpus_922.jams
dataset/biab-internet-corpus_923.jams
dataset/biab-internet-corpus_924.jams
dataset/biab-internet-corpus_925.jams
dataset/biab-internet-corpus_926.jams
dataset/biab-internet-corpus_927.jams
dataset/biab-internet-corpus_928.jams
dataset/biab-internet-corpus_929.jams
dataset/biab-internet-corpus_93.jams
dataset/biab-internet-corpus_930.jams
dataset/biab-internet-corpus_931.jams
dataset/biab-internet-corpus_932.jams
dataset/biab-internet-corpus_933.jams
dataset/biab-internet-corpus_934.jams
dataset/biab-internet-corpus_935.jams
dataset/biab-internet-corpus_936.jams
dataset/biab-internet-corpus_937.jams
dataset/biab-internet-corpus_938.jams
dataset/biab-internet-corpus_939.jams
dataset/biab-internet-corpus_94.jams
dataset/biab-internet-corpus_940.jams
dataset/biab-internet-corpus_941.jams
dataset/biab-internet-corpus_942.jams
dataset/biab-internet-corpus_943.jams
dataset/biab-internet-corpus_944.jams
dataset/biab-internet-corpus_945.jams
dataset/biab-internet-corpus_946.jams
dataset/biab-internet-corpus_947.jams
dataset/biab-internet-corpus_948.jams
dataset/biab-internet-corpus_949.jams
dataset/biab-internet-corpus_95.jams
dataset/biab-internet-corpus_950.jams
dataset/biab-internet-corpus_951.jams
dataset/biab-internet-corpus_952.jams
dataset/biab-internet-corpus_953.jams
dataset/biab-internet-corpus_954.jams
dataset/biab-internet-corpus_955.jams
dataset/biab-internet-corpus_956.jams
dataset/biab-internet-corpus_957.jams
dataset/biab-internet-corpus_958.jams
dataset/biab-internet-corpus_959.jams
dataset/biab-internet-corpus_96.jams
dataset/biab-internet-corpus_960.jams
dataset/biab-internet-corpus_961.jams
dataset/biab-internet-corpus_962.jams
dataset/biab-internet-corpus_963.jams
dataset/biab-internet-corpus_964.jams
dataset/biab-internet-corpus_965.jams
dataset/biab-internet-corpus_966.jams
dataset/biab-internet-corpus_967.jams
dataset/biab-internet-corpus_968.jams
dataset/biab-internet-corpus_969.jams
dataset/biab-internet-corpus_97.jams
dataset/biab-internet-corpus_970.jams
dataset/biab-internet-corpus_971.jams
dataset/biab-internet-corpus_972.jams
dataset/biab-internet-corpus_973.jams
dataset/biab-internet-corpus_974.jams
dataset/biab-internet-corpus_975.jams
dataset/biab-internet-corpus_976.jams
dataset/biab-internet-corpus_977.jams
dataset/biab-internet-corpus_978.jams
dataset/biab-internet-corpus_979.jams
dataset/biab-internet-corpus_98.jams
dataset/biab-internet-corpus_980.jams
dataset/biab-internet-corpus_981.jams
dataset/biab-internet-corpus_982.jams
dataset/biab-internet-corpus_983.jams
dataset/biab-internet-corpus_984.jams
dataset/biab-internet-corpus_985.jams
dataset/biab-internet-corpus_986.jams
dataset/biab-internet-corpus_987.jams
dataset/biab-internet-corpus_988.jams
dataset/biab-internet-corpus_989.jams
dataset/biab-internet-corpus_99.jams
dataset/biab-internet-corpus_990.jams
dataset/biab-internet-corpus_991.jams
dataset/biab-internet-corpus_992.jams
dataset/biab-internet-corpus_993.jams
dataset/biab-internet-corpus_994.jams
dataset/biab-internet-corpus_995.jams
dataset/biab-internet-corpus_996.jams
dataset/biab-internet-corpus_997.jams
dataset/biab-internet-corpus_998.jams
dataset/biab-internet-corpus_999.jams
dataset/casd_0.jams
dataset/casd_1.jams
dataset/casd_10.jams
dataset/casd_11.jams
dataset/casd_12.jams
dataset/casd_13.jams
dataset/casd_14.jams
dataset/casd_15.jams
dataset/casd_16.jams
dataset/casd_17.jams
dataset/casd_18.jams
dataset/casd_19.jams
dataset/casd_2.jams
dataset/casd_20.jams
dataset/casd_21.jams
dataset/casd_22.jams
dataset/casd_23.jams
dataset/casd_24.jams
dataset/casd_25.jams
dataset/casd_26.jams
dataset/casd_27.jams
dataset/casd_28.jams
dataset/casd_29.jams
dataset/casd_3.jams
dataset/casd_30.jams
dataset/casd_31.jams
dataset/casd_32.jams
dataset/casd_33.jams
dataset/casd_34.jams
dataset/casd_35.jams
dataset/casd_36.jams
dataset/casd_37.jams
dataset/casd_38.jams
dataset/casd_39.jams
dataset/casd_4.jams
dataset/casd_40.jams
dataset/casd_41.jams
dataset/casd_42.jams
dataset/casd_43.jams
dataset/casd_44.jams
dataset/casd_45.jams
dataset/casd_46.jams
dataset/casd_47.jams
dataset/casd_48.jams
dataset/casd_49.jams
dataset/casd_5.jams
dataset/casd_6.jams
dataset/casd_7.jams
dataset/casd_8.jams
dataset/casd_9.jams
dataset/ireal-pro_0.jams
dataset/ireal-pro_1.jams
dataset/ireal-pro_10.jams
dataset/ireal-pro_100.jams
dataset/ireal-pro_1000.jams
dataset/ireal-pro_1001.jams
dataset/ireal-pro_1002.jams
dataset/ireal-pro_1003.jams
dataset/ireal-pro_1004.jams
dataset/ireal-pro_1005.jams
dataset/ireal-pro_1006.jams
dataset/ireal-pro_1007.jams
dataset/ireal-pro_1008.jams
dataset/ireal-pro_1009.jams
dataset/ireal-pro_101.jams
dataset/ireal-pro_1010.jams
dataset/ireal-pro_1011.jams
dataset/ireal-pro_1012.jams
dataset/ireal-pro_1013.jams
dataset/ireal-pro_1014.jams
dataset/ireal-pro_1015.jams
dataset/ireal-pro_1016.jams
dataset/ireal-pro_1017.jams
dataset/ireal-pro_1018.jams
dataset/ireal-pro_1019.jams
dataset/ireal-pro_102.jams
dataset/ireal-pro_1020.jams
dataset/ireal-pro_1021.jams
dataset/ireal-pro_1022.jams
dataset/ireal-pro_1023.jams
dataset/ireal-pro_1024.jams
dataset/ireal-pro_1025.jams
dataset/ireal-pro_1026.jams
dataset/ireal-pro_1027.jams
dataset/ireal-pro_1028.jams
dataset/ireal-pro_1029.jams
dataset/ireal-pro_103.jams
dataset/ireal-pro_1030.jams
dataset/ireal-pro_1031.jams
dataset/ireal-pro_1032.jams
dataset/ireal-pro_1033.jams
dataset/ireal-pro_1034.jams
dataset/ireal-pro_1035.jams
dataset/ireal-pro_1036.jams
dataset/ireal-pro_1037.jams
dataset/ireal-pro_1038.jams
dataset/ireal-pro_1039.jams
dataset/ireal-pro_104.jams
dataset/ireal-pro_1040.jams
dataset/ireal-pro_1041.jams
dataset/ireal-pro_1042.jams
dataset/ireal-pro_1043.jams
dataset/ireal-pro_1044.jams
dataset/ireal-pro_1045.jams
dataset/ireal-pro_1046.jams
dataset/ireal-pro_1047.jams
dataset/ireal-pro_1048.jams
dataset/ireal-pro_1049.jams
dataset/ireal-pro_105.jams
dataset/ireal-pro_1050.jams
dataset/ireal-pro_1051.jams
dataset/ireal-pro_1052.jams
dataset/ireal-pro_1053.jams
dataset/ireal-pro_1054.jams
dataset/ireal-pro_1055.jams
dataset/ireal-pro_1056.jams
dataset/ireal-pro_1057.jams
dataset/ireal-pro_1058.jams
dataset/ireal-pro_1059.jams
dataset/ireal-pro_106.jams
dataset/ireal-pro_1060.jams
dataset/ireal-pro_1061.jams
dataset/ireal-pro_1062.jams
dataset/ireal-pro_1063.jams
dataset/ireal-pro_1064.jams
dataset/ireal-pro_1065.jams
dataset/ireal-pro_1066.jams
dataset/ireal-pro_1067.jams
dataset/ireal-pro_1068.jams
dataset/ireal-pro_1069.jams
dataset/ireal-pro_107.jams
dataset/ireal-pro_1070.jams
dataset/ireal-pro_1071.jams
dataset/ireal-pro_1072.jams
dataset/ireal-pro_1073.jams
dataset/ireal-pro_1074.jams
dataset/ireal-pro_1075.jams
dataset/ireal-pro_1076.jams
dataset/ireal-pro_1077.jams
dataset/ireal-pro_1078.jams
dataset/ireal-pro_1079.jams
dataset/ireal-pro_108.jams
dataset/ireal-pro_1080.jams
dataset/ireal-pro_1081.jams
dataset/ireal-pro_1082.jams
dataset/ireal-pro_1083.jams
dataset/ireal-pro_1084.jams
dataset/ireal-pro_1085.jams
dataset/ireal-pro_1086.jams
dataset/ireal-pro_1087.jams
dataset/ireal-pro_1088.jams
dataset/ireal-pro_1089.jams
dataset/ireal-pro_109.jams
dataset/ireal-pro_1090.jams
dataset/ireal-pro_1091.jams
dataset/ireal-pro_1092.jams
dataset/ireal-pro_1093.jams
dataset/ireal-pro_1094.jams
dataset/ireal-pro_1095.jams
dataset/ireal-pro_1096.jams
dataset/ireal-pro_1097.jams
dataset/ireal-pro_1098.jams
dataset/ireal-pro_1099.jams
dataset/ireal-pro_11.jams
dataset/ireal-pro_110.jams
dataset/ireal-pro_1100.jams
dataset/ireal-pro_1101.jams
dataset/ireal-pro_1102.jams
dataset/ireal-pro_1103.jams
dataset/ireal-pro_1104.jams
dataset/ireal-pro_1105.jams
dataset/ireal-pro_1106.jams
dataset/ireal-pro_1107.jams
dataset/ireal-pro_1108.jams
dataset/ireal-pro_1109.jams
dataset/ireal-pro_111.jams
dataset/ireal-pro_1110.jams
dataset/ireal-pro_1111.jams
dataset/ireal-pro_1112.jams
dataset/ireal-pro_1113.jams
dataset/ireal-pro_1114.jams
dataset/ireal-pro_1115.jams
dataset/ireal-pro_1116.jams
dataset/ireal-pro_1117.jams
dataset/ireal-pro_1118.jams
dataset/ireal-pro_1119.jams
dataset/ireal-pro_112.jams
dataset/ireal-pro_1120.jams
dataset/ireal-pro_1121.jams
dataset/ireal-pro_1122.jams
dataset/ireal-pro_1123.jams
dataset/ireal-pro_1124.jams
dataset/ireal-pro_1125.jams
dataset/ireal-pro_1126.jams
dataset/ireal-pro_1127.jams
dataset/ireal-pro_1128.jams
dataset/ireal-pro_1129.jams
dataset/ireal-pro_113.jams
dataset/ireal-pro_1130.jams
dataset/ireal-pro_1131.jams
dataset/ireal-pro_1132.jams
dataset/ireal-pro_1133.jams
dataset/ireal-pro_1134.jams
dataset/ireal-pro_1135.jams
dataset/ireal-pro_1136.jams
dataset/ireal-pro_1137.jams
dataset/ireal-pro_1138.jams
dataset/ireal-pro_1139.jams
dataset/ireal-pro_114.jams
dataset/ireal-pro_1140.jams
dataset/ireal-pro_1141.jams
dataset/ireal-pro_1142.jams
dataset/ireal-pro_1143.jams
dataset/ireal-pro_1144.jams
dataset/ireal-pro_1145.jams
dataset/ireal-pro_1146.jams
dataset/ireal-pro_1147.jams
dataset/ireal-pro_1148.jams
dataset/ireal-pro_1149.jams
dataset/ireal-pro_115.jams
dataset/ireal-pro_1150.jams
dataset/ireal-pro_1151.jams
dataset/ireal-pro_1152.jams
dataset/ireal-pro_1153.jams
dataset/ireal-pro_1154.jams
dataset/ireal-pro_1155.jams
dataset/ireal-pro_1156.jams
dataset/ireal-pro_1157.jams
dataset/ireal-pro_1158.jams
dataset/ireal-pro_1159.jams
dataset/ireal-pro_116.jams
dataset/ireal-pro_1160.jams
dataset/ireal-pro_1161.jams
dataset/ireal-pro_1162.jams
dataset/ireal-pro_1163.jams
dataset/ireal-pro_1164.jams
dataset/ireal-pro_1165.jams
dataset/ireal-pro_1166.jams
dataset/ireal-pro_1167.jams
dataset/ireal-pro_1168.jams
dataset/ireal-pro_1169.jams
dataset/ireal-pro_117.jams
dataset/ireal-pro_1170.jams
dataset/ireal-pro_1171.jams
dataset/ireal-pro_1172.jams
dataset/ireal-pro_1173.jams
dataset/ireal-pro_1174.jams
dataset/ireal-pro_1175.jams
dataset/ireal-pro_1176.jams
dataset/ireal-pro_1177.jams
dataset/ireal-pro_1178.jams
dataset/ireal-pro_1179.jams
dataset/ireal-pro_118.jams
dataset/ireal-pro_1180.jams
dataset/ireal-pro_1181.jams
dataset/ireal-pro_1182.jams
dataset/ireal-pro_1183.jams
dataset/ireal-pro_1184.jams
dataset/ireal-pro_1185.jams
dataset/ireal-pro_1186.jams
dataset/ireal-pro_1187.jams
dataset/ireal-pro_1188.jams
dataset/ireal-pro_1189.jams
dataset/ireal-pro_119.jams
dataset/ireal-pro_1190.jams
dataset/ireal-pro_1191.jams
dataset/ireal-pro_1192.jams
dataset/ireal-pro_1193.jams
dataset/ireal-pro_1194.jams
dataset/ireal-pro_1195.jams
dataset/ireal-pro_1196.jams
dataset/ireal-pro_1197.jams
dataset/ireal-pro_1198.jams
dataset/ireal-pro_1199.jams
dataset/ireal-pro_12.jams
dataset/ireal-pro_120.jams
dataset/ireal-pro_1200.jams
dataset/ireal-pro_1201.jams
dataset/ireal-pro_1202.jams
dataset/ireal-pro_1203.jams
dataset/ireal-pro_1204.jams
dataset/ireal-pro_1205.jams
dataset/ireal-pro_1206.jams
dataset/ireal-pro_1207.jams
dataset/ireal-pro_1208.jams
dataset/ireal-pro_1209.jams
dataset/ireal-pro_121.jams
dataset/ireal-pro_1210.jams
dataset/ireal-pro_1211.jams
dataset/ireal-pro_1212.jams
dataset/ireal-pro_1213.jams
dataset/ireal-pro_1214.jams
dataset/ireal-pro_1215.jams
dataset/ireal-pro_1216.jams
dataset/ireal-pro_1217.jams
dataset/ireal-pro_1218.jams
dataset/ireal-pro_1219.jams
dataset/ireal-pro_122.jams
dataset/ireal-pro_1220.jams
dataset/ireal-pro_1221.jams
dataset/ireal-pro_1222.jams
dataset/ireal-pro_1223.jams
dataset/ireal-pro_1224.jams
dataset/ireal-pro_1225.jams
dataset/ireal-pro_1226.jams
dataset/ireal-pro_1227.jams
dataset/ireal-pro_1228.jams
dataset/ireal-pro_1229.jams
dataset/ireal-pro_123.jams
dataset/ireal-pro_1230.jams
dataset/ireal-pro_1231.jams
dataset/ireal-pro_1232.jams
dataset/ireal-pro_1233.jams
dataset/ireal-pro_1234.jams
dataset/ireal-pro_1235.jams
dataset/ireal-pro_1236.jams
dataset/ireal-pro_1237.jams
dataset/ireal-pro_1238.jams
dataset/ireal-pro_1239.jams
dataset/ireal-pro_124.jams
dataset/ireal-pro_1240.jams
dataset/ireal-pro_1241.jams
dataset/ireal-pro_1242.jams
dataset/ireal-pro_1243.jams
dataset/ireal-pro_1244.jams
dataset/ireal-pro_1245.jams
dataset/ireal-pro_1246.jams
dataset/ireal-pro_1247.jams
dataset/ireal-pro_1248.jams
dataset/ireal-pro_1249.jams
dataset/ireal-pro_125.jams
dataset/ireal-pro_1250.jams
dataset/ireal-pro_1251.jams
dataset/ireal-pro_1252.jams
dataset/ireal-pro_1253.jams
dataset/ireal-pro_1254.jams
dataset/ireal-pro_1255.jams
dataset/ireal-pro_1256.jams
dataset/ireal-pro_1257.jams
dataset/ireal-pro_1258.jams
dataset/ireal-pro_1259.jams
dataset/ireal-pro_126.jams
dataset/ireal-pro_1260.jams
dataset/ireal-pro_1261.jams
dataset/ireal-pro_1262.jams
dataset/ireal-pro_1263.jams
dataset/ireal-pro_1264.jams
dataset/ireal-pro_1265.jams
dataset/ireal-pro_1266.jams
dataset/ireal-pro_1267.jams
dataset/ireal-pro_1268.jams
dataset/ireal-pro_1269.jams
dataset/ireal-pro_127.jams
dataset/ireal-pro_1270.jams
dataset/ireal-pro_1271.jams
dataset/ireal-pro_1272.jams
dataset/ireal-pro_1273.jams
dataset/ireal-pro_1274.jams
dataset/ireal-pro_1275.jams
dataset/ireal-pro_1276.jams
dataset/ireal-pro_1277.jams
dataset/ireal-pro_1278.jams
dataset/ireal-pro_1279.jams
dataset/ireal-pro_128.jams
dataset/ireal-pro_1280.jams
dataset/ireal-pro_1281.jams
dataset/ireal-pro_1282.jams
dataset/ireal-pro_1283.jams
dataset/ireal-pro_1284.jams
dataset/ireal-pro_1285.jams
dataset/ireal-pro_1286.jams
dataset/ireal-pro_1287.jams
dataset/ireal-pro_1288.jams
dataset/ireal-pro_1289.jams
dataset/ireal-pro_129.jams
dataset/ireal-pro_1290.jams
dataset/ireal-pro_1291.jams
dataset/ireal-pro_1292.jams
dataset/ireal-pro_1293.jams
dataset/ireal-pro_1294.jams
dataset/ireal-pro_1295.jams
dataset/ireal-pro_1296.jams
dataset/ireal-pro_1297.jams
dataset/ireal-pro_1298.jams
dataset/ireal-pro_1299.jams
dataset/ireal-pro_13.jams
dataset/ireal-pro_130.jams
dataset/ireal-pro_1300.jams
dataset/ireal-pro_1301.jams
dataset/ireal-pro_1302.jams
dataset/ireal-pro_1303.jams
dataset/ireal-pro_1304.jams
dataset/ireal-pro_1305.jams
dataset/ireal-pro_1306.jams
dataset/ireal-pro_1307.jams
dataset/ireal-pro_1308.jams
dataset/ireal-pro_1309.jams
dataset/ireal-pro_131.jams
dataset/ireal-pro_1310.jams
dataset/ireal-pro_1311.jams
dataset/ireal-pro_1312.jams
dataset/ireal-pro_1313.jams
dataset/ireal-pro_1314.jams
dataset/ireal-pro_1315.jams
dataset/ireal-pro_1316.jams
dataset/ireal-pro_1317.jams
dataset/ireal-pro_1318.jams
dataset/ireal-pro_1319.jams
dataset/ireal-pro_132.jams
dataset/ireal-pro_1320.jams
dataset/ireal-pro_1321.jams
dataset/ireal-pro_1322.jams
dataset/ireal-pro_1323.jams
dataset/ireal-pro_1324.jams
dataset/ireal-pro_1325.jams
dataset/ireal-pro_1326.jams
dataset/ireal-pro_1327.jams
dataset/ireal-pro_1328.jams
dataset/ireal-pro_1329.jams
dataset/ireal-pro_133.jams
dataset/ireal-pro_1330.jams
dataset/ireal-pro_1331.jams
dataset/ireal-pro_1332.jams
dataset/ireal-pro_1333.jams
dataset/ireal-pro_1334.jams
dataset/ireal-pro_1335.jams
dataset/ireal-pro_1336.jams
dataset/ireal-pro_1337.jams
dataset/ireal-pro_1338.jams
dataset/ireal-pro_1339.jams
dataset/ireal-pro_134.jams
dataset/ireal-pro_1340.jams
dataset/ireal-pro_1341.jams
dataset/ireal-pro_1342.jams
dataset/ireal-pro_1343.jams
dataset/ireal-pro_1344.jams
dataset/ireal-pro_1345.jams
dataset/ireal-pro_1346.jams
dataset/ireal-pro_1347.jams
dataset/ireal-pro_1348.jams
dataset/ireal-pro_1349.jams
dataset/ireal-pro_135.jams
dataset/ireal-pro_1350.jams
dataset/ireal-pro_1351.jams
dataset/ireal-pro_1352.jams
dataset/ireal-pro_1353.jams
dataset/ireal-pro_1354.jams
dataset/ireal-pro_1355.jams
dataset/ireal-pro_1356.jams
dataset/ireal-pro_1357.jams
dataset/ireal-pro_1358.jams
dataset/ireal-pro_1359.jams
dataset/ireal-pro_136.jams
dataset/ireal-pro_1360.jams
dataset/ireal-pro_1361.jams
dataset/ireal-pro_1362.jams
dataset/ireal-pro_1363.jams
dataset/ireal-pro_1364.jams
dataset/ireal-pro_1365.jams
dataset/ireal-pro_1366.jams
dataset/ireal-pro_1367.jams
dataset/ireal-pro_1368.jams
dataset/ireal-pro_1369.jams
dataset/ireal-pro_137.jams
dataset/ireal-pro_1370.jams
dataset/ireal-pro_1371.jams
dataset/ireal-pro_1372.jams
dataset/ireal-pro_1373.jams
dataset/ireal-pro_1374.jams
dataset/ireal-pro_1375.jams
dataset/ireal-pro_1376.jams
dataset/ireal-pro_1377.jams
dataset/ireal-pro_1378.jams
dataset/ireal-pro_1379.jams
dataset/ireal-pro_138.jams
dataset/ireal-pro_1380.jams
dataset/ireal-pro_1381.jams
dataset/ireal-pro_1382.jams
dataset/ireal-pro_1383.jams
dataset/ireal-pro_1384.jams
dataset/ireal-pro_1385.jams
dataset/ireal-pro_1386.jams
dataset/ireal-pro_1387.jams
dataset/ireal-pro_1388.jams
dataset/ireal-pro_1389.jams
dataset/ireal-pro_139.jams
dataset/ireal-pro_1390.jams
dataset/ireal-pro_1391.jams
dataset/ireal-pro_1392.jams
dataset/ireal-pro_1393.jams
dataset/ireal-pro_1394.jams
dataset/ireal-pro_1395.jams
dataset/ireal-pro_1396.jams
dataset/ireal-pro_1397.jams
dataset/ireal-pro_1398.jams
dataset/ireal-pro_1399.jams
dataset/ireal-pro_14.jams
dataset/ireal-pro_140.jams
dataset/ireal-pro_1400.jams
dataset/ireal-pro_1401.jams
dataset/ireal-pro_1402.jams
dataset/ireal-pro_1403.jams
dataset/ireal-pro_1404.jams
dataset/ireal-pro_1405.jams
dataset/ireal-pro_1406.jams
dataset/ireal-pro_1407.jams
dataset/ireal-pro_1408.jams
dataset/ireal-pro_1409.jams
dataset/ireal-pro_141.jams
dataset/ireal-pro_1410.jams
dataset/ireal-pro_1411.jams
dataset/ireal-pro_1412.jams
dataset/ireal-pro_1413.jams
dataset/ireal-pro_1414.jams
dataset/ireal-pro_1415.jams
dataset/ireal-pro_1416.jams
dataset/ireal-pro_1417.jams
dataset/ireal-pro_1418.jams
dataset/ireal-pro_1419.jams
dataset/ireal-pro_142.jams
dataset/ireal-pro_1420.jams
dataset/ireal-pro_1421.jams
dataset/ireal-pro_1422.jams
dataset/ireal-pro_1423.jams
dataset/ireal-pro_1424.jams
dataset/ireal-pro_1425.jams
dataset/ireal-pro_1426.jams
dataset/ireal-pro_1427.jams
dataset/ireal-pro_1428.jams
dataset/ireal-pro_1429.jams
dataset/ireal-pro_143.jams
dataset/ireal-pro_1430.jams
dataset/ireal-pro_1431.jams
dataset/ireal-pro_1432.jams
dataset/ireal-pro_1433.jams
dataset/ireal-pro_1434.jams
dataset/ireal-pro_1435.jams
dataset/ireal-pro_1436.jams
dataset/ireal-pro_1437.jams
dataset/ireal-pro_1438.jams
dataset/ireal-pro_1439.jams
dataset/ireal-pro_144.jams
dataset/ireal-pro_1440.jams
dataset/ireal-pro_1441.jams
dataset/ireal-pro_1442.jams
dataset/ireal-pro_1443.jams
dataset/ireal-pro_1444.jams
dataset/ireal-pro_1445.jams
dataset/ireal-pro_1446.jams
dataset/ireal-pro_1447.jams
dataset/ireal-pro_1448.jams
dataset/ireal-pro_1449.jams
dataset/ireal-pro_145.jams
dataset/ireal-pro_1450.jams
dataset/ireal-pro_1451.jams
dataset/ireal-pro_1452.jams
dataset/ireal-pro_1453.jams
dataset/ireal-pro_1454.jams
dataset/ireal-pro_1455.jams
dataset/ireal-pro_1456.jams
dataset/ireal-pro_1457.jams
dataset/ireal-pro_1458.jams
dataset/ireal-pro_1459.jams
dataset/ireal-pro_146.jams
dataset/ireal-pro_1460.jams
dataset/ireal-pro_1461.jams
dataset/ireal-pro_1462.jams
dataset/ireal-pro_1463.jams
dataset/ireal-pro_1464.jams
dataset/ireal-pro_1465.jams
dataset/ireal-pro_1466.jams
dataset/ireal-pro_1467.jams
dataset/ireal-pro_1468.jams
dataset/ireal-pro_1469.jams
dataset/ireal-pro_147.jams
dataset/ireal-pro_1470.jams
dataset/ireal-pro_1471.jams
dataset/ireal-pro_1472.jams
dataset/ireal-pro_1473.jams
dataset/ireal-pro_1474.jams
dataset/ireal-pro_1475.jams
dataset/ireal-pro_1476.jams
dataset/ireal-pro_1477.jams
dataset/ireal-pro_1478.jams
dataset/ireal-pro_1479.jams
dataset/ireal-pro_148.jams
dataset/ireal-pro_1480.jams
dataset/ireal-pro_1481.jams
dataset/ireal-pro_1482.jams
dataset/ireal-pro_1483.jams
dataset/ireal-pro_1484.jams
dataset/ireal-pro_1485.jams
dataset/ireal-pro_1486.jams
dataset/ireal-pro_1487.jams
dataset/ireal-pro_1488.jams
dataset/ireal-pro_1489.jams
dataset/ireal-pro_149.jams
dataset/ireal-pro_1490.jams
dataset/ireal-pro_1491.jams
dataset/ireal-pro_1492.jams
dataset/ireal-pro_1493.jams
dataset/ireal-pro_1494.jams
dataset/ireal-pro_1495.jams
dataset/ireal-pro_1496.jams
dataset/ireal-pro_1497.jams
dataset/ireal-pro_1498.jams
dataset/ireal-pro_1499.jams
dataset/ireal-pro_15.jams
dataset/ireal-pro_150.jams
dataset/ireal-pro_1500.jams
dataset/ireal-pro_1501.jams
dataset/ireal-pro_1502.jams
dataset/ireal-pro_1503.jams
dataset/ireal-pro_1504.jams
dataset/ireal-pro_1505.jams
dataset/ireal-pro_1506.jams
dataset/ireal-pro_1507.jams
dataset/ireal-pro_1508.jams
dataset/ireal-pro_1509.jams
dataset/ireal-pro_151.jams
dataset/ireal-pro_1510.jams
dataset/ireal-pro_1511.jams
dataset/ireal-pro_1512.jams
dataset/ireal-pro_1513.jams
dataset/ireal-pro_1514.jams
dataset/ireal-pro_1515.jams
dataset/ireal-pro_1516.jams
dataset/ireal-pro_1517.jams
dataset/ireal-pro_1518.jams
dataset/ireal-pro_1519.jams
dataset/ireal-pro_152.jams
dataset/ireal-pro_1520.jams
dataset/ireal-pro_1521.jams
dataset/ireal-pro_1522.jams
dataset/ireal-pro_1523.jams
dataset/ireal-pro_1524.jams
dataset/ireal-pro_1525.jams
dataset/ireal-pro_1526.jams
dataset/ireal-pro_1527.jams
dataset/ireal-pro_1528.jams
dataset/ireal-pro_1529.jams
dataset/ireal-pro_153.jams
dataset/ireal-pro_1530.jams
dataset/ireal-pro_1531.jams
dataset/ireal-pro_1532.jams
dataset/ireal-pro_1533.jams
dataset/ireal-pro_1534.jams
dataset/ireal-pro_1535.jams
dataset/ireal-pro_1536.jams
dataset/ireal-pro_1537.jams
dataset/ireal-pro_1538.jams
dataset/ireal-pro_1539.jams
dataset/ireal-pro_154.jams
dataset/ireal-pro_1540.jams
dataset/ireal-pro_1541.jams
dataset/ireal-pro_1542.jams
dataset/ireal-pro_1543.jams
dataset/ireal-pro_1544.jams
dataset/ireal-pro_1545.jams
dataset/ireal-pro_1546.jams
dataset/ireal-pro_1547.jams
dataset/ireal-pro_1548.jams
dataset/ireal-pro_1549.jams
dataset/ireal-pro_155.jams
dataset/ireal-pro_1550.jams
dataset/ireal-pro_1551.jams
dataset/ireal-pro_1552.jams
dataset/ireal-pro_1553.jams
dataset/ireal-pro_1554.jams
dataset/ireal-pro_1555.jams
dataset/ireal-pro_1556.jams
dataset/ireal-pro_1557.jams
dataset/ireal-pro_1558.jams
dataset/ireal-pro_1559.jams
dataset/ireal-pro_156.jams
dataset/ireal-pro_1560.jams
dataset/ireal-pro_1561.jams
dataset/ireal-pro_1562.jams
dataset/ireal-pro_1563.jams
dataset/ireal-pro_1564.jams
dataset/ireal-pro_1565.jams
dataset/ireal-pro_1566.jams
dataset/ireal-pro_1567.jams
dataset/ireal-pro_1568.jams
dataset/ireal-pro_1569.jams
dataset/ireal-pro_157.jams
dataset/ireal-pro_1570.jams
dataset/ireal-pro_1571.jams
dataset/ireal-pro_1572.jams
dataset/ireal-pro_1573.jams
dataset/ireal-pro_1574.jams
dataset/ireal-pro_1575.jams
dataset/ireal-pro_1576.jams
dataset/ireal-pro_1577.jams
dataset/ireal-pro_1578.jams
dataset/ireal-pro_1579.jams
dataset/ireal-pro_158.jams
dataset/ireal-pro_1580.jams
dataset/ireal-pro_1581.jams
dataset/ireal-pro_1582.jams
dataset/ireal-pro_1583.jams
dataset/ireal-pro_1584.jams
dataset/ireal-pro_1585.jams
dataset/ireal-pro_1586.jams
dataset/ireal-pro_1587.jams
dataset/ireal-pro_1588.jams
dataset/ireal-pro_1589.jams
dataset/ireal-pro_159.jams
dataset/ireal-pro_1590.jams
dataset/ireal-pro_1591.jams
dataset/ireal-pro_1592.jams
dataset/ireal-pro_1593.jams
dataset/ireal-pro_1594.jams
dataset/ireal-pro_1595.jams
dataset/ireal-pro_1596.jams
dataset/ireal-pro_1597.jams
dataset/ireal-pro_1598.jams
dataset/ireal-pro_1599.jams
dataset/ireal-pro_16.jams
dataset/ireal-pro_160.jams
dataset/ireal-pro_1600.jams
dataset/ireal-pro_1601.jams
dataset/ireal-pro_1602.jams
dataset/ireal-pro_1603.jams
dataset/ireal-pro_1604.jams
dataset/ireal-pro_1605.jams
dataset/ireal-pro_1606.jams
dataset/ireal-pro_1607.jams
dataset/ireal-pro_1608.jams
dataset/ireal-pro_1609.jams
dataset/ireal-pro_161.jams
dataset/ireal-pro_1610.jams
dataset/ireal-pro_1611.jams
dataset/ireal-pro_1612.jams
dataset/ireal-pro_1613.jams
dataset/ireal-pro_1614.jams
dataset/ireal-pro_1615.jams
dataset/ireal-pro_1616.jams
dataset/ireal-pro_1617.jams
dataset/ireal-pro_1618.jams
dataset/ireal-pro_1619.jams
dataset/ireal-pro_162.jams
dataset/ireal-pro_1620.jams
dataset/ireal-pro_1621.jams
dataset/ireal-pro_1622.jams
dataset/ireal-pro_1623.jams
dataset/ireal-pro_1624.jams
dataset/ireal-pro_1625.jams
dataset/ireal-pro_1626.jams
dataset/ireal-pro_1627.jams
dataset/ireal-pro_1628.jams
dataset/ireal-pro_1629.jams
dataset/ireal-pro_163.jams
dataset/ireal-pro_1630.jams
dataset/ireal-pro_1631.jams
dataset/ireal-pro_1632.jams
dataset/ireal-pro_1633.jams
dataset/ireal-pro_1634.jams
dataset/ireal-pro_1635.jams
dataset/ireal-pro_1636.jams
dataset/ireal-pro_1637.jams
dataset/ireal-pro_1638.jams
dataset/ireal-pro_1639.jams
dataset/ireal-pro_164.jams
dataset/ireal-pro_1640.jams
dataset/ireal-pro_1641.jams
dataset/ireal-pro_1642.jams
dataset/ireal-pro_1643.jams
dataset/ireal-pro_1644.jams
dataset/ireal-pro_1645.jams
dataset/ireal-pro_1646.jams
dataset/ireal-pro_1647.jams
dataset/ireal-pro_1648.jams
dataset/ireal-pro_1649.jams
dataset/ireal-pro_165.jams
dataset/ireal-pro_1650.jams
dataset/ireal-pro_1651.jams
dataset/ireal-pro_1652.jams
dataset/ireal-pro_1653.jams
dataset/ireal-pro_1654.jams
dataset/ireal-pro_1655.jams
dataset/ireal-pro_1656.jams
dataset/ireal-pro_1657.jams
dataset/ireal-pro_1658.jams
dataset/ireal-pro_1659.jams
dataset/ireal-pro_166.jams
dataset/ireal-pro_1660.jams
dataset/ireal-pro_1661.jams
dataset/ireal-pro_1662.jams
dataset/ireal-pro_1663.jams
dataset/ireal-pro_1664.jams
dataset/ireal-pro_1665.jams
dataset/ireal-pro_1666.jams
dataset/ireal-pro_1667.jams
dataset/ireal-pro_1668.jams
dataset/ireal-pro_1669.jams
dataset/ireal-pro_167.jams
dataset/ireal-pro_1670.jams
dataset/ireal-pro_1671.jams
dataset/ireal-pro_1672.jams
dataset/ireal-pro_1673.jams
dataset/ireal-pro_1674.jams
dataset/ireal-pro_1675.jams
dataset/ireal-pro_1676.jams
dataset/ireal-pro_1677.jams
dataset/ireal-pro_1678.jams
dataset/ireal-pro_1679.jams
dataset/ireal-pro_168.jams
dataset/ireal-pro_1680.jams
dataset/ireal-pro_1681.jams
dataset/ireal-pro_1682.jams
dataset/ireal-pro_1683.jams
dataset/ireal-pro_1684.jams
dataset/ireal-pro_1685.jams
dataset/ireal-pro_1686.jams
dataset/ireal-pro_1687.jams
dataset/ireal-pro_1688.jams
dataset/ireal-pro_1689.jams
dataset/ireal-pro_169.jams
dataset/ireal-pro_1690.jams
dataset/ireal-pro_1691.jams
dataset/ireal-pro_1692.jams
dataset/ireal-pro_1693.jams
dataset/ireal-pro_1694.jams
dataset/ireal-pro_1695.jams
dataset/ireal-pro_1696.jams
dataset/ireal-pro_1697.jams
dataset/ireal-pro_1698.jams
dataset/ireal-pro_1699.jams
dataset/ireal-pro_17.jams
dataset/ireal-pro_170.jams
dataset/ireal-pro_1700.jams
dataset/ireal-pro_1701.jams
dataset/ireal-pro_1702.jams
dataset/ireal-pro_1703.jams
dataset/ireal-pro_1704.jams
dataset/ireal-pro_1705.jams
dataset/ireal-pro_1706.jams
dataset/ireal-pro_1707.jams
dataset/ireal-pro_1708.jams
dataset/ireal-pro_1709.jams
dataset/ireal-pro_171.jams
dataset/ireal-pro_1710.jams
dataset/ireal-pro_1711.jams
dataset/ireal-pro_1712.jams
dataset/ireal-pro_1713.jams
dataset/ireal-pro_1714.jams
dataset/ireal-pro_1715.jams
dataset/ireal-pro_1716.jams
dataset/ireal-pro_1717.jams
dataset/ireal-pro_1718.jams
dataset/ireal-pro_1719.jams
dataset/ireal-pro_172.jams
dataset/ireal-pro_1720.jams
dataset/ireal-pro_1721.jams
dataset/ireal-pro_1722.jams
dataset/ireal-pro_1723.jams
dataset/ireal-pro_1724.jams
dataset/ireal-pro_1725.jams
dataset/ireal-pro_1726.jams
dataset/ireal-pro_1727.jams
dataset/ireal-pro_1728.jams
dataset/ireal-pro_1729.jams
dataset/ireal-pro_173.jams
dataset/ireal-pro_1730.jams
dataset/ireal-pro_1731.jams
dataset/ireal-pro_1732.jams
dataset/ireal-pro_1733.jams
dataset/ireal-pro_1734.jams
dataset/ireal-pro_1735.jams
dataset/ireal-pro_1736.jams
dataset/ireal-pro_1737.jams
dataset/ireal-pro_1738.jams
dataset/ireal-pro_1739.jams
dataset/ireal-pro_174.jams
dataset/ireal-pro_1740.jams
dataset/ireal-pro_1741.jams
dataset/ireal-pro_1742.jams
dataset/ireal-pro_1743.jams
dataset/ireal-pro_1744.jams
dataset/ireal-pro_1745.jams
dataset/ireal-pro_1746.jams
dataset/ireal-pro_1747.jams
dataset/ireal-pro_1748.jams
dataset/ireal-pro_1749.jams
dataset/ireal-pro_175.jams
dataset/ireal-pro_1750.jams
dataset/ireal-pro_1751.jams
dataset/ireal-pro_1752.jams
dataset/ireal-pro_1753.jams
dataset/ireal-pro_1754.jams
dataset/ireal-pro_1755.jams
dataset/ireal-pro_1756.jams
dataset/ireal-pro_1757.jams
dataset/ireal-pro_1758.jams
dataset/ireal-pro_1759.jams
dataset/ireal-pro_176.jams
dataset/ireal-pro_1760.jams
dataset/ireal-pro_1761.jams
dataset/ireal-pro_1762.jams
dataset/ireal-pro_1763.jams
dataset/ireal-pro_1764.jams
dataset/ireal-pro_1765.jams
dataset/ireal-pro_1766.jams
dataset/ireal-pro_1767.jams
dataset/ireal-pro_1768.jams
dataset/ireal-pro_1769.jams
dataset/ireal-pro_177.jams
dataset/ireal-pro_1770.jams
dataset/ireal-pro_1771.jams
dataset/ireal-pro_1772.jams
dataset/ireal-pro_1773.jams
dataset/ireal-pro_1774.jams
dataset/ireal-pro_1775.jams
dataset/ireal-pro_1776.jams
dataset/ireal-pro_1777.jams
dataset/ireal-pro_1778.jams
dataset/ireal-pro_1779.jams
dataset/ireal-pro_178.jams
dataset/ireal-pro_1780.jams
dataset/ireal-pro_1781.jams
dataset/ireal-pro_1782.jams
dataset/ireal-pro_1783.jams
dataset/ireal-pro_1784.jams
dataset/ireal-pro_1785.jams
dataset/ireal-pro_1786.jams
dataset/ireal-pro_1787.jams
dataset/ireal-pro_1788.jams
dataset/ireal-pro_1789.jams
dataset/ireal-pro_179.jams
dataset/ireal-pro_1790.jams
dataset/ireal-pro_1791.jams
dataset/ireal-pro_1792.jams
dataset/ireal-pro_1793.jams
dataset/ireal-pro_1794.jams
dataset/ireal-pro_1795.jams
dataset/ireal-pro_1796.jams
dataset/ireal-pro_1797.jams
dataset/ireal-pro_1798.jams
dataset/ireal-pro_1799.jams
dataset/ireal-pro_18.jams
dataset/ireal-pro_180.jams
dataset/ireal-pro_1800.jams
dataset/ireal-pro_1801.jams
dataset/ireal-pro_1802.jams
dataset/ireal-pro_1803.jams
dataset/ireal-pro_1804.jams
dataset/ireal-pro_1805.jams
dataset/ireal-pro_1806.jams
dataset/ireal-pro_1807.jams
dataset/ireal-pro_1808.jams
dataset/ireal-pro_1809.jams
dataset/ireal-pro_181.jams
dataset/ireal-pro_1810.jams
dataset/ireal-pro_1811.jams
dataset/ireal-pro_1812.jams
dataset/ireal-pro_1813.jams
dataset/ireal-pro_1814.jams
dataset/ireal-pro_1815.jams
dataset/ireal-pro_1816.jams
dataset/ireal-pro_1817.jams
dataset/ireal-pro_1818.jams
dataset/ireal-pro_1819.jams
dataset/ireal-pro_182.jams
dataset/ireal-pro_1820.jams
dataset/ireal-pro_1821.jams
dataset/ireal-pro_1822.jams
dataset/ireal-pro_1823.jams
dataset/ireal-pro_1824.jams
dataset/ireal-pro_1825.jams
dataset/ireal-pro_1826.jams
dataset/ireal-pro_1827.jams
dataset/ireal-pro_1828.jams
dataset/ireal-pro_1829.jams
dataset/ireal-pro_183.jams
dataset/ireal-pro_1830.jams
dataset/ireal-pro_1831.jams
dataset/ireal-pro_1832.jams
dataset/ireal-pro_1833.jams
dataset/ireal-pro_1834.jams
dataset/ireal-pro_1835.jams
dataset/ireal-pro_1836.jams
dataset/ireal-pro_1837.jams
dataset/ireal-pro_1838.jams
dataset/ireal-pro_1839.jams
dataset/ireal-pro_184.jams
dataset/ireal-pro_1840.jams
dataset/ireal-pro_1841.jams
dataset/ireal-pro_1842.jams
dataset/ireal-pro_1843.jams
dataset/ireal-pro_1844.jams
dataset/ireal-pro_1845.jams
dataset/ireal-pro_1846.jams
dataset/ireal-pro_1847.jams
dataset/ireal-pro_1848.jams
dataset/ireal-pro_1849.jams
dataset/ireal-pro_185.jams
dataset/ireal-pro_1850.jams
dataset/ireal-pro_1851.jams
dataset/ireal-pro_1852.jams
dataset/ireal-pro_1853.jams
dataset/ireal-pro_1854.jams
dataset/ireal-pro_1855.jams
dataset/ireal-pro_1856.jams
dataset/ireal-pro_1857.jams
dataset/ireal-pro_1858.jams
dataset/ireal-pro_1859.jams
dataset/ireal-pro_186.jams
dataset/ireal-pro_1860.jams
dataset/ireal-pro_1861.jams
dataset/ireal-pro_1862.jams
dataset/ireal-pro_1863.jams
dataset/ireal-pro_1864.jams
dataset/ireal-pro_1865.jams
dataset/ireal-pro_1866.jams
dataset/ireal-pro_1867.jams
dataset/ireal-pro_1868.jams
dataset/ireal-pro_1869.jams
dataset/ireal-pro_187.jams
dataset/ireal-pro_1870.jams
dataset/ireal-pro_1871.jams
dataset/ireal-pro_1872.jams
dataset/ireal-pro_1873.jams
dataset/ireal-pro_1874.jams
dataset/ireal-pro_1875.jams
dataset/ireal-pro_1876.jams
dataset/ireal-pro_1877.jams
dataset/ireal-pro_1878.jams
dataset/ireal-pro_1879.jams
dataset/ireal-pro_188.jams
dataset/ireal-pro_1880.jams
dataset/ireal-pro_1881.jams
dataset/ireal-pro_1882.jams
dataset/ireal-pro_1883.jams
dataset/ireal-pro_1884.jams
dataset/ireal-pro_1885.jams
dataset/ireal-pro_1886.jams
dataset/ireal-pro_1887.jams
dataset/ireal-pro_1888.jams
dataset/ireal-pro_1889.jams
dataset/ireal-pro_189.jams
dataset/ireal-pro_1890.jams
dataset/ireal-pro_1891.jams
dataset/ireal-pro_1892.jams
dataset/ireal-pro_1893.jams
dataset/ireal-pro_1894.jams
dataset/ireal-pro_1895.jams
dataset/ireal-pro_1896.jams
dataset/ireal-pro_1897.jams
dataset/ireal-pro_1898.jams
dataset/ireal-pro_1899.jams
dataset/ireal-pro_19.jams
dataset/ireal-pro_190.jams
dataset/ireal-pro_1900.jams
dataset/ireal-pro_1901.jams
dataset/ireal-pro_1902.jams
dataset/ireal-pro_1903.jams
dataset/ireal-pro_1904.jams
dataset/ireal-pro_1905.jams
dataset/ireal-pro_1906.jams
dataset/ireal-pro_1907.jams
dataset/ireal-pro_1908.jams
dataset/ireal-pro_1909.jams
dataset/ireal-pro_191.jams
dataset/ireal-pro_1910.jams
dataset/ireal-pro_1911.jams
dataset/ireal-pro_1912.jams
dataset/ireal-pro_1913.jams
dataset/ireal-pro_1914.jams
dataset/ireal-pro_1915.jams
dataset/ireal-pro_1916.jams
dataset/ireal-pro_1917.jams
dataset/ireal-pro_1918.jams
dataset/ireal-pro_1919.jams
dataset/ireal-pro_192.jams
dataset/ireal-pro_1920.jams
dataset/ireal-pro_1921.jams
dataset/ireal-pro_1922.jams
dataset/ireal-pro_1923.jams
dataset/ireal-pro_1924.jams
dataset/ireal-pro_1925.jams
dataset/ireal-pro_1926.jams
dataset/ireal-pro_1927.jams
dataset/ireal-pro_1928.jams
dataset/ireal-pro_1929.jams
dataset/ireal-pro_193.jams
dataset/ireal-pro_1930.jams
dataset/ireal-pro_1931.jams
dataset/ireal-pro_1932.jams
dataset/ireal-pro_1933.jams
dataset/ireal-pro_1934.jams
dataset/ireal-pro_1935.jams
dataset/ireal-pro_1936.jams
dataset/ireal-pro_1937.jams
dataset/ireal-pro_1938.jams
dataset/ireal-pro_1939.jams
dataset/ireal-pro_194.jams
dataset/ireal-pro_1940.jams
dataset/ireal-pro_1941.jams
dataset/ireal-pro_1942.jams
dataset/ireal-pro_1943.jams
dataset/ireal-pro_1944.jams
dataset/ireal-pro_1945.jams
dataset/ireal-pro_1946.jams
dataset/ireal-pro_1947.jams
dataset/ireal-pro_1948.jams
dataset/ireal-pro_1949.jams
dataset/ireal-pro_195.jams
dataset/ireal-pro_1950.jams
dataset/ireal-pro_1951.jams
dataset/ireal-pro_1952.jams
dataset/ireal-pro_1953.jams
dataset/ireal-pro_1954.jams
dataset/ireal-pro_1955.jams
dataset/ireal-pro_1956.jams
dataset/ireal-pro_1957.jams
dataset/ireal-pro_1958.jams
dataset/ireal-pro_1959.jams
dataset/ireal-pro_196.jams
dataset/ireal-pro_1960.jams
dataset/ireal-pro_1961.jams
dataset/ireal-pro_1962.jams
dataset/ireal-pro_1963.jams
dataset/ireal-pro_1964.jams
dataset/ireal-pro_1965.jams
dataset/ireal-pro_1966.jams
dataset/ireal-pro_1967.jams
dataset/ireal-pro_1968.jams
dataset/ireal-pro_1969.jams
dataset/ireal-pro_197.jams
dataset/ireal-pro_1970.jams
dataset/ireal-pro_1971.jams
dataset/ireal-pro_1972.jams
dataset/ireal-pro_1973.jams
dataset/ireal-pro_1974.jams
dataset/ireal-pro_1975.jams
dataset/ireal-pro_1976.jams
dataset/ireal-pro_1977.jams
dataset/ireal-pro_1978.jams
dataset/ireal-pro_1979.jams
dataset/ireal-pro_198.jams
dataset/ireal-pro_1980.jams
dataset/ireal-pro_1981.jams
dataset/ireal-pro_1982.jams
dataset/ireal-pro_1983.jams
dataset/ireal-pro_1984.jams
dataset/ireal-pro_1985.jams
dataset/ireal-pro_1986.jams
dataset/ireal-pro_1987.jams
dataset/ireal-pro_1988.jams
dataset/ireal-pro_1989.jams
dataset/ireal-pro_199.jams
dataset/ireal-pro_1990.jams
dataset/ireal-pro_1991.jams
dataset/ireal-pro_1992.jams
dataset/ireal-pro_1993.jams
dataset/ireal-pro_1994.jams
dataset/ireal-pro_1995.jams
dataset/ireal-pro_1996.jams
dataset/ireal-pro_1997.jams
dataset/ireal-pro_1998.jams
dataset/ireal-pro_1999.jams
dataset/ireal-pro_2.jams
dataset/ireal-pro_20.jams
dataset/ireal-pro_200.jams
dataset/ireal-pro_2000.jams
dataset/ireal-pro_2001.jams
dataset/ireal-pro_2002.jams
dataset/ireal-pro_2003.jams
dataset/ireal-pro_2004.jams
dataset/ireal-pro_2005.jams
dataset/ireal-pro_2006.jams
dataset/ireal-pro_2007.jams
dataset/ireal-pro_2008.jams
dataset/ireal-pro_2009.jams
dataset/ireal-pro_201.jams
dataset/ireal-pro_2010.jams
dataset/ireal-pro_2011.jams
dataset/ireal-pro_2012.jams
dataset/ireal-pro_2013.jams
dataset/ireal-pro_2014.jams
dataset/ireal-pro_2015.jams
dataset/ireal-pro_2016.jams
dataset/ireal-pro_2017.jams
dataset/ireal-pro_2018.jams
dataset/ireal-pro_2019.jams
dataset/ireal-pro_202.jams
dataset/ireal-pro_2020.jams
dataset/ireal-pro_2021.jams
dataset/ireal-pro_2022.jams
dataset/ireal-pro_2023.jams
dataset/ireal-pro_2024.jams
dataset/ireal-pro_2025.jams
dataset/ireal-pro_2026.jams
dataset/ireal-pro_2027.jams
dataset/ireal-pro_2028.jams
dataset/ireal-pro_2029.jams
dataset/ireal-pro_203.jams
dataset/ireal-pro_2030.jams
dataset/ireal-pro_2031.jams
dataset/ireal-pro_2032.jams
dataset/ireal-pro_2033.jams
dataset/ireal-pro_2034.jams
dataset/ireal-pro_2035.jams
dataset/ireal-pro_2036.jams
dataset/ireal-pro_2037.jams
dataset/ireal-pro_2038.jams
dataset/ireal-pro_2039.jams
dataset/ireal-pro_204.jams
dataset/ireal-pro_2040.jams
dataset/ireal-pro_2041.jams
dataset/ireal-pro_2042.jams
dataset/ireal-pro_2043.jams
dataset/ireal-pro_2044.jams
dataset/ireal-pro_2045.jams
dataset/ireal-pro_2046.jams
dataset/ireal-pro_2047.jams
dataset/ireal-pro_205.jams
dataset/ireal-pro_206.jams
dataset/ireal-pro_207.jams
dataset/ireal-pro_208.jams
dataset/ireal-pro_209.jams
dataset/ireal-pro_21.jams
dataset/ireal-pro_210.jams
dataset/ireal-pro_211.jams
dataset/ireal-pro_212.jams
dataset/ireal-pro_213.jams
dataset/ireal-pro_214.jams
dataset/ireal-pro_215.jams
dataset/ireal-pro_216.jams
dataset/ireal-pro_217.jams
dataset/ireal-pro_218.jams
dataset/ireal-pro_219.jams
dataset/ireal-pro_22.jams
dataset/ireal-pro_220.jams
dataset/ireal-pro_221.jams
dataset/ireal-pro_222.jams
dataset/ireal-pro_223.jams
dataset/ireal-pro_224.jams
dataset/ireal-pro_225.jams
dataset/ireal-pro_226.jams
dataset/ireal-pro_227.jams
dataset/ireal-pro_228.jams
dataset/ireal-pro_229.jams
dataset/ireal-pro_23.jams
dataset/ireal-pro_230.jams
dataset/ireal-pro_231.jams
dataset/ireal-pro_232.jams
dataset/ireal-pro_233.jams
dataset/ireal-pro_234.jams
dataset/ireal-pro_235.jams
dataset/ireal-pro_236.jams
dataset/ireal-pro_237.jams
dataset/ireal-pro_238.jams
dataset/ireal-pro_239.jams
dataset/ireal-pro_24.jams
dataset/ireal-pro_240.jams
dataset/ireal-pro_241.jams
dataset/ireal-pro_242.jams
dataset/ireal-pro_243.jams
dataset/ireal-pro_244.jams
dataset/ireal-pro_245.jams
dataset/ireal-pro_246.jams
dataset/ireal-pro_247.jams
dataset/ireal-pro_248.jams
dataset/ireal-pro_249.jams
dataset/ireal-pro_25.jams
dataset/ireal-pro_250.jams
dataset/ireal-pro_251.jams
dataset/ireal-pro_252.jams
dataset/ireal-pro_253.jams
dataset/ireal-pro_254.jams
dataset/ireal-pro_255.jams
dataset/ireal-pro_256.jams
dataset/ireal-pro_257.jams
dataset/ireal-pro_258.jams
dataset/ireal-pro_259.jams
dataset/ireal-pro_26.jams
dataset/ireal-pro_260.jams
dataset/ireal-pro_261.jams
dataset/ireal-pro_262.jams
dataset/ireal-pro_263.jams
dataset/ireal-pro_264.jams
dataset/ireal-pro_265.jams
dataset/ireal-pro_266.jams
dataset/ireal-pro_267.jams
dataset/ireal-pro_268.jams
dataset/ireal-pro_269.jams
dataset/ireal-pro_27.jams
dataset/ireal-pro_270.jams
dataset/ireal-pro_271.jams
dataset/ireal-pro_272.jams
dataset/ireal-pro_273.jams
dataset/ireal-pro_274.jams
dataset/ireal-pro_275.jams
dataset/ireal-pro_276.jams
dataset/ireal-pro_277.jams
dataset/ireal-pro_278.jams
dataset/ireal-pro_279.jams
dataset/ireal-pro_28.jams
dataset/ireal-pro_280.jams
dataset/ireal-pro_281.jams
dataset/ireal-pro_282.jams
dataset/ireal-pro_283.jams
dataset/ireal-pro_284.jams
dataset/ireal-pro_285.jams
dataset/ireal-pro_286.jams
dataset/ireal-pro_287.jams
dataset/ireal-pro_288.jams
dataset/ireal-pro_289.jams
dataset/ireal-pro_29.jams
dataset/ireal-pro_290.jams
dataset/ireal-pro_291.jams
dataset/ireal-pro_292.jams
dataset/ireal-pro_293.jams
dataset/ireal-pro_294.jams
dataset/ireal-pro_295.jams
dataset/ireal-pro_296.jams
dataset/ireal-pro_297.jams
dataset/ireal-pro_298.jams
dataset/ireal-pro_299.jams
dataset/ireal-pro_3.jams
dataset/ireal-pro_30.jams
dataset/ireal-pro_300.jams
dataset/ireal-pro_301.jams
dataset/ireal-pro_302.jams
dataset/ireal-pro_303.jams
dataset/ireal-pro_304.jams
dataset/ireal-pro_305.jams
dataset/ireal-pro_306.jams
dataset/ireal-pro_307.jams
dataset/ireal-pro_308.jams
dataset/ireal-pro_309.jams
dataset/ireal-pro_31.jams
dataset/ireal-pro_310.jams
dataset/ireal-pro_311.jams
dataset/ireal-pro_312.jams
dataset/ireal-pro_313.jams
dataset/ireal-pro_314.jams
dataset/ireal-pro_315.jams
dataset/ireal-pro_316.jams
dataset/ireal-pro_317.jams
dataset/ireal-pro_318.jams
dataset/ireal-pro_319.jams
dataset/ireal-pro_32.jams
dataset/ireal-pro_320.jams
dataset/ireal-pro_321.jams
dataset/ireal-pro_322.jams
dataset/ireal-pro_323.jams
dataset/ireal-pro_324.jams
dataset/ireal-pro_325.jams
dataset/ireal-pro_326.jams
dataset/ireal-pro_327.jams
dataset/ireal-pro_328.jams
dataset/ireal-pro_329.jams
dataset/ireal-pro_33.jams
dataset/ireal-pro_330.jams
dataset/ireal-pro_331.jams
dataset/ireal-pro_332.jams
dataset/ireal-pro_333.jams
dataset/ireal-pro_334.jams
dataset/ireal-pro_335.jams
dataset/ireal-pro_336.jams
dataset/ireal-pro_337.jams
dataset/ireal-pro_338.jams
dataset/ireal-pro_339.jams
dataset/ireal-pro_34.jams
dataset/ireal-pro_340.jams
dataset/ireal-pro_341.jams
dataset/ireal-pro_342.jams
dataset/ireal-pro_343.jams
dataset/ireal-pro_344.jams
dataset/ireal-pro_345.jams
dataset/ireal-pro_346.jams
dataset/ireal-pro_347.jams
dataset/ireal-pro_348.jams
dataset/ireal-pro_349.jams
dataset/ireal-pro_35.jams
dataset/ireal-pro_350.jams
dataset/ireal-pro_351.jams
dataset/ireal-pro_352.jams
dataset/ireal-pro_353.jams
dataset/ireal-pro_354.jams
dataset/ireal-pro_355.jams
dataset/ireal-pro_356.jams
dataset/ireal-pro_357.jams
dataset/ireal-pro_358.jams
dataset/ireal-pro_359.jams
dataset/ireal-pro_36.jams
dataset/ireal-pro_360.jams
dataset/ireal-pro_361.jams
dataset/ireal-pro_362.jams
dataset/ireal-pro_363.jams
dataset/ireal-pro_364.jams
dataset/ireal-pro_365.jams
dataset/ireal-pro_366.jams
dataset/ireal-pro_367.jams
dataset/ireal-pro_368.jams
dataset/ireal-pro_369.jams
dataset/ireal-pro_37.jams
dataset/ireal-pro_370.jams
dataset/ireal-pro_371.jams
dataset/ireal-pro_372.jams
dataset/ireal-pro_373.jams
dataset/ireal-pro_374.jams
dataset/ireal-pro_375.jams
dataset/ireal-pro_376.jams
dataset/ireal-pro_377.jams
dataset/ireal-pro_378.jams
dataset/ireal-pro_379.jams
dataset/ireal-pro_38.jams
dataset/ireal-pro_380.jams
dataset/ireal-pro_381.jams
dataset/ireal-pro_382.jams
dataset/ireal-pro_383.jams
dataset/ireal-pro_384.jams
dataset/ireal-pro_385.jams
dataset/ireal-pro_386.jams
dataset/ireal-pro_387.jams
dataset/ireal-pro_388.jams
dataset/ireal-pro_389.jams
dataset/ireal-pro_39.jams
dataset/ireal-pro_390.jams
dataset/ireal-pro_391.jams
dataset/ireal-pro_392.jams
dataset/ireal-pro_393.jams
dataset/ireal-pro_394.jams
dataset/ireal-pro_395.jams
dataset/ireal-pro_396.jams
dataset/ireal-pro_397.jams
dataset/ireal-pro_398.jams
dataset/ireal-pro_399.jams
dataset/ireal-pro_4.jams
dataset/ireal-pro_40.jams
dataset/ireal-pro_400.jams
dataset/ireal-pro_401.jams
dataset/ireal-pro_402.jams
dataset/ireal-pro_403.jams
dataset/ireal-pro_404.jams
dataset/ireal-pro_405.jams
dataset/ireal-pro_406.jams
dataset/ireal-pro_407.jams
dataset/ireal-pro_408.jams
dataset/ireal-pro_409.jams
dataset/ireal-pro_41.jams
dataset/ireal-pro_410.jams
dataset/ireal-pro_411.jams
dataset/ireal-pro_412.jams
dataset/ireal-pro_413.jams
dataset/ireal-pro_414.jams
dataset/ireal-pro_415.jams
dataset/ireal-pro_416.jams
dataset/ireal-pro_417.jams
dataset/ireal-pro_418.jams
dataset/ireal-pro_419.jams
dataset/ireal-pro_42.jams
dataset/ireal-pro_420.jams
dataset/ireal-pro_421.jams
dataset/ireal-pro_422.jams
dataset/ireal-pro_423.jams
dataset/ireal-pro_424.jams
dataset/ireal-pro_425.jams
dataset/ireal-pro_426.jams
dataset/ireal-pro_427.jams
dataset/ireal-pro_428.jams
dataset/ireal-pro_429.jams
dataset/ireal-pro_43.jams
dataset/ireal-pro_430.jams
dataset/ireal-pro_431.jams
dataset/ireal-pro_432.jams
dataset/ireal-pro_433.jams
dataset/ireal-pro_434.jams
dataset/ireal-pro_435.jams
dataset/ireal-pro_436.jams
dataset/ireal-pro_437.jams
dataset/ireal-pro_438.jams
dataset/ireal-pro_439.jams
dataset/ireal-pro_44.jams
dataset/ireal-pro_440.jams
dataset/ireal-pro_441.jams
dataset/ireal-pro_442.jams
dataset/ireal-pro_443.jams
dataset/ireal-pro_444.jams
dataset/ireal-pro_445.jams
dataset/ireal-pro_446.jams
dataset/ireal-pro_447.jams
dataset/ireal-pro_448.jams
dataset/ireal-pro_449.jams
dataset/ireal-pro_45.jams
dataset/ireal-pro_450.jams
dataset/ireal-pro_451.jams
dataset/ireal-pro_452.jams
dataset/ireal-pro_453.jams
dataset/ireal-pro_454.jams
dataset/ireal-pro_455.jams
dataset/ireal-pro_456.jams
dataset/ireal-pro_457.jams
dataset/ireal-pro_458.jams
dataset/ireal-pro_459.jams
dataset/ireal-pro_46.jams
dataset/ireal-pro_460.jams
dataset/ireal-pro_461.jams
dataset/ireal-pro_462.jams
dataset/ireal-pro_463.jams
dataset/ireal-pro_464.jams
dataset/ireal-pro_465.jams
dataset/ireal-pro_466.jams
dataset/ireal-pro_467.jams
dataset/ireal-pro_468.jams
dataset/ireal-pro_469.jams
dataset/ireal-pro_47.jams
dataset/ireal-pro_470.jams
dataset/ireal-pro_471.jams
dataset/ireal-pro_472.jams
dataset/ireal-pro_473.jams
dataset/ireal-pro_474.jams
dataset/ireal-pro_475.jams
dataset/ireal-pro_476.jams
dataset/ireal-pro_477.jams
dataset/ireal-pro_478.jams
dataset/ireal-pro_479.jams
dataset/ireal-pro_48.jams
dataset/ireal-pro_480.jams
dataset/ireal-pro_481.jams
dataset/ireal-pro_482.jams
dataset/ireal-pro_483.jams
dataset/ireal-pro_484.jams
dataset/ireal-pro_485.jams
dataset/ireal-pro_486.jams
dataset/ireal-pro_487.jams
dataset/ireal-pro_488.jams
dataset/ireal-pro_489.jams
dataset/ireal-pro_49.jams
dataset/ireal-pro_490.jams
dataset/ireal-pro_491.jams
dataset/ireal-pro_492.jams
dataset/ireal-pro_493.jams
dataset/ireal-pro_494.jams
dataset/ireal-pro_495.jams
dataset/ireal-pro_496.jams
dataset/ireal-pro_497.jams
dataset/ireal-pro_498.jams
dataset/ireal-pro_499.jams
dataset/ireal-pro_5.jams
dataset/ireal-pro_50.jams
dataset/ireal-pro_500.jams
dataset/ireal-pro_501.jams
dataset/ireal-pro_502.jams
dataset/ireal-pro_503.jams
dataset/ireal-pro_504.jams
dataset/ireal-pro_505.jams
dataset/ireal-pro_506.jams
dataset/ireal-pro_507.jams
dataset/ireal-pro_508.jams
dataset/ireal-pro_509.jams
dataset/ireal-pro_51.jams
dataset/ireal-pro_510.jams
dataset/ireal-pro_511.jams
dataset/ireal-pro_512.jams
dataset/ireal-pro_513.jams
dataset/ireal-pro_514.jams
dataset/ireal-pro_515.jams
dataset/ireal-pro_516.jams
dataset/ireal-pro_517.jams
dataset/ireal-pro_518.jams
dataset/ireal-pro_519.jams
dataset/ireal-pro_52.jams
dataset/ireal-pro_520.jams
dataset/ireal-pro_521.jams
dataset/ireal-pro_522.jams
dataset/ireal-pro_523.jams
dataset/ireal-pro_524.jams
dataset/ireal-pro_525.jams
dataset/ireal-pro_526.jams
dataset/ireal-pro_527.jams
dataset/ireal-pro_528.jams
dataset/ireal-pro_529.jams
dataset/ireal-pro_53.jams
dataset/ireal-pro_530.jams
dataset/ireal-pro_531.jams
dataset/ireal-pro_532.jams
dataset/ireal-pro_533.jams
dataset/ireal-pro_534.jams
dataset/ireal-pro_535.jams
dataset/ireal-pro_536.jams
dataset/ireal-pro_537.jams
dataset/ireal-pro_538.jams
dataset/ireal-pro_539.jams
dataset/ireal-pro_54.jams
dataset/ireal-pro_540.jams
dataset/ireal-pro_541.jams
dataset/ireal-pro_542.jams
dataset/ireal-pro_543.jams
dataset/ireal-pro_544.jams
dataset/ireal-pro_545.jams
dataset/ireal-pro_546.jams
dataset/ireal-pro_547.jams
dataset/ireal-pro_548.jams
dataset/ireal-pro_549.jams
dataset/ireal-pro_55.jams
dataset/ireal-pro_550.jams
dataset/ireal-pro_551.jams
dataset/ireal-pro_552.jams
dataset/ireal-pro_553.jams
dataset/ireal-pro_554.jams
dataset/ireal-pro_555.jams
dataset/ireal-pro_556.jams
dataset/ireal-pro_557.jams
dataset/ireal-pro_558.jams
dataset/ireal-pro_559.jams
dataset/ireal-pro_56.jams
dataset/ireal-pro_560.jams
dataset/ireal-pro_561.jams
dataset/ireal-pro_562.jams
dataset/ireal-pro_563.jams
dataset/ireal-pro_564.jams
dataset/ireal-pro_565.jams
dataset/ireal-pro_566.jams
dataset/ireal-pro_567.jams
dataset/ireal-pro_568.jams
dataset/ireal-pro_569.jams
dataset/ireal-pro_57.jams
dataset/ireal-pro_570.jams
dataset/ireal-pro_571.jams
dataset/ireal-pro_572.jams
dataset/ireal-pro_573.jams
dataset/ireal-pro_574.jams
dataset/ireal-pro_575.jams
dataset/ireal-pro_576.jams
dataset/ireal-pro_577.jams
dataset/ireal-pro_578.jams
dataset/ireal-pro_579.jams
dataset/ireal-pro_58.jams
dataset/ireal-pro_580.jams
dataset/ireal-pro_581.jams
dataset/ireal-pro_582.jams
dataset/ireal-pro_583.jams
dataset/ireal-pro_584.jams
dataset/ireal-pro_585.jams
dataset/ireal-pro_586.jams
dataset/ireal-pro_587.jams
dataset/ireal-pro_588.jams
dataset/ireal-pro_589.jams
dataset/ireal-pro_59.jams
dataset/ireal-pro_590.jams
dataset/ireal-pro_591.jams
dataset/ireal-pro_592.jams
dataset/ireal-pro_593.jams
dataset/ireal-pro_594.jams
dataset/ireal-pro_595.jams
dataset/ireal-pro_596.jams
dataset/ireal-pro_597.jams
dataset/ireal-pro_598.jams
dataset/ireal-pro_599.jams
dataset/ireal-pro_6.jams
dataset/ireal-pro_60.jams
dataset/ireal-pro_600.jams
dataset/ireal-pro_601.jams
dataset/ireal-pro_602.jams
dataset/ireal-pro_603.jams
dataset/ireal-pro_604.jams
dataset/ireal-pro_605.jams
dataset/ireal-pro_606.jams
dataset/ireal-pro_607.jams
dataset/ireal-pro_608.jams
dataset/ireal-pro_609.jams
dataset/ireal-pro_61.jams
dataset/ireal-pro_610.jams
dataset/ireal-pro_611.jams
dataset/ireal-pro_612.jams
dataset/ireal-pro_613.jams
dataset/ireal-pro_614.jams
dataset/ireal-pro_615.jams
dataset/ireal-pro_616.jams
dataset/ireal-pro_617.jams
dataset/ireal-pro_618.jams
dataset/ireal-pro_619.jams
dataset/ireal-pro_62.jams
dataset/ireal-pro_620.jams
dataset/ireal-pro_621.jams
dataset/ireal-pro_622.jams
dataset/ireal-pro_623.jams
dataset/ireal-pro_624.jams
dataset/ireal-pro_625.jams
dataset/ireal-pro_626.jams
dataset/ireal-pro_627.jams
dataset/ireal-pro_628.jams
dataset/ireal-pro_629.jams
dataset/ireal-pro_63.jams
dataset/ireal-pro_630.jams
dataset/ireal-pro_631.jams
dataset/ireal-pro_632.jams
dataset/ireal-pro_633.jams
dataset/ireal-pro_634.jams
dataset/ireal-pro_635.jams
dataset/ireal-pro_636.jams
dataset/ireal-pro_637.jams
dataset/ireal-pro_638.jams
dataset/ireal-pro_639.jams
dataset/ireal-pro_64.jams
dataset/ireal-pro_640.jams
dataset/ireal-pro_641.jams
dataset/ireal-pro_642.jams
dataset/ireal-pro_643.jams
dataset/ireal-pro_644.jams
dataset/ireal-pro_645.jams
dataset/ireal-pro_646.jams
dataset/ireal-pro_647.jams
dataset/ireal-pro_648.jams
dataset/ireal-pro_649.jams
dataset/ireal-pro_65.jams
dataset/ireal-pro_650.jams
dataset/ireal-pro_651.jams
dataset/ireal-pro_652.jams
dataset/ireal-pro_653.jams
dataset/ireal-pro_654.jams
dataset/ireal-pro_655.jams
dataset/ireal-pro_656.jams
dataset/ireal-pro_657.jams
dataset/ireal-pro_658.jams
dataset/ireal-pro_659.jams
dataset/ireal-pro_66.jams
dataset/ireal-pro_660.jams
dataset/ireal-pro_661.jams
dataset/ireal-pro_662.jams
dataset/ireal-pro_663.jams
dataset/ireal-pro_664.jams
dataset/ireal-pro_665.jams
dataset/ireal-pro_666.jams
dataset/ireal-pro_667.jams
dataset/ireal-pro_668.jams
dataset/ireal-pro_669.jams
dataset/ireal-pro_67.jams
dataset/ireal-pro_670.jams
dataset/ireal-pro_671.jams
dataset/ireal-pro_672.jams
dataset/ireal-pro_673.jams
dataset/ireal-pro_674.jams
dataset/ireal-pro_675.jams
dataset/ireal-pro_676.jams
dataset/ireal-pro_677.jams
dataset/ireal-pro_678.jams
dataset/ireal-pro_679.jams
dataset/ireal-pro_68.jams
dataset/ireal-pro_680.jams
dataset/ireal-pro_681.jams
dataset/ireal-pro_682.jams
dataset/ireal-pro_683.jams
dataset/ireal-pro_684.jams
dataset/ireal-pro_685.jams
dataset/ireal-pro_686.jams
dataset/ireal-pro_687.jams
dataset/ireal-pro_688.jams
dataset/ireal-pro_689.jams
dataset/ireal-pro_69.jams
dataset/ireal-pro_690.jams
dataset/ireal-pro_691.jams
dataset/ireal-pro_692.jams
dataset/ireal-pro_693.jams
dataset/ireal-pro_694.jams
dataset/ireal-pro_695.jams
dataset/ireal-pro_696.jams
dataset/ireal-pro_697.jams
dataset/ireal-pro_698.jams
dataset/ireal-pro_699.jams
dataset/ireal-pro_7.jams
dataset/ireal-pro_70.jams
dataset/ireal-pro_700.jams
dataset/ireal-pro_701.jams
dataset/ireal-pro_702.jams
dataset/ireal-pro_703.jams
dataset/ireal-pro_704.jams
dataset/ireal-pro_705.jams
dataset/ireal-pro_706.jams
dataset/ireal-pro_707.jams
dataset/ireal-pro_708.jams
dataset/ireal-pro_709.jams
dataset/ireal-pro_71.jams
dataset/ireal-pro_710.jams
dataset/ireal-pro_711.jams
dataset/ireal-pro_712.jams
dataset/ireal-pro_713.jams
dataset/ireal-pro_714.jams
dataset/ireal-pro_715.jams
dataset/ireal-pro_716.jams
dataset/ireal-pro_717.jams
dataset/ireal-pro_718.jams
dataset/ireal-pro_719.jams
dataset/ireal-pro_72.jams
dataset/ireal-pro_720.jams
dataset/ireal-pro_721.jams
dataset/ireal-pro_722.jams
dataset/ireal-pro_723.jams
dataset/ireal-pro_724.jams
dataset/ireal-pro_725.jams
dataset/ireal-pro_726.jams
dataset/ireal-pro_727.jams
dataset/ireal-pro_728.jams
dataset/ireal-pro_729.jams
dataset/ireal-pro_73.jams
dataset/ireal-pro_730.jams
dataset/ireal-pro_731.jams
dataset/ireal-pro_732.jams
dataset/ireal-pro_733.jams
dataset/ireal-pro_734.jams
dataset/ireal-pro_735.jams
dataset/ireal-pro_736.jams
dataset/ireal-pro_737.jams
dataset/ireal-pro_738.jams
dataset/ireal-pro_739.jams
dataset/ireal-pro_74.jams
dataset/ireal-pro_740.jams
dataset/ireal-pro_741.jams
dataset/ireal-pro_742.jams
dataset/ireal-pro_743.jams
dataset/ireal-pro_744.jams
dataset/ireal-pro_745.jams
dataset/ireal-pro_746.jams
dataset/ireal-pro_747.jams
dataset/ireal-pro_748.jams
dataset/ireal-pro_749.jams
dataset/ireal-pro_75.jams
dataset/ireal-pro_750.jams
dataset/ireal-pro_751.jams
dataset/ireal-pro_752.jams
dataset/ireal-pro_753.jams
dataset/ireal-pro_754.jams
dataset/ireal-pro_755.jams
dataset/ireal-pro_756.jams
dataset/ireal-pro_757.jams
dataset/ireal-pro_758.jams
dataset/ireal-pro_759.jams
dataset/ireal-pro_76.jams
dataset/ireal-pro_760.jams
dataset/ireal-pro_761.jams
dataset/ireal-pro_762.jams
dataset/ireal-pro_763.jams
dataset/ireal-pro_764.jams
dataset/ireal-pro_765.jams
dataset/ireal-pro_766.jams
dataset/ireal-pro_767.jams
dataset/ireal-pro_768.jams
dataset/ireal-pro_769.jams
dataset/ireal-pro_77.jams
dataset/ireal-pro_770.jams
dataset/ireal-pro_771.jams
dataset/ireal-pro_772.jams
dataset/ireal-pro_773.jams
dataset/ireal-pro_774.jams
dataset/ireal-pro_775.jams
dataset/ireal-pro_776.jams
dataset/ireal-pro_777.jams
dataset/ireal-pro_778.jams
dataset/ireal-pro_779.jams
dataset/ireal-pro_78.jams
dataset/ireal-pro_780.jams
dataset/ireal-pro_781.jams
dataset/ireal-pro_782.jams
dataset/ireal-pro_783.jams
dataset/ireal-pro_784.jams
dataset/ireal-pro_785.jams
dataset/ireal-pro_786.jams
dataset/ireal-pro_787.jams
dataset/ireal-pro_788.jams
dataset/ireal-pro_789.jams
dataset/ireal-pro_79.jams
dataset/ireal-pro_790.jams
dataset/ireal-pro_791.jams
dataset/ireal-pro_792.jams
dataset/ireal-pro_793.jams
dataset/ireal-pro_794.jams
dataset/ireal-pro_795.jams
dataset/ireal-pro_796.jams
dataset/ireal-pro_797.jams
dataset/ireal-pro_798.jams
dataset/ireal-pro_799.jams
dataset/ireal-pro_8.jams
dataset/ireal-pro_80.jams
dataset/ireal-pro_800.jams
dataset/ireal-pro_801.jams
dataset/ireal-pro_802.jams
dataset/ireal-pro_803.jams
dataset/ireal-pro_804.jams
dataset/ireal-pro_805.jams
dataset/ireal-pro_806.jams
dataset/ireal-pro_807.jams
dataset/ireal-pro_808.jams
dataset/ireal-pro_809.jams
dataset/ireal-pro_81.jams
dataset/ireal-pro_810.jams
dataset/ireal-pro_811.jams
dataset/ireal-pro_812.jams
dataset/ireal-pro_813.jams
dataset/ireal-pro_814.jams
dataset/ireal-pro_815.jams
dataset/ireal-pro_816.jams
dataset/ireal-pro_817.jams
dataset/ireal-pro_818.jams
dataset/ireal-pro_819.jams
dataset/ireal-pro_82.jams
dataset/ireal-pro_820.jams
dataset/ireal-pro_821.jams
dataset/ireal-pro_822.jams
dataset/ireal-pro_823.jams
dataset/ireal-pro_824.jams
dataset/ireal-pro_825.jams
dataset/ireal-pro_826.jams
dataset/ireal-pro_827.jams
dataset/ireal-pro_828.jams
dataset/ireal-pro_829.jams
dataset/ireal-pro_83.jams
dataset/ireal-pro_830.jams
dataset/ireal-pro_831.jams
dataset/ireal-pro_832.jams
dataset/ireal-pro_833.jams
dataset/ireal-pro_834.jams
dataset/ireal-pro_835.jams
dataset/ireal-pro_836.jams
dataset/ireal-pro_837.jams
dataset/ireal-pro_838.jams
dataset/ireal-pro_839.jams
dataset/ireal-pro_84.jams
dataset/ireal-pro_840.jams
dataset/ireal-pro_841.jams
dataset/ireal-pro_842.jams
dataset/ireal-pro_843.jams
dataset/ireal-pro_844.jams
dataset/ireal-pro_845.jams
dataset/ireal-pro_846.jams
dataset/ireal-pro_847.jams
dataset/ireal-pro_848.jams
dataset/ireal-pro_849.jams
dataset/ireal-pro_85.jams
dataset/ireal-pro_850.jams
dataset/ireal-pro_851.jams
dataset/ireal-pro_852.jams
dataset/ireal-pro_853.jams
dataset/ireal-pro_854.jams
dataset/ireal-pro_855.jams
dataset/ireal-pro_856.jams
dataset/ireal-pro_857.jams
dataset/ireal-pro_858.jams
dataset/ireal-pro_859.jams
dataset/ireal-pro_86.jams
dataset/ireal-pro_860.jams
dataset/ireal-pro_861.jams
dataset/ireal-pro_862.jams
dataset/ireal-pro_863.jams
dataset/ireal-pro_864.jams
dataset/ireal-pro_865.jams
dataset/ireal-pro_866.jams
dataset/ireal-pro_867.jams
dataset/ireal-pro_868.jams
dataset/ireal-pro_869.jams
dataset/ireal-pro_87.jams
dataset/ireal-pro_870.jams
dataset/ireal-pro_871.jams
dataset/ireal-pro_872.jams
dataset/ireal-pro_873.jams
dataset/ireal-pro_874.jams
dataset/ireal-pro_875.jams
dataset/ireal-pro_876.jams
dataset/ireal-pro_877.jams
dataset/ireal-pro_878.jams
dataset/ireal-pro_879.jams
dataset/ireal-pro_88.jams
dataset/ireal-pro_880.jams
dataset/ireal-pro_881.jams
dataset/ireal-pro_882.jams
dataset/ireal-pro_883.jams
dataset/ireal-pro_884.jams
dataset/ireal-pro_885.jams
dataset/ireal-pro_886.jams
dataset/ireal-pro_887.jams
dataset/ireal-pro_888.jams
dataset/ireal-pro_889.jams
dataset/ireal-pro_89.jams
dataset/ireal-pro_890.jams
dataset/ireal-pro_891.jams
dataset/ireal-pro_892.jams
dataset/ireal-pro_893.jams
dataset/ireal-pro_894.jams
dataset/ireal-pro_895.jams
dataset/ireal-pro_896.jams
dataset/ireal-pro_897.jams
dataset/ireal-pro_898.jams
dataset/ireal-pro_899.jams
dataset/ireal-pro_9.jams
dataset/ireal-pro_90.jams
dataset/ireal-pro_900.jams
dataset/ireal-pro_901.jams
dataset/ireal-pro_902.jams
dataset/ireal-pro_903.jams
dataset/ireal-pro_904.jams
dataset/ireal-pro_905.jams
dataset/ireal-pro_906.jams
dataset/ireal-pro_907.jams
dataset/ireal-pro_908.jams
dataset/ireal-pro_909.jams
dataset/ireal-pro_91.jams
dataset/ireal-pro_910.jams
dataset/ireal-pro_911.jams
dataset/ireal-pro_912.jams
dataset/ireal-pro_913.jams
dataset/ireal-pro_914.jams
dataset/ireal-pro_915.jams
dataset/ireal-pro_916.jams
dataset/ireal-pro_917.jams
dataset/ireal-pro_918.jams
dataset/ireal-pro_919.jams
dataset/ireal-pro_92.jams
dataset/ireal-pro_920.jams
dataset/ireal-pro_921.jams
dataset/ireal-pro_922.jams
dataset/ireal-pro_923.jams
dataset/ireal-pro_924.jams
dataset/ireal-pro_925.jams
dataset/ireal-pro_926.jams
dataset/ireal-pro_927.jams
dataset/ireal-pro_928.jams
dataset/ireal-pro_929.jams
dataset/ireal-pro_93.jams
dataset/ireal-pro_930.jams
dataset/ireal-pro_931.jams
dataset/ireal-pro_932.jams
dataset/ireal-pro_933.jams
dataset/ireal-pro_934.jams
dataset/ireal-pro_935.jams
dataset/ireal-pro_936.jams
dataset/ireal-pro_937.jams
dataset/ireal-pro_938.jams
dataset/ireal-pro_939.jams
dataset/ireal-pro_94.jams
dataset/ireal-pro_940.jams
dataset/ireal-pro_941.jams
dataset/ireal-pro_942.jams
dataset/ireal-pro_943.jams
dataset/ireal-pro_944.jams
dataset/ireal-pro_945.jams
dataset/ireal-pro_946.jams
dataset/ireal-pro_947.jams
dataset/ireal-pro_948.jams
dataset/ireal-pro_949.jams
dataset/ireal-pro_95.jams
dataset/ireal-pro_950.jams
dataset/ireal-pro_951.jams
dataset/ireal-pro_952.jams
dataset/ireal-pro_953.jams
dataset/ireal-pro_954.jams
dataset/ireal-pro_955.jams
dataset/ireal-pro_956.jams
dataset/ireal-pro_957.jams
dataset/ireal-pro_958.jams
dataset/ireal-pro_959.jams
dataset/ireal-pro_96.jams
dataset/ireal-pro_960.jams
dataset/ireal-pro_961.jams
dataset/ireal-pro_962.jams
dataset/ireal-pro_963.jams
dataset/ireal-pro_964.jams
dataset/ireal-pro_965.jams
dataset/ireal-pro_966.jams
dataset/ireal-pro_967.jams
dataset/ireal-pro_968.jams
dataset/ireal-pro_969.jams
dataset/ireal-pro_97.jams
dataset/ireal-pro_970.jams
dataset/ireal-pro_971.jams
dataset/ireal-pro_972.jams
dataset/ireal-pro_973.jams
dataset/ireal-pro_974.jams
dataset/ireal-pro_975.jams
dataset/ireal-pro_976.jams
dataset/ireal-pro_977.jams
dataset/ireal-pro_978.jams
dataset/ireal-pro_979.jams
dataset/ireal-pro_98.jams
dataset/ireal-pro_980.jams
dataset/ireal-pro_981.jams
dataset/ireal-pro_982.jams
dataset/ireal-pro_983.jams
dataset/ireal-pro_984.jams
dataset/ireal-pro_985.jams
dataset/ireal-pro_986.jams
dataset/ireal-pro_987.jams
dataset/ireal-pro_988.jams
dataset/ireal-pro_989.jams
dataset/ireal-pro_99.jams
dataset/ireal-pro_990.jams
dataset/ireal-pro_991.jams
dataset/ireal-pro_992.jams
dataset/ireal-pro_993.jams
dataset/ireal-pro_994.jams
dataset/ireal-pro_995.jams
dataset/ireal-pro_996.jams
dataset/ireal-pro_997.jams
dataset/ireal-pro_998.jams
dataset/ireal-pro_999.jams
dataset/jazz-corpus_10.jams
dataset/jazz-corpus_100.jams
dataset/jazz-corpus_103.jams
dataset/jazz-corpus_104.jams
dataset/jazz-corpus_107.jams
dataset/jazz-corpus_108.jams
dataset/jazz-corpus_111.jams
dataset/jazz-corpus_115.jams
dataset/jazz-corpus_12.jams
dataset/jazz-corpus_13.jams
dataset/jazz-corpus_14.jams
dataset/jazz-corpus_16.jams
dataset/jazz-corpus_17.jams
dataset/jazz-corpus_18.jams
dataset/jazz-corpus_19.jams
dataset/jazz-corpus_2.jams
dataset/jazz-corpus_21.jams
dataset/jazz-corpus_22.jams
dataset/jazz-corpus_28.jams
dataset/jazz-corpus_30.jams
dataset/jazz-corpus_31.jams
dataset/jazz-corpus_32.jams
dataset/jazz-corpus_33.jams
dataset/jazz-corpus_34.jams
dataset/jazz-corpus_35.jams
dataset/jazz-corpus_36.jams
dataset/jazz-corpus_37.jams
dataset/jazz-corpus_38.jams
dataset/jazz-corpus_4.jams
dataset/jazz-corpus_41.jams
dataset/jazz-corpus_42.jams
dataset/jazz-corpus_43.jams
dataset/jazz-corpus_44.jams
dataset/jazz-corpus_45.jams
dataset/jazz-corpus_46.jams
dataset/jazz-corpus_47.jams
dataset/jazz-corpus_48.jams
dataset/jazz-corpus_49.jams
dataset/jazz-corpus_51.jams
dataset/jazz-corpus_52.jams
dataset/jazz-corpus_53.jams
dataset/jazz-corpus_54.jams
dataset/jazz-corpus_55.jams
dataset/jazz-corpus_56.jams
dataset/jazz-corpus_57.jams
dataset/jazz-corpus_58.jams
dataset/jazz-corpus_60.jams
dataset/jazz-corpus_62.jams
dataset/jazz-corpus_63.jams
dataset/jazz-corpus_64.jams
dataset/jazz-corpus_65.jams
dataset/jazz-corpus_66.jams
dataset/jazz-corpus_67.jams
dataset/jazz-corpus_68.jams
dataset/jazz-corpus_69.jams
dataset/jazz-corpus_7.jams
dataset/jazz-corpus_70.jams
dataset/jazz-corpus_71.jams
dataset/jazz-corpus_73.jams
dataset/jazz-corpus_76.jams
dataset/jazz-corpus_79.jams
dataset/jazz-corpus_8.jams
dataset/jazz-corpus_80.jams
dataset/jazz-corpus_81.jams
dataset/jazz-corpus_85.jams
dataset/jazz-corpus_86.jams
dataset/jazz-corpus_87.jams
dataset/jazz-corpus_89.jams
dataset/jazz-corpus_9.jams
dataset/jazz-corpus_91.jams
dataset/jazz-corpus_92.jams
dataset/jazz-corpus_93.jams
dataset/jazz-corpus_94.jams
dataset/jazz-corpus_96.jams
dataset/jazz-corpus_98.jams
dataset/jazz-corpus_99.jams
dataset/mozart-piano-sonatas_0.jams
dataset/mozart-piano-sonatas_1.jams
dataset/mozart-piano-sonatas_10.jams
dataset/mozart-piano-sonatas_11.jams
dataset/mozart-piano-sonatas_12.jams
dataset/mozart-piano-sonatas_13.jams
dataset/mozart-piano-sonatas_14.jams
dataset/mozart-piano-sonatas_15.jams
dataset/mozart-piano-sonatas_16.jams
dataset/mozart-piano-sonatas_17.jams
dataset/mozart-piano-sonatas_18.jams
dataset/mozart-piano-sonatas_19.jams
dataset/mozart-piano-sonatas_2.jams
dataset/mozart-piano-sonatas_20.jams
dataset/mozart-piano-sonatas_21.jams
dataset/mozart-piano-sonatas_22.jams
dataset/mozart-piano-sonatas_23.jams
dataset/mozart-piano-sonatas_24.jams
dataset/mozart-piano-sonatas_25.jams
dataset/mozart-piano-sonatas_26.jams
dataset/mozart-piano-sonatas_27.jams
dataset/mozart-piano-sonatas_28.jams
dataset/mozart-piano-sonatas_29.jams
dataset/mozart-piano-sonatas_3.jams
dataset/mozart-piano-sonatas_30.jams
dataset/mozart-piano-sonatas_31.jams
dataset/mozart-piano-sonatas_32.jams
dataset/mozart-piano-sonatas_33.jams
dataset/mozart-piano-sonatas_34.jams
dataset/mozart-piano-sonatas_35.jams
dataset/mozart-piano-sonatas_36.jams
dataset/mozart-piano-sonatas_37.jams
dataset/mozart-piano-sonatas_38.jams
dataset/mozart-piano-sonatas_39.jams
dataset/mozart-piano-sonatas_4.jams
dataset/mozart-piano-sonatas_40.jams
dataset/mozart-piano-sonatas_41.jams
dataset/mozart-piano-sonatas_42.jams
dataset/mozart-piano-sonatas_43.jams
dataset/mozart-piano-sonatas_44.jams
dataset/mozart-piano-sonatas_45.jams
dataset/mozart-piano-sonatas_46.jams
dataset/mozart-piano-sonatas_47.jams
dataset/mozart-piano-sonatas_48.jams
dataset/mozart-piano-sonatas_49.jams
dataset/mozart-piano-sonatas_5.jams
dataset/mozart-piano-sonatas_50.jams
dataset/mozart-piano-sonatas_51.jams
dataset/mozart-piano-sonatas_52.jams
dataset/mozart-piano-sonatas_53.jams
dataset/mozart-piano-sonatas_6.jams
dataset/mozart-piano-sonatas_7.jams
dataset/mozart-piano-sonatas_8.jams
dataset/mozart-piano-sonatas_9.jams
dataset/nottingham_0.jams
dataset/nottingham_1.jams
dataset/nottingham_10.jams
dataset/nottingham_100.jams
dataset/nottingham_1000.jams
dataset/nottingham_1001.jams
dataset/nottingham_1002.jams
dataset/nottingham_1003.jams
dataset/nottingham_1004.jams
dataset/nottingham_1005.jams
dataset/nottingham_1006.jams
dataset/nottingham_1007.jams
dataset/nottingham_1008.jams
dataset/nottingham_1009.jams
dataset/nottingham_101.jams
dataset/nottingham_1010.jams
dataset/nottingham_1011.jams
dataset/nottingham_1012.jams
dataset/nottingham_1013.jams
dataset/nottingham_1014.jams
dataset/nottingham_1015.jams
dataset/nottingham_1016.jams
dataset/nottingham_1017.jams
dataset/nottingham_1018.jams
dataset/nottingham_1019.jams
dataset/nottingham_102.jams
dataset/nottingham_1020.jams
dataset/nottingham_1021.jams
dataset/nottingham_1022.jams
dataset/nottingham_1023.jams
dataset/nottingham_1024.jams
dataset/nottingham_1025.jams
dataset/nottingham_1026.jams
dataset/nottingham_1027.jams
dataset/nottingham_1028.jams
dataset/nottingham_1029.jams
dataset/nottingham_103.jams
dataset/nottingham_1030.jams
dataset/nottingham_1031.jams
dataset/nottingham_1032.jams
dataset/nottingham_1033.jams
dataset/nottingham_1034.jams
dataset/nottingham_1035.jams
dataset/nottingham_1036.jams
dataset/nottingham_104.jams
dataset/nottingham_105.jams
dataset/nottingham_106.jams
dataset/nottingham_107.jams
dataset/nottingham_108.jams
dataset/nottingham_109.jams
dataset/nottingham_11.jams
dataset/nottingham_110.jams
dataset/nottingham_111.jams
dataset/nottingham_112.jams
dataset/nottingham_113.jams
dataset/nottingham_114.jams
dataset/nottingham_115.jams
dataset/nottingham_116.jams
dataset/nottingham_117.jams
dataset/nottingham_118.jams
dataset/nottingham_119.jams
dataset/nottingham_12.jams
dataset/nottingham_120.jams
dataset/nottingham_121.jams
dataset/nottingham_122.jams
dataset/nottingham_123.jams
dataset/nottingham_124.jams
dataset/nottingham_125.jams
dataset/nottingham_126.jams
dataset/nottingham_127.jams
dataset/nottingham_128.jams
dataset/nottingham_129.jams
dataset/nottingham_13.jams
dataset/nottingham_130.jams
dataset/nottingham_131.jams
dataset/nottingham_132.jams
dataset/nottingham_133.jams
dataset/nottingham_134.jams
dataset/nottingham_135.jams
dataset/nottingham_136.jams
dataset/nottingham_137.jams
dataset/nottingham_138.jams
dataset/nottingham_139.jams
dataset/nottingham_14.jams
dataset/nottingham_140.jams
dataset/nottingham_141.jams
dataset/nottingham_142.jams
dataset/nottingham_143.jams
dataset/nottingham_144.jams
dataset/nottingham_145.jams
dataset/nottingham_146.jams
dataset/nottingham_147.jams
dataset/nottingham_148.jams
dataset/nottingham_149.jams
dataset/nottingham_15.jams
dataset/nottingham_150.jams
dataset/nottingham_151.jams
dataset/nottingham_152.jams
dataset/nottingham_153.jams
dataset/nottingham_154.jams
dataset/nottingham_155.jams
dataset/nottingham_156.jams
dataset/nottingham_157.jams
dataset/nottingham_158.jams
dataset/nottingham_159.jams
dataset/nottingham_16.jams
dataset/nottingham_160.jams
dataset/nottingham_161.jams
dataset/nottingham_162.jams
dataset/nottingham_163.jams
dataset/nottingham_164.jams
dataset/nottingham_165.jams
dataset/nottingham_166.jams
dataset/nottingham_167.jams
dataset/nottingham_168.jams
dataset/nottingham_169.jams
dataset/nottingham_170.jams
dataset/nottingham_171.jams
dataset/nottingham_172.jams
dataset/nottingham_173.jams
dataset/nottingham_174.jams
dataset/nottingham_175.jams
dataset/nottingham_176.jams
dataset/nottingham_178.jams
dataset/nottingham_179.jams
dataset/nottingham_180.jams
dataset/nottingham_181.jams
dataset/nottingham_182.jams
dataset/nottingham_183.jams
dataset/nottingham_184.jams
dataset/nottingham_185.jams
dataset/nottingham_186.jams
dataset/nottingham_187.jams
dataset/nottingham_188.jams
dataset/nottingham_189.jams
dataset/nottingham_190.jams
dataset/nottingham_191.jams
dataset/nottingham_192.jams
dataset/nottingham_193.jams
dataset/nottingham_194.jams
dataset/nottingham_195.jams
dataset/nottingham_196.jams
dataset/nottingham_197.jams
dataset/nottingham_198.jams
dataset/nottingham_199.jams
dataset/nottingham_2.jams
dataset/nottingham_200.jams
dataset/nottingham_201.jams
dataset/nottingham_202.jams
dataset/nottingham_203.jams
dataset/nottingham_204.jams
dataset/nottingham_205.jams
dataset/nottingham_206.jams
dataset/nottingham_207.jams
dataset/nottingham_208.jams
dataset/nottingham_209.jams
dataset/nottingham_21.jams
dataset/nottingham_210.jams
dataset/nottingham_211.jams
dataset/nottingham_212.jams
dataset/nottingham_213.jams
dataset/nottingham_214.jams
dataset/nottingham_215.jams
dataset/nottingham_216.jams
dataset/nottingham_217.jams
dataset/nottingham_218.jams
dataset/nottingham_219.jams
dataset/nottingham_22.jams
dataset/nottingham_220.jams
dataset/nottingham_221.jams
dataset/nottingham_222.jams
dataset/nottingham_224.jams
dataset/nottingham_225.jams
dataset/nottingham_226.jams
dataset/nottingham_227.jams
dataset/nottingham_228.jams
dataset/nottingham_229.jams
dataset/nottingham_23.jams
dataset/nottingham_230.jams
dataset/nottingham_231.jams
dataset/nottingham_232.jams
dataset/nottingham_233.jams
dataset/nottingham_234.jams
dataset/nottingham_235.jams
dataset/nottingham_236.jams
dataset/nottingham_237.jams
dataset/nottingham_238.jams
dataset/nottingham_239.jams
dataset/nottingham_24.jams
dataset/nottingham_240.jams
dataset/nottingham_241.jams
dataset/nottingham_242.jams
dataset/nottingham_243.jams
dataset/nottingham_244.jams
dataset/nottingham_245.jams
dataset/nottingham_246.jams
dataset/nottingham_247.jams
dataset/nottingham_248.jams
dataset/nottingham_249.jams
dataset/nottingham_25.jams
dataset/nottingham_250.jams
dataset/nottingham_251.jams
dataset/nottingham_252.jams
dataset/nottingham_253.jams
dataset/nottingham_254.jams
dataset/nottingham_255.jams
dataset/nottingham_256.jams
dataset/nottingham_257.jams
dataset/nottingham_258.jams
dataset/nottingham_259.jams
dataset/nottingham_26.jams
dataset/nottingham_260.jams
dataset/nottingham_262.jams
dataset/nottingham_263.jams
dataset/nottingham_264.jams
dataset/nottingham_265.jams
dataset/nottingham_266.jams
dataset/nottingham_267.jams
dataset/nottingham_268.jams
dataset/nottingham_269.jams
dataset/nottingham_27.jams
dataset/nottingham_270.jams
dataset/nottingham_271.jams
dataset/nottingham_272.jams
dataset/nottingham_273.jams
dataset/nottingham_274.jams
dataset/nottingham_275.jams
dataset/nottingham_276.jams
dataset/nottingham_277.jams
dataset/nottingham_278.jams
dataset/nottingham_279.jams
dataset/nottingham_28.jams
dataset/nottingham_280.jams
dataset/nottingham_281.jams
dataset/nottingham_282.jams
dataset/nottingham_283.jams
dataset/nottingham_284.jams
dataset/nottingham_285.jams
dataset/nottingham_286.jams
dataset/nottingham_287.jams
dataset/nottingham_288.jams
dataset/nottingham_289.jams
dataset/nottingham_29.jams
dataset/nottingham_290.jams
dataset/nottingham_291.jams
dataset/nottingham_292.jams
dataset/nottingham_293.jams
dataset/nottingham_294.jams
dataset/nottingham_295.jams
dataset/nottingham_296.jams
dataset/nottingham_297.jams
dataset/nottingham_298.jams
dataset/nottingham_299.jams
dataset/nottingham_3.jams
dataset/nottingham_30.jams
dataset/nottingham_300.jams
dataset/nottingham_301.jams
dataset/nottingham_302.jams
dataset/nottingham_303.jams
dataset/nottingham_304.jams
dataset/nottingham_305.jams
dataset/nottingham_306.jams
dataset/nottingham_307.jams
dataset/nottingham_308.jams
dataset/nottingham_309.jams
dataset/nottingham_31.jams
dataset/nottingham_310.jams
dataset/nottingham_311.jams
dataset/nottingham_312.jams
dataset/nottingham_313.jams
dataset/nottingham_314.jams
dataset/nottingham_315.jams
dataset/nottingham_316.jams
dataset/nottingham_317.jams
dataset/nottingham_318.jams
dataset/nottingham_319.jams
dataset/nottingham_32.jams
dataset/nottingham_320.jams
dataset/nottingham_321.jams
dataset/nottingham_322.jams
dataset/nottingham_323.jams
dataset/nottingham_324.jams
dataset/nottingham_325.jams
dataset/nottingham_326.jams
dataset/nottingham_327.jams
dataset/nottingham_329.jams
dataset/nottingham_33.jams
dataset/nottingham_330.jams
dataset/nottingham_331.jams
dataset/nottingham_332.jams
dataset/nottingham_333.jams
dataset/nottingham_334.jams
dataset/nottingham_335.jams
dataset/nottingham_336.jams
dataset/nottingham_337.jams
dataset/nottingham_338.jams
dataset/nottingham_339.jams
dataset/nottingham_34.jams
dataset/nottingham_340.jams
dataset/nottingham_341.jams
dataset/nottingham_342.jams
dataset/nottingham_343.jams
dataset/nottingham_344.jams
dataset/nottingham_345.jams
dataset/nottingham_346.jams
dataset/nottingham_347.jams
dataset/nottingham_348.jams
dataset/nottingham_349.jams
dataset/nottingham_35.jams
dataset/nottingham_350.jams
dataset/nottingham_351.jams
dataset/nottingham_352.jams
dataset/nottingham_353.jams
dataset/nottingham_354.jams
dataset/nottingham_355.jams
dataset/nottingham_356.jams
dataset/nottingham_357.jams
dataset/nottingham_358.jams
dataset/nottingham_359.jams
dataset/nottingham_36.jams
dataset/nottingham_360.jams
dataset/nottingham_361.jams
dataset/nottingham_362.jams
dataset/nottingham_363.jams
dataset/nottingham_364.jams
dataset/nottingham_365.jams
dataset/nottingham_366.jams
dataset/nottingham_367.jams
dataset/nottingham_368.jams
dataset/nottingham_369.jams
dataset/nottingham_37.jams
dataset/nottingham_370.jams
dataset/nottingham_371.jams
dataset/nottingham_372.jams
dataset/nottingham_373.jams
dataset/nottingham_374.jams
dataset/nottingham_375.jams
dataset/nottingham_376.jams
dataset/nottingham_377.jams
dataset/nottingham_378.jams
dataset/nottingham_379.jams
dataset/nottingham_38.jams
dataset/nottingham_380.jams
dataset/nottingham_381.jams
dataset/nottingham_382.jams
dataset/nottingham_383.jams
dataset/nottingham_384.jams
dataset/nottingham_386.jams
dataset/nottingham_387.jams
dataset/nottingham_388.jams
dataset/nottingham_389.jams
dataset/nottingham_39.jams
dataset/nottingham_390.jams
dataset/nottingham_391.jams
dataset/nottingham_392.jams
dataset/nottingham_394.jams
dataset/nottingham_395.jams
dataset/nottingham_396.jams
dataset/nottingham_397.jams
dataset/nottingham_398.jams
dataset/nottingham_399.jams
dataset/nottingham_4.jams
dataset/nottingham_40.jams
dataset/nottingham_400.jams
dataset/nottingham_401.jams
dataset/nottingham_402.jams
dataset/nottingham_403.jams
dataset/nottingham_404.jams
dataset/nottingham_405.jams
dataset/nottingham_406.jams
dataset/nottingham_407.jams
dataset/nottingham_408.jams
dataset/nottingham_409.jams
dataset/nottingham_41.jams
dataset/nottingham_411.jams
dataset/nottingham_413.jams
dataset/nottingham_414.jams
dataset/nottingham_415.jams
dataset/nottingham_416.jams
dataset/nottingham_417.jams
dataset/nottingham_418.jams
dataset/nottingham_419.jams
dataset/nottingham_420.jams
dataset/nottingham_421.jams
dataset/nottingham_422.jams
dataset/nottingham_423.jams
dataset/nottingham_424.jams
dataset/nottingham_425.jams
dataset/nottingham_426.jams
dataset/nottingham_427.jams
dataset/nottingham_428.jams
dataset/nottingham_429.jams
dataset/nottingham_43.jams
dataset/nottingham_430.jams
dataset/nottingham_431.jams
dataset/nottingham_432.jams
dataset/nottingham_433.jams
dataset/nottingham_434.jams
dataset/nottingham_435.jams
dataset/nottingham_436.jams
dataset/nottingham_437.jams
dataset/nottingham_438.jams
dataset/nottingham_439.jams
dataset/nottingham_440.jams
dataset/nottingham_441.jams
dataset/nottingham_442.jams
dataset/nottingham_443.jams
dataset/nottingham_444.jams
dataset/nottingham_445.jams
dataset/nottingham_446.jams
dataset/nottingham_447.jams
dataset/nottingham_448.jams
dataset/nottingham_449.jams
dataset/nottingham_45.jams
dataset/nottingham_450.jams
dataset/nottingham_451.jams
dataset/nottingham_452.jams
dataset/nottingham_453.jams
dataset/nottingham_454.jams
dataset/nottingham_455.jams
dataset/nottingham_456.jams
dataset/nottingham_457.jams
dataset/nottingham_458.jams
dataset/nottingham_459.jams
dataset/nottingham_46.jams
dataset/nottingham_460.jams
dataset/nottingham_461.jams
dataset/nottingham_462.jams
dataset/nottingham_463.jams
dataset/nottingham_464.jams
dataset/nottingham_465.jams
dataset/nottingham_466.jams
dataset/nottingham_467.jams
dataset/nottingham_468.jams
dataset/nottingham_469.jams
dataset/nottingham_47.jams
dataset/nottingham_470.jams
dataset/nottingham_471.jams
dataset/nottingham_472.jams
dataset/nottingham_474.jams
dataset/nottingham_475.jams
dataset/nottingham_476.jams
dataset/nottingham_477.jams
dataset/nottingham_478.jams
dataset/nottingham_479.jams
dataset/nottingham_48.jams
dataset/nottingham_480.jams
dataset/nottingham_481.jams
dataset/nottingham_482.jams
dataset/nottingham_483.jams
dataset/nottingham_484.jams
dataset/nottingham_485.jams
dataset/nottingham_486.jams
dataset/nottingham_487.jams
dataset/nottingham_488.jams
dataset/nottingham_489.jams
dataset/nottingham_49.jams
dataset/nottingham_490.jams
dataset/nottingham_491.jams
dataset/nottingham_492.jams
dataset/nottingham_493.jams
dataset/nottingham_494.jams
dataset/nottingham_495.jams
dataset/nottingham_496.jams
dataset/nottingham_497.jams
dataset/nottingham_498.jams
dataset/nottingham_499.jams
dataset/nottingham_5.jams
dataset/nottingham_50.jams
dataset/nottingham_500.jams
dataset/nottingham_501.jams
dataset/nottingham_502.jams
dataset/nottingham_503.jams
dataset/nottingham_505.jams
dataset/nottingham_506.jams
dataset/nottingham_507.jams
dataset/nottingham_508.jams
dataset/nottingham_509.jams
dataset/nottingham_51.jams
dataset/nottingham_510.jams
dataset/nottingham_511.jams
dataset/nottingham_512.jams
dataset/nottingham_513.jams
dataset/nottingham_514.jams
dataset/nottingham_515.jams
dataset/nottingham_516.jams
dataset/nottingham_517.jams
dataset/nottingham_518.jams
dataset/nottingham_519.jams
dataset/nottingham_52.jams
dataset/nottingham_520.jams
dataset/nottingham_521.jams
dataset/nottingham_522.jams
dataset/nottingham_523.jams
dataset/nottingham_524.jams
dataset/nottingham_526.jams
dataset/nottingham_527.jams
dataset/nottingham_529.jams
dataset/nottingham_53.jams
dataset/nottingham_530.jams
dataset/nottingham_531.jams
dataset/nottingham_532.jams
dataset/nottingham_533.jams
dataset/nottingham_534.jams
dataset/nottingham_535.jams
dataset/nottingham_536.jams
dataset/nottingham_537.jams
dataset/nottingham_538.jams
dataset/nottingham_539.jams
dataset/nottingham_54.jams
dataset/nottingham_540.jams
dataset/nottingham_541.jams
dataset/nottingham_542.jams
dataset/nottingham_543.jams
dataset/nottingham_545.jams
dataset/nottingham_546.jams
dataset/nottingham_548.jams
dataset/nottingham_549.jams
dataset/nottingham_55.jams
dataset/nottingham_550.jams
dataset/nottingham_551.jams
dataset/nottingham_552.jams
dataset/nottingham_554.jams
dataset/nottingham_555.jams
dataset/nottingham_556.jams
dataset/nottingham_557.jams
dataset/nottingham_558.jams
dataset/nottingham_559.jams
dataset/nottingham_56.jams
dataset/nottingham_560.jams
dataset/nottingham_561.jams
dataset/nottingham_562.jams
dataset/nottingham_563.jams
dataset/nottingham_564.jams
dataset/nottingham_565.jams
dataset/nottingham_566.jams
dataset/nottingham_567.jams
dataset/nottingham_568.jams
dataset/nottingham_569.jams
dataset/nottingham_57.jams
dataset/nottingham_570.jams
dataset/nottingham_571.jams
dataset/nottingham_572.jams
dataset/nottingham_573.jams
dataset/nottingham_574.jams
dataset/nottingham_575.jams
dataset/nottingham_576.jams
dataset/nottingham_577.jams
dataset/nottingham_578.jams
dataset/nottingham_579.jams
dataset/nottingham_58.jams
dataset/nottingham_580.jams
dataset/nottingham_581.jams
dataset/nottingham_582.jams
dataset/nottingham_583.jams
dataset/nottingham_584.jams
dataset/nottingham_585.jams
dataset/nottingham_586.jams
dataset/nottingham_587.jams
dataset/nottingham_588.jams
dataset/nottingham_589.jams
dataset/nottingham_59.jams
dataset/nottingham_590.jams
dataset/nottingham_591.jams
dataset/nottingham_592.jams
dataset/nottingham_593.jams
dataset/nottingham_594.jams
dataset/nottingham_595.jams
dataset/nottingham_596.jams
dataset/nottingham_597.jams
dataset/nottingham_598.jams
dataset/nottingham_599.jams
dataset/nottingham_6.jams
dataset/nottingham_60.jams
dataset/nottingham_601.jams
dataset/nottingham_602.jams
dataset/nottingham_603.jams
dataset/nottingham_604.jams
dataset/nottingham_605.jams
dataset/nottingham_606.jams
dataset/nottingham_607.jams
dataset/nottingham_608.jams
dataset/nottingham_609.jams
dataset/nottingham_61.jams
dataset/nottingham_610.jams
dataset/nottingham_611.jams
dataset/nottingham_612.jams
dataset/nottingham_613.jams
dataset/nottingham_614.jams
dataset/nottingham_615.jams
dataset/nottingham_616.jams
dataset/nottingham_617.jams
dataset/nottingham_618.jams
dataset/nottingham_619.jams
dataset/nottingham_62.jams
dataset/nottingham_620.jams
dataset/nottingham_621.jams
dataset/nottingham_622.jams
dataset/nottingham_623.jams
dataset/nottingham_625.jams
dataset/nottingham_626.jams
dataset/nottingham_627.jams
dataset/nottingham_628.jams
dataset/nottingham_629.jams
dataset/nottingham_63.jams
dataset/nottingham_630.jams
dataset/nottingham_631.jams
dataset/nottingham_632.jams
dataset/nottingham_633.jams
dataset/nottingham_634.jams
dataset/nottingham_635.jams
dataset/nottingham_636.jams
dataset/nottingham_637.jams
dataset/nottingham_638.jams
dataset/nottingham_639.jams
dataset/nottingham_64.jams
dataset/nottingham_640.jams
dataset/nottingham_641.jams
dataset/nottingham_642.jams
dataset/nottingham_643.jams
dataset/nottingham_644.jams
dataset/nottingham_645.jams
dataset/nottingham_647.jams
dataset/nottingham_648.jams
dataset/nottingham_649.jams
dataset/nottingham_65.jams
dataset/nottingham_650.jams
dataset/nottingham_651.jams
dataset/nottingham_652.jams
dataset/nottingham_653.jams
dataset/nottingham_654.jams
dataset/nottingham_655.jams
dataset/nottingham_656.jams
dataset/nottingham_657.jams
dataset/nottingham_658.jams
dataset/nottingham_659.jams
dataset/nottingham_66.jams
dataset/nottingham_660.jams
dataset/nottingham_661.jams
dataset/nottingham_662.jams
dataset/nottingham_663.jams
dataset/nottingham_664.jams
dataset/nottingham_665.jams
dataset/nottingham_666.jams
dataset/nottingham_667.jams
dataset/nottingham_668.jams
dataset/nottingham_669.jams
dataset/nottingham_67.jams
dataset/nottingham_670.jams
dataset/nottingham_671.jams
dataset/nottingham_672.jams
dataset/nottingham_673.jams
dataset/nottingham_674.jams
dataset/nottingham_678.jams
dataset/nottingham_679.jams
dataset/nottingham_68.jams
dataset/nottingham_680.jams
dataset/nottingham_681.jams
dataset/nottingham_682.jams
dataset/nottingham_683.jams
dataset/nottingham_684.jams
dataset/nottingham_685.jams
dataset/nottingham_686.jams
dataset/nottingham_687.jams
dataset/nottingham_688.jams
dataset/nottingham_689.jams
dataset/nottingham_69.jams
dataset/nottingham_690.jams
dataset/nottingham_691.jams
dataset/nottingham_692.jams
dataset/nottingham_693.jams
dataset/nottingham_694.jams
dataset/nottingham_695.jams
dataset/nottingham_696.jams
dataset/nottingham_697.jams
dataset/nottingham_698.jams
dataset/nottingham_699.jams
dataset/nottingham_7.jams
dataset/nottingham_70.jams
dataset/nottingham_700.jams
dataset/nottingham_701.jams
dataset/nottingham_702.jams
dataset/nottingham_703.jams
dataset/nottingham_704.jams
dataset/nottingham_705.jams
dataset/nottingham_706.jams
dataset/nottingham_707.jams
dataset/nottingham_708.jams
dataset/nottingham_709.jams
dataset/nottingham_71.jams
dataset/nottingham_710.jams
dataset/nottingham_711.jams
dataset/nottingham_713.jams
dataset/nottingham_714.jams
dataset/nottingham_716.jams
dataset/nottingham_717.jams
dataset/nottingham_718.jams
dataset/nottingham_719.jams
dataset/nottingham_72.jams
dataset/nottingham_720.jams
dataset/nottingham_721.jams
dataset/nottingham_722.jams
dataset/nottingham_723.jams
dataset/nottingham_724.jams
dataset/nottingham_725.jams
dataset/nottingham_726.jams
dataset/nottingham_727.jams
dataset/nottingham_728.jams
dataset/nottingham_729.jams
dataset/nottingham_73.jams
dataset/nottingham_730.jams
dataset/nottingham_731.jams
dataset/nottingham_732.jams
dataset/nottingham_733.jams
dataset/nottingham_734.jams
dataset/nottingham_735.jams
dataset/nottingham_736.jams
dataset/nottingham_737.jams
dataset/nottingham_738.jams
dataset/nottingham_739.jams
dataset/nottingham_74.jams
dataset/nottingham_740.jams
dataset/nottingham_741.jams
dataset/nottingham_742.jams
dataset/nottingham_743.jams
dataset/nottingham_744.jams
dataset/nottingham_745.jams
dataset/nottingham_746.jams
dataset/nottingham_747.jams
dataset/nottingham_748.jams
dataset/nottingham_749.jams
dataset/nottingham_75.jams
dataset/nottingham_750.jams
dataset/nottingham_751.jams
dataset/nottingham_752.jams
dataset/nottingham_753.jams
dataset/nottingham_754.jams
dataset/nottingham_755.jams
dataset/nottingham_756.jams
dataset/nottingham_757.jams
dataset/nottingham_758.jams
dataset/nottingham_759.jams
dataset/nottingham_76.jams
dataset/nottingham_760.jams
dataset/nottingham_761.jams
dataset/nottingham_762.jams
dataset/nottingham_764.jams
dataset/nottingham_765.jams
dataset/nottingham_766.jams
dataset/nottingham_767.jams
dataset/nottingham_768.jams
dataset/nottingham_769.jams
dataset/nottingham_77.jams
dataset/nottingham_770.jams
dataset/nottingham_771.jams
dataset/nottingham_772.jams
dataset/nottingham_773.jams
dataset/nottingham_774.jams
dataset/nottingham_775.jams
dataset/nottingham_776.jams
dataset/nottingham_777.jams
dataset/nottingham_778.jams
dataset/nottingham_779.jams
dataset/nottingham_78.jams
dataset/nottingham_780.jams
dataset/nottingham_781.jams
dataset/nottingham_782.jams
dataset/nottingham_783.jams
dataset/nottingham_784.jams
dataset/nottingham_785.jams
dataset/nottingham_786.jams
dataset/nottingham_787.jams
dataset/nottingham_788.jams
dataset/nottingham_789.jams
dataset/nottingham_79.jams
dataset/nottingham_790.jams
dataset/nottingham_791.jams
dataset/nottingham_792.jams
dataset/nottingham_793.jams
dataset/nottingham_794.jams
dataset/nottingham_795.jams
dataset/nottingham_796.jams
dataset/nottingham_797.jams
dataset/nottingham_798.jams
dataset/nottingham_799.jams
dataset/nottingham_8.jams
dataset/nottingham_80.jams
dataset/nottingham_800.jams
dataset/nottingham_801.jams
dataset/nottingham_802.jams
dataset/nottingham_803.jams
dataset/nottingham_804.jams
dataset/nottingham_805.jams
dataset/nottingham_806.jams
dataset/nottingham_807.jams
dataset/nottingham_808.jams
dataset/nottingham_81.jams
dataset/nottingham_810.jams
dataset/nottingham_811.jams
dataset/nottingham_812.jams
dataset/nottingham_813.jams
dataset/nottingham_814.jams
dataset/nottingham_815.jams
dataset/nottingham_816.jams
dataset/nottingham_817.jams
dataset/nottingham_818.jams
dataset/nottingham_819.jams
dataset/nottingham_82.jams
dataset/nottingham_820.jams
dataset/nottingham_821.jams
dataset/nottingham_822.jams
dataset/nottingham_823.jams
dataset/nottingham_824.jams
dataset/nottingham_825.jams
dataset/nottingham_826.jams
dataset/nottingham_827.jams
dataset/nottingham_828.jams
dataset/nottingham_829.jams
dataset/nottingham_83.jams
dataset/nottingham_830.jams
dataset/nottingham_831.jams
dataset/nottingham_832.jams
dataset/nottingham_833.jams
dataset/nottingham_834.jams
dataset/nottingham_835.jams
dataset/nottingham_836.jams
dataset/nottingham_837.jams
dataset/nottingham_838.jams
dataset/nottingham_839.jams
dataset/nottingham_84.jams
dataset/nottingham_841.jams
dataset/nottingham_842.jams
dataset/nottingham_843.jams
dataset/nottingham_844.jams
dataset/nottingham_845.jams
dataset/nottingham_846.jams
dataset/nottingham_847.jams
dataset/nottingham_848.jams
dataset/nottingham_849.jams
dataset/nottingham_85.jams
dataset/nottingham_850.jams
dataset/nottingham_851.jams
dataset/nottingham_852.jams
dataset/nottingham_853.jams
dataset/nottingham_854.jams
dataset/nottingham_855.jams
dataset/nottingham_856.jams
dataset/nottingham_857.jams
dataset/nottingham_858.jams
dataset/nottingham_859.jams
dataset/nottingham_86.jams
dataset/nottingham_860.jams
dataset/nottingham_861.jams
dataset/nottingham_862.jams
dataset/nottingham_863.jams
dataset/nottingham_864.jams
dataset/nottingham_865.jams
dataset/nottingham_866.jams
dataset/nottingham_867.jams
dataset/nottingham_868.jams
dataset/nottingham_869.jams
dataset/nottingham_87.jams
dataset/nottingham_870.jams
dataset/nottingham_871.jams
dataset/nottingham_872.jams
dataset/nottingham_873.jams
dataset/nottingham_874.jams
dataset/nottingham_875.jams
dataset/nottingham_876.jams
dataset/nottingham_877.jams
dataset/nottingham_878.jams
dataset/nottingham_879.jams
dataset/nottingham_88.jams
dataset/nottingham_880.jams
dataset/nottingham_881.jams
dataset/nottingham_882.jams
dataset/nottingham_883.jams
dataset/nottingham_884.jams
dataset/nottingham_885.jams
dataset/nottingham_886.jams
dataset/nottingham_887.jams
dataset/nottingham_888.jams
dataset/nottingham_889.jams
dataset/nottingham_89.jams
dataset/nottingham_890.jams
dataset/nottingham_891.jams
dataset/nottingham_892.jams
dataset/nottingham_893.jams
dataset/nottingham_894.jams
dataset/nottingham_895.jams
dataset/nottingham_896.jams
dataset/nottingham_897.jams
dataset/nottingham_898.jams
dataset/nottingham_9.jams
dataset/nottingham_90.jams
dataset/nottingham_900.jams
dataset/nottingham_901.jams
dataset/nottingham_902.jams
dataset/nottingham_903.jams
dataset/nottingham_904.jams
dataset/nottingham_905.jams
dataset/nottingham_906.jams
dataset/nottingham_907.jams
dataset/nottingham_908.jams
dataset/nottingham_909.jams
dataset/nottingham_91.jams
dataset/nottingham_910.jams
dataset/nottingham_911.jams
dataset/nottingham_912.jams
dataset/nottingham_913.jams
dataset/nottingham_914.jams
dataset/nottingham_915.jams
dataset/nottingham_916.jams
dataset/nottingham_917.jams
dataset/nottingham_918.jams
dataset/nottingham_919.jams
dataset/nottingham_92.jams
dataset/nottingham_920.jams
dataset/nottingham_921.jams
dataset/nottingham_922.jams
dataset/nottingham_923.jams
dataset/nottingham_925.jams
dataset/nottingham_926.jams
dataset/nottingham_927.jams
dataset/nottingham_928.jams
dataset/nottingham_929.jams
dataset/nottingham_93.jams
dataset/nottingham_930.jams
dataset/nottingham_931.jams
dataset/nottingham_932.jams
dataset/nottingham_933.jams
dataset/nottingham_934.jams
dataset/nottingham_935.jams
dataset/nottingham_936.jams
dataset/nottingham_937.jams
dataset/nottingham_938.jams
dataset/nottingham_939.jams
dataset/nottingham_94.jams
dataset/nottingham_940.jams
dataset/nottingham_941.jams
dataset/nottingham_942.jams
dataset/nottingham_943.jams
dataset/nottingham_944.jams
dataset/nottingham_945.jams
dataset/nottingham_946.jams
dataset/nottingham_947.jams
dataset/nottingham_948.jams
dataset/nottingham_949.jams
dataset/nottingham_95.jams
dataset/nottingham_950.jams
dataset/nottingham_951.jams
dataset/nottingham_952.jams
dataset/nottingham_953.jams
dataset/nottingham_954.jams
dataset/nottingham_955.jams
dataset/nottingham_956.jams
dataset/nottingham_957.jams
dataset/nottingham_958.jams
dataset/nottingham_959.jams
dataset/nottingham_96.jams
dataset/nottingham_960.jams
dataset/nottingham_961.jams
dataset/nottingham_962.jams
dataset/nottingham_963.jams
dataset/nottingham_964.jams
dataset/nottingham_965.jams
dataset/nottingham_966.jams
dataset/nottingham_967.jams
dataset/nottingham_968.jams
dataset/nottingham_969.jams
dataset/nottingham_97.jams
dataset/nottingham_970.jams
dataset/nottingham_971.jams
dataset/nottingham_972.jams
dataset/nottingham_973.jams
dataset/nottingham_974.jams
dataset/nottingham_975.jams
dataset/nottingham_976.jams
dataset/nottingham_977.jams
dataset/nottingham_978.jams
dataset/nottingham_979.jams
dataset/nottingham_98.jams
dataset/nottingham_980.jams
dataset/nottingham_981.jams
dataset/nottingham_982.jams
dataset/nottingham_983.jams
dataset/nottingham_985.jams
dataset/nottingham_986.jams
dataset/nottingham_987.jams
dataset/nottingham_988.jams
dataset/nottingham_989.jams
dataset/nottingham_99.jams
dataset/nottingham_990.jams
dataset/nottingham_991.jams
dataset/nottingham_992.jams
dataset/nottingham_993.jams
dataset/nottingham_994.jams
dataset/nottingham_995.jams
dataset/nottingham_996.jams
dataset/nottingham_997.jams
dataset/nottingham_998.jams
dataset/nottingham_999.jams
dataset/real-book_0.jams
dataset/real-book_1.jams
dataset/real-book_10.jams
dataset/real-book_100.jams
dataset/real-book_1000.jams
dataset/real-book_1001.jams
dataset/real-book_1002.jams
dataset/real-book_1003.jams
dataset/real-book_1004.jams
dataset/real-book_1005.jams
dataset/real-book_1006.jams
dataset/real-book_1007.jams
dataset/real-book_1008.jams
dataset/real-book_1009.jams
dataset/real-book_101.jams
dataset/real-book_1010.jams
dataset/real-book_1011.jams
dataset/real-book_1012.jams
dataset/real-book_1013.jams
dataset/real-book_1014.jams
dataset/real-book_1015.jams
dataset/real-book_1016.jams
dataset/real-book_1017.jams
dataset/real-book_1018.jams
dataset/real-book_1019.jams
dataset/real-book_102.jams
dataset/real-book_1020.jams
dataset/real-book_1021.jams
dataset/real-book_1022.jams
dataset/real-book_1023.jams
dataset/real-book_1024.jams
dataset/real-book_1025.jams
dataset/real-book_1026.jams
dataset/real-book_1027.jams
dataset/real-book_1028.jams
dataset/real-book_1029.jams
dataset/real-book_103.jams
dataset/real-book_1030.jams
dataset/real-book_1031.jams
dataset/real-book_1032.jams
dataset/real-book_1033.jams
dataset/real-book_1034.jams
dataset/real-book_1035.jams
dataset/real-book_1036.jams
dataset/real-book_1037.jams
dataset/real-book_1038.jams
dataset/real-book_1039.jams
dataset/real-book_104.jams
dataset/real-book_1040.jams
dataset/real-book_1041.jams
dataset/real-book_1042.jams
dataset/real-book_1043.jams
dataset/real-book_1044.jams
dataset/real-book_1045.jams
dataset/real-book_1046.jams
dataset/real-book_1047.jams
dataset/real-book_1048.jams
dataset/real-book_1049.jams
dataset/real-book_105.jams
dataset/real-book_1050.jams
dataset/real-book_1051.jams
dataset/real-book_1052.jams
dataset/real-book_1053.jams
dataset/real-book_1054.jams
dataset/real-book_1055.jams
dataset/real-book_1056.jams
dataset/real-book_1057.jams
dataset/real-book_1058.jams
dataset/real-book_1059.jams
dataset/real-book_106.jams
dataset/real-book_1060.jams
dataset/real-book_1061.jams
dataset/real-book_1062.jams
dataset/real-book_1063.jams
dataset/real-book_1064.jams
dataset/real-book_1065.jams
dataset/real-book_1066.jams
dataset/real-book_1067.jams
dataset/real-book_1068.jams
dataset/real-book_1069.jams
dataset/real-book_107.jams
dataset/real-book_1070.jams
dataset/real-book_1071.jams
dataset/real-book_1072.jams
dataset/real-book_1073.jams
dataset/real-book_1074.jams
dataset/real-book_1075.jams
dataset/real-book_1076.jams
dataset/real-book_1077.jams
dataset/real-book_1078.jams
dataset/real-book_1079.jams
dataset/real-book_108.jams
dataset/real-book_1080.jams
dataset/real-book_1081.jams
dataset/real-book_1082.jams
dataset/real-book_1083.jams
dataset/real-book_1084.jams
dataset/real-book_1085.jams
dataset/real-book_1086.jams
dataset/real-book_1087.jams
dataset/real-book_1088.jams
dataset/real-book_1089.jams
dataset/real-book_109.jams
dataset/real-book_1090.jams
dataset/real-book_1091.jams
dataset/real-book_1092.jams
dataset/real-book_1093.jams
dataset/real-book_1094.jams
dataset/real-book_1095.jams
dataset/real-book_1096.jams
dataset/real-book_1097.jams
dataset/real-book_1098.jams
dataset/real-book_1099.jams
dataset/real-book_11.jams
dataset/real-book_110.jams
dataset/real-book_1100.jams
dataset/real-book_1101.jams
dataset/real-book_1102.jams
dataset/real-book_1103.jams
dataset/real-book_1104.jams
dataset/real-book_1105.jams
dataset/real-book_1106.jams
dataset/real-book_1107.jams
dataset/real-book_1108.jams
dataset/real-book_1109.jams
dataset/real-book_111.jams
dataset/real-book_1110.jams
dataset/real-book_1111.jams
dataset/real-book_1112.jams
dataset/real-book_1113.jams
dataset/real-book_1114.jams
dataset/real-book_1115.jams
dataset/real-book_1116.jams
dataset/real-book_1117.jams
dataset/real-book_1118.jams
dataset/real-book_1119.jams
dataset/real-book_112.jams
dataset/real-book_1120.jams
dataset/real-book_1121.jams
dataset/real-book_1122.jams
dataset/real-book_1123.jams
dataset/real-book_1124.jams
dataset/real-book_1125.jams
dataset/real-book_1126.jams
dataset/real-book_1127.jams
dataset/real-book_1128.jams
dataset/real-book_1129.jams
dataset/real-book_113.jams
dataset/real-book_1130.jams
dataset/real-book_1131.jams
dataset/real-book_1132.jams
dataset/real-book_1133.jams
dataset/real-book_1134.jams
dataset/real-book_1135.jams
dataset/real-book_1136.jams
dataset/real-book_1137.jams
dataset/real-book_1138.jams
dataset/real-book_1139.jams
dataset/real-book_114.jams
dataset/real-book_1140.jams
dataset/real-book_1141.jams
dataset/real-book_1142.jams
dataset/real-book_1143.jams
dataset/real-book_1144.jams
dataset/real-book_1145.jams
dataset/real-book_1146.jams
dataset/real-book_1147.jams
dataset/real-book_1148.jams
dataset/real-book_1149.jams
dataset/real-book_115.jams
dataset/real-book_1150.jams
dataset/real-book_1151.jams
dataset/real-book_1152.jams
dataset/real-book_1153.jams
dataset/real-book_1154.jams
dataset/real-book_1155.jams
dataset/real-book_1156.jams
dataset/real-book_1157.jams
dataset/real-book_1158.jams
dataset/real-book_1159.jams
dataset/real-book_116.jams
dataset/real-book_1160.jams
dataset/real-book_1161.jams
dataset/real-book_1162.jams
dataset/real-book_1163.jams
dataset/real-book_1164.jams
dataset/real-book_1165.jams
dataset/real-book_1166.jams
dataset/real-book_1167.jams
dataset/real-book_1168.jams
dataset/real-book_1169.jams
dataset/real-book_117.jams
dataset/real-book_1170.jams
dataset/real-book_1171.jams
dataset/real-book_1172.jams
dataset/real-book_1173.jams
dataset/real-book_1174.jams
dataset/real-book_1175.jams
dataset/real-book_1176.jams
dataset/real-book_1177.jams
dataset/real-book_1178.jams
dataset/real-book_1179.jams
dataset/real-book_118.jams
dataset/real-book_1180.jams
dataset/real-book_1181.jams
dataset/real-book_1182.jams
dataset/real-book_1183.jams
dataset/real-book_1184.jams
dataset/real-book_1185.jams
dataset/real-book_1186.jams
dataset/real-book_1187.jams
dataset/real-book_1188.jams
dataset/real-book_1189.jams
dataset/real-book_119.jams
dataset/real-book_1190.jams
dataset/real-book_1191.jams
dataset/real-book_1192.jams
dataset/real-book_1193.jams
dataset/real-book_1194.jams
dataset/real-book_1195.jams
dataset/real-book_1196.jams
dataset/real-book_1197.jams
dataset/real-book_1198.jams
dataset/real-book_1199.jams
dataset/real-book_12.jams
dataset/real-book_120.jams
dataset/real-book_1200.jams
dataset/real-book_1201.jams
dataset/real-book_1202.jams
dataset/real-book_1203.jams
dataset/real-book_1204.jams
dataset/real-book_1205.jams
dataset/real-book_1206.jams
dataset/real-book_1207.jams
dataset/real-book_1208.jams
dataset/real-book_1209.jams
dataset/real-book_121.jams
dataset/real-book_1210.jams
dataset/real-book_1211.jams
dataset/real-book_1212.jams
dataset/real-book_1213.jams
dataset/real-book_1214.jams
dataset/real-book_1215.jams
dataset/real-book_1216.jams
dataset/real-book_1217.jams
dataset/real-book_1218.jams
dataset/real-book_1219.jams
dataset/real-book_122.jams
dataset/real-book_1220.jams
dataset/real-book_1221.jams
dataset/real-book_1222.jams
dataset/real-book_1223.jams
dataset/real-book_1224.jams
dataset/real-book_1225.jams
dataset/real-book_1226.jams
dataset/real-book_1227.jams
dataset/real-book_1228.jams
dataset/real-book_1229.jams
dataset/real-book_123.jams
dataset/real-book_1230.jams
dataset/real-book_1231.jams
dataset/real-book_1232.jams
dataset/real-book_1233.jams
dataset/real-book_1234.jams
dataset/real-book_1235.jams
dataset/real-book_1236.jams
dataset/real-book_1237.jams
dataset/real-book_1238.jams
dataset/real-book_1239.jams
dataset/real-book_124.jams
dataset/real-book_1240.jams
dataset/real-book_1241.jams
dataset/real-book_1242.jams
dataset/real-book_1243.jams
dataset/real-book_1244.jams
dataset/real-book_1245.jams
dataset/real-book_1246.jams
dataset/real-book_1247.jams
dataset/real-book_1248.jams
dataset/real-book_1249.jams
dataset/real-book_125.jams
dataset/real-book_1250.jams
dataset/real-book_1251.jams
dataset/real-book_1252.jams
dataset/real-book_1253.jams
dataset/real-book_1254.jams
dataset/real-book_1255.jams
dataset/real-book_1256.jams
dataset/real-book_1257.jams
dataset/real-book_1258.jams
dataset/real-book_1259.jams
dataset/real-book_126.jams
dataset/real-book_1260.jams
dataset/real-book_1261.jams
dataset/real-book_1262.jams
dataset/real-book_1263.jams
dataset/real-book_1264.jams
dataset/real-book_1265.jams
dataset/real-book_1266.jams
dataset/real-book_1267.jams
dataset/real-book_1268.jams
dataset/real-book_1269.jams
dataset/real-book_127.jams
dataset/real-book_1270.jams
dataset/real-book_1271.jams
dataset/real-book_1272.jams
dataset/real-book_1273.jams
dataset/real-book_1274.jams
dataset/real-book_1275.jams
dataset/real-book_1276.jams
dataset/real-book_1277.jams
dataset/real-book_1278.jams
dataset/real-book_1279.jams
dataset/real-book_128.jams
dataset/real-book_1280.jams
dataset/real-book_1281.jams
dataset/real-book_1282.jams
dataset/real-book_1283.jams
dataset/real-book_1284.jams
dataset/real-book_1285.jams
dataset/real-book_1286.jams
dataset/real-book_1287.jams
dataset/real-book_1288.jams
dataset/real-book_1289.jams
dataset/real-book_129.jams
dataset/real-book_1290.jams
dataset/real-book_1291.jams
dataset/real-book_1292.jams
dataset/real-book_1293.jams
dataset/real-book_1294.jams
dataset/real-book_1295.jams
dataset/real-book_1296.jams
dataset/real-book_1297.jams
dataset/real-book_1298.jams
dataset/real-book_1299.jams
dataset/real-book_13.jams
dataset/real-book_130.jams
dataset/real-book_1300.jams
dataset/real-book_1301.jams
dataset/real-book_1302.jams
dataset/real-book_1303.jams
dataset/real-book_1304.jams
dataset/real-book_1305.jams
dataset/real-book_1306.jams
dataset/real-book_1307.jams
dataset/real-book_1308.jams
dataset/real-book_1309.jams
dataset/real-book_131.jams
dataset/real-book_1310.jams
dataset/real-book_1311.jams
dataset/real-book_1312.jams
dataset/real-book_1313.jams
dataset/real-book_1314.jams
dataset/real-book_1315.jams
dataset/real-book_1316.jams
dataset/real-book_1317.jams
dataset/real-book_1318.jams
dataset/real-book_1319.jams
dataset/real-book_132.jams
dataset/real-book_1320.jams
dataset/real-book_1321.jams
dataset/real-book_1322.jams
dataset/real-book_1323.jams
dataset/real-book_1324.jams
dataset/real-book_1325.jams
dataset/real-book_1326.jams
dataset/real-book_1327.jams
dataset/real-book_1328.jams
dataset/real-book_1329.jams
dataset/real-book_133.jams
dataset/real-book_1330.jams
dataset/real-book_1331.jams
dataset/real-book_1332.jams
dataset/real-book_1333.jams
dataset/real-book_1334.jams
dataset/real-book_1335.jams
dataset/real-book_1336.jams
dataset/real-book_1337.jams
dataset/real-book_1338.jams
dataset/real-book_1339.jams
dataset/real-book_134.jams
dataset/real-book_1340.jams
dataset/real-book_1341.jams
dataset/real-book_1342.jams
dataset/real-book_1343.jams
dataset/real-book_1344.jams
dataset/real-book_1345.jams
dataset/real-book_1346.jams
dataset/real-book_1347.jams
dataset/real-book_1348.jams
dataset/real-book_1349.jams
dataset/real-book_135.jams
dataset/real-book_1350.jams
dataset/real-book_1351.jams
dataset/real-book_1352.jams
dataset/real-book_1353.jams
dataset/real-book_1354.jams
dataset/real-book_1355.jams
dataset/real-book_1356.jams
dataset/real-book_1357.jams
dataset/real-book_1358.jams
dataset/real-book_1359.jams
dataset/real-book_136.jams
dataset/real-book_1360.jams
dataset/real-book_1361.jams
dataset/real-book_1362.jams
dataset/real-book_1363.jams
dataset/real-book_1364.jams
dataset/real-book_1365.jams
dataset/real-book_1366.jams
dataset/real-book_1367.jams
dataset/real-book_1368.jams
dataset/real-book_1369.jams
dataset/real-book_137.jams
dataset/real-book_1370.jams
dataset/real-book_1371.jams
dataset/real-book_1372.jams
dataset/real-book_1373.jams
dataset/real-book_1374.jams
dataset/real-book_1375.jams
dataset/real-book_1376.jams
dataset/real-book_1377.jams
dataset/real-book_1378.jams
dataset/real-book_1379.jams
dataset/real-book_138.jams
dataset/real-book_1380.jams
dataset/real-book_1381.jams
dataset/real-book_1382.jams
dataset/real-book_1383.jams
dataset/real-book_1384.jams
dataset/real-book_1385.jams
dataset/real-book_1386.jams
dataset/real-book_1387.jams
dataset/real-book_1388.jams
dataset/real-book_1389.jams
dataset/real-book_139.jams
dataset/real-book_1390.jams
dataset/real-book_1391.jams
dataset/real-book_1392.jams
dataset/real-book_1393.jams
dataset/real-book_1394.jams
dataset/real-book_1395.jams
dataset/real-book_1396.jams
dataset/real-book_1397.jams
dataset/real-book_1398.jams
dataset/real-book_1399.jams
dataset/real-book_14.jams
dataset/real-book_140.jams
dataset/real-book_1400.jams
dataset/real-book_1401.jams
dataset/real-book_1402.jams
dataset/real-book_1403.jams
dataset/real-book_1404.jams
dataset/real-book_1405.jams
dataset/real-book_1406.jams
dataset/real-book_1407.jams
dataset/real-book_1408.jams
dataset/real-book_1409.jams
dataset/real-book_141.jams
dataset/real-book_1410.jams
dataset/real-book_1411.jams
dataset/real-book_1412.jams
dataset/real-book_1413.jams
dataset/real-book_1414.jams
dataset/real-book_1415.jams
dataset/real-book_1416.jams
dataset/real-book_1417.jams
dataset/real-book_1418.jams
dataset/real-book_1419.jams
dataset/real-book_142.jams
dataset/real-book_1420.jams
dataset/real-book_1421.jams
dataset/real-book_1422.jams
dataset/real-book_1423.jams
dataset/real-book_1424.jams
dataset/real-book_1425.jams
dataset/real-book_1426.jams
dataset/real-book_1427.jams
dataset/real-book_1428.jams
dataset/real-book_1429.jams
dataset/real-book_143.jams
dataset/real-book_1430.jams
dataset/real-book_1431.jams
dataset/real-book_1432.jams
dataset/real-book_1433.jams
dataset/real-book_1434.jams
dataset/real-book_1435.jams
dataset/real-book_1436.jams
dataset/real-book_1437.jams
dataset/real-book_1438.jams
dataset/real-book_1439.jams
dataset/real-book_144.jams
dataset/real-book_1440.jams
dataset/real-book_1441.jams
dataset/real-book_1442.jams
dataset/real-book_1443.jams
dataset/real-book_1444.jams
dataset/real-book_1445.jams
dataset/real-book_1446.jams
dataset/real-book_1447.jams
dataset/real-book_1448.jams
dataset/real-book_1449.jams
dataset/real-book_145.jams
dataset/real-book_1450.jams
dataset/real-book_1451.jams
dataset/real-book_1452.jams
dataset/real-book_1453.jams
dataset/real-book_1454.jams
dataset/real-book_1455.jams
dataset/real-book_1456.jams
dataset/real-book_1457.jams
dataset/real-book_1458.jams
dataset/real-book_1459.jams
dataset/real-book_146.jams
dataset/real-book_1460.jams
dataset/real-book_1461.jams
dataset/real-book_1462.jams
dataset/real-book_1463.jams
dataset/real-book_1464.jams
dataset/real-book_1465.jams
dataset/real-book_1466.jams
dataset/real-book_1467.jams
dataset/real-book_1468.jams
dataset/real-book_1469.jams
dataset/real-book_147.jams
dataset/real-book_1470.jams
dataset/real-book_1471.jams
dataset/real-book_1472.jams
dataset/real-book_1473.jams
dataset/real-book_1474.jams
dataset/real-book_1475.jams
dataset/real-book_1476.jams
dataset/real-book_1477.jams
dataset/real-book_1478.jams
dataset/real-book_1479.jams
dataset/real-book_148.jams
dataset/real-book_1480.jams
dataset/real-book_1481.jams
dataset/real-book_1482.jams
dataset/real-book_1483.jams
dataset/real-book_1484.jams
dataset/real-book_1485.jams
dataset/real-book_1486.jams
dataset/real-book_1487.jams
dataset/real-book_1488.jams
dataset/real-book_1489.jams
dataset/real-book_149.jams
dataset/real-book_1490.jams
dataset/real-book_1491.jams
dataset/real-book_1492.jams
dataset/real-book_1493.jams
dataset/real-book_1494.jams
dataset/real-book_1495.jams
dataset/real-book_1496.jams
dataset/real-book_1497.jams
dataset/real-book_1498.jams
dataset/real-book_1499.jams
dataset/real-book_15.jams
dataset/real-book_150.jams
dataset/real-book_1500.jams
dataset/real-book_1501.jams
dataset/real-book_1502.jams
dataset/real-book_1503.jams
dataset/real-book_1504.jams
dataset/real-book_1505.jams
dataset/real-book_1506.jams
dataset/real-book_1507.jams
dataset/real-book_1508.jams
dataset/real-book_1509.jams
dataset/real-book_151.jams
dataset/real-book_1510.jams
dataset/real-book_1511.jams
dataset/real-book_1512.jams
dataset/real-book_1513.jams
dataset/real-book_1514.jams
dataset/real-book_1515.jams
dataset/real-book_1516.jams
dataset/real-book_1517.jams
dataset/real-book_1518.jams
dataset/real-book_1519.jams
dataset/real-book_152.jams
dataset/real-book_1520.jams
dataset/real-book_1521.jams
dataset/real-book_1522.jams
dataset/real-book_1523.jams
dataset/real-book_1524.jams
dataset/real-book_1525.jams
dataset/real-book_1526.jams
dataset/real-book_1527.jams
dataset/real-book_1528.jams
dataset/real-book_1529.jams
dataset/real-book_153.jams
dataset/real-book_1530.jams
dataset/real-book_1531.jams
dataset/real-book_1532.jams
dataset/real-book_1533.jams
dataset/real-book_1534.jams
dataset/real-book_1535.jams
dataset/real-book_1536.jams
dataset/real-book_1537.jams
dataset/real-book_1538.jams
dataset/real-book_1539.jams
dataset/real-book_154.jams
dataset/real-book_1540.jams
dataset/real-book_1541.jams
dataset/real-book_1542.jams
dataset/real-book_1543.jams
dataset/real-book_1544.jams
dataset/real-book_1545.jams
dataset/real-book_1546.jams
dataset/real-book_1547.jams
dataset/real-book_1548.jams
dataset/real-book_1549.jams
dataset/real-book_155.jams
dataset/real-book_1550.jams
dataset/real-book_1551.jams
dataset/real-book_1552.jams
dataset/real-book_1553.jams
dataset/real-book_1554.jams
dataset/real-book_1555.jams
dataset/real-book_1556.jams
dataset/real-book_1557.jams
dataset/real-book_1558.jams
dataset/real-book_1559.jams
dataset/real-book_156.jams
dataset/real-book_1560.jams
dataset/real-book_1561.jams
dataset/real-book_1562.jams
dataset/real-book_1563.jams
dataset/real-book_1564.jams
dataset/real-book_1565.jams
dataset/real-book_1566.jams
dataset/real-book_1567.jams
dataset/real-book_1568.jams
dataset/real-book_1569.jams
dataset/real-book_157.jams
dataset/real-book_1570.jams
dataset/real-book_1571.jams
dataset/real-book_1572.jams
dataset/real-book_1573.jams
dataset/real-book_1574.jams
dataset/real-book_1575.jams
dataset/real-book_1576.jams
dataset/real-book_1577.jams
dataset/real-book_1578.jams
dataset/real-book_1579.jams
dataset/real-book_158.jams
dataset/real-book_1580.jams
dataset/real-book_1581.jams
dataset/real-book_1582.jams
dataset/real-book_1583.jams
dataset/real-book_1584.jams
dataset/real-book_1585.jams
dataset/real-book_1586.jams
dataset/real-book_1587.jams
dataset/real-book_1588.jams
dataset/real-book_1589.jams
dataset/real-book_159.jams
dataset/real-book_1590.jams
dataset/real-book_1591.jams
dataset/real-book_1592.jams
dataset/real-book_1593.jams
dataset/real-book_1594.jams
dataset/real-book_1595.jams
dataset/real-book_1596.jams
dataset/real-book_1597.jams
dataset/real-book_1598.jams
dataset/real-book_1599.jams
dataset/real-book_16.jams
dataset/real-book_160.jams
dataset/real-book_1600.jams
dataset/real-book_1601.jams
dataset/real-book_1602.jams
dataset/real-book_1603.jams
dataset/real-book_1604.jams
dataset/real-book_1605.jams
dataset/real-book_1606.jams
dataset/real-book_1607.jams
dataset/real-book_1608.jams
dataset/real-book_1609.jams
dataset/real-book_161.jams
dataset/real-book_1610.jams
dataset/real-book_1611.jams
dataset/real-book_1612.jams
dataset/real-book_1613.jams
dataset/real-book_1614.jams
dataset/real-book_1615.jams
dataset/real-book_1616.jams
dataset/real-book_1617.jams
dataset/real-book_1618.jams
dataset/real-book_1619.jams
dataset/real-book_162.jams
dataset/real-book_1620.jams
dataset/real-book_1621.jams
dataset/real-book_1622.jams
dataset/real-book_1623.jams
dataset/real-book_1624.jams
dataset/real-book_1625.jams
dataset/real-book_1626.jams
dataset/real-book_1627.jams
dataset/real-book_1628.jams
dataset/real-book_1629.jams
dataset/real-book_163.jams
dataset/real-book_1630.jams
dataset/real-book_1631.jams
dataset/real-book_1632.jams
dataset/real-book_1633.jams
dataset/real-book_1634.jams
dataset/real-book_1635.jams
dataset/real-book_1636.jams
dataset/real-book_1637.jams
dataset/real-book_1638.jams
dataset/real-book_1639.jams
dataset/real-book_164.jams
dataset/real-book_1640.jams
dataset/real-book_1641.jams
dataset/real-book_1642.jams
dataset/real-book_1643.jams
dataset/real-book_1644.jams
dataset/real-book_1645.jams
dataset/real-book_1646.jams
dataset/real-book_1647.jams
dataset/real-book_1648.jams
dataset/real-book_1649.jams
dataset/real-book_165.jams
dataset/real-book_1650.jams
dataset/real-book_1651.jams
dataset/real-book_1652.jams
dataset/real-book_1653.jams
dataset/real-book_1654.jams
dataset/real-book_1655.jams
dataset/real-book_1656.jams
dataset/real-book_1657.jams
dataset/real-book_1658.jams
dataset/real-book_1659.jams
dataset/real-book_166.jams
dataset/real-book_1660.jams
dataset/real-book_1661.jams
dataset/real-book_1662.jams
dataset/real-book_1663.jams
dataset/real-book_1664.jams
dataset/real-book_1665.jams
dataset/real-book_1666.jams
dataset/real-book_1667.jams
dataset/real-book_1668.jams
dataset/real-book_1669.jams
dataset/real-book_167.jams
dataset/real-book_1670.jams
dataset/real-book_1671.jams
dataset/real-book_1672.jams
dataset/real-book_1673.jams
dataset/real-book_1674.jams
dataset/real-book_1675.jams
dataset/real-book_1676.jams
dataset/real-book_1677.jams
dataset/real-book_1678.jams
dataset/real-book_1679.jams
dataset/real-book_168.jams
dataset/real-book_1680.jams
dataset/real-book_1681.jams
dataset/real-book_1682.jams
dataset/real-book_1683.jams
dataset/real-book_1684.jams
dataset/real-book_1685.jams
dataset/real-book_1686.jams
dataset/real-book_1687.jams
dataset/real-book_1688.jams
dataset/real-book_1689.jams
dataset/real-book_169.jams
dataset/real-book_1690.jams
dataset/real-book_1691.jams
dataset/real-book_1692.jams
dataset/real-book_1693.jams
dataset/real-book_1694.jams
dataset/real-book_1695.jams
dataset/real-book_1696.jams
dataset/real-book_1697.jams
dataset/real-book_1698.jams
dataset/real-book_1699.jams
dataset/real-book_17.jams
dataset/real-book_170.jams
dataset/real-book_1700.jams
dataset/real-book_1701.jams
dataset/real-book_1702.jams
dataset/real-book_1703.jams
dataset/real-book_1704.jams
dataset/real-book_1705.jams
dataset/real-book_1706.jams
dataset/real-book_1707.jams
dataset/real-book_1708.jams
dataset/real-book_1709.jams
dataset/real-book_171.jams
dataset/real-book_1710.jams
dataset/real-book_1711.jams
dataset/real-book_1712.jams
dataset/real-book_1713.jams
dataset/real-book_1714.jams
dataset/real-book_1715.jams
dataset/real-book_1716.jams
dataset/real-book_1717.jams
dataset/real-book_1718.jams
dataset/real-book_1719.jams
dataset/real-book_172.jams
dataset/real-book_1720.jams
dataset/real-book_1721.jams
dataset/real-book_1722.jams
dataset/real-book_1723.jams
dataset/real-book_1724.jams
dataset/real-book_1725.jams
dataset/real-book_1726.jams
dataset/real-book_1727.jams
dataset/real-book_1728.jams
dataset/real-book_1729.jams
dataset/real-book_173.jams
dataset/real-book_1730.jams
dataset/real-book_1731.jams
dataset/real-book_1732.jams
dataset/real-book_1733.jams
dataset/real-book_1734.jams
dataset/real-book_1735.jams
dataset/real-book_1736.jams
dataset/real-book_1737.jams
dataset/real-book_1738.jams
dataset/real-book_1739.jams
dataset/real-book_174.jams
dataset/real-book_1740.jams
dataset/real-book_1741.jams
dataset/real-book_1742.jams
dataset/real-book_1743.jams
dataset/real-book_1744.jams
dataset/real-book_1745.jams
dataset/real-book_1746.jams
dataset/real-book_1747.jams
dataset/real-book_1748.jams
dataset/real-book_1749.jams
dataset/real-book_175.jams
dataset/real-book_1750.jams
dataset/real-book_1751.jams
dataset/real-book_1752.jams
dataset/real-book_1753.jams
dataset/real-book_1754.jams
dataset/real-book_1755.jams
dataset/real-book_1756.jams
dataset/real-book_1757.jams
dataset/real-book_1758.jams
dataset/real-book_1759.jams
dataset/real-book_176.jams
dataset/real-book_1760.jams
dataset/real-book_1761.jams
dataset/real-book_1762.jams
dataset/real-book_1763.jams
dataset/real-book_1764.jams
dataset/real-book_1765.jams
dataset/real-book_1766.jams
dataset/real-book_1767.jams
dataset/real-book_1768.jams
dataset/real-book_1769.jams
dataset/real-book_177.jams
dataset/real-book_1770.jams
dataset/real-book_1771.jams
dataset/real-book_1772.jams
dataset/real-book_1773.jams
dataset/real-book_1774.jams
dataset/real-book_1775.jams
dataset/real-book_1776.jams
dataset/real-book_1777.jams
dataset/real-book_1778.jams
dataset/real-book_1779.jams
dataset/real-book_178.jams
dataset/real-book_1780.jams
dataset/real-book_1781.jams
dataset/real-book_1782.jams
dataset/real-book_1783.jams
dataset/real-book_1784.jams
dataset/real-book_1785.jams
dataset/real-book_1786.jams
dataset/real-book_1787.jams
dataset/real-book_1788.jams
dataset/real-book_1789.jams
dataset/real-book_179.jams
dataset/real-book_1790.jams
dataset/real-book_1791.jams
dataset/real-book_1792.jams
dataset/real-book_1793.jams
dataset/real-book_1794.jams
dataset/real-book_1795.jams
dataset/real-book_1796.jams
dataset/real-book_1797.jams
dataset/real-book_1798.jams
dataset/real-book_1799.jams
dataset/real-book_18.jams
dataset/real-book_180.jams
dataset/real-book_1800.jams
dataset/real-book_1801.jams
dataset/real-book_1802.jams
dataset/real-book_1803.jams
dataset/real-book_1804.jams
dataset/real-book_1805.jams
dataset/real-book_1806.jams
dataset/real-book_1807.jams
dataset/real-book_1808.jams
dataset/real-book_1809.jams
dataset/real-book_181.jams
dataset/real-book_1810.jams
dataset/real-book_1811.jams
dataset/real-book_1812.jams
dataset/real-book_1813.jams
dataset/real-book_1814.jams
dataset/real-book_1815.jams
dataset/real-book_1816.jams
dataset/real-book_1817.jams
dataset/real-book_1818.jams
dataset/real-book_1819.jams
dataset/real-book_182.jams
dataset/real-book_1820.jams
dataset/real-book_1821.jams
dataset/real-book_1822.jams
dataset/real-book_1823.jams
dataset/real-book_1824.jams
dataset/real-book_1825.jams
dataset/real-book_1826.jams
dataset/real-book_1827.jams
dataset/real-book_1828.jams
dataset/real-book_1829.jams
dataset/real-book_183.jams
dataset/real-book_1830.jams
dataset/real-book_1831.jams
dataset/real-book_1832.jams
dataset/real-book_1833.jams
dataset/real-book_1834.jams
dataset/real-book_1835.jams
dataset/real-book_1836.jams
dataset/real-book_1837.jams
dataset/real-book_1838.jams
dataset/real-book_1839.jams
dataset/real-book_184.jams
dataset/real-book_1840.jams
dataset/real-book_1841.jams
dataset/real-book_1842.jams
dataset/real-book_1843.jams
dataset/real-book_1844.jams
dataset/real-book_1845.jams
dataset/real-book_1846.jams
dataset/real-book_1847.jams
dataset/real-book_1848.jams
dataset/real-book_1849.jams
dataset/real-book_185.jams
dataset/real-book_1850.jams
dataset/real-book_1851.jams
dataset/real-book_1852.jams
dataset/real-book_1853.jams
dataset/real-book_1854.jams
dataset/real-book_1855.jams
dataset/real-book_1856.jams
dataset/real-book_1857.jams
dataset/real-book_1858.jams
dataset/real-book_1859.jams
dataset/real-book_186.jams
dataset/real-book_1860.jams
dataset/real-book_1861.jams
dataset/real-book_1862.jams
dataset/real-book_1863.jams
dataset/real-book_1864.jams
dataset/real-book_1865.jams
dataset/real-book_1866.jams
dataset/real-book_1867.jams
dataset/real-book_1868.jams
dataset/real-book_1869.jams
dataset/real-book_187.jams
dataset/real-book_1870.jams
dataset/real-book_1871.jams
dataset/real-book_1872.jams
dataset/real-book_1873.jams
dataset/real-book_1874.jams
dataset/real-book_1875.jams
dataset/real-book_1876.jams
dataset/real-book_1877.jams
dataset/real-book_1878.jams
dataset/real-book_1879.jams
dataset/real-book_188.jams
dataset/real-book_1880.jams
dataset/real-book_1881.jams
dataset/real-book_1882.jams
dataset/real-book_1883.jams
dataset/real-book_1884.jams
dataset/real-book_1885.jams
dataset/real-book_1886.jams
dataset/real-book_1887.jams
dataset/real-book_1888.jams
dataset/real-book_1889.jams
dataset/real-book_189.jams
dataset/real-book_1890.jams
dataset/real-book_1891.jams
dataset/real-book_1892.jams
dataset/real-book_1893.jams
dataset/real-book_1894.jams
dataset/real-book_1895.jams
dataset/real-book_1896.jams
dataset/real-book_1897.jams
dataset/real-book_1898.jams
dataset/real-book_1899.jams
dataset/real-book_19.jams
dataset/real-book_190.jams
dataset/real-book_1900.jams
dataset/real-book_1901.jams
dataset/real-book_1902.jams
dataset/real-book_1903.jams
dataset/real-book_1904.jams
dataset/real-book_1905.jams
dataset/real-book_1906.jams
dataset/real-book_1907.jams
dataset/real-book_1908.jams
dataset/real-book_1909.jams
dataset/real-book_191.jams
dataset/real-book_1910.jams
dataset/real-book_1911.jams
dataset/real-book_1912.jams
dataset/real-book_1913.jams
dataset/real-book_1914.jams
dataset/real-book_1915.jams
dataset/real-book_1916.jams
dataset/real-book_1917.jams
dataset/real-book_1918.jams
dataset/real-book_1919.jams
dataset/real-book_192.jams
dataset/real-book_1920.jams
dataset/real-book_1921.jams
dataset/real-book_1922.jams
dataset/real-book_1923.jams
dataset/real-book_1924.jams
dataset/real-book_1925.jams
dataset/real-book_1926.jams
dataset/real-book_1927.jams
dataset/real-book_1928.jams
dataset/real-book_1929.jams
dataset/real-book_193.jams
dataset/real-book_1930.jams
dataset/real-book_1931.jams
dataset/real-book_1932.jams
dataset/real-book_1933.jams
dataset/real-book_1934.jams
dataset/real-book_1935.jams
dataset/real-book_1936.jams
dataset/real-book_1937.jams
dataset/real-book_1938.jams
dataset/real-book_1939.jams
dataset/real-book_194.jams
dataset/real-book_1940.jams
dataset/real-book_1941.jams
dataset/real-book_1942.jams
dataset/real-book_1943.jams
dataset/real-book_1944.jams
dataset/real-book_1945.jams
dataset/real-book_1946.jams
dataset/real-book_1947.jams
dataset/real-book_1948.jams
dataset/real-book_1949.jams
dataset/real-book_195.jams
dataset/real-book_1950.jams
dataset/real-book_1951.jams
dataset/real-book_1952.jams
dataset/real-book_1953.jams
dataset/real-book_1954.jams
dataset/real-book_1955.jams
dataset/real-book_1956.jams
dataset/real-book_1957.jams
dataset/real-book_1958.jams
dataset/real-book_1959.jams
dataset/real-book_196.jams
dataset/real-book_1960.jams
dataset/real-book_1961.jams
dataset/real-book_1962.jams
dataset/real-book_1963.jams
dataset/real-book_1964.jams
dataset/real-book_1965.jams
dataset/real-book_1966.jams
dataset/real-book_1967.jams
dataset/real-book_1968.jams
dataset/real-book_1969.jams
dataset/real-book_197.jams
dataset/real-book_1970.jams
dataset/real-book_1971.jams
dataset/real-book_1972.jams
dataset/real-book_1973.jams
dataset/real-book_1974.jams
dataset/real-book_1975.jams
dataset/real-book_1976.jams
dataset/real-book_1977.jams
dataset/real-book_1978.jams
dataset/real-book_1979.jams
dataset/real-book_198.jams
dataset/real-book_1980.jams
dataset/real-book_1981.jams
dataset/real-book_1982.jams
dataset/real-book_1983.jams
dataset/real-book_1984.jams
dataset/real-book_1985.jams
dataset/real-book_1986.jams
dataset/real-book_1987.jams
dataset/real-book_1988.jams
dataset/real-book_1989.jams
dataset/real-book_199.jams
dataset/real-book_1990.jams
dataset/real-book_1991.jams
dataset/real-book_1992.jams
dataset/real-book_1993.jams
dataset/real-book_1994.jams
dataset/real-book_1995.jams
dataset/real-book_1996.jams
dataset/real-book_1997.jams
dataset/real-book_1998.jams
dataset/real-book_1999.jams
dataset/real-book_2.jams
dataset/real-book_20.jams
dataset/real-book_200.jams
dataset/real-book_2000.jams
dataset/real-book_2001.jams
dataset/real-book_2002.jams
dataset/real-book_2003.jams
dataset/real-book_2004.jams
dataset/real-book_2005.jams
dataset/real-book_2006.jams
dataset/real-book_2007.jams
dataset/real-book_2008.jams
dataset/real-book_2009.jams
dataset/real-book_201.jams
dataset/real-book_2010.jams
dataset/real-book_2011.jams
dataset/real-book_2012.jams
dataset/real-book_2013.jams
dataset/real-book_2014.jams
dataset/real-book_2015.jams
dataset/real-book_2016.jams
dataset/real-book_2017.jams
dataset/real-book_2018.jams
dataset/real-book_2019.jams
dataset/real-book_202.jams
dataset/real-book_2020.jams
dataset/real-book_2021.jams
dataset/real-book_2022.jams
dataset/real-book_2023.jams
dataset/real-book_2024.jams
dataset/real-book_2025.jams
dataset/real-book_2026.jams
dataset/real-book_2027.jams
dataset/real-book_2028.jams
dataset/real-book_2029.jams
dataset/real-book_203.jams
dataset/real-book_2030.jams
dataset/real-book_2031.jams
dataset/real-book_2032.jams
dataset/real-book_2033.jams
dataset/real-book_2034.jams
dataset/real-book_2035.jams
dataset/real-book_2036.jams
dataset/real-book_2037.jams
dataset/real-book_2038.jams
dataset/real-book_2039.jams
dataset/real-book_204.jams
dataset/real-book_2040.jams
dataset/real-book_2041.jams
dataset/real-book_2042.jams
dataset/real-book_2043.jams
dataset/real-book_2044.jams
dataset/real-book_2045.jams
dataset/real-book_2046.jams
dataset/real-book_2047.jams
dataset/real-book_2048.jams
dataset/real-book_2049.jams
dataset/real-book_205.jams
dataset/real-book_2050.jams
dataset/real-book_2051.jams
dataset/real-book_2052.jams
dataset/real-book_2053.jams
dataset/real-book_2054.jams
dataset/real-book_2055.jams
dataset/real-book_2056.jams
dataset/real-book_2057.jams
dataset/real-book_2058.jams
dataset/real-book_2059.jams
dataset/real-book_206.jams
dataset/real-book_2060.jams
dataset/real-book_2061.jams
dataset/real-book_2062.jams
dataset/real-book_2063.jams
dataset/real-book_2064.jams
dataset/real-book_2065.jams
dataset/real-book_2066.jams
dataset/real-book_2067.jams
dataset/real-book_2068.jams
dataset/real-book_2069.jams
dataset/real-book_207.jams
dataset/real-book_2070.jams
dataset/real-book_2071.jams
dataset/real-book_2072.jams
dataset/real-book_2073.jams
dataset/real-book_2074.jams
dataset/real-book_2075.jams
dataset/real-book_2076.jams
dataset/real-book_2077.jams
dataset/real-book_2078.jams
dataset/real-book_2079.jams
dataset/real-book_208.jams
dataset/real-book_2080.jams
dataset/real-book_2081.jams
dataset/real-book_2082.jams
dataset/real-book_2083.jams
dataset/real-book_2084.jams
dataset/real-book_2085.jams
dataset/real-book_2086.jams
dataset/real-book_2087.jams
dataset/real-book_2088.jams
dataset/real-book_2089.jams
dataset/real-book_209.jams
dataset/real-book_2090.jams
dataset/real-book_2091.jams
dataset/real-book_2092.jams
dataset/real-book_2093.jams
dataset/real-book_2094.jams
dataset/real-book_2095.jams
dataset/real-book_2096.jams
dataset/real-book_2097.jams
dataset/real-book_2098.jams
dataset/real-book_2099.jams
dataset/real-book_21.jams
dataset/real-book_210.jams
dataset/real-book_2100.jams
dataset/real-book_2101.jams
dataset/real-book_2102.jams
dataset/real-book_2103.jams
dataset/real-book_2104.jams
dataset/real-book_2105.jams
dataset/real-book_2106.jams
dataset/real-book_2107.jams
dataset/real-book_2108.jams
dataset/real-book_2109.jams
dataset/real-book_211.jams
dataset/real-book_2110.jams
dataset/real-book_2111.jams
dataset/real-book_2112.jams
dataset/real-book_2113.jams
dataset/real-book_2114.jams
dataset/real-book_2115.jams
dataset/real-book_2116.jams
dataset/real-book_2117.jams
dataset/real-book_2118.jams
dataset/real-book_2119.jams
dataset/real-book_212.jams
dataset/real-book_2120.jams
dataset/real-book_2121.jams
dataset/real-book_2122.jams
dataset/real-book_2123.jams
dataset/real-book_2124.jams
dataset/real-book_2125.jams
dataset/real-book_2126.jams
dataset/real-book_2127.jams
dataset/real-book_2128.jams
dataset/real-book_2129.jams
dataset/real-book_213.jams
dataset/real-book_2130.jams
dataset/real-book_2131.jams
dataset/real-book_2132.jams
dataset/real-book_2133.jams
dataset/real-book_2134.jams
dataset/real-book_2135.jams
dataset/real-book_2136.jams
dataset/real-book_2137.jams
dataset/real-book_2138.jams
dataset/real-book_2139.jams
dataset/real-book_214.jams
dataset/real-book_2140.jams
dataset/real-book_2141.jams
dataset/real-book_2142.jams
dataset/real-book_2143.jams
dataset/real-book_2144.jams
dataset/real-book_2145.jams
dataset/real-book_2146.jams
dataset/real-book_2147.jams
dataset/real-book_2148.jams
dataset/real-book_2149.jams
dataset/real-book_215.jams
dataset/real-book_2150.jams
dataset/real-book_2151.jams
dataset/real-book_2152.jams
dataset/real-book_2153.jams
dataset/real-book_2154.jams
dataset/real-book_2155.jams
dataset/real-book_2156.jams
dataset/real-book_2157.jams
dataset/real-book_2158.jams
dataset/real-book_2159.jams
dataset/real-book_216.jams
dataset/real-book_2160.jams
dataset/real-book_2161.jams
dataset/real-book_2162.jams
dataset/real-book_2163.jams
dataset/real-book_2164.jams
dataset/real-book_2165.jams
dataset/real-book_2166.jams
dataset/real-book_2167.jams
dataset/real-book_2168.jams
dataset/real-book_2169.jams
dataset/real-book_217.jams
dataset/real-book_2170.jams
dataset/real-book_2171.jams
dataset/real-book_2172.jams
dataset/real-book_2173.jams
dataset/real-book_2174.jams
dataset/real-book_2175.jams
dataset/real-book_2176.jams
dataset/real-book_2177.jams
dataset/real-book_2178.jams
dataset/real-book_2179.jams
dataset/real-book_218.jams
dataset/real-book_2180.jams
dataset/real-book_2181.jams
dataset/real-book_2182.jams
dataset/real-book_2183.jams
dataset/real-book_2184.jams
dataset/real-book_2185.jams
dataset/real-book_2186.jams
dataset/real-book_2187.jams
dataset/real-book_2188.jams
dataset/real-book_2189.jams
dataset/real-book_219.jams
dataset/real-book_2190.jams
dataset/real-book_2191.jams
dataset/real-book_2192.jams
dataset/real-book_2193.jams
dataset/real-book_2194.jams
dataset/real-book_2195.jams
dataset/real-book_2196.jams
dataset/real-book_2197.jams
dataset/real-book_2198.jams
dataset/real-book_2199.jams
dataset/real-book_22.jams
dataset/real-book_220.jams
dataset/real-book_2200.jams
dataset/real-book_2201.jams
dataset/real-book_2202.jams
dataset/real-book_2203.jams
dataset/real-book_2204.jams
dataset/real-book_2205.jams
dataset/real-book_2206.jams
dataset/real-book_2207.jams
dataset/real-book_2208.jams
dataset/real-book_2209.jams
dataset/real-book_221.jams
dataset/real-book_2210.jams
dataset/real-book_2211.jams
dataset/real-book_2212.jams
dataset/real-book_2213.jams
dataset/real-book_2214.jams
dataset/real-book_2215.jams
dataset/real-book_2216.jams
dataset/real-book_2217.jams
dataset/real-book_2218.jams
dataset/real-book_2219.jams
dataset/real-book_222.jams
dataset/real-book_2220.jams
dataset/real-book_2221.jams
dataset/real-book_2222.jams
dataset/real-book_2223.jams
dataset/real-book_2224.jams
dataset/real-book_2225.jams
dataset/real-book_2226.jams
dataset/real-book_2227.jams
dataset/real-book_2228.jams
dataset/real-book_2229.jams
dataset/real-book_223.jams
dataset/real-book_2230.jams
dataset/real-book_2231.jams
dataset/real-book_2232.jams
dataset/real-book_2233.jams
dataset/real-book_2234.jams
dataset/real-book_2235.jams
dataset/real-book_2236.jams
dataset/real-book_2237.jams
dataset/real-book_2238.jams
dataset/real-book_2239.jams
dataset/real-book_224.jams
dataset/real-book_2240.jams
dataset/real-book_2241.jams
dataset/real-book_2242.jams
dataset/real-book_2243.jams
dataset/real-book_2244.jams
dataset/real-book_2245.jams
dataset/real-book_2246.jams
dataset/real-book_2247.jams
dataset/real-book_2248.jams
dataset/real-book_2249.jams
dataset/real-book_225.jams
dataset/real-book_2250.jams
dataset/real-book_2251.jams
dataset/real-book_2252.jams
dataset/real-book_2253.jams
dataset/real-book_2254.jams
dataset/real-book_2255.jams
dataset/real-book_2256.jams
dataset/real-book_2257.jams
dataset/real-book_2258.jams
dataset/real-book_2259.jams
dataset/real-book_226.jams
dataset/real-book_2260.jams
dataset/real-book_2261.jams
dataset/real-book_2262.jams
dataset/real-book_2263.jams
dataset/real-book_2264.jams
dataset/real-book_2265.jams
dataset/real-book_2266.jams
dataset/real-book_2267.jams
dataset/real-book_2268.jams
dataset/real-book_2269.jams
dataset/real-book_227.jams
dataset/real-book_2270.jams
dataset/real-book_2271.jams
dataset/real-book_2272.jams
dataset/real-book_2273.jams
dataset/real-book_2274.jams
dataset/real-book_2275.jams
dataset/real-book_2276.jams
dataset/real-book_2277.jams
dataset/real-book_2278.jams
dataset/real-book_2279.jams
dataset/real-book_228.jams
dataset/real-book_2280.jams
dataset/real-book_2281.jams
dataset/real-book_2282.jams
dataset/real-book_2283.jams
dataset/real-book_2284.jams
dataset/real-book_2285.jams
dataset/real-book_2286.jams
dataset/real-book_2287.jams
dataset/real-book_2288.jams
dataset/real-book_2289.jams
dataset/real-book_229.jams
dataset/real-book_2290.jams
dataset/real-book_2291.jams
dataset/real-book_2292.jams
dataset/real-book_2293.jams
dataset/real-book_2294.jams
dataset/real-book_2295.jams
dataset/real-book_2296.jams
dataset/real-book_2297.jams
dataset/real-book_2298.jams
dataset/real-book_2299.jams
dataset/real-book_23.jams
dataset/real-book_230.jams
dataset/real-book_2300.jams
dataset/real-book_2301.jams
dataset/real-book_2302.jams
dataset/real-book_2303.jams
dataset/real-book_2304.jams
dataset/real-book_2305.jams
dataset/real-book_2306.jams
dataset/real-book_2307.jams
dataset/real-book_2308.jams
dataset/real-book_2309.jams
dataset/real-book_231.jams
dataset/real-book_2310.jams
dataset/real-book_2311.jams
dataset/real-book_2312.jams
dataset/real-book_2313.jams
dataset/real-book_2314.jams
dataset/real-book_2315.jams
dataset/real-book_2316.jams
dataset/real-book_2317.jams
dataset/real-book_2318.jams
dataset/real-book_2319.jams
dataset/real-book_232.jams
dataset/real-book_2320.jams
dataset/real-book_2321.jams
dataset/real-book_2322.jams
dataset/real-book_2323.jams
dataset/real-book_2324.jams
dataset/real-book_2325.jams
dataset/real-book_2326.jams
dataset/real-book_2327.jams
dataset/real-book_2328.jams
dataset/real-book_2329.jams
dataset/real-book_233.jams
dataset/real-book_2330.jams
dataset/real-book_2331.jams
dataset/real-book_2332.jams
dataset/real-book_2333.jams
dataset/real-book_2334.jams
dataset/real-book_2335.jams
dataset/real-book_2336.jams
dataset/real-book_2337.jams
dataset/real-book_2338.jams
dataset/real-book_2339.jams
dataset/real-book_234.jams
dataset/real-book_2340.jams
dataset/real-book_2341.jams
dataset/real-book_2342.jams
dataset/real-book_2343.jams
dataset/real-book_2344.jams
dataset/real-book_2345.jams
dataset/real-book_2346.jams
dataset/real-book_2347.jams
dataset/real-book_2348.jams
dataset/real-book_2349.jams
dataset/real-book_235.jams
dataset/real-book_2350.jams
dataset/real-book_2351.jams
dataset/real-book_2352.jams
dataset/real-book_2353.jams
dataset/real-book_2354.jams
dataset/real-book_2355.jams
dataset/real-book_2356.jams
dataset/real-book_2357.jams
dataset/real-book_2358.jams
dataset/real-book_2359.jams
dataset/real-book_236.jams
dataset/real-book_2360.jams
dataset/real-book_2361.jams
dataset/real-book_2362.jams
dataset/real-book_2363.jams
dataset/real-book_2364.jams
dataset/real-book_2365.jams
dataset/real-book_2366.jams
dataset/real-book_2367.jams
dataset/real-book_2368.jams
dataset/real-book_2369.jams
dataset/real-book_237.jams
dataset/real-book_2370.jams
dataset/real-book_2371.jams
dataset/real-book_2372.jams
dataset/real-book_2373.jams
dataset/real-book_2374.jams
dataset/real-book_2375.jams
dataset/real-book_2376.jams
dataset/real-book_2377.jams
dataset/real-book_2378.jams
dataset/real-book_2379.jams
dataset/real-book_238.jams
dataset/real-book_2380.jams
dataset/real-book_2381.jams
dataset/real-book_2382.jams
dataset/real-book_2383.jams
dataset/real-book_2384.jams
dataset/real-book_2385.jams
dataset/real-book_2386.jams
dataset/real-book_2387.jams
dataset/real-book_2388.jams
dataset/real-book_2389.jams
dataset/real-book_239.jams
dataset/real-book_2390.jams
dataset/real-book_2391.jams
dataset/real-book_2392.jams
dataset/real-book_2393.jams
dataset/real-book_2394.jams
dataset/real-book_2395.jams
dataset/real-book_2396.jams
dataset/real-book_2397.jams
dataset/real-book_2398.jams
dataset/real-book_2399.jams
dataset/real-book_24.jams
dataset/real-book_240.jams
dataset/real-book_2400.jams
dataset/real-book_2401.jams
dataset/real-book_2402.jams
dataset/real-book_2403.jams
dataset/real-book_2404.jams
dataset/real-book_2405.jams
dataset/real-book_2406.jams
dataset/real-book_2407.jams
dataset/real-book_2408.jams
dataset/real-book_2409.jams
dataset/real-book_241.jams
dataset/real-book_2410.jams
dataset/real-book_2411.jams
dataset/real-book_2412.jams
dataset/real-book_2413.jams
dataset/real-book_2414.jams
dataset/real-book_2415.jams
dataset/real-book_2416.jams
dataset/real-book_2417.jams
dataset/real-book_2418.jams
dataset/real-book_2419.jams
dataset/real-book_242.jams
dataset/real-book_2420.jams
dataset/real-book_2421.jams
dataset/real-book_2422.jams
dataset/real-book_2423.jams
dataset/real-book_2424.jams
dataset/real-book_2425.jams
dataset/real-book_2426.jams
dataset/real-book_2427.jams
dataset/real-book_2428.jams
dataset/real-book_2429.jams
dataset/real-book_243.jams
dataset/real-book_2430.jams
dataset/real-book_2431.jams
dataset/real-book_2432.jams
dataset/real-book_2433.jams
dataset/real-book_2434.jams
dataset/real-book_2435.jams
dataset/real-book_2436.jams
dataset/real-book_2437.jams
dataset/real-book_2438.jams
dataset/real-book_2439.jams
dataset/real-book_244.jams
dataset/real-book_2440.jams
dataset/real-book_2441.jams
dataset/real-book_2442.jams
dataset/real-book_2443.jams
dataset/real-book_2444.jams
dataset/real-book_2445.jams
dataset/real-book_2446.jams
dataset/real-book_2447.jams
dataset/real-book_2448.jams
dataset/real-book_2449.jams
dataset/real-book_245.jams
dataset/real-book_2450.jams
dataset/real-book_2451.jams
dataset/real-book_2452.jams
dataset/real-book_2453.jams
dataset/real-book_2454.jams
dataset/real-book_2455.jams
dataset/real-book_2456.jams
dataset/real-book_2457.jams
dataset/real-book_2458.jams
dataset/real-book_2459.jams
dataset/real-book_246.jams
dataset/real-book_2460.jams
dataset/real-book_2461.jams
dataset/real-book_2462.jams
dataset/real-book_2463.jams
dataset/real-book_2464.jams
dataset/real-book_2465.jams
dataset/real-book_2466.jams
dataset/real-book_2467.jams
dataset/real-book_2468.jams
dataset/real-book_2469.jams
dataset/real-book_247.jams
dataset/real-book_2470.jams
dataset/real-book_2471.jams
dataset/real-book_2472.jams
dataset/real-book_2473.jams
dataset/real-book_2474.jams
dataset/real-book_2475.jams
dataset/real-book_2476.jams
dataset/real-book_2477.jams
dataset/real-book_2478.jams
dataset/real-book_2479.jams
dataset/real-book_248.jams
dataset/real-book_2480.jams
dataset/real-book_2481.jams
dataset/real-book_2482.jams
dataset/real-book_2483.jams
dataset/real-book_2484.jams
dataset/real-book_2485.jams
dataset/real-book_2486.jams
dataset/real-book_2487.jams
dataset/real-book_2488.jams
dataset/real-book_2489.jams
dataset/real-book_249.jams
dataset/real-book_2490.jams
dataset/real-book_2491.jams
dataset/real-book_2492.jams
dataset/real-book_2493.jams
dataset/real-book_2494.jams
dataset/real-book_2495.jams
dataset/real-book_2496.jams
dataset/real-book_2497.jams
dataset/real-book_2498.jams
dataset/real-book_2499.jams
dataset/real-book_25.jams
dataset/real-book_250.jams
dataset/real-book_2500.jams
dataset/real-book_2501.jams
dataset/real-book_2502.jams
dataset/real-book_2503.jams
dataset/real-book_2504.jams
dataset/real-book_2505.jams
dataset/real-book_2506.jams
dataset/real-book_2507.jams
dataset/real-book_2508.jams
dataset/real-book_2509.jams
dataset/real-book_251.jams
dataset/real-book_2510.jams
dataset/real-book_2511.jams
dataset/real-book_2512.jams
dataset/real-book_2513.jams
dataset/real-book_2514.jams
dataset/real-book_2515.jams
dataset/real-book_2516.jams
dataset/real-book_2517.jams
dataset/real-book_2518.jams
dataset/real-book_2519.jams
dataset/real-book_252.jams
dataset/real-book_2520.jams
dataset/real-book_2521.jams
dataset/real-book_2522.jams
dataset/real-book_2523.jams
dataset/real-book_2524.jams
dataset/real-book_2525.jams
dataset/real-book_2526.jams
dataset/real-book_2527.jams
dataset/real-book_2528.jams
dataset/real-book_2529.jams
dataset/real-book_253.jams
dataset/real-book_2530.jams
dataset/real-book_2531.jams
dataset/real-book_2532.jams
dataset/real-book_2533.jams
dataset/real-book_2534.jams
dataset/real-book_2535.jams
dataset/real-book_2536.jams
dataset/real-book_2537.jams
dataset/real-book_2538.jams
dataset/real-book_2539.jams
dataset/real-book_254.jams
dataset/real-book_2540.jams
dataset/real-book_2541.jams
dataset/real-book_2542.jams
dataset/real-book_2543.jams
dataset/real-book_2544.jams
dataset/real-book_2545.jams
dataset/real-book_2546.jams
dataset/real-book_2547.jams
dataset/real-book_2548.jams
dataset/real-book_2549.jams
dataset/real-book_255.jams
dataset/real-book_2550.jams
dataset/real-book_2551.jams
dataset/real-book_2552.jams
dataset/real-book_2553.jams
dataset/real-book_2554.jams
dataset/real-book_2555.jams
dataset/real-book_2556.jams
dataset/real-book_2557.jams
dataset/real-book_2558.jams
dataset/real-book_2559.jams
dataset/real-book_256.jams
dataset/real-book_2560.jams
dataset/real-book_2561.jams
dataset/real-book_2562.jams
dataset/real-book_2563.jams
dataset/real-book_2564.jams
dataset/real-book_2565.jams
dataset/real-book_2566.jams
dataset/real-book_2567.jams
dataset/real-book_2568.jams
dataset/real-book_2569.jams
dataset/real-book_257.jams
dataset/real-book_2570.jams
dataset/real-book_2571.jams
dataset/real-book_2572.jams
dataset/real-book_2573.jams
dataset/real-book_2574.jams
dataset/real-book_2575.jams
dataset/real-book_2576.jams
dataset/real-book_2577.jams
dataset/real-book_2578.jams
dataset/real-book_2579.jams
dataset/real-book_258.jams
dataset/real-book_2580.jams
dataset/real-book_2581.jams
dataset/real-book_2582.jams
dataset/real-book_2583.jams
dataset/real-book_2584.jams
dataset/real-book_2585.jams
dataset/real-book_2586.jams
dataset/real-book_2587.jams
dataset/real-book_2588.jams
dataset/real-book_2589.jams
dataset/real-book_259.jams
dataset/real-book_2590.jams
dataset/real-book_2591.jams
dataset/real-book_2592.jams
dataset/real-book_2593.jams
dataset/real-book_2594.jams
dataset/real-book_2595.jams
dataset/real-book_2596.jams
dataset/real-book_2597.jams
dataset/real-book_2598.jams
dataset/real-book_2599.jams
dataset/real-book_26.jams
dataset/real-book_260.jams
dataset/real-book_2600.jams
dataset/real-book_2601.jams
dataset/real-book_2602.jams
dataset/real-book_2603.jams
dataset/real-book_2604.jams
dataset/real-book_2605.jams
dataset/real-book_2606.jams
dataset/real-book_2607.jams
dataset/real-book_2608.jams
dataset/real-book_2609.jams
dataset/real-book_261.jams
dataset/real-book_2610.jams
dataset/real-book_2611.jams
dataset/real-book_2612.jams
dataset/real-book_2613.jams
dataset/real-book_2614.jams
dataset/real-book_2615.jams
dataset/real-book_2616.jams
dataset/real-book_2617.jams
dataset/real-book_2618.jams
dataset/real-book_2619.jams
dataset/real-book_262.jams
dataset/real-book_2620.jams
dataset/real-book_2621.jams
dataset/real-book_2622.jams
dataset/real-book_2623.jams
dataset/real-book_2624.jams
dataset/real-book_2625.jams
dataset/real-book_2626.jams
dataset/real-book_2627.jams
dataset/real-book_2628.jams
dataset/real-book_2629.jams
dataset/real-book_263.jams
dataset/real-book_2630.jams
dataset/real-book_2631.jams
dataset/real-book_2632.jams
dataset/real-book_2633.jams
dataset/real-book_2634.jams
dataset/real-book_2635.jams
dataset/real-book_2636.jams
dataset/real-book_2637.jams
dataset/real-book_2638.jams
dataset/real-book_2639.jams
dataset/real-book_264.jams
dataset/real-book_2640.jams
dataset/real-book_2641.jams
dataset/real-book_2642.jams
dataset/real-book_2643.jams
dataset/real-book_2644.jams
dataset/real-book_2645.jams
dataset/real-book_2646.jams
dataset/real-book_2647.jams
dataset/real-book_2648.jams
dataset/real-book_2649.jams
dataset/real-book_265.jams
dataset/real-book_2650.jams
dataset/real-book_2651.jams
dataset/real-book_2652.jams
dataset/real-book_2653.jams
dataset/real-book_2654.jams
dataset/real-book_2655.jams
dataset/real-book_2656.jams
dataset/real-book_2657.jams
dataset/real-book_2658.jams
dataset/real-book_2659.jams
dataset/real-book_266.jams
dataset/real-book_2660.jams
dataset/real-book_2661.jams
dataset/real-book_2662.jams
dataset/real-book_2663.jams
dataset/real-book_2664.jams
dataset/real-book_2665.jams
dataset/real-book_2666.jams
dataset/real-book_2667.jams
dataset/real-book_2668.jams
dataset/real-book_2669.jams
dataset/real-book_267.jams
dataset/real-book_2670.jams
dataset/real-book_2671.jams
dataset/real-book_2672.jams
dataset/real-book_2673.jams
dataset/real-book_2674.jams
dataset/real-book_2675.jams
dataset/real-book_2676.jams
dataset/real-book_2677.jams
dataset/real-book_2678.jams
dataset/real-book_2679.jams
dataset/real-book_268.jams
dataset/real-book_2680.jams
dataset/real-book_2681.jams
dataset/real-book_2682.jams
dataset/real-book_2683.jams
dataset/real-book_2684.jams
dataset/real-book_2685.jams
dataset/real-book_2686.jams
dataset/real-book_2687.jams
dataset/real-book_2688.jams
dataset/real-book_2689.jams
dataset/real-book_269.jams
dataset/real-book_2690.jams
dataset/real-book_2691.jams
dataset/real-book_2692.jams
dataset/real-book_2693.jams
dataset/real-book_2694.jams
dataset/real-book_2695.jams
dataset/real-book_2696.jams
dataset/real-book_2697.jams
dataset/real-book_2698.jams
dataset/real-book_2699.jams
dataset/real-book_27.jams
dataset/real-book_270.jams
dataset/real-book_2700.jams
dataset/real-book_2701.jams
dataset/real-book_2702.jams
dataset/real-book_2703.jams
dataset/real-book_2704.jams
dataset/real-book_2705.jams
dataset/real-book_2706.jams
dataset/real-book_2707.jams
dataset/real-book_2708.jams
dataset/real-book_2709.jams
dataset/real-book_271.jams
dataset/real-book_2710.jams
dataset/real-book_2711.jams
dataset/real-book_2712.jams
dataset/real-book_2713.jams
dataset/real-book_2714.jams
dataset/real-book_2715.jams
dataset/real-book_2716.jams
dataset/real-book_2717.jams
dataset/real-book_2718.jams
dataset/real-book_2719.jams
dataset/real-book_272.jams
dataset/real-book_2720.jams
dataset/real-book_2721.jams
dataset/real-book_2722.jams
dataset/real-book_2723.jams
dataset/real-book_2724.jams
dataset/real-book_2725.jams
dataset/real-book_2726.jams
dataset/real-book_2727.jams
dataset/real-book_2728.jams
dataset/real-book_2729.jams
dataset/real-book_273.jams
dataset/real-book_2730.jams
dataset/real-book_2731.jams
dataset/real-book_2732.jams
dataset/real-book_2733.jams
dataset/real-book_2734.jams
dataset/real-book_2735.jams
dataset/real-book_2736.jams
dataset/real-book_2737.jams
dataset/real-book_2738.jams
dataset/real-book_2739.jams
dataset/real-book_274.jams
dataset/real-book_2740.jams
dataset/real-book_2741.jams
dataset/real-book_2742.jams
dataset/real-book_2743.jams
dataset/real-book_2744.jams
dataset/real-book_2745.jams
dataset/real-book_2746.jams
dataset/real-book_2747.jams
dataset/real-book_2748.jams
dataset/real-book_2749.jams
dataset/real-book_275.jams
dataset/real-book_2750.jams
dataset/real-book_2751.jams
dataset/real-book_2752.jams
dataset/real-book_2753.jams
dataset/real-book_2754.jams
dataset/real-book_2755.jams
dataset/real-book_2756.jams
dataset/real-book_2757.jams
dataset/real-book_2758.jams
dataset/real-book_2759.jams
dataset/real-book_276.jams
dataset/real-book_2760.jams
dataset/real-book_2761.jams
dataset/real-book_2762.jams
dataset/real-book_2763.jams
dataset/real-book_2764.jams
dataset/real-book_2765.jams
dataset/real-book_2766.jams
dataset/real-book_2767.jams
dataset/real-book_2768.jams
dataset/real-book_2769.jams
dataset/real-book_277.jams
dataset/real-book_2770.jams
dataset/real-book_2771.jams
dataset/real-book_2772.jams
dataset/real-book_2773.jams
dataset/real-book_2774.jams
dataset/real-book_2775.jams
dataset/real-book_2776.jams
dataset/real-book_2777.jams
dataset/real-book_2778.jams
dataset/real-book_2779.jams
dataset/real-book_278.jams
dataset/real-book_2780.jams
dataset/real-book_2781.jams
dataset/real-book_2782.jams
dataset/real-book_2783.jams
dataset/real-book_2784.jams
dataset/real-book_2785.jams
dataset/real-book_2786.jams
dataset/real-book_2787.jams
dataset/real-book_2788.jams
dataset/real-book_2789.jams
dataset/real-book_279.jams
dataset/real-book_2790.jams
dataset/real-book_2791.jams
dataset/real-book_2792.jams
dataset/real-book_2793.jams
dataset/real-book_2794.jams
dataset/real-book_2795.jams
dataset/real-book_2796.jams
dataset/real-book_2797.jams
dataset/real-book_2798.jams
dataset/real-book_2799.jams
dataset/real-book_28.jams
dataset/real-book_280.jams
dataset/real-book_2800.jams
dataset/real-book_2801.jams
dataset/real-book_2802.jams
dataset/real-book_2803.jams
dataset/real-book_2804.jams
dataset/real-book_2805.jams
dataset/real-book_2806.jams
dataset/real-book_2807.jams
dataset/real-book_2808.jams
dataset/real-book_2809.jams
dataset/real-book_281.jams
dataset/real-book_2810.jams
dataset/real-book_2811.jams
dataset/real-book_2812.jams
dataset/real-book_2813.jams
dataset/real-book_2814.jams
dataset/real-book_2815.jams
dataset/real-book_2816.jams
dataset/real-book_2817.jams
dataset/real-book_2818.jams
dataset/real-book_2819.jams
dataset/real-book_282.jams
dataset/real-book_2820.jams
dataset/real-book_2821.jams
dataset/real-book_2822.jams
dataset/real-book_2823.jams
dataset/real-book_2824.jams
dataset/real-book_2825.jams
dataset/real-book_2826.jams
dataset/real-book_2827.jams
dataset/real-book_2828.jams
dataset/real-book_2829.jams
dataset/real-book_283.jams
dataset/real-book_2830.jams
dataset/real-book_2831.jams
dataset/real-book_2832.jams
dataset/real-book_2833.jams
dataset/real-book_2834.jams
dataset/real-book_2835.jams
dataset/real-book_2836.jams
dataset/real-book_2837.jams
dataset/real-book_2838.jams
dataset/real-book_2839.jams
dataset/real-book_284.jams
dataset/real-book_2840.jams
dataset/real-book_2841.jams
dataset/real-book_2842.jams
dataset/real-book_2843.jams
dataset/real-book_2844.jams
dataset/real-book_2845.jams
dataset/real-book_285.jams
dataset/real-book_286.jams
dataset/real-book_287.jams
dataset/real-book_288.jams
dataset/real-book_289.jams
dataset/real-book_29.jams
dataset/real-book_290.jams
dataset/real-book_291.jams
dataset/real-book_292.jams
dataset/real-book_293.jams
dataset/real-book_294.jams
dataset/real-book_295.jams
dataset/real-book_296.jams
dataset/real-book_297.jams
dataset/real-book_298.jams
dataset/real-book_299.jams
dataset/real-book_3.jams
dataset/real-book_30.jams
dataset/real-book_300.jams
dataset/real-book_301.jams
dataset/real-book_302.jams
dataset/real-book_303.jams
dataset/real-book_304.jams
dataset/real-book_305.jams
dataset/real-book_306.jams
dataset/real-book_307.jams
dataset/real-book_308.jams
dataset/real-book_309.jams
dataset/real-book_31.jams
dataset/real-book_310.jams
dataset/real-book_311.jams
dataset/real-book_312.jams
dataset/real-book_313.jams
dataset/real-book_314.jams
dataset/real-book_315.jams
dataset/real-book_316.jams
dataset/real-book_317.jams
dataset/real-book_318.jams
dataset/real-book_319.jams
dataset/real-book_32.jams
dataset/real-book_320.jams
dataset/real-book_321.jams
dataset/real-book_322.jams
dataset/real-book_323.jams
dataset/real-book_324.jams
dataset/real-book_325.jams
dataset/real-book_326.jams
dataset/real-book_327.jams
dataset/real-book_328.jams
dataset/real-book_329.jams
dataset/real-book_33.jams
dataset/real-book_330.jams
dataset/real-book_331.jams
dataset/real-book_332.jams
dataset/real-book_333.jams
dataset/real-book_334.jams
dataset/real-book_335.jams
dataset/real-book_336.jams
dataset/real-book_337.jams
dataset/real-book_338.jams
dataset/real-book_339.jams
dataset/real-book_34.jams
dataset/real-book_340.jams
dataset/real-book_341.jams
dataset/real-book_342.jams
dataset/real-book_343.jams
dataset/real-book_344.jams
dataset/real-book_345.jams
dataset/real-book_346.jams
dataset/real-book_347.jams
dataset/real-book_348.jams
dataset/real-book_349.jams
dataset/real-book_35.jams
dataset/real-book_350.jams
dataset/real-book_351.jams
dataset/real-book_352.jams
dataset/real-book_353.jams
dataset/real-book_354.jams
dataset/real-book_355.jams
dataset/real-book_356.jams
dataset/real-book_357.jams
dataset/real-book_358.jams
dataset/real-book_359.jams
dataset/real-book_36.jams
dataset/real-book_360.jams
dataset/real-book_361.jams
dataset/real-book_362.jams
dataset/real-book_363.jams
dataset/real-book_364.jams
dataset/real-book_365.jams
dataset/real-book_366.jams
dataset/real-book_367.jams
dataset/real-book_368.jams
dataset/real-book_369.jams
dataset/real-book_37.jams
dataset/real-book_370.jams
dataset/real-book_371.jams
dataset/real-book_372.jams
dataset/real-book_373.jams
dataset/real-book_374.jams
dataset/real-book_375.jams
dataset/real-book_376.jams
dataset/real-book_377.jams
dataset/real-book_378.jams
dataset/real-book_379.jams
dataset/real-book_38.jams
dataset/real-book_380.jams
dataset/real-book_381.jams
dataset/real-book_382.jams
dataset/real-book_383.jams
dataset/real-book_384.jams
dataset/real-book_385.jams
dataset/real-book_386.jams
dataset/real-book_387.jams
dataset/real-book_388.jams
dataset/real-book_389.jams
dataset/real-book_39.jams
dataset/real-book_390.jams
dataset/real-book_391.jams
dataset/real-book_392.jams
dataset/real-book_393.jams
dataset/real-book_394.jams
dataset/real-book_395.jams
dataset/real-book_396.jams
dataset/real-book_397.jams
dataset/real-book_398.jams
dataset/real-book_399.jams
dataset/real-book_4.jams
dataset/real-book_40.jams
dataset/real-book_400.jams
dataset/real-book_401.jams
dataset/real-book_402.jams
dataset/real-book_403.jams
dataset/real-book_404.jams
dataset/real-book_405.jams
dataset/real-book_406.jams
dataset/real-book_407.jams
dataset/real-book_408.jams
dataset/real-book_409.jams
dataset/real-book_41.jams
dataset/real-book_410.jams
dataset/real-book_411.jams
dataset/real-book_412.jams
dataset/real-book_413.jams
dataset/real-book_414.jams
dataset/real-book_415.jams
dataset/real-book_416.jams
dataset/real-book_417.jams
dataset/real-book_418.jams
dataset/real-book_419.jams
dataset/real-book_42.jams
dataset/real-book_420.jams
dataset/real-book_421.jams
dataset/real-book_422.jams
dataset/real-book_423.jams
dataset/real-book_424.jams
dataset/real-book_425.jams
dataset/real-book_426.jams
dataset/real-book_427.jams
dataset/real-book_428.jams
dataset/real-book_429.jams
dataset/real-book_43.jams
dataset/real-book_430.jams
dataset/real-book_431.jams
dataset/real-book_432.jams
dataset/real-book_433.jams
dataset/real-book_434.jams
dataset/real-book_435.jams
dataset/real-book_436.jams
dataset/real-book_437.jams
dataset/real-book_438.jams
dataset/real-book_439.jams
dataset/real-book_44.jams
dataset/real-book_440.jams
dataset/real-book_441.jams
dataset/real-book_442.jams
dataset/real-book_443.jams
dataset/real-book_444.jams
dataset/real-book_445.jams
dataset/real-book_446.jams
dataset/real-book_447.jams
dataset/real-book_448.jams
dataset/real-book_449.jams
dataset/real-book_45.jams
dataset/real-book_450.jams
dataset/real-book_451.jams
dataset/real-book_452.jams
dataset/real-book_453.jams
dataset/real-book_454.jams
dataset/real-book_455.jams
dataset/real-book_456.jams
dataset/real-book_457.jams
dataset/real-book_458.jams
dataset/real-book_459.jams
dataset/real-book_46.jams
dataset/real-book_460.jams
dataset/real-book_461.jams
dataset/real-book_462.jams
dataset/real-book_463.jams
dataset/real-book_464.jams
dataset/real-book_465.jams
dataset/real-book_466.jams
dataset/real-book_467.jams
dataset/real-book_468.jams
dataset/real-book_469.jams
dataset/real-book_47.jams
dataset/real-book_470.jams
dataset/real-book_471.jams
dataset/real-book_472.jams
dataset/real-book_473.jams
dataset/real-book_474.jams
dataset/real-book_475.jams
dataset/real-book_476.jams
dataset/real-book_477.jams
dataset/real-book_478.jams
dataset/real-book_479.jams
dataset/real-book_48.jams
dataset/real-book_480.jams
dataset/real-book_481.jams
dataset/real-book_482.jams
dataset/real-book_483.jams
dataset/real-book_484.jams
dataset/real-book_485.jams
dataset/real-book_486.jams
dataset/real-book_487.jams
dataset/real-book_488.jams
dataset/real-book_489.jams
dataset/real-book_49.jams
dataset/real-book_490.jams
dataset/real-book_491.jams
dataset/real-book_492.jams
dataset/real-book_493.jams
dataset/real-book_494.jams
dataset/real-book_495.jams
dataset/real-book_496.jams
dataset/real-book_497.jams
dataset/real-book_498.jams
dataset/real-book_499.jams
dataset/real-book_5.jams
dataset/real-book_50.jams
dataset/real-book_500.jams
dataset/real-book_501.jams
dataset/real-book_502.jams
dataset/real-book_503.jams
dataset/real-book_504.jams
dataset/real-book_505.jams
dataset/real-book_506.jams
dataset/real-book_507.jams
dataset/real-book_508.jams
dataset/real-book_509.jams
dataset/real-book_51.jams
dataset/real-book_510.jams
dataset/real-book_511.jams
dataset/real-book_512.jams
dataset/real-book_513.jams
dataset/real-book_514.jams
dataset/real-book_515.jams
dataset/real-book_516.jams
dataset/real-book_517.jams
dataset/real-book_518.jams
dataset/real-book_519.jams
dataset/real-book_52.jams
dataset/real-book_520.jams
dataset/real-book_521.jams
dataset/real-book_522.jams
dataset/real-book_523.jams
dataset/real-book_524.jams
dataset/real-book_525.jams
dataset/real-book_526.jams
dataset/real-book_527.jams
dataset/real-book_528.jams
dataset/real-book_529.jams
dataset/real-book_53.jams
dataset/real-book_530.jams
dataset/real-book_531.jams
dataset/real-book_532.jams
dataset/real-book_533.jams
dataset/real-book_534.jams
dataset/real-book_535.jams
dataset/real-book_536.jams
dataset/real-book_537.jams
dataset/real-book_538.jams
dataset/real-book_539.jams
dataset/real-book_54.jams
dataset/real-book_540.jams
dataset/real-book_541.jams
dataset/real-book_542.jams
dataset/real-book_543.jams
dataset/real-book_544.jams
dataset/real-book_545.jams
dataset/real-book_546.jams
dataset/real-book_547.jams
dataset/real-book_548.jams
dataset/real-book_549.jams
dataset/real-book_55.jams
dataset/real-book_550.jams
dataset/real-book_551.jams
dataset/real-book_552.jams
dataset/real-book_553.jams
dataset/real-book_554.jams
dataset/real-book_555.jams
dataset/real-book_556.jams
dataset/real-book_557.jams
dataset/real-book_558.jams
dataset/real-book_559.jams
dataset/real-book_56.jams
dataset/real-book_560.jams
dataset/real-book_561.jams
dataset/real-book_562.jams
dataset/real-book_563.jams
dataset/real-book_564.jams
dataset/real-book_565.jams
dataset/real-book_566.jams
dataset/real-book_567.jams
dataset/real-book_568.jams
dataset/real-book_569.jams
dataset/real-book_57.jams
dataset/real-book_570.jams
dataset/real-book_571.jams
dataset/real-book_572.jams
dataset/real-book_573.jams
dataset/real-book_574.jams
dataset/real-book_575.jams
dataset/real-book_576.jams
dataset/real-book_577.jams
dataset/real-book_578.jams
dataset/real-book_579.jams
dataset/real-book_58.jams
dataset/real-book_580.jams
dataset/real-book_581.jams
dataset/real-book_582.jams
dataset/real-book_583.jams
dataset/real-book_584.jams
dataset/real-book_585.jams
dataset/real-book_586.jams
dataset/real-book_587.jams
dataset/real-book_588.jams
dataset/real-book_589.jams
dataset/real-book_59.jams
dataset/real-book_590.jams
dataset/real-book_591.jams
dataset/real-book_592.jams
dataset/real-book_593.jams
dataset/real-book_594.jams
dataset/real-book_595.jams
dataset/real-book_596.jams
dataset/real-book_597.jams
dataset/real-book_598.jams
dataset/real-book_599.jams
dataset/real-book_6.jams
dataset/real-book_60.jams
dataset/real-book_600.jams
dataset/real-book_601.jams
dataset/real-book_602.jams
dataset/real-book_603.jams
dataset/real-book_604.jams
dataset/real-book_605.jams
dataset/real-book_606.jams
dataset/real-book_607.jams
dataset/real-book_608.jams
dataset/real-book_609.jams
dataset/real-book_61.jams
dataset/real-book_610.jams
dataset/real-book_611.jams
dataset/real-book_612.jams
dataset/real-book_613.jams
dataset/real-book_614.jams
dataset/real-book_615.jams
dataset/real-book_616.jams
dataset/real-book_617.jams
dataset/real-book_618.jams
dataset/real-book_619.jams
dataset/real-book_62.jams
dataset/real-book_620.jams
dataset/real-book_621.jams
dataset/real-book_622.jams
dataset/real-book_623.jams
dataset/real-book_624.jams
dataset/real-book_625.jams
dataset/real-book_626.jams
dataset/real-book_627.jams
dataset/real-book_628.jams
dataset/real-book_629.jams
dataset/real-book_63.jams
dataset/real-book_630.jams
dataset/real-book_631.jams
dataset/real-book_632.jams
dataset/real-book_633.jams
dataset/real-book_634.jams
dataset/real-book_635.jams
dataset/real-book_636.jams
dataset/real-book_637.jams
dataset/real-book_638.jams
dataset/real-book_639.jams
dataset/real-book_64.jams
dataset/real-book_640.jams
dataset/real-book_641.jams
dataset/real-book_642.jams
dataset/real-book_643.jams
dataset/real-book_644.jams
dataset/real-book_645.jams
dataset/real-book_646.jams
dataset/real-book_647.jams
dataset/real-book_648.jams
dataset/real-book_649.jams
dataset/real-book_65.jams
dataset/real-book_650.jams
dataset/real-book_651.jams
dataset/real-book_652.jams
dataset/real-book_653.jams
dataset/real-book_654.jams
dataset/real-book_655.jams
dataset/real-book_656.jams
dataset/real-book_657.jams
dataset/real-book_658.jams
dataset/real-book_659.jams
dataset/real-book_66.jams
dataset/real-book_660.jams
dataset/real-book_661.jams
dataset/real-book_662.jams
dataset/real-book_663.jams
dataset/real-book_664.jams
dataset/real-book_665.jams
dataset/real-book_666.jams
dataset/real-book_667.jams
dataset/real-book_668.jams
dataset/real-book_669.jams
dataset/real-book_67.jams
dataset/real-book_670.jams
dataset/real-book_671.jams
dataset/real-book_672.jams
dataset/real-book_673.jams
dataset/real-book_674.jams
dataset/real-book_675.jams
dataset/real-book_676.jams
dataset/real-book_677.jams
dataset/real-book_678.jams
dataset/real-book_679.jams
dataset/real-book_68.jams
dataset/real-book_680.jams
dataset/real-book_681.jams
dataset/real-book_682.jams
dataset/real-book_683.jams
dataset/real-book_684.jams
dataset/real-book_685.jams
dataset/real-book_686.jams
dataset/real-book_687.jams
dataset/real-book_688.jams
dataset/real-book_689.jams
dataset/real-book_69.jams
dataset/real-book_690.jams
dataset/real-book_691.jams
dataset/real-book_692.jams
dataset/real-book_693.jams
dataset/real-book_694.jams
dataset/real-book_695.jams
dataset/real-book_696.jams
dataset/real-book_697.jams
dataset/real-book_698.jams
dataset/real-book_699.jams
dataset/real-book_7.jams
dataset/real-book_70.jams
dataset/real-book_700.jams
dataset/real-book_701.jams
dataset/real-book_702.jams
dataset/real-book_703.jams
dataset/real-book_704.jams
dataset/real-book_705.jams
dataset/real-book_706.jams
dataset/real-book_707.jams
dataset/real-book_708.jams
dataset/real-book_709.jams
dataset/real-book_71.jams
dataset/real-book_710.jams
dataset/real-book_711.jams
dataset/real-book_712.jams
dataset/real-book_713.jams
dataset/real-book_714.jams
dataset/real-book_715.jams
dataset/real-book_716.jams
dataset/real-book_717.jams
dataset/real-book_718.jams
dataset/real-book_719.jams
dataset/real-book_72.jams
dataset/real-book_720.jams
dataset/real-book_721.jams
dataset/real-book_722.jams
dataset/real-book_723.jams
dataset/real-book_724.jams
dataset/real-book_725.jams
dataset/real-book_726.jams
dataset/real-book_727.jams
dataset/real-book_728.jams
dataset/real-book_729.jams
dataset/real-book_73.jams
dataset/real-book_730.jams
dataset/real-book_731.jams
dataset/real-book_732.jams
dataset/real-book_733.jams
dataset/real-book_734.jams
dataset/real-book_735.jams
dataset/real-book_736.jams
dataset/real-book_737.jams
dataset/real-book_738.jams
dataset/real-book_739.jams
dataset/real-book_74.jams
dataset/real-book_740.jams
dataset/real-book_741.jams
dataset/real-book_742.jams
dataset/real-book_743.jams
dataset/real-book_744.jams
dataset/real-book_745.jams
dataset/real-book_746.jams
dataset/real-book_747.jams
dataset/real-book_748.jams
dataset/real-book_749.jams
dataset/real-book_75.jams
dataset/real-book_750.jams
dataset/real-book_751.jams
dataset/real-book_752.jams
dataset/real-book_753.jams
dataset/real-book_754.jams
dataset/real-book_755.jams
dataset/real-book_756.jams
dataset/real-book_757.jams
dataset/real-book_758.jams
dataset/real-book_759.jams
dataset/real-book_76.jams
dataset/real-book_760.jams
dataset/real-book_761.jams
dataset/real-book_762.jams
dataset/real-book_763.jams
dataset/real-book_764.jams
dataset/real-book_765.jams
dataset/real-book_766.jams
dataset/real-book_767.jams
dataset/real-book_768.jams
dataset/real-book_769.jams
dataset/real-book_77.jams
dataset/real-book_770.jams
dataset/real-book_771.jams
dataset/real-book_772.jams
dataset/real-book_773.jams
dataset/real-book_774.jams
dataset/real-book_775.jams
dataset/real-book_776.jams
dataset/real-book_777.jams
dataset/real-book_778.jams
dataset/real-book_779.jams
dataset/real-book_78.jams
dataset/real-book_780.jams
dataset/real-book_781.jams
dataset/real-book_782.jams
dataset/real-book_783.jams
dataset/real-book_784.jams
dataset/real-book_785.jams
dataset/real-book_786.jams
dataset/real-book_787.jams
dataset/real-book_788.jams
dataset/real-book_789.jams
dataset/real-book_79.jams
dataset/real-book_790.jams
dataset/real-book_791.jams
dataset/real-book_792.jams
dataset/real-book_793.jams
dataset/real-book_794.jams
dataset/real-book_795.jams
dataset/real-book_796.jams
dataset/real-book_797.jams
dataset/real-book_798.jams
dataset/real-book_799.jams
dataset/real-book_8.jams
dataset/real-book_80.jams
dataset/real-book_800.jams
dataset/real-book_801.jams
dataset/real-book_802.jams
dataset/real-book_803.jams
dataset/real-book_804.jams
dataset/real-book_805.jams
dataset/real-book_806.jams
dataset/real-book_807.jams
dataset/real-book_808.jams
dataset/real-book_809.jams
dataset/real-book_81.jams
dataset/real-book_810.jams
dataset/real-book_811.jams
dataset/real-book_812.jams
dataset/real-book_813.jams
dataset/real-book_814.jams
dataset/real-book_815.jams
dataset/real-book_816.jams
dataset/real-book_817.jams
dataset/real-book_818.jams
dataset/real-book_819.jams
dataset/real-book_82.jams
dataset/real-book_820.jams
dataset/real-book_821.jams
dataset/real-book_822.jams
dataset/real-book_823.jams
dataset/real-book_824.jams
dataset/real-book_825.jams
dataset/real-book_826.jams
dataset/real-book_827.jams
dataset/real-book_828.jams
dataset/real-book_829.jams
dataset/real-book_83.jams
dataset/real-book_830.jams
dataset/real-book_831.jams
dataset/real-book_832.jams
dataset/real-book_833.jams
dataset/real-book_834.jams
dataset/real-book_835.jams
dataset/real-book_836.jams
dataset/real-book_837.jams
dataset/real-book_838.jams
dataset/real-book_839.jams
dataset/real-book_84.jams
dataset/real-book_840.jams
dataset/real-book_841.jams
dataset/real-book_842.jams
dataset/real-book_843.jams
dataset/real-book_844.jams
dataset/real-book_845.jams
dataset/real-book_846.jams
dataset/real-book_847.jams
dataset/real-book_848.jams
dataset/real-book_849.jams
dataset/real-book_85.jams
dataset/real-book_850.jams
dataset/real-book_851.jams
dataset/real-book_852.jams
dataset/real-book_853.jams
dataset/real-book_854.jams
dataset/real-book_855.jams
dataset/real-book_856.jams
dataset/real-book_857.jams
dataset/real-book_858.jams
dataset/real-book_859.jams
dataset/real-book_86.jams
dataset/real-book_860.jams
dataset/real-book_861.jams
dataset/real-book_862.jams
dataset/real-book_863.jams
dataset/real-book_864.jams
dataset/real-book_865.jams
dataset/real-book_866.jams
dataset/real-book_867.jams
dataset/real-book_868.jams
dataset/real-book_869.jams
dataset/real-book_87.jams
dataset/real-book_870.jams
dataset/real-book_871.jams
dataset/real-book_872.jams
dataset/real-book_873.jams
dataset/real-book_874.jams
dataset/real-book_875.jams
dataset/real-book_876.jams
dataset/real-book_877.jams
dataset/real-book_878.jams
dataset/real-book_879.jams
dataset/real-book_88.jams
dataset/real-book_880.jams
dataset/real-book_881.jams
dataset/real-book_882.jams
dataset/real-book_883.jams
dataset/real-book_884.jams
dataset/real-book_885.jams
dataset/real-book_886.jams
dataset/real-book_887.jams
dataset/real-book_888.jams
dataset/real-book_889.jams
dataset/real-book_89.jams
dataset/real-book_890.jams
dataset/real-book_891.jams
dataset/real-book_892.jams
dataset/real-book_893.jams
dataset/real-book_894.jams
dataset/real-book_895.jams
dataset/real-book_896.jams
dataset/real-book_897.jams
dataset/real-book_898.jams
dataset/real-book_899.jams
dataset/real-book_9.jams
dataset/real-book_90.jams
dataset/real-book_900.jams
dataset/real-book_901.jams
dataset/real-book_902.jams
dataset/real-book_903.jams
dataset/real-book_904.jams
dataset/real-book_905.jams
dataset/real-book_906.jams
dataset/real-book_907.jams
dataset/real-book_908.jams
dataset/real-book_909.jams
dataset/real-book_91.jams
dataset/real-book_910.jams
dataset/real-book_911.jams
dataset/real-book_912.jams
dataset/real-book_913.jams
dataset/real-book_914.jams
dataset/real-book_915.jams
dataset/real-book_916.jams
dataset/real-book_917.jams
dataset/real-book_918.jams
dataset/real-book_919.jams
dataset/real-book_92.jams
dataset/real-book_920.jams
dataset/real-book_921.jams
dataset/real-book_922.jams
dataset/real-book_923.jams
dataset/real-book_924.jams
dataset/real-book_925.jams
dataset/real-book_926.jams
dataset/real-book_927.jams
dataset/real-book_928.jams
dataset/real-book_929.jams
dataset/real-book_93.jams
dataset/real-book_930.jams
dataset/real-book_931.jams
dataset/real-book_932.jams
dataset/real-book_933.jams
dataset/real-book_934.jams
dataset/real-book_935.jams
dataset/real-book_936.jams
dataset/real-book_937.jams
dataset/real-book_938.jams
dataset/real-book_939.jams
dataset/real-book_94.jams
dataset/real-book_940.jams
dataset/real-book_941.jams
dataset/real-book_942.jams
dataset/real-book_943.jams
dataset/real-book_944.jams
dataset/real-book_945.jams
dataset/real-book_946.jams
dataset/real-book_947.jams
dataset/real-book_948.jams
dataset/real-book_949.jams
dataset/real-book_95.jams
dataset/real-book_950.jams
dataset/real-book_951.jams
dataset/real-book_952.jams
dataset/real-book_953.jams
dataset/real-book_954.jams
dataset/real-book_955.jams
dataset/real-book_956.jams
dataset/real-book_957.jams
dataset/real-book_958.jams
dataset/real-book_959.jams
dataset/real-book_96.jams
dataset/real-book_960.jams
dataset/real-book_961.jams
dataset/real-book_962.jams
dataset/real-book_963.jams
dataset/real-book_964.jams
dataset/real-book_965.jams
dataset/real-book_966.jams
dataset/real-book_967.jams
dataset/real-book_968.jams
dataset/real-book_969.jams
dataset/real-book_97.jams
dataset/real-book_970.jams
dataset/real-book_971.jams
dataset/real-book_972.jams
dataset/real-book_973.jams
dataset/real-book_974.jams
dataset/real-book_975.jams
dataset/real-book_976.jams
dataset/real-book_977.jams
dataset/real-book_978.jams
dataset/real-book_979.jams
dataset/real-book_98.jams
dataset/real-book_980.jams
dataset/real-book_981.jams
dataset/real-book_982.jams
dataset/real-book_983.jams
dataset/real-book_984.jams
dataset/real-book_985.jams
dataset/real-book_986.jams
dataset/real-book_987.jams
dataset/real-book_988.jams
dataset/real-book_989.jams
dataset/real-book_99.jams
dataset/real-book_990.jams
dataset/real-book_991.jams
dataset/real-book_992.jams
dataset/real-book_993.jams
dataset/real-book_994.jams
dataset/real-book_995.jams
dataset/real-book_996.jams
dataset/real-book_997.jams
dataset/real-book_998.jams
dataset/real-book_999.jams
dataset/rock-corpus_0.jams
dataset/rock-corpus_1.jams
dataset/rock-corpus_10.jams
dataset/rock-corpus_100.jams
dataset/rock-corpus_101.jams
dataset/rock-corpus_102.jams
dataset/rock-corpus_103.jams
dataset/rock-corpus_104.jams
dataset/rock-corpus_105.jams
dataset/rock-corpus_106.jams
dataset/rock-corpus_107.jams
dataset/rock-corpus_108.jams
dataset/rock-corpus_109.jams
dataset/rock-corpus_11.jams
dataset/rock-corpus_110.jams
dataset/rock-corpus_111.jams
dataset/rock-corpus_112.jams
dataset/rock-corpus_113.jams
dataset/rock-corpus_114.jams
dataset/rock-corpus_115.jams
dataset/rock-corpus_116.jams
dataset/rock-corpus_117.jams
dataset/rock-corpus_118.jams
dataset/rock-corpus_119.jams
dataset/rock-corpus_12.jams
dataset/rock-corpus_120.jams
dataset/rock-corpus_121.jams
dataset/rock-corpus_122.jams
dataset/rock-corpus_123.jams
dataset/rock-corpus_124.jams
dataset/rock-corpus_125.jams
dataset/rock-corpus_126.jams
dataset/rock-corpus_127.jams
dataset/rock-corpus_128.jams
dataset/rock-corpus_129.jams
dataset/rock-corpus_13.jams
dataset/rock-corpus_130.jams
dataset/rock-corpus_131.jams
dataset/rock-corpus_132.jams
dataset/rock-corpus_133.jams
dataset/rock-corpus_134.jams
dataset/rock-corpus_135.jams
dataset/rock-corpus_136.jams
dataset/rock-corpus_137.jams
dataset/rock-corpus_138.jams
dataset/rock-corpus_139.jams
dataset/rock-corpus_14.jams
dataset/rock-corpus_140.jams
dataset/rock-corpus_141.jams
dataset/rock-corpus_142.jams
dataset/rock-corpus_143.jams
dataset/rock-corpus_144.jams
dataset/rock-corpus_145.jams
dataset/rock-corpus_146.jams
dataset/rock-corpus_147.jams
dataset/rock-corpus_148.jams
dataset/rock-corpus_149.jams
dataset/rock-corpus_15.jams
dataset/rock-corpus_150.jams
dataset/rock-corpus_151.jams
dataset/rock-corpus_152.jams
dataset/rock-corpus_153.jams
dataset/rock-corpus_154.jams
dataset/rock-corpus_155.jams
dataset/rock-corpus_156.jams
dataset/rock-corpus_157.jams
dataset/rock-corpus_158.jams
dataset/rock-corpus_159.jams
dataset/rock-corpus_16.jams
dataset/rock-corpus_160.jams
dataset/rock-corpus_161.jams
dataset/rock-corpus_162.jams
dataset/rock-corpus_163.jams
dataset/rock-corpus_164.jams
dataset/rock-corpus_165.jams
dataset/rock-corpus_166.jams
dataset/rock-corpus_167.jams
dataset/rock-corpus_168.jams
dataset/rock-corpus_169.jams
dataset/rock-corpus_17.jams
dataset/rock-corpus_170.jams
dataset/rock-corpus_171.jams
dataset/rock-corpus_172.jams
dataset/rock-corpus_173.jams
dataset/rock-corpus_174.jams
dataset/rock-corpus_175.jams
dataset/rock-corpus_176.jams
dataset/rock-corpus_177.jams
dataset/rock-corpus_178.jams
dataset/rock-corpus_179.jams
dataset/rock-corpus_18.jams
dataset/rock-corpus_180.jams
dataset/rock-corpus_181.jams
dataset/rock-corpus_182.jams
dataset/rock-corpus_183.jams
dataset/rock-corpus_184.jams
dataset/rock-corpus_185.jams
dataset/rock-corpus_186.jams
dataset/rock-corpus_187.jams
dataset/rock-corpus_188.jams
dataset/rock-corpus_189.jams
dataset/rock-corpus_19.jams
dataset/rock-corpus_190.jams
dataset/rock-corpus_191.jams
dataset/rock-corpus_192.jams
dataset/rock-corpus_193.jams
dataset/rock-corpus_194.jams
dataset/rock-corpus_195.jams
dataset/rock-corpus_196.jams
dataset/rock-corpus_197.jams
dataset/rock-corpus_198.jams
dataset/rock-corpus_199.jams
dataset/rock-corpus_2.jams
dataset/rock-corpus_20.jams
dataset/rock-corpus_21.jams
dataset/rock-corpus_22.jams
dataset/rock-corpus_23.jams
dataset/rock-corpus_24.jams
dataset/rock-corpus_25.jams
dataset/rock-corpus_26.jams
dataset/rock-corpus_27.jams
dataset/rock-corpus_28.jams
dataset/rock-corpus_29.jams
dataset/rock-corpus_3.jams
dataset/rock-corpus_30.jams
dataset/rock-corpus_31.jams
dataset/rock-corpus_32.jams
dataset/rock-corpus_33.jams
dataset/rock-corpus_34.jams
dataset/rock-corpus_35.jams
dataset/rock-corpus_36.jams
dataset/rock-corpus_37.jams
dataset/rock-corpus_38.jams
dataset/rock-corpus_39.jams
dataset/rock-corpus_4.jams
dataset/rock-corpus_40.jams
dataset/rock-corpus_41.jams
dataset/rock-corpus_42.jams
dataset/rock-corpus_43.jams
dataset/rock-corpus_44.jams
dataset/rock-corpus_45.jams
dataset/rock-corpus_46.jams
dataset/rock-corpus_47.jams
dataset/rock-corpus_48.jams
dataset/rock-corpus_49.jams
dataset/rock-corpus_5.jams
dataset/rock-corpus_50.jams
dataset/rock-corpus_51.jams
dataset/rock-corpus_52.jams
dataset/rock-corpus_53.jams
dataset/rock-corpus_54.jams
dataset/rock-corpus_55.jams
dataset/rock-corpus_56.jams
dataset/rock-corpus_57.jams
dataset/rock-corpus_58.jams
dataset/rock-corpus_59.jams
dataset/rock-corpus_6.jams
dataset/rock-corpus_60.jams
dataset/rock-corpus_61.jams
dataset/rock-corpus_62.jams
dataset/rock-corpus_63.jams
dataset/rock-corpus_64.jams
dataset/rock-corpus_65.jams
dataset/rock-corpus_66.jams
dataset/rock-corpus_67.jams
dataset/rock-corpus_68.jams
dataset/rock-corpus_69.jams
dataset/rock-corpus_7.jams
dataset/rock-corpus_70.jams
dataset/rock-corpus_71.jams
dataset/rock-corpus_72.jams
dataset/rock-corpus_73.jams
dataset/rock-corpus_74.jams
dataset/rock-corpus_75.jams
dataset/rock-corpus_76.jams
dataset/rock-corpus_77.jams
dataset/rock-corpus_78.jams
dataset/rock-corpus_79.jams
dataset/rock-corpus_8.jams
dataset/rock-corpus_80.jams
dataset/rock-corpus_81.jams
dataset/rock-corpus_82.jams
dataset/rock-corpus_83.jams
dataset/rock-corpus_84.jams
dataset/rock-corpus_85.jams
dataset/rock-corpus_86.jams
dataset/rock-corpus_87.jams
dataset/rock-corpus_88.jams
dataset/rock-corpus_89.jams
dataset/rock-corpus_9.jams
dataset/rock-corpus_90.jams
dataset/rock-corpus_91.jams
dataset/rock-corpus_92.jams
dataset/rock-corpus_93.jams
dataset/rock-corpus_94.jams
dataset/rock-corpus_95.jams
dataset/rock-corpus_96.jams
dataset/rock-corpus_97.jams
dataset/rock-corpus_98.jams
dataset/rock-corpus_99.jams
dataset/schubert-winterreise-audio_0.jams
dataset/schubert-winterreise-audio_1.jams
dataset/schubert-winterreise-audio_10.jams
dataset/schubert-winterreise-audio_100.jams
dataset/schubert-winterreise-audio_101.jams
dataset/schubert-winterreise-audio_102.jams
dataset/schubert-winterreise-audio_103.jams
dataset/schubert-winterreise-audio_104.jams
dataset/schubert-winterreise-audio_105.jams
dataset/schubert-winterreise-audio_106.jams
dataset/schubert-winterreise-audio_107.jams
dataset/schubert-winterreise-audio_108.jams
dataset/schubert-winterreise-audio_109.jams
dataset/schubert-winterreise-audio_11.jams
dataset/schubert-winterreise-audio_110.jams
dataset/schubert-winterreise-audio_111.jams
dataset/schubert-winterreise-audio_112.jams
dataset/schubert-winterreise-audio_113.jams
dataset/schubert-winterreise-audio_114.jams
dataset/schubert-winterreise-audio_115.jams
dataset/schubert-winterreise-audio_116.jams
dataset/schubert-winterreise-audio_117.jams
dataset/schubert-winterreise-audio_118.jams
dataset/schubert-winterreise-audio_119.jams
dataset/schubert-winterreise-audio_12.jams
dataset/schubert-winterreise-audio_120.jams
dataset/schubert-winterreise-audio_121.jams
dataset/schubert-winterreise-audio_122.jams
dataset/schubert-winterreise-audio_123.jams
dataset/schubert-winterreise-audio_124.jams
dataset/schubert-winterreise-audio_125.jams
dataset/schubert-winterreise-audio_126.jams
dataset/schubert-winterreise-audio_127.jams
dataset/schubert-winterreise-audio_128.jams
dataset/schubert-winterreise-audio_129.jams
dataset/schubert-winterreise-audio_13.jams
dataset/schubert-winterreise-audio_130.jams
dataset/schubert-winterreise-audio_131.jams
dataset/schubert-winterreise-audio_132.jams
dataset/schubert-winterreise-audio_133.jams
dataset/schubert-winterreise-audio_134.jams
dataset/schubert-winterreise-audio_135.jams
dataset/schubert-winterreise-audio_136.jams
dataset/schubert-winterreise-audio_137.jams
dataset/schubert-winterreise-audio_138.jams
dataset/schubert-winterreise-audio_139.jams
dataset/schubert-winterreise-audio_14.jams
dataset/schubert-winterreise-audio_140.jams
dataset/schubert-winterreise-audio_141.jams
dataset/schubert-winterreise-audio_142.jams
dataset/schubert-winterreise-audio_143.jams
dataset/schubert-winterreise-audio_144.jams
dataset/schubert-winterreise-audio_145.jams
dataset/schubert-winterreise-audio_146.jams
dataset/schubert-winterreise-audio_147.jams
dataset/schubert-winterreise-audio_148.jams
dataset/schubert-winterreise-audio_149.jams
dataset/schubert-winterreise-audio_15.jams
dataset/schubert-winterreise-audio_150.jams
dataset/schubert-winterreise-audio_151.jams
dataset/schubert-winterreise-audio_152.jams
dataset/schubert-winterreise-audio_153.jams
dataset/schubert-winterreise-audio_154.jams
dataset/schubert-winterreise-audio_155.jams
dataset/schubert-winterreise-audio_156.jams
dataset/schubert-winterreise-audio_157.jams
dataset/schubert-winterreise-audio_158.jams
dataset/schubert-winterreise-audio_159.jams
dataset/schubert-winterreise-audio_16.jams
dataset/schubert-winterreise-audio_160.jams
dataset/schubert-winterreise-audio_161.jams
dataset/schubert-winterreise-audio_162.jams
dataset/schubert-winterreise-audio_163.jams
dataset/schubert-winterreise-audio_164.jams
dataset/schubert-winterreise-audio_165.jams
dataset/schubert-winterreise-audio_166.jams
dataset/schubert-winterreise-audio_167.jams
dataset/schubert-winterreise-audio_168.jams
dataset/schubert-winterreise-audio_169.jams
dataset/schubert-winterreise-audio_17.jams
dataset/schubert-winterreise-audio_170.jams
dataset/schubert-winterreise-audio_171.jams
dataset/schubert-winterreise-audio_172.jams
dataset/schubert-winterreise-audio_173.jams
dataset/schubert-winterreise-audio_174.jams
dataset/schubert-winterreise-audio_175.jams
dataset/schubert-winterreise-audio_176.jams
dataset/schubert-winterreise-audio_177.jams
dataset/schubert-winterreise-audio_178.jams
dataset/schubert-winterreise-audio_179.jams
dataset/schubert-winterreise-audio_18.jams
dataset/schubert-winterreise-audio_180.jams
dataset/schubert-winterreise-audio_181.jams
dataset/schubert-winterreise-audio_182.jams
dataset/schubert-winterreise-audio_183.jams
dataset/schubert-winterreise-audio_184.jams
dataset/schubert-winterreise-audio_185.jams
dataset/schubert-winterreise-audio_186.jams
dataset/schubert-winterreise-audio_187.jams
dataset/schubert-winterreise-audio_188.jams
dataset/schubert-winterreise-audio_189.jams
dataset/schubert-winterreise-audio_19.jams
dataset/schubert-winterreise-audio_190.jams
dataset/schubert-winterreise-audio_191.jams
dataset/schubert-winterreise-audio_192.jams
dataset/schubert-winterreise-audio_193.jams
dataset/schubert-winterreise-audio_194.jams
dataset/schubert-winterreise-audio_195.jams
dataset/schubert-winterreise-audio_196.jams
dataset/schubert-winterreise-audio_197.jams
dataset/schubert-winterreise-audio_198.jams
dataset/schubert-winterreise-audio_199.jams
dataset/schubert-winterreise-audio_2.jams
dataset/schubert-winterreise-audio_20.jams
dataset/schubert-winterreise-audio_200.jams
dataset/schubert-winterreise-audio_201.jams
dataset/schubert-winterreise-audio_202.jams
dataset/schubert-winterreise-audio_203.jams
dataset/schubert-winterreise-audio_204.jams
dataset/schubert-winterreise-audio_205.jams
dataset/schubert-winterreise-audio_206.jams
dataset/schubert-winterreise-audio_207.jams
dataset/schubert-winterreise-audio_208.jams
dataset/schubert-winterreise-audio_209.jams
dataset/schubert-winterreise-audio_21.jams
dataset/schubert-winterreise-audio_210.jams
dataset/schubert-winterreise-audio_211.jams
dataset/schubert-winterreise-audio_212.jams
dataset/schubert-winterreise-audio_213.jams
dataset/schubert-winterreise-audio_214.jams
dataset/schubert-winterreise-audio_215.jams
dataset/schubert-winterreise-audio_22.jams
dataset/schubert-winterreise-audio_23.jams
dataset/schubert-winterreise-audio_24.jams
dataset/schubert-winterreise-audio_25.jams
dataset/schubert-winterreise-audio_26.jams
dataset/schubert-winterreise-audio_27.jams
dataset/schubert-winterreise-audio_28.jams
dataset/schubert-winterreise-audio_29.jams
dataset/schubert-winterreise-audio_3.jams
dataset/schubert-winterreise-audio_30.jams
dataset/schubert-winterreise-audio_31.jams
dataset/schubert-winterreise-audio_32.jams
dataset/schubert-winterreise-audio_33.jams
dataset/schubert-winterreise-audio_34.jams
dataset/schubert-winterreise-audio_35.jams
dataset/schubert-winterreise-audio_36.jams
dataset/schubert-winterreise-audio_37.jams
dataset/schubert-winterreise-audio_38.jams
dataset/schubert-winterreise-audio_39.jams
dataset/schubert-winterreise-audio_4.jams
dataset/schubert-winterreise-audio_40.jams
dataset/schubert-winterreise-audio_41.jams
dataset/schubert-winterreise-audio_42.jams
dataset/schubert-winterreise-audio_43.jams
dataset/schubert-winterreise-audio_44.jams
dataset/schubert-winterreise-audio_45.jams
dataset/schubert-winterreise-audio_46.jams
dataset/schubert-winterreise-audio_47.jams
dataset/schubert-winterreise-audio_48.jams
dataset/schubert-winterreise-audio_49.jams
dataset/schubert-winterreise-audio_5.jams
dataset/schubert-winterreise-audio_50.jams
dataset/schubert-winterreise-audio_51.jams
dataset/schubert-winterreise-audio_52.jams
dataset/schubert-winterreise-audio_53.jams
dataset/schubert-winterreise-audio_54.jams
dataset/schubert-winterreise-audio_55.jams
dataset/schubert-winterreise-audio_56.jams
dataset/schubert-winterreise-audio_57.jams
dataset/schubert-winterreise-audio_58.jams
dataset/schubert-winterreise-audio_59.jams
dataset/schubert-winterreise-audio_6.jams
dataset/schubert-winterreise-audio_60.jams
dataset/schubert-winterreise-audio_61.jams
dataset/schubert-winterreise-audio_62.jams
dataset/schubert-winterreise-audio_63.jams
dataset/schubert-winterreise-audio_64.jams
dataset/schubert-winterreise-audio_65.jams
dataset/schubert-winterreise-audio_66.jams
dataset/schubert-winterreise-audio_67.jams
dataset/schubert-winterreise-audio_68.jams
dataset/schubert-winterreise-audio_69.jams
dataset/schubert-winterreise-audio_7.jams
dataset/schubert-winterreise-audio_70.jams
dataset/schubert-winterreise-audio_71.jams
dataset/schubert-winterreise-audio_72.jams
dataset/schubert-winterreise-audio_73.jams
dataset/schubert-winterreise-audio_74.jams
dataset/schubert-winterreise-audio_75.jams
dataset/schubert-winterreise-audio_76.jams
dataset/schubert-winterreise-audio_77.jams
dataset/schubert-winterreise-audio_78.jams
dataset/schubert-winterreise-audio_79.jams
dataset/schubert-winterreise-audio_8.jams
dataset/schubert-winterreise-audio_80.jams
dataset/schubert-winterreise-audio_81.jams
dataset/schubert-winterreise-audio_82.jams
dataset/schubert-winterreise-audio_83.jams
dataset/schubert-winterreise-audio_84.jams
dataset/schubert-winterreise-audio_85.jams
dataset/schubert-winterreise-audio_86.jams
dataset/schubert-winterreise-audio_87.jams
dataset/schubert-winterreise-audio_88.jams
dataset/schubert-winterreise-audio_89.jams
dataset/schubert-winterreise-audio_9.jams
dataset/schubert-winterreise-audio_90.jams
dataset/schubert-winterreise-audio_91.jams
dataset/schubert-winterreise-audio_92.jams
dataset/schubert-winterreise-audio_93.jams
dataset/schubert-winterreise-audio_94.jams
dataset/schubert-winterreise-audio_95.jams
dataset/schubert-winterreise-audio_96.jams
dataset/schubert-winterreise-audio_97.jams
dataset/schubert-winterreise-audio_98.jams
dataset/schubert-winterreise-audio_99.jams
dataset/schubert-winterreise-score_0.jams
dataset/schubert-winterreise-score_1.jams
dataset/schubert-winterreise-score_10.jams
dataset/schubert-winterreise-score_11.jams
dataset/schubert-winterreise-score_12.jams
dataset/schubert-winterreise-score_13.jams
dataset/schubert-winterreise-score_14.jams
dataset/schubert-winterreise-score_15.jams
dataset/schubert-winterreise-score_16.jams
dataset/schubert-winterreise-score_17.jams
dataset/schubert-winterreise-score_18.jams
dataset/schubert-winterreise-score_19.jams
dataset/schubert-winterreise-score_2.jams
dataset/schubert-winterreise-score_20.jams
dataset/schubert-winterreise-score_21.jams
dataset/schubert-winterreise-score_22.jams
dataset/schubert-winterreise-score_23.jams
dataset/schubert-winterreise-score_3.jams
dataset/schubert-winterreise-score_4.jams
dataset/schubert-winterreise-score_5.jams
dataset/schubert-winterreise-score_6.jams
dataset/schubert-winterreise-score_7.jams
dataset/schubert-winterreise-score_8.jams
dataset/schubert-winterreise-score_9.jams
dataset/weimar_1.jams
dataset/weimar_10.jams
dataset/weimar_100.jams
dataset/weimar_101.jams
dataset/weimar_102.jams
dataset/weimar_103.jams
dataset/weimar_104.jams
dataset/weimar_105.jams
dataset/weimar_106.jams
dataset/weimar_107.jams
dataset/weimar_108.jams
dataset/weimar_109.jams
dataset/weimar_11.jams
dataset/weimar_110.jams
dataset/weimar_111.jams
dataset/weimar_112.jams
dataset/weimar_113.jams
dataset/weimar_114.jams
dataset/weimar_115.jams
dataset/weimar_116.jams
dataset/weimar_117.jams
dataset/weimar_118.jams
dataset/weimar_119.jams
dataset/weimar_12.jams
dataset/weimar_120.jams
dataset/weimar_121.jams
dataset/weimar_122.jams
dataset/weimar_123.jams
dataset/weimar_124.jams
dataset/weimar_125.jams
dataset/weimar_126.jams
dataset/weimar_127.jams
dataset/weimar_128.jams
dataset/weimar_129.jams
dataset/weimar_13.jams
dataset/weimar_130.jams
dataset/weimar_131.jams
dataset/weimar_132.jams
dataset/weimar_133.jams
dataset/weimar_134.jams
dataset/weimar_135.jams
dataset/weimar_136.jams
dataset/weimar_137.jams
dataset/weimar_138.jams
dataset/weimar_139.jams
dataset/weimar_14.jams
dataset/weimar_140.jams
dataset/weimar_141.jams
dataset/weimar_142.jams
dataset/weimar_143.jams
dataset/weimar_144.jams
dataset/weimar_145.jams
dataset/weimar_146.jams
dataset/weimar_147.jams
dataset/weimar_148.jams
dataset/weimar_149.jams
dataset/weimar_15.jams
dataset/weimar_150.jams
dataset/weimar_151.jams
dataset/weimar_152.jams
dataset/weimar_153.jams
dataset/weimar_154.jams
dataset/weimar_155.jams
dataset/weimar_156.jams
dataset/weimar_157.jams
dataset/weimar_158.jams
dataset/weimar_159.jams
dataset/weimar_16.jams
dataset/weimar_160.jams
dataset/weimar_161.jams
dataset/weimar_162.jams
dataset/weimar_163.jams
dataset/weimar_164.jams
dataset/weimar_165.jams
dataset/weimar_166.jams
dataset/weimar_167.jams
dataset/weimar_168.jams
dataset/weimar_169.jams
dataset/weimar_17.jams
dataset/weimar_170.jams
dataset/weimar_171.jams
dataset/weimar_172.jams
dataset/weimar_173.jams
dataset/weimar_174.jams
dataset/weimar_175.jams
dataset/weimar_176.jams
dataset/weimar_177.jams
dataset/weimar_178.jams
dataset/weimar_179.jams
dataset/weimar_18.jams
dataset/weimar_180.jams
dataset/weimar_181.jams
dataset/weimar_182.jams
dataset/weimar_183.jams
dataset/weimar_184.jams
dataset/weimar_185.jams
dataset/weimar_186.jams
dataset/weimar_187.jams
dataset/weimar_188.jams
dataset/weimar_189.jams
dataset/weimar_19.jams
dataset/weimar_190.jams
dataset/weimar_191.jams
dataset/weimar_192.jams
dataset/weimar_193.jams
dataset/weimar_194.jams
dataset/weimar_195.jams
dataset/weimar_196.jams
dataset/weimar_197.jams
dataset/weimar_198.jams
dataset/weimar_199.jams
dataset/weimar_2.jams
dataset/weimar_20.jams
dataset/weimar_200.jams
dataset/weimar_201.jams
dataset/weimar_202.jams
dataset/weimar_203.jams
dataset/weimar_204.jams
dataset/weimar_205.jams
dataset/weimar_206.jams
dataset/weimar_207.jams
dataset/weimar_208.jams
dataset/weimar_209.jams
dataset/weimar_21.jams
dataset/weimar_210.jams
dataset/weimar_211.jams
dataset/weimar_212.jams
dataset/weimar_213.jams
dataset/weimar_214.jams
dataset/weimar_215.jams
dataset/weimar_216.jams
dataset/weimar_217.jams
dataset/weimar_218.jams
dataset/weimar_219.jams
dataset/weimar_22.jams
dataset/weimar_220.jams
dataset/weimar_221.jams
dataset/weimar_222.jams
dataset/weimar_223.jams
dataset/weimar_224.jams
dataset/weimar_225.jams
dataset/weimar_226.jams
dataset/weimar_227.jams
dataset/weimar_228.jams
dataset/weimar_229.jams
dataset/weimar_23.jams
dataset/weimar_230.jams
dataset/weimar_231.jams
dataset/weimar_232.jams
dataset/weimar_233.jams
dataset/weimar_234.jams
dataset/weimar_235.jams
dataset/weimar_236.jams
dataset/weimar_237.jams
dataset/weimar_238.jams
dataset/weimar_239.jams
dataset/weimar_24.jams
dataset/weimar_240.jams
dataset/weimar_241.jams
dataset/weimar_242.jams
dataset/weimar_243.jams
dataset/weimar_244.jams
dataset/weimar_245.jams
dataset/weimar_246.jams
dataset/weimar_247.jams
dataset/weimar_248.jams
dataset/weimar_249.jams
dataset/weimar_25.jams
dataset/weimar_250.jams
dataset/weimar_251.jams
dataset/weimar_252.jams
dataset/weimar_253.jams
dataset/weimar_254.jams
dataset/weimar_255.jams
dataset/weimar_256.jams
dataset/weimar_257.jams
dataset/weimar_258.jams
dataset/weimar_259.jams
dataset/weimar_26.jams
dataset/weimar_260.jams
dataset/weimar_261.jams
dataset/weimar_262.jams
dataset/weimar_263.jams
dataset/weimar_264.jams
dataset/weimar_265.jams
dataset/weimar_266.jams
dataset/weimar_267.jams
dataset/weimar_268.jams
dataset/weimar_269.jams
dataset/weimar_27.jams
dataset/weimar_270.jams
dataset/weimar_271.jams
dataset/weimar_272.jams
dataset/weimar_273.jams
dataset/weimar_274.jams
dataset/weimar_275.jams
dataset/weimar_276.jams
dataset/weimar_277.jams
dataset/weimar_278.jams
dataset/weimar_279.jams
dataset/weimar_28.jams
dataset/weimar_280.jams
dataset/weimar_281.jams
dataset/weimar_282.jams
dataset/weimar_283.jams
dataset/weimar_284.jams
dataset/weimar_285.jams
dataset/weimar_286.jams
dataset/weimar_287.jams
dataset/weimar_288.jams
dataset/weimar_289.jams
dataset/weimar_29.jams
dataset/weimar_290.jams
dataset/weimar_291.jams
dataset/weimar_292.jams
dataset/weimar_293.jams
dataset/weimar_294.jams
dataset/weimar_295.jams
dataset/weimar_296.jams
dataset/weimar_297.jams
dataset/weimar_298.jams
dataset/weimar_299.jams
dataset/weimar_3.jams
dataset/weimar_30.jams
dataset/weimar_300.jams
dataset/weimar_301.jams
dataset/weimar_302.jams
dataset/weimar_303.jams
dataset/weimar_304.jams
dataset/weimar_305.jams
dataset/weimar_306.jams
dataset/weimar_307.jams
dataset/weimar_308.jams
dataset/weimar_309.jams
dataset/weimar_31.jams
dataset/weimar_310.jams
dataset/weimar_311.jams
dataset/weimar_312.jams
dataset/weimar_313.jams
dataset/weimar_314.jams
dataset/weimar_315.jams
dataset/weimar_316.jams
dataset/weimar_317.jams
dataset/weimar_318.jams
dataset/weimar_319.jams
dataset/weimar_32.jams
dataset/weimar_320.jams
dataset/weimar_321.jams
dataset/weimar_322.jams
dataset/weimar_323.jams
dataset/weimar_324.jams
dataset/weimar_325.jams
dataset/weimar_326.jams
dataset/weimar_327.jams
dataset/weimar_328.jams
dataset/weimar_329.jams
dataset/weimar_33.jams
dataset/weimar_330.jams
dataset/weimar_331.jams
dataset/weimar_332.jams
dataset/weimar_333.jams
dataset/weimar_334.jams
dataset/weimar_335.jams
dataset/weimar_336.jams
dataset/weimar_337.jams
dataset/weimar_338.jams
dataset/weimar_339.jams
dataset/weimar_34.jams
dataset/weimar_340.jams
dataset/weimar_341.jams
dataset/weimar_342.jams
dataset/weimar_343.jams
dataset/weimar_344.jams
dataset/weimar_345.jams
dataset/weimar_346.jams
dataset/weimar_347.jams
dataset/weimar_348.jams
dataset/weimar_349.jams
dataset/weimar_35.jams
dataset/weimar_350.jams
dataset/weimar_351.jams
dataset/weimar_352.jams
dataset/weimar_353.jams
dataset/weimar_354.jams
dataset/weimar_355.jams
dataset/weimar_356.jams
dataset/weimar_357.jams
dataset/weimar_358.jams
dataset/weimar_359.jams
dataset/weimar_36.jams
dataset/weimar_360.jams
dataset/weimar_361.jams
dataset/weimar_362.jams
dataset/weimar_363.jams
dataset/weimar_364.jams
dataset/weimar_365.jams
dataset/weimar_366.jams
dataset/weimar_367.jams
dataset/weimar_368.jams
dataset/weimar_369.jams
dataset/weimar_37.jams
dataset/weimar_370.jams
dataset/weimar_371.jams
dataset/weimar_372.jams
dataset/weimar_373.jams
dataset/weimar_374.jams
dataset/weimar_375.jams
dataset/weimar_376.jams
dataset/weimar_377.jams
dataset/weimar_378.jams
dataset/weimar_379.jams
dataset/weimar_38.jams
dataset/weimar_380.jams
dataset/weimar_381.jams
dataset/weimar_382.jams
dataset/weimar_383.jams
dataset/weimar_384.jams
dataset/weimar_385.jams
dataset/weimar_386.jams
dataset/weimar_387.jams
dataset/weimar_388.jams
dataset/weimar_389.jams
dataset/weimar_39.jams
dataset/weimar_390.jams
dataset/weimar_391.jams
dataset/weimar_392.jams
dataset/weimar_393.jams
dataset/weimar_394.jams
dataset/weimar_395.jams
dataset/weimar_396.jams
dataset/weimar_397.jams
dataset/weimar_398.jams
dataset/weimar_399.jams
dataset/weimar_4.jams
dataset/weimar_40.jams
dataset/weimar_400.jams
dataset/weimar_401.jams
dataset/weimar_402.jams
dataset/weimar_403.jams
dataset/weimar_404.jams
dataset/weimar_405.jams
dataset/weimar_406.jams
dataset/weimar_407.jams
dataset/weimar_408.jams
dataset/weimar_409.jams
dataset/weimar_41.jams
dataset/weimar_410.jams
dataset/weimar_411.jams
dataset/weimar_412.jams
dataset/weimar_413.jams
dataset/weimar_414.jams
dataset/weimar_415.jams
dataset/weimar_416.jams
dataset/weimar_417.jams
dataset/weimar_418.jams
dataset/weimar_419.jams
dataset/weimar_42.jams
dataset/weimar_420.jams
dataset/weimar_421.jams
dataset/weimar_422.jams
dataset/weimar_423.jams
dataset/weimar_424.jams
dataset/weimar_425.jams
dataset/weimar_426.jams
dataset/weimar_427.jams
dataset/weimar_428.jams
dataset/weimar_429.jams
dataset/weimar_43.jams
dataset/weimar_430.jams
dataset/weimar_431.jams
dataset/weimar_432.jams
dataset/weimar_433.jams
dataset/weimar_434.jams
dataset/weimar_435.jams
dataset/weimar_436.jams
dataset/weimar_437.jams
dataset/weimar_438.jams
dataset/weimar_439.jams
dataset/weimar_44.jams
dataset/weimar_440.jams
dataset/weimar_441.jams
dataset/weimar_442.jams
dataset/weimar_443.jams
dataset/weimar_444.jams
dataset/weimar_445.jams
dataset/weimar_446.jams
dataset/weimar_447.jams
dataset/weimar_448.jams
dataset/weimar_449.jams
dataset/weimar_45.jams
dataset/weimar_450.jams
dataset/weimar_451.jams
dataset/weimar_452.jams
dataset/weimar_453.jams
dataset/weimar_454.jams
dataset/weimar_455.jams
dataset/weimar_456.jams
dataset/weimar_46.jams
dataset/weimar_47.jams
dataset/weimar_48.jams
dataset/weimar_49.jams
dataset/weimar_5.jams
dataset/weimar_50.jams
dataset/weimar_51.jams
dataset/weimar_52.jams
dataset/weimar_53.jams
dataset/weimar_54.jams
dataset/weimar_55.jams
dataset/weimar_56.jams
dataset/weimar_57.jams
dataset/weimar_58.jams
dataset/weimar_59.jams
dataset/weimar_6.jams
dataset/weimar_60.jams
dataset/weimar_61.jams
dataset/weimar_62.jams
dataset/weimar_63.jams
dataset/weimar_64.jams
dataset/weimar_65.jams
dataset/weimar_66.jams
dataset/weimar_67.jams
dataset/weimar_68.jams
dataset/weimar_69.jams
dataset/weimar_7.jams
dataset/weimar_70.jams
dataset/weimar_71.jams
dataset/weimar_72.jams
dataset/weimar_73.jams
dataset/weimar_74.jams
dataset/weimar_75.jams
dataset/weimar_76.jams
dataset/weimar_77.jams
dataset/weimar_78.jams
dataset/weimar_79.jams
dataset/weimar_8.jams
dataset/weimar_80.jams
dataset/weimar_81.jams
dataset/weimar_82.jams
dataset/weimar_83.jams
dataset/weimar_84.jams
dataset/weimar_85.jams
dataset/weimar_86.jams
dataset/weimar_87.jams
dataset/weimar_88.jams
dataset/weimar_89.jams
dataset/weimar_9.jams
dataset/weimar_90.jams
dataset/weimar_91.jams
dataset/weimar_92.jams
dataset/weimar_93.jams
dataset/weimar_94.jams
dataset/weimar_95.jams
dataset/weimar_96.jams
dataset/weimar_97.jams
dataset/weimar_98.jams
dataset/weimar_99.jams
dataset/when-in-rome_0.jams
dataset/when-in-rome_1.jams
dataset/when-in-rome_10.jams
dataset/when-in-rome_100.jams
dataset/when-in-rome_101.jams
dataset/when-in-rome_102.jams
dataset/when-in-rome_103.jams
dataset/when-in-rome_104.jams
dataset/when-in-rome_105.jams
dataset/when-in-rome_106.jams
dataset/when-in-rome_107.jams
dataset/when-in-rome_108.jams
dataset/when-in-rome_109.jams
dataset/when-in-rome_11.jams
dataset/when-in-rome_110.jams
dataset/when-in-rome_111.jams
dataset/when-in-rome_112.jams
dataset/when-in-rome_113.jams
dataset/when-in-rome_114.jams
dataset/when-in-rome_115.jams
dataset/when-in-rome_116.jams
dataset/when-in-rome_117.jams
dataset/when-in-rome_118.jams
dataset/when-in-rome_119.jams
dataset/when-in-rome_12.jams
dataset/when-in-rome_120.jams
dataset/when-in-rome_121.jams
dataset/when-in-rome_122.jams
dataset/when-in-rome_123.jams
dataset/when-in-rome_124.jams
dataset/when-in-rome_125.jams
dataset/when-in-rome_126.jams
dataset/when-in-rome_127.jams
dataset/when-in-rome_128.jams
dataset/when-in-rome_129.jams
dataset/when-in-rome_13.jams
dataset/when-in-rome_130.jams
dataset/when-in-rome_131.jams
dataset/when-in-rome_132.jams
dataset/when-in-rome_133.jams
dataset/when-in-rome_134.jams
dataset/when-in-rome_135.jams
dataset/when-in-rome_136.jams
dataset/when-in-rome_137.jams
dataset/when-in-rome_138.jams
dataset/when-in-rome_139.jams
dataset/when-in-rome_14.jams
dataset/when-in-rome_140.jams
dataset/when-in-rome_141.jams
dataset/when-in-rome_142.jams
dataset/when-in-rome_143.jams
dataset/when-in-rome_144.jams
dataset/when-in-rome_145.jams
dataset/when-in-rome_146.jams
dataset/when-in-rome_147.jams
dataset/when-in-rome_148.jams
dataset/when-in-rome_149.jams
dataset/when-in-rome_15.jams
dataset/when-in-rome_150.jams
dataset/when-in-rome_151.jams
dataset/when-in-rome_152.jams
dataset/when-in-rome_153.jams
dataset/when-in-rome_154.jams
dataset/when-in-rome_155.jams
dataset/when-in-rome_156.jams
dataset/when-in-rome_157.jams
dataset/when-in-rome_158.jams
dataset/when-in-rome_159.jams
dataset/when-in-rome_16.jams
dataset/when-in-rome_160.jams
dataset/when-in-rome_161.jams
dataset/when-in-rome_162.jams
dataset/when-in-rome_163.jams
dataset/when-in-rome_164.jams
dataset/when-in-rome_165.jams
dataset/when-in-rome_166.jams
dataset/when-in-rome_167.jams
dataset/when-in-rome_168.jams
dataset/when-in-rome_169.jams
dataset/when-in-rome_17.jams
dataset/when-in-rome_170.jams
dataset/when-in-rome_171.jams
dataset/when-in-rome_172.jams
dataset/when-in-rome_173.jams
dataset/when-in-rome_174.jams
dataset/when-in-rome_175.jams
dataset/when-in-rome_176.jams
dataset/when-in-rome_177.jams
dataset/when-in-rome_178.jams
dataset/when-in-rome_179.jams
dataset/when-in-rome_18.jams
dataset/when-in-rome_180.jams
dataset/when-in-rome_181.jams
dataset/when-in-rome_182.jams
dataset/when-in-rome_183.jams
dataset/when-in-rome_184.jams
dataset/when-in-rome_185.jams
dataset/when-in-rome_186.jams
dataset/when-in-rome_187.jams
dataset/when-in-rome_188.jams
dataset/when-in-rome_189.jams
dataset/when-in-rome_19.jams
dataset/when-in-rome_190.jams
dataset/when-in-rome_191.jams
dataset/when-in-rome_192.jams
dataset/when-in-rome_193.jams
dataset/when-in-rome_194.jams
dataset/when-in-rome_195.jams
dataset/when-in-rome_196.jams
dataset/when-in-rome_197.jams
dataset/when-in-rome_198.jams
dataset/when-in-rome_199.jams
dataset/when-in-rome_2.jams
dataset/when-in-rome_20.jams
dataset/when-in-rome_200.jams
dataset/when-in-rome_201.jams
dataset/when-in-rome_202.jams
dataset/when-in-rome_203.jams
dataset/when-in-rome_204.jams
dataset/when-in-rome_205.jams
dataset/when-in-rome_206.jams
dataset/when-in-rome_207.jams
dataset/when-in-rome_208.jams
dataset/when-in-rome_209.jams
dataset/when-in-rome_21.jams
dataset/when-in-rome_210.jams
dataset/when-in-rome_211.jams
dataset/when-in-rome_212.jams
dataset/when-in-rome_213.jams
dataset/when-in-rome_214.jams
dataset/when-in-rome_215.jams
dataset/when-in-rome_216.jams
dataset/when-in-rome_217.jams
dataset/when-in-rome_218.jams
dataset/when-in-rome_219.jams
dataset/when-in-rome_22.jams
dataset/when-in-rome_220.jams
dataset/when-in-rome_221.jams
dataset/when-in-rome_222.jams
dataset/when-in-rome_223.jams
dataset/when-in-rome_224.jams
dataset/when-in-rome_225.jams
dataset/when-in-rome_226.jams
dataset/when-in-rome_227.jams
dataset/when-in-rome_228.jams
dataset/when-in-rome_229.jams
dataset/when-in-rome_23.jams
dataset/when-in-rome_230.jams
dataset/when-in-rome_231.jams
dataset/when-in-rome_232.jams
dataset/when-in-rome_233.jams
dataset/when-in-rome_234.jams
dataset/when-in-rome_235.jams
dataset/when-in-rome_236.jams
dataset/when-in-rome_237.jams
dataset/when-in-rome_238.jams
dataset/when-in-rome_239.jams
dataset/when-in-rome_24.jams
dataset/when-in-rome_240.jams
dataset/when-in-rome_241.jams
dataset/when-in-rome_242.jams
dataset/when-in-rome_243.jams
dataset/when-in-rome_244.jams
dataset/when-in-rome_245.jams
dataset/when-in-rome_246.jams
dataset/when-in-rome_247.jams
dataset/when-in-rome_248.jams
dataset/when-in-rome_249.jams
dataset/when-in-rome_25.jams
dataset/when-in-rome_250.jams
dataset/when-in-rome_251.jams
dataset/when-in-rome_252.jams
dataset/when-in-rome_253.jams
dataset/when-in-rome_254.jams
dataset/when-in-rome_255.jams
dataset/when-in-rome_256.jams
dataset/when-in-rome_257.jams
dataset/when-in-rome_258.jams
dataset/when-in-rome_259.jams
dataset/when-in-rome_26.jams
dataset/when-in-rome_260.jams
dataset/when-in-rome_261.jams
dataset/when-in-rome_262.jams
dataset/when-in-rome_263.jams
dataset/when-in-rome_264.jams
dataset/when-in-rome_265.jams
dataset/when-in-rome_266.jams
dataset/when-in-rome_267.jams
dataset/when-in-rome_268.jams
dataset/when-in-rome_269.jams
dataset/when-in-rome_27.jams
dataset/when-in-rome_270.jams
dataset/when-in-rome_271.jams
dataset/when-in-rome_272.jams
dataset/when-in-rome_273.jams
dataset/when-in-rome_274.jams
dataset/when-in-rome_275.jams
dataset/when-in-rome_276.jams
dataset/when-in-rome_277.jams
dataset/when-in-rome_278.jams
dataset/when-in-rome_279.jams
dataset/when-in-rome_28.jams
dataset/when-in-rome_280.jams
dataset/when-in-rome_281.jams
dataset/when-in-rome_282.jams
dataset/when-in-rome_283.jams
dataset/when-in-rome_284.jams
dataset/when-in-rome_285.jams
dataset/when-in-rome_286.jams
dataset/when-in-rome_287.jams
dataset/when-in-rome_288.jams
dataset/when-in-rome_289.jams
dataset/when-in-rome_29.jams
dataset/when-in-rome_290.jams
dataset/when-in-rome_291.jams
dataset/when-in-rome_292.jams
dataset/when-in-rome_293.jams
dataset/when-in-rome_294.jams
dataset/when-in-rome_295.jams
dataset/when-in-rome_296.jams
dataset/when-in-rome_297.jams
dataset/when-in-rome_298.jams
dataset/when-in-rome_299.jams
dataset/when-in-rome_3.jams
dataset/when-in-rome_30.jams
dataset/when-in-rome_300.jams
dataset/when-in-rome_301.jams
dataset/when-in-rome_302.jams
dataset/when-in-rome_303.jams
dataset/when-in-rome_304.jams
dataset/when-in-rome_305.jams
dataset/when-in-rome_306.jams
dataset/when-in-rome_307.jams
dataset/when-in-rome_308.jams
dataset/when-in-rome_309.jams
dataset/when-in-rome_31.jams
dataset/when-in-rome_310.jams
dataset/when-in-rome_311.jams
dataset/when-in-rome_312.jams
dataset/when-in-rome_313.jams
dataset/when-in-rome_314.jams
dataset/when-in-rome_315.jams
dataset/when-in-rome_316.jams
dataset/when-in-rome_317.jams
dataset/when-in-rome_318.jams
dataset/when-in-rome_319.jams
dataset/when-in-rome_32.jams
dataset/when-in-rome_320.jams
dataset/when-in-rome_321.jams
dataset/when-in-rome_322.jams
dataset/when-in-rome_323.jams
dataset/when-in-rome_324.jams
dataset/when-in-rome_325.jams
dataset/when-in-rome_326.jams
dataset/when-in-rome_327.jams
dataset/when-in-rome_328.jams
dataset/when-in-rome_329.jams
dataset/when-in-rome_33.jams
dataset/when-in-rome_330.jams
dataset/when-in-rome_331.jams
dataset/when-in-rome_332.jams
dataset/when-in-rome_333.jams
dataset/when-in-rome_334.jams
dataset/when-in-rome_335.jams
dataset/when-in-rome_336.jams
dataset/when-in-rome_337.jams
dataset/when-in-rome_338.jams
dataset/when-in-rome_339.jams
dataset/when-in-rome_34.jams
dataset/when-in-rome_340.jams
dataset/when-in-rome_341.jams
dataset/when-in-rome_342.jams
dataset/when-in-rome_343.jams
dataset/when-in-rome_344.jams
dataset/when-in-rome_345.jams
dataset/when-in-rome_346.jams
dataset/when-in-rome_347.jams
dataset/when-in-rome_348.jams
dataset/when-in-rome_349.jams
dataset/when-in-rome_35.jams
dataset/when-in-rome_350.jams
dataset/when-in-rome_351.jams
dataset/when-in-rome_352.jams
dataset/when-in-rome_353.jams
dataset/when-in-rome_354.jams
dataset/when-in-rome_355.jams
dataset/when-in-rome_356.jams
dataset/when-in-rome_357.jams
dataset/when-in-rome_358.jams
dataset/when-in-rome_359.jams
dataset/when-in-rome_36.jams
dataset/when-in-rome_360.jams
dataset/when-in-rome_361.jams
dataset/when-in-rome_362.jams
dataset/when-in-rome_363.jams
dataset/when-in-rome_364.jams
dataset/when-in-rome_365.jams
dataset/when-in-rome_366.jams
dataset/when-in-rome_367.jams
dataset/when-in-rome_368.jams
dataset/when-in-rome_369.jams
dataset/when-in-rome_37.jams
dataset/when-in-rome_370.jams
dataset/when-in-rome_371.jams
dataset/when-in-rome_372.jams
dataset/when-in-rome_373.jams
dataset/when-in-rome_374.jams
dataset/when-in-rome_375.jams
dataset/when-in-rome_376.jams
dataset/when-in-rome_377.jams
dataset/when-in-rome_378.jams
dataset/when-in-rome_379.jams
dataset/when-in-rome_38.jams
dataset/when-in-rome_380.jams
dataset/when-in-rome_381.jams
dataset/when-in-rome_382.jams
dataset/when-in-rome_383.jams
dataset/when-in-rome_384.jams
dataset/when-in-rome_385.jams
dataset/when-in-rome_386.jams
dataset/when-in-rome_387.jams
dataset/when-in-rome_388.jams
dataset/when-in-rome_389.jams
dataset/when-in-rome_39.jams
dataset/when-in-rome_390.jams
dataset/when-in-rome_391.jams
dataset/when-in-rome_392.jams
dataset/when-in-rome_393.jams
dataset/when-in-rome_394.jams
dataset/when-in-rome_395.jams
dataset/when-in-rome_396.jams
dataset/when-in-rome_397.jams
dataset/when-in-rome_398.jams
dataset/when-in-rome_399.jams
dataset/when-in-rome_4.jams
dataset/when-in-rome_40.jams
dataset/when-in-rome_400.jams
dataset/when-in-rome_401.jams
dataset/when-in-rome_402.jams
dataset/when-in-rome_403.jams
dataset/when-in-rome_404.jams
dataset/when-in-rome_405.jams
dataset/when-in-rome_406.jams
dataset/when-in-rome_407.jams
dataset/when-in-rome_408.jams
dataset/when-in-rome_409.jams
dataset/when-in-rome_41.jams
dataset/when-in-rome_410.jams
dataset/when-in-rome_411.jams
dataset/when-in-rome_412.jams
dataset/when-in-rome_413.jams
dataset/when-in-rome_414.jams
dataset/when-in-rome_415.jams
dataset/when-in-rome_416.jams
dataset/when-in-rome_417.jams
dataset/when-in-rome_418.jams
dataset/when-in-rome_419.jams
dataset/when-in-rome_42.jams
dataset/when-in-rome_420.jams
dataset/when-in-rome_421.jams
dataset/when-in-rome_422.jams
dataset/when-in-rome_423.jams
dataset/when-in-rome_424.jams
dataset/when-in-rome_425.jams
dataset/when-in-rome_426.jams
dataset/when-in-rome_427.jams
dataset/when-in-rome_428.jams
dataset/when-in-rome_429.jams
dataset/when-in-rome_43.jams
dataset/when-in-rome_430.jams
dataset/when-in-rome_431.jams
dataset/when-in-rome_432.jams
dataset/when-in-rome_433.jams
dataset/when-in-rome_434.jams
dataset/when-in-rome_435.jams
dataset/when-in-rome_436.jams
dataset/when-in-rome_437.jams
dataset/when-in-rome_438.jams
dataset/when-in-rome_439.jams
dataset/when-in-rome_44.jams
dataset/when-in-rome_440.jams
dataset/when-in-rome_441.jams
dataset/when-in-rome_442.jams
dataset/when-in-rome_443.jams
dataset/when-in-rome_444.jams
dataset/when-in-rome_445.jams
dataset/when-in-rome_446.jams
dataset/when-in-rome_447.jams
dataset/when-in-rome_448.jams
dataset/when-in-rome_45.jams
dataset/when-in-rome_46.jams
dataset/when-in-rome_47.jams
dataset/when-in-rome_48.jams
dataset/when-in-rome_49.jams
dataset/when-in-rome_5.jams
dataset/when-in-rome_50.jams
dataset/when-in-rome_51.jams
dataset/when-in-rome_52.jams
dataset/when-in-rome_53.jams
dataset/when-in-rome_54.jams
dataset/when-in-rome_55.jams
dataset/when-in-rome_56.jams
dataset/when-in-rome_57.jams
dataset/when-in-rome_58.jams
dataset/when-in-rome_59.jams
dataset/when-in-rome_6.jams
dataset/when-in-rome_60.jams
dataset/when-in-rome_61.jams
dataset/when-in-rome_62.jams
dataset/when-in-rome_63.jams
dataset/when-in-rome_64.jams
dataset/when-in-rome_65.jams
dataset/when-in-rome_66.jams
dataset/when-in-rome_67.jams
dataset/when-in-rome_68.jams
dataset/when-in-rome_69.jams
dataset/when-in-rome_7.jams
dataset/when-in-rome_70.jams
dataset/when-in-rome_71.jams
dataset/when-in-rome_72.jams
dataset/when-in-rome_73.jams
dataset/when-in-rome_74.jams
dataset/when-in-rome_75.jams
dataset/when-in-rome_76.jams
dataset/when-in-rome_77.jams
dataset/when-in-rome_78.jams
dataset/when-in-rome_79.jams
dataset/when-in-rome_8.jams
dataset/when-in-rome_80.jams
dataset/when-in-rome_81.jams
dataset/when-in-rome_82.jams
dataset/when-in-rome_83.jams
dataset/when-in-rome_84.jams
dataset/when-in-rome_85.jams
dataset/when-in-rome_86.jams
dataset/when-in-rome_87.jams
dataset/when-in-rome_88.jams
dataset/when-in-rome_89.jams
dataset/when-in-rome_9.jams
dataset/when-in-rome_90.jams
dataset/when-in-rome_91.jams
dataset/when-in-rome_92.jams
dataset/when-in-rome_93.jams
dataset/when-in-rome_94.jams
dataset/when-in-rome_95.jams
dataset/when-in-rome_96.jams
dataset/when-in-rome_97.jams
dataset/when-in-rome_98.jams
dataset/when-in-rome_99.jams
dataset/wikifonia_0.jams
dataset/wikifonia_1.jams
dataset/wikifonia_10.jams
dataset/wikifonia_100.jams
dataset/wikifonia_1000.jams
dataset/wikifonia_1001.jams
dataset/wikifonia_1002.jams
dataset/wikifonia_1003.jams
dataset/wikifonia_1004.jams
dataset/wikifonia_1005.jams
dataset/wikifonia_1006.jams
dataset/wikifonia_1007.jams
dataset/wikifonia_1008.jams
dataset/wikifonia_1009.jams
dataset/wikifonia_101.jams
dataset/wikifonia_1010.jams
dataset/wikifonia_1011.jams
dataset/wikifonia_1012.jams
dataset/wikifonia_1013.jams
dataset/wikifonia_1014.jams
dataset/wikifonia_1015.jams
dataset/wikifonia_1016.jams
dataset/wikifonia_1017.jams
dataset/wikifonia_1018.jams
dataset/wikifonia_1019.jams
dataset/wikifonia_102.jams
dataset/wikifonia_1020.jams
dataset/wikifonia_1021.jams
dataset/wikifonia_1022.jams
dataset/wikifonia_1023.jams
dataset/wikifonia_1024.jams
dataset/wikifonia_1025.jams
dataset/wikifonia_1026.jams
dataset/wikifonia_1027.jams
dataset/wikifonia_1028.jams
dataset/wikifonia_1029.jams
dataset/wikifonia_103.jams
dataset/wikifonia_1030.jams
dataset/wikifonia_1031.jams
dataset/wikifonia_1032.jams
dataset/wikifonia_1033.jams
dataset/wikifonia_1034.jams
dataset/wikifonia_1035.jams
dataset/wikifonia_1036.jams
dataset/wikifonia_1037.jams
dataset/wikifonia_1038.jams
dataset/wikifonia_1039.jams
dataset/wikifonia_104.jams
dataset/wikifonia_1040.jams
dataset/wikifonia_1041.jams
dataset/wikifonia_1042.jams
dataset/wikifonia_1043.jams
dataset/wikifonia_1045.jams
dataset/wikifonia_1046.jams
dataset/wikifonia_1047.jams
dataset/wikifonia_1048.jams
dataset/wikifonia_105.jams
dataset/wikifonia_1050.jams
dataset/wikifonia_1051.jams
dataset/wikifonia_1052.jams
dataset/wikifonia_1053.jams
dataset/wikifonia_1055.jams
dataset/wikifonia_1056.jams
dataset/wikifonia_1057.jams
dataset/wikifonia_1058.jams
dataset/wikifonia_1059.jams
dataset/wikifonia_106.jams
dataset/wikifonia_1060.jams
dataset/wikifonia_1061.jams
dataset/wikifonia_1062.jams
dataset/wikifonia_1063.jams
dataset/wikifonia_1064.jams
dataset/wikifonia_1065.jams
dataset/wikifonia_1066.jams
dataset/wikifonia_1067.jams
dataset/wikifonia_1068.jams
dataset/wikifonia_1069.jams
dataset/wikifonia_107.jams
dataset/wikifonia_1070.jams
dataset/wikifonia_1071.jams
dataset/wikifonia_1072.jams
dataset/wikifonia_1073.jams
dataset/wikifonia_1074.jams
dataset/wikifonia_1075.jams
dataset/wikifonia_1076.jams
dataset/wikifonia_1077.jams
dataset/wikifonia_1078.jams
dataset/wikifonia_1079.jams
dataset/wikifonia_108.jams
dataset/wikifonia_1080.jams
dataset/wikifonia_1081.jams
dataset/wikifonia_1082.jams
dataset/wikifonia_1083.jams
dataset/wikifonia_1084.jams
dataset/wikifonia_1085.jams
dataset/wikifonia_1086.jams
dataset/wikifonia_1087.jams
dataset/wikifonia_1088.jams
dataset/wikifonia_1089.jams
dataset/wikifonia_109.jams
dataset/wikifonia_1090.jams
dataset/wikifonia_1091.jams
dataset/wikifonia_1092.jams
dataset/wikifonia_1093.jams
dataset/wikifonia_1095.jams
dataset/wikifonia_1096.jams
dataset/wikifonia_1097.jams
dataset/wikifonia_1099.jams
dataset/wikifonia_11.jams
dataset/wikifonia_110.jams
dataset/wikifonia_1100.jams
dataset/wikifonia_1101.jams
dataset/wikifonia_1103.jams
dataset/wikifonia_1104.jams
dataset/wikifonia_1105.jams
dataset/wikifonia_1107.jams
dataset/wikifonia_1108.jams
dataset/wikifonia_111.jams
dataset/wikifonia_1110.jams
dataset/wikifonia_1111.jams
dataset/wikifonia_1112.jams
dataset/wikifonia_1113.jams
dataset/wikifonia_1114.jams
dataset/wikifonia_1115.jams
dataset/wikifonia_1116.jams
dataset/wikifonia_1117.jams
dataset/wikifonia_1118.jams
dataset/wikifonia_1119.jams
dataset/wikifonia_112.jams
dataset/wikifonia_1120.jams
dataset/wikifonia_1121.jams
dataset/wikifonia_1122.jams
dataset/wikifonia_1123.jams
dataset/wikifonia_1124.jams
dataset/wikifonia_1125.jams
dataset/wikifonia_1126.jams
dataset/wikifonia_1127.jams
dataset/wikifonia_1128.jams
dataset/wikifonia_1129.jams
dataset/wikifonia_113.jams
dataset/wikifonia_1130.jams
dataset/wikifonia_1131.jams
dataset/wikifonia_1132.jams
dataset/wikifonia_1133.jams
dataset/wikifonia_1134.jams
dataset/wikifonia_1136.jams
dataset/wikifonia_1137.jams
dataset/wikifonia_1138.jams
dataset/wikifonia_1139.jams
dataset/wikifonia_114.jams
dataset/wikifonia_1140.jams
dataset/wikifonia_1141.jams
dataset/wikifonia_1142.jams
dataset/wikifonia_1144.jams
dataset/wikifonia_1145.jams
dataset/wikifonia_1146.jams
dataset/wikifonia_1147.jams
dataset/wikifonia_1148.jams
dataset/wikifonia_1149.jams
dataset/wikifonia_115.jams
dataset/wikifonia_1150.jams
dataset/wikifonia_1151.jams
dataset/wikifonia_1152.jams
dataset/wikifonia_1153.jams
dataset/wikifonia_1154.jams
dataset/wikifonia_1156.jams
dataset/wikifonia_1157.jams
dataset/wikifonia_1158.jams
dataset/wikifonia_1159.jams
dataset/wikifonia_116.jams
dataset/wikifonia_1160.jams
dataset/wikifonia_1161.jams
dataset/wikifonia_1162.jams
dataset/wikifonia_1163.jams
dataset/wikifonia_1164.jams
dataset/wikifonia_1165.jams
dataset/wikifonia_1166.jams
dataset/wikifonia_1167.jams
dataset/wikifonia_1168.jams
dataset/wikifonia_1169.jams
dataset/wikifonia_117.jams
dataset/wikifonia_1170.jams
dataset/wikifonia_1171.jams
dataset/wikifonia_1172.jams
dataset/wikifonia_1173.jams
dataset/wikifonia_1174.jams
dataset/wikifonia_1177.jams
dataset/wikifonia_1178.jams
dataset/wikifonia_1179.jams
dataset/wikifonia_118.jams
dataset/wikifonia_1180.jams
dataset/wikifonia_1181.jams
dataset/wikifonia_1182.jams
dataset/wikifonia_1183.jams
dataset/wikifonia_1184.jams
dataset/wikifonia_1185.jams
dataset/wikifonia_1186.jams
dataset/wikifonia_1187.jams
dataset/wikifonia_1188.jams
dataset/wikifonia_1189.jams
dataset/wikifonia_119.jams
dataset/wikifonia_1190.jams
dataset/wikifonia_1191.jams
dataset/wikifonia_1193.jams
dataset/wikifonia_1194.jams
dataset/wikifonia_1195.jams
dataset/wikifonia_1196.jams
dataset/wikifonia_1197.jams
dataset/wikifonia_1198.jams
dataset/wikifonia_1199.jams
dataset/wikifonia_12.jams
dataset/wikifonia_120.jams
dataset/wikifonia_1200.jams
dataset/wikifonia_1201.jams
dataset/wikifonia_1202.jams
dataset/wikifonia_1204.jams
dataset/wikifonia_1206.jams
dataset/wikifonia_1208.jams
dataset/wikifonia_1209.jams
dataset/wikifonia_121.jams
dataset/wikifonia_1212.jams
dataset/wikifonia_1214.jams
dataset/wikifonia_1215.jams
dataset/wikifonia_1216.jams
dataset/wikifonia_1217.jams
dataset/wikifonia_1218.jams
dataset/wikifonia_1219.jams
dataset/wikifonia_122.jams
dataset/wikifonia_1220.jams
dataset/wikifonia_1221.jams
dataset/wikifonia_1222.jams
dataset/wikifonia_1223.jams
dataset/wikifonia_1224.jams
dataset/wikifonia_1225.jams
dataset/wikifonia_1226.jams
dataset/wikifonia_1227.jams
dataset/wikifonia_1228.jams
dataset/wikifonia_1229.jams
dataset/wikifonia_123.jams
dataset/wikifonia_1230.jams
dataset/wikifonia_1231.jams
dataset/wikifonia_1233.jams
dataset/wikifonia_1234.jams
dataset/wikifonia_1235.jams
dataset/wikifonia_1236.jams
dataset/wikifonia_1237.jams
dataset/wikifonia_1238.jams
dataset/wikifonia_1239.jams
dataset/wikifonia_124.jams
dataset/wikifonia_1240.jams
dataset/wikifonia_1241.jams
dataset/wikifonia_1242.jams
dataset/wikifonia_1243.jams
dataset/wikifonia_1244.jams
dataset/wikifonia_1246.jams
dataset/wikifonia_1247.jams
dataset/wikifonia_1248.jams
dataset/wikifonia_125.jams
dataset/wikifonia_1250.jams
dataset/wikifonia_1251.jams
dataset/wikifonia_1252.jams
dataset/wikifonia_1254.jams
dataset/wikifonia_1255.jams
dataset/wikifonia_1256.jams
dataset/wikifonia_1257.jams
dataset/wikifonia_1258.jams
dataset/wikifonia_1259.jams
dataset/wikifonia_126.jams
dataset/wikifonia_1260.jams
dataset/wikifonia_1261.jams
dataset/wikifonia_1263.jams
dataset/wikifonia_1264.jams
dataset/wikifonia_1265.jams
dataset/wikifonia_1266.jams
dataset/wikifonia_1267.jams
dataset/wikifonia_1268.jams
dataset/wikifonia_1269.jams
dataset/wikifonia_127.jams
dataset/wikifonia_1270.jams
dataset/wikifonia_1271.jams
dataset/wikifonia_1272.jams
dataset/wikifonia_1273.jams
dataset/wikifonia_1274.jams
dataset/wikifonia_1275.jams
dataset/wikifonia_1276.jams
dataset/wikifonia_1277.jams
dataset/wikifonia_1278.jams
dataset/wikifonia_1279.jams
dataset/wikifonia_128.jams
dataset/wikifonia_1281.jams
dataset/wikifonia_1282.jams
dataset/wikifonia_1283.jams
dataset/wikifonia_1285.jams
dataset/wikifonia_1286.jams
dataset/wikifonia_1287.jams
dataset/wikifonia_1288.jams
dataset/wikifonia_1289.jams
dataset/wikifonia_129.jams
dataset/wikifonia_1290.jams
dataset/wikifonia_1291.jams
dataset/wikifonia_1292.jams
dataset/wikifonia_1293.jams
dataset/wikifonia_1294.jams
dataset/wikifonia_1295.jams
dataset/wikifonia_1297.jams
dataset/wikifonia_1298.jams
dataset/wikifonia_1299.jams
dataset/wikifonia_13.jams
dataset/wikifonia_1300.jams
dataset/wikifonia_1301.jams
dataset/wikifonia_1302.jams
dataset/wikifonia_1304.jams
dataset/wikifonia_1305.jams
dataset/wikifonia_1306.jams
dataset/wikifonia_1307.jams
dataset/wikifonia_1308.jams
dataset/wikifonia_1309.jams
dataset/wikifonia_131.jams
dataset/wikifonia_1310.jams
dataset/wikifonia_1311.jams
dataset/wikifonia_1313.jams
dataset/wikifonia_1314.jams
dataset/wikifonia_1315.jams
dataset/wikifonia_1316.jams
dataset/wikifonia_1317.jams
dataset/wikifonia_1318.jams
dataset/wikifonia_1319.jams
dataset/wikifonia_132.jams
dataset/wikifonia_1320.jams
dataset/wikifonia_1321.jams
dataset/wikifonia_1322.jams
dataset/wikifonia_1323.jams
dataset/wikifonia_1325.jams
dataset/wikifonia_1326.jams
dataset/wikifonia_1329.jams
dataset/wikifonia_133.jams
dataset/wikifonia_1330.jams
dataset/wikifonia_1331.jams
dataset/wikifonia_1332.jams
dataset/wikifonia_1334.jams
dataset/wikifonia_1335.jams
dataset/wikifonia_1336.jams
dataset/wikifonia_1337.jams
dataset/wikifonia_1339.jams
dataset/wikifonia_134.jams
dataset/wikifonia_1340.jams
dataset/wikifonia_1341.jams
dataset/wikifonia_1342.jams
dataset/wikifonia_1343.jams
dataset/wikifonia_1344.jams
dataset/wikifonia_1345.jams
dataset/wikifonia_1346.jams
dataset/wikifonia_1347.jams
dataset/wikifonia_1348.jams
dataset/wikifonia_1349.jams
dataset/wikifonia_135.jams
dataset/wikifonia_1350.jams
dataset/wikifonia_1351.jams
dataset/wikifonia_1352.jams
dataset/wikifonia_1353.jams
dataset/wikifonia_1354.jams
dataset/wikifonia_1355.jams
dataset/wikifonia_1356.jams
dataset/wikifonia_1357.jams
dataset/wikifonia_1358.jams
dataset/wikifonia_1359.jams
dataset/wikifonia_136.jams
dataset/wikifonia_1360.jams
dataset/wikifonia_1361.jams
dataset/wikifonia_1362.jams
dataset/wikifonia_1363.jams
dataset/wikifonia_1364.jams
dataset/wikifonia_1365.jams
dataset/wikifonia_1366.jams
dataset/wikifonia_1367.jams
dataset/wikifonia_1368.jams
dataset/wikifonia_1369.jams
dataset/wikifonia_137.jams
dataset/wikifonia_1370.jams
dataset/wikifonia_1371.jams
dataset/wikifonia_1372.jams
dataset/wikifonia_1373.jams
dataset/wikifonia_1374.jams
dataset/wikifonia_1375.jams
dataset/wikifonia_1376.jams
dataset/wikifonia_1377.jams
dataset/wikifonia_1378.jams
dataset/wikifonia_1379.jams
dataset/wikifonia_138.jams
dataset/wikifonia_1380.jams
dataset/wikifonia_1381.jams
dataset/wikifonia_1384.jams
dataset/wikifonia_1385.jams
dataset/wikifonia_1386.jams
dataset/wikifonia_1387.jams
dataset/wikifonia_1388.jams
dataset/wikifonia_1389.jams
dataset/wikifonia_139.jams
dataset/wikifonia_1390.jams
dataset/wikifonia_1392.jams
dataset/wikifonia_1393.jams
dataset/wikifonia_1394.jams
dataset/wikifonia_1395.jams
dataset/wikifonia_1396.jams
dataset/wikifonia_1397.jams
dataset/wikifonia_1399.jams
dataset/wikifonia_14.jams
dataset/wikifonia_1400.jams
dataset/wikifonia_1401.jams
dataset/wikifonia_1402.jams
dataset/wikifonia_1403.jams
dataset/wikifonia_1404.jams
dataset/wikifonia_1405.jams
dataset/wikifonia_1406.jams
dataset/wikifonia_1407.jams
dataset/wikifonia_1408.jams
dataset/wikifonia_1409.jams
dataset/wikifonia_141.jams
dataset/wikifonia_1410.jams
dataset/wikifonia_1411.jams
dataset/wikifonia_1412.jams
dataset/wikifonia_1413.jams
dataset/wikifonia_1414.jams
dataset/wikifonia_1415.jams
dataset/wikifonia_1416.jams
dataset/wikifonia_1417.jams
dataset/wikifonia_1418.jams
dataset/wikifonia_1419.jams
dataset/wikifonia_1420.jams
dataset/wikifonia_1421.jams
dataset/wikifonia_1422.jams
dataset/wikifonia_1423.jams
dataset/wikifonia_1424.jams
dataset/wikifonia_1425.jams
dataset/wikifonia_1426.jams
dataset/wikifonia_1427.jams
dataset/wikifonia_1428.jams
dataset/wikifonia_1429.jams
dataset/wikifonia_143.jams
dataset/wikifonia_1430.jams
dataset/wikifonia_1431.jams
dataset/wikifonia_1432.jams
dataset/wikifonia_1433.jams
dataset/wikifonia_1434.jams
dataset/wikifonia_1435.jams
dataset/wikifonia_1436.jams
dataset/wikifonia_1437.jams
dataset/wikifonia_1438.jams
dataset/wikifonia_1439.jams
dataset/wikifonia_144.jams
dataset/wikifonia_1441.jams
dataset/wikifonia_1442.jams
dataset/wikifonia_1443.jams
dataset/wikifonia_1444.jams
dataset/wikifonia_1445.jams
dataset/wikifonia_1446.jams
dataset/wikifonia_1447.jams
dataset/wikifonia_1448.jams
dataset/wikifonia_1449.jams
dataset/wikifonia_145.jams
dataset/wikifonia_1450.jams
dataset/wikifonia_1451.jams
dataset/wikifonia_1452.jams
dataset/wikifonia_1453.jams
dataset/wikifonia_1455.jams
dataset/wikifonia_1456.jams
dataset/wikifonia_1457.jams
dataset/wikifonia_1458.jams
dataset/wikifonia_1459.jams
dataset/wikifonia_146.jams
dataset/wikifonia_1460.jams
dataset/wikifonia_1461.jams
dataset/wikifonia_1462.jams
dataset/wikifonia_1464.jams
dataset/wikifonia_1465.jams
dataset/wikifonia_1466.jams
dataset/wikifonia_1467.jams
dataset/wikifonia_1468.jams
dataset/wikifonia_1469.jams
dataset/wikifonia_147.jams
dataset/wikifonia_1470.jams
dataset/wikifonia_1471.jams
dataset/wikifonia_1472.jams
dataset/wikifonia_1473.jams
dataset/wikifonia_1474.jams
dataset/wikifonia_1475.jams
dataset/wikifonia_1476.jams
dataset/wikifonia_1477.jams
dataset/wikifonia_1478.jams
dataset/wikifonia_1479.jams
dataset/wikifonia_148.jams
dataset/wikifonia_1481.jams
dataset/wikifonia_1482.jams
dataset/wikifonia_1485.jams
dataset/wikifonia_1487.jams
dataset/wikifonia_1489.jams
dataset/wikifonia_149.jams
dataset/wikifonia_1491.jams
dataset/wikifonia_1492.jams
dataset/wikifonia_1493.jams
dataset/wikifonia_1494.jams
dataset/wikifonia_1495.jams
dataset/wikifonia_1496.jams
dataset/wikifonia_1497.jams
dataset/wikifonia_1498.jams
dataset/wikifonia_1499.jams
dataset/wikifonia_15.jams
dataset/wikifonia_150.jams
dataset/wikifonia_1500.jams
dataset/wikifonia_1501.jams
dataset/wikifonia_1502.jams
dataset/wikifonia_1503.jams
dataset/wikifonia_1504.jams
dataset/wikifonia_1505.jams
dataset/wikifonia_1506.jams
dataset/wikifonia_1507.jams
dataset/wikifonia_1508.jams
dataset/wikifonia_1509.jams
dataset/wikifonia_151.jams
dataset/wikifonia_1510.jams
dataset/wikifonia_1511.jams
dataset/wikifonia_1512.jams
dataset/wikifonia_1513.jams
dataset/wikifonia_1514.jams
dataset/wikifonia_1516.jams
dataset/wikifonia_1517.jams
dataset/wikifonia_1518.jams
dataset/wikifonia_1519.jams
dataset/wikifonia_152.jams
dataset/wikifonia_1520.jams
dataset/wikifonia_1521.jams
dataset/wikifonia_1522.jams
dataset/wikifonia_1523.jams
dataset/wikifonia_1524.jams
dataset/wikifonia_1525.jams
dataset/wikifonia_1526.jams
dataset/wikifonia_1527.jams
dataset/wikifonia_1528.jams
dataset/wikifonia_1529.jams
dataset/wikifonia_153.jams
dataset/wikifonia_1531.jams
dataset/wikifonia_1532.jams
dataset/wikifonia_1533.jams
dataset/wikifonia_1534.jams
dataset/wikifonia_1535.jams
dataset/wikifonia_1536.jams
dataset/wikifonia_1537.jams
dataset/wikifonia_1538.jams
dataset/wikifonia_1539.jams
dataset/wikifonia_154.jams
dataset/wikifonia_1540.jams
dataset/wikifonia_1541.jams
dataset/wikifonia_1542.jams
dataset/wikifonia_1543.jams
dataset/wikifonia_1544.jams
dataset/wikifonia_1545.jams
dataset/wikifonia_1546.jams
dataset/wikifonia_1547.jams
dataset/wikifonia_1548.jams
dataset/wikifonia_1549.jams
dataset/wikifonia_155.jams
dataset/wikifonia_1550.jams
dataset/wikifonia_1551.jams
dataset/wikifonia_1552.jams
dataset/wikifonia_1553.jams
dataset/wikifonia_1554.jams
dataset/wikifonia_1555.jams
dataset/wikifonia_1556.jams
dataset/wikifonia_1557.jams
dataset/wikifonia_1558.jams
dataset/wikifonia_1559.jams
dataset/wikifonia_156.jams
dataset/wikifonia_1560.jams
dataset/wikifonia_1561.jams
dataset/wikifonia_1562.jams
dataset/wikifonia_1563.jams
dataset/wikifonia_1564.jams
dataset/wikifonia_1566.jams
dataset/wikifonia_1567.jams
dataset/wikifonia_1568.jams
dataset/wikifonia_1569.jams
dataset/wikifonia_157.jams
dataset/wikifonia_1571.jams
dataset/wikifonia_1572.jams
dataset/wikifonia_1573.jams
dataset/wikifonia_1574.jams
dataset/wikifonia_1575.jams
dataset/wikifonia_1576.jams
dataset/wikifonia_1577.jams
dataset/wikifonia_1578.jams
dataset/wikifonia_1579.jams
dataset/wikifonia_158.jams
dataset/wikifonia_1580.jams
dataset/wikifonia_1581.jams
dataset/wikifonia_1582.jams
dataset/wikifonia_1583.jams
dataset/wikifonia_1584.jams
dataset/wikifonia_1585.jams
dataset/wikifonia_1586.jams
dataset/wikifonia_1588.jams
dataset/wikifonia_1589.jams
dataset/wikifonia_159.jams
dataset/wikifonia_1590.jams
dataset/wikifonia_1591.jams
dataset/wikifonia_1592.jams
dataset/wikifonia_1594.jams
dataset/wikifonia_1595.jams
dataset/wikifonia_1596.jams
dataset/wikifonia_1597.jams
dataset/wikifonia_1598.jams
dataset/wikifonia_1599.jams
dataset/wikifonia_16.jams
dataset/wikifonia_1600.jams
dataset/wikifonia_1601.jams
dataset/wikifonia_1602.jams
dataset/wikifonia_1603.jams
dataset/wikifonia_1604.jams
dataset/wikifonia_1605.jams
dataset/wikifonia_1606.jams
dataset/wikifonia_1607.jams
dataset/wikifonia_1608.jams
dataset/wikifonia_1609.jams
dataset/wikifonia_161.jams
dataset/wikifonia_1610.jams
dataset/wikifonia_1611.jams
dataset/wikifonia_1612.jams
dataset/wikifonia_1613.jams
dataset/wikifonia_1614.jams
dataset/wikifonia_1615.jams
dataset/wikifonia_1616.jams
dataset/wikifonia_1617.jams
dataset/wikifonia_1619.jams
dataset/wikifonia_162.jams
dataset/wikifonia_1620.jams
dataset/wikifonia_1621.jams
dataset/wikifonia_1623.jams
dataset/wikifonia_1624.jams
dataset/wikifonia_1625.jams
dataset/wikifonia_1627.jams
dataset/wikifonia_1628.jams
dataset/wikifonia_1629.jams
dataset/wikifonia_163.jams
dataset/wikifonia_1630.jams
dataset/wikifonia_1632.jams
dataset/wikifonia_1633.jams
dataset/wikifonia_1634.jams
dataset/wikifonia_1635.jams
dataset/wikifonia_1636.jams
dataset/wikifonia_1637.jams
dataset/wikifonia_1638.jams
dataset/wikifonia_1639.jams
dataset/wikifonia_164.jams
dataset/wikifonia_1640.jams
dataset/wikifonia_1641.jams
dataset/wikifonia_1642.jams
dataset/wikifonia_1643.jams
dataset/wikifonia_1645.jams
dataset/wikifonia_1646.jams
dataset/wikifonia_1647.jams
dataset/wikifonia_1648.jams
dataset/wikifonia_1649.jams
dataset/wikifonia_165.jams
dataset/wikifonia_1650.jams
dataset/wikifonia_1651.jams
dataset/wikifonia_1652.jams
dataset/wikifonia_1653.jams
dataset/wikifonia_1654.jams
dataset/wikifonia_1655.jams
dataset/wikifonia_1656.jams
dataset/wikifonia_1657.jams
dataset/wikifonia_1658.jams
dataset/wikifonia_1659.jams
dataset/wikifonia_166.jams
dataset/wikifonia_1660.jams
dataset/wikifonia_1661.jams
dataset/wikifonia_1662.jams
dataset/wikifonia_1663.jams
dataset/wikifonia_1664.jams
dataset/wikifonia_1665.jams
dataset/wikifonia_1666.jams
dataset/wikifonia_1667.jams
dataset/wikifonia_1668.jams
dataset/wikifonia_167.jams
dataset/wikifonia_1670.jams
dataset/wikifonia_1671.jams
dataset/wikifonia_1673.jams
dataset/wikifonia_1674.jams
dataset/wikifonia_1676.jams
dataset/wikifonia_1677.jams
dataset/wikifonia_1678.jams
dataset/wikifonia_1679.jams
dataset/wikifonia_168.jams
dataset/wikifonia_1680.jams
dataset/wikifonia_1681.jams
dataset/wikifonia_1682.jams
dataset/wikifonia_1683.jams
dataset/wikifonia_1684.jams
dataset/wikifonia_1685.jams
dataset/wikifonia_1686.jams
dataset/wikifonia_1687.jams
dataset/wikifonia_1688.jams
dataset/wikifonia_169.jams
dataset/wikifonia_1690.jams
dataset/wikifonia_1691.jams
dataset/wikifonia_1692.jams
dataset/wikifonia_1693.jams
dataset/wikifonia_1694.jams
dataset/wikifonia_1695.jams
dataset/wikifonia_1696.jams
dataset/wikifonia_1697.jams
dataset/wikifonia_1698.jams
dataset/wikifonia_1699.jams
dataset/wikifonia_17.jams
dataset/wikifonia_1700.jams
dataset/wikifonia_1701.jams
dataset/wikifonia_1702.jams
dataset/wikifonia_1703.jams
dataset/wikifonia_1704.jams
dataset/wikifonia_1705.jams
dataset/wikifonia_1706.jams
dataset/wikifonia_1707.jams
dataset/wikifonia_1708.jams
dataset/wikifonia_1709.jams
dataset/wikifonia_171.jams
dataset/wikifonia_1710.jams
dataset/wikifonia_1711.jams
dataset/wikifonia_1712.jams
dataset/wikifonia_1713.jams
dataset/wikifonia_1714.jams
dataset/wikifonia_1715.jams
dataset/wikifonia_1716.jams
dataset/wikifonia_1717.jams
dataset/wikifonia_1718.jams
dataset/wikifonia_1719.jams
dataset/wikifonia_172.jams
dataset/wikifonia_1720.jams
dataset/wikifonia_1721.jams
dataset/wikifonia_1722.jams
dataset/wikifonia_1723.jams
dataset/wikifonia_1724.jams
dataset/wikifonia_1725.jams
dataset/wikifonia_1727.jams
dataset/wikifonia_1728.jams
dataset/wikifonia_173.jams
dataset/wikifonia_1730.jams
dataset/wikifonia_1731.jams
dataset/wikifonia_1732.jams
dataset/wikifonia_1733.jams
dataset/wikifonia_1735.jams
dataset/wikifonia_1736.jams
dataset/wikifonia_1737.jams
dataset/wikifonia_1738.jams
dataset/wikifonia_1739.jams
dataset/wikifonia_174.jams
dataset/wikifonia_1740.jams
dataset/wikifonia_1741.jams
dataset/wikifonia_1742.jams
dataset/wikifonia_1743.jams
dataset/wikifonia_1744.jams
dataset/wikifonia_1745.jams
dataset/wikifonia_1746.jams
dataset/wikifonia_1747.jams
dataset/wikifonia_1748.jams
dataset/wikifonia_1749.jams
dataset/wikifonia_175.jams
dataset/wikifonia_1750.jams
dataset/wikifonia_1751.jams
dataset/wikifonia_1752.jams
dataset/wikifonia_1755.jams
dataset/wikifonia_1756.jams
dataset/wikifonia_1757.jams
dataset/wikifonia_1758.jams
dataset/wikifonia_176.jams
dataset/wikifonia_1760.jams
dataset/wikifonia_1761.jams
dataset/wikifonia_1762.jams
dataset/wikifonia_1763.jams
dataset/wikifonia_1764.jams
dataset/wikifonia_1765.jams
dataset/wikifonia_1766.jams
dataset/wikifonia_1767.jams
dataset/wikifonia_1768.jams
dataset/wikifonia_1769.jams
dataset/wikifonia_177.jams
dataset/wikifonia_1770.jams
dataset/wikifonia_1771.jams
dataset/wikifonia_1772.jams
dataset/wikifonia_1773.jams
dataset/wikifonia_1774.jams
dataset/wikifonia_1775.jams
dataset/wikifonia_1776.jams
dataset/wikifonia_1777.jams
dataset/wikifonia_1778.jams
dataset/wikifonia_178.jams
dataset/wikifonia_1780.jams
dataset/wikifonia_1781.jams
dataset/wikifonia_1782.jams
dataset/wikifonia_1783.jams
dataset/wikifonia_1784.jams
dataset/wikifonia_1785.jams
dataset/wikifonia_1786.jams
dataset/wikifonia_1787.jams
dataset/wikifonia_1788.jams
dataset/wikifonia_1789.jams
dataset/wikifonia_179.jams
dataset/wikifonia_1791.jams
dataset/wikifonia_1792.jams
dataset/wikifonia_1793.jams
dataset/wikifonia_1794.jams
dataset/wikifonia_1795.jams
dataset/wikifonia_1797.jams
dataset/wikifonia_1798.jams
dataset/wikifonia_1799.jams
dataset/wikifonia_180.jams
dataset/wikifonia_1800.jams
dataset/wikifonia_1801.jams
dataset/wikifonia_1802.jams
dataset/wikifonia_1803.jams
dataset/wikifonia_1804.jams
dataset/wikifonia_1806.jams
dataset/wikifonia_1807.jams
dataset/wikifonia_1808.jams
dataset/wikifonia_1809.jams
dataset/wikifonia_181.jams
dataset/wikifonia_1810.jams
dataset/wikifonia_1811.jams
dataset/wikifonia_1812.jams
dataset/wikifonia_1813.jams
dataset/wikifonia_1815.jams
dataset/wikifonia_1816.jams
dataset/wikifonia_1817.jams
dataset/wikifonia_1818.jams
dataset/wikifonia_1819.jams
dataset/wikifonia_182.jams
dataset/wikifonia_1820.jams
dataset/wikifonia_1822.jams
dataset/wikifonia_1823.jams
dataset/wikifonia_1824.jams
dataset/wikifonia_1825.jams
dataset/wikifonia_1826.jams
dataset/wikifonia_1827.jams
dataset/wikifonia_1828.jams
dataset/wikifonia_1829.jams
dataset/wikifonia_183.jams
dataset/wikifonia_1831.jams
dataset/wikifonia_1832.jams
dataset/wikifonia_1833.jams
dataset/wikifonia_1834.jams
dataset/wikifonia_1835.jams
dataset/wikifonia_1836.jams
dataset/wikifonia_1837.jams
dataset/wikifonia_1838.jams
dataset/wikifonia_1839.jams
dataset/wikifonia_184.jams
dataset/wikifonia_1840.jams
dataset/wikifonia_1841.jams
dataset/wikifonia_1842.jams
dataset/wikifonia_1843.jams
dataset/wikifonia_1844.jams
dataset/wikifonia_1845.jams
dataset/wikifonia_1846.jams
dataset/wikifonia_1847.jams
dataset/wikifonia_1849.jams
dataset/wikifonia_1850.jams
dataset/wikifonia_1851.jams
dataset/wikifonia_1852.jams
dataset/wikifonia_1853.jams
dataset/wikifonia_1854.jams
dataset/wikifonia_1855.jams
dataset/wikifonia_1856.jams
dataset/wikifonia_1857.jams
dataset/wikifonia_1858.jams
dataset/wikifonia_186.jams
dataset/wikifonia_1862.jams
dataset/wikifonia_1863.jams
dataset/wikifonia_1864.jams
dataset/wikifonia_1865.jams
dataset/wikifonia_1866.jams
dataset/wikifonia_1867.jams
dataset/wikifonia_1868.jams
dataset/wikifonia_1869.jams
dataset/wikifonia_187.jams
dataset/wikifonia_1871.jams
dataset/wikifonia_1872.jams
dataset/wikifonia_1873.jams
dataset/wikifonia_1874.jams
dataset/wikifonia_1875.jams
dataset/wikifonia_1876.jams
dataset/wikifonia_1877.jams
dataset/wikifonia_1879.jams
dataset/wikifonia_188.jams
dataset/wikifonia_1880.jams
dataset/wikifonia_1881.jams
dataset/wikifonia_1882.jams
dataset/wikifonia_1883.jams
dataset/wikifonia_1884.jams
dataset/wikifonia_1885.jams
dataset/wikifonia_1886.jams
dataset/wikifonia_1887.jams
dataset/wikifonia_1888.jams
dataset/wikifonia_1889.jams
dataset/wikifonia_189.jams
dataset/wikifonia_1890.jams
dataset/wikifonia_1891.jams
dataset/wikifonia_1892.jams
dataset/wikifonia_1893.jams
dataset/wikifonia_1894.jams
dataset/wikifonia_1895.jams
dataset/wikifonia_1896.jams
dataset/wikifonia_1897.jams
dataset/wikifonia_1898.jams
dataset/wikifonia_1899.jams
dataset/wikifonia_19.jams
dataset/wikifonia_190.jams
dataset/wikifonia_1900.jams
dataset/wikifonia_1901.jams
dataset/wikifonia_1902.jams
dataset/wikifonia_1903.jams
dataset/wikifonia_1904.jams
dataset/wikifonia_1905.jams
dataset/wikifonia_1906.jams
dataset/wikifonia_1908.jams
dataset/wikifonia_1909.jams
dataset/wikifonia_191.jams
dataset/wikifonia_1910.jams
dataset/wikifonia_1911.jams
dataset/wikifonia_1912.jams
dataset/wikifonia_1913.jams
dataset/wikifonia_1914.jams
dataset/wikifonia_1915.jams
dataset/wikifonia_1916.jams
dataset/wikifonia_1917.jams
dataset/wikifonia_1918.jams
dataset/wikifonia_1919.jams
dataset/wikifonia_192.jams
dataset/wikifonia_1920.jams
dataset/wikifonia_1921.jams
dataset/wikifonia_1922.jams
dataset/wikifonia_1923.jams
dataset/wikifonia_1924.jams
dataset/wikifonia_1925.jams
dataset/wikifonia_1926.jams
dataset/wikifonia_1927.jams
dataset/wikifonia_1928.jams
dataset/wikifonia_1929.jams
dataset/wikifonia_193.jams
dataset/wikifonia_1930.jams
dataset/wikifonia_1931.jams
dataset/wikifonia_1932.jams
dataset/wikifonia_1933.jams
dataset/wikifonia_1934.jams
dataset/wikifonia_1935.jams
dataset/wikifonia_1937.jams
dataset/wikifonia_1938.jams
dataset/wikifonia_1939.jams
dataset/wikifonia_194.jams
dataset/wikifonia_1940.jams
dataset/wikifonia_1941.jams
dataset/wikifonia_1942.jams
dataset/wikifonia_1943.jams
dataset/wikifonia_1944.jams
dataset/wikifonia_1945.jams
dataset/wikifonia_1946.jams
dataset/wikifonia_1947.jams
dataset/wikifonia_1948.jams
dataset/wikifonia_1949.jams
dataset/wikifonia_195.jams
dataset/wikifonia_1950.jams
dataset/wikifonia_1951.jams
dataset/wikifonia_1952.jams
dataset/wikifonia_1953.jams
dataset/wikifonia_1954.jams
dataset/wikifonia_1955.jams
dataset/wikifonia_1956.jams
dataset/wikifonia_1958.jams
dataset/wikifonia_1959.jams
dataset/wikifonia_196.jams
dataset/wikifonia_1960.jams
dataset/wikifonia_1961.jams
dataset/wikifonia_1962.jams
dataset/wikifonia_1963.jams
dataset/wikifonia_1964.jams
dataset/wikifonia_1965.jams
dataset/wikifonia_1966.jams
dataset/wikifonia_1967.jams
dataset/wikifonia_1968.jams
dataset/wikifonia_197.jams
dataset/wikifonia_1970.jams
dataset/wikifonia_1971.jams
dataset/wikifonia_1972.jams
dataset/wikifonia_1973.jams
dataset/wikifonia_1974.jams
dataset/wikifonia_1975.jams
dataset/wikifonia_1976.jams
dataset/wikifonia_1979.jams
dataset/wikifonia_198.jams
dataset/wikifonia_1980.jams
dataset/wikifonia_1981.jams
dataset/wikifonia_1982.jams
dataset/wikifonia_1983.jams
dataset/wikifonia_1984.jams
dataset/wikifonia_1986.jams
dataset/wikifonia_1987.jams
dataset/wikifonia_1988.jams
dataset/wikifonia_1989.jams
dataset/wikifonia_199.jams
dataset/wikifonia_1990.jams
dataset/wikifonia_1991.jams
dataset/wikifonia_1992.jams
dataset/wikifonia_1993.jams
dataset/wikifonia_1994.jams
dataset/wikifonia_1995.jams
dataset/wikifonia_1996.jams
dataset/wikifonia_1997.jams
dataset/wikifonia_1998.jams
dataset/wikifonia_1999.jams
dataset/wikifonia_2.jams
dataset/wikifonia_20.jams
dataset/wikifonia_200.jams
dataset/wikifonia_2000.jams
dataset/wikifonia_2001.jams
dataset/wikifonia_2003.jams
dataset/wikifonia_2004.jams
dataset/wikifonia_2005.jams
dataset/wikifonia_2006.jams
dataset/wikifonia_2007.jams
dataset/wikifonia_2008.jams
dataset/wikifonia_2009.jams
dataset/wikifonia_201.jams
dataset/wikifonia_2010.jams
dataset/wikifonia_2011.jams
dataset/wikifonia_2012.jams
dataset/wikifonia_2013.jams
dataset/wikifonia_2014.jams
dataset/wikifonia_2015.jams
dataset/wikifonia_2016.jams
dataset/wikifonia_2018.jams
dataset/wikifonia_2019.jams
dataset/wikifonia_202.jams
dataset/wikifonia_2020.jams
dataset/wikifonia_2022.jams
dataset/wikifonia_2024.jams
dataset/wikifonia_2025.jams
dataset/wikifonia_2026.jams
dataset/wikifonia_2027.jams
dataset/wikifonia_2028.jams
dataset/wikifonia_2029.jams
dataset/wikifonia_203.jams
dataset/wikifonia_2031.jams
dataset/wikifonia_2032.jams
dataset/wikifonia_2034.jams
dataset/wikifonia_2036.jams
dataset/wikifonia_2037.jams
dataset/wikifonia_2038.jams
dataset/wikifonia_2039.jams
dataset/wikifonia_204.jams
dataset/wikifonia_2040.jams
dataset/wikifonia_2042.jams
dataset/wikifonia_2043.jams
dataset/wikifonia_2044.jams
dataset/wikifonia_2045.jams
dataset/wikifonia_2046.jams
dataset/wikifonia_2047.jams
dataset/wikifonia_2048.jams
dataset/wikifonia_205.jams
dataset/wikifonia_2050.jams
dataset/wikifonia_2051.jams
dataset/wikifonia_2052.jams
dataset/wikifonia_2053.jams
dataset/wikifonia_2054.jams
dataset/wikifonia_2055.jams
dataset/wikifonia_2056.jams
dataset/wikifonia_2057.jams
dataset/wikifonia_2058.jams
dataset/wikifonia_2059.jams
dataset/wikifonia_206.jams
dataset/wikifonia_2060.jams
dataset/wikifonia_2061.jams
dataset/wikifonia_2062.jams
dataset/wikifonia_2063.jams
dataset/wikifonia_2064.jams
dataset/wikifonia_2065.jams
dataset/wikifonia_2066.jams
dataset/wikifonia_2067.jams
dataset/wikifonia_2068.jams
dataset/wikifonia_2069.jams
dataset/wikifonia_207.jams
dataset/wikifonia_2071.jams
dataset/wikifonia_2073.jams
dataset/wikifonia_2074.jams
dataset/wikifonia_2075.jams
dataset/wikifonia_2076.jams
dataset/wikifonia_2077.jams
dataset/wikifonia_2078.jams
dataset/wikifonia_2079.jams
dataset/wikifonia_208.jams
dataset/wikifonia_2080.jams
dataset/wikifonia_2081.jams
dataset/wikifonia_2082.jams
dataset/wikifonia_2083.jams
dataset/wikifonia_2084.jams
dataset/wikifonia_2085.jams
dataset/wikifonia_2086.jams
dataset/wikifonia_2087.jams
dataset/wikifonia_2089.jams
dataset/wikifonia_209.jams
dataset/wikifonia_2090.jams
dataset/wikifonia_2091.jams
dataset/wikifonia_2092.jams
dataset/wikifonia_2093.jams
dataset/wikifonia_2094.jams
dataset/wikifonia_2095.jams
dataset/wikifonia_2096.jams
dataset/wikifonia_2097.jams
dataset/wikifonia_2098.jams
dataset/wikifonia_2099.jams
dataset/wikifonia_210.jams
dataset/wikifonia_2100.jams
dataset/wikifonia_2101.jams
dataset/wikifonia_2102.jams
dataset/wikifonia_2103.jams
dataset/wikifonia_2104.jams
dataset/wikifonia_2105.jams
dataset/wikifonia_2106.jams
dataset/wikifonia_2107.jams
dataset/wikifonia_2108.jams
dataset/wikifonia_2109.jams
dataset/wikifonia_211.jams
dataset/wikifonia_2110.jams
dataset/wikifonia_2111.jams
dataset/wikifonia_2112.jams
dataset/wikifonia_2113.jams
dataset/wikifonia_2114.jams
dataset/wikifonia_2115.jams
dataset/wikifonia_2116.jams
dataset/wikifonia_2117.jams
dataset/wikifonia_2120.jams
dataset/wikifonia_2121.jams
dataset/wikifonia_2122.jams
dataset/wikifonia_2123.jams
dataset/wikifonia_2124.jams
dataset/wikifonia_2125.jams
dataset/wikifonia_2126.jams
dataset/wikifonia_2127.jams
dataset/wikifonia_2128.jams
dataset/wikifonia_2129.jams
dataset/wikifonia_213.jams
dataset/wikifonia_2130.jams
dataset/wikifonia_2131.jams
dataset/wikifonia_2132.jams
dataset/wikifonia_2133.jams
dataset/wikifonia_2134.jams
dataset/wikifonia_2135.jams
dataset/wikifonia_2136.jams
dataset/wikifonia_2137.jams
dataset/wikifonia_2138.jams
dataset/wikifonia_2139.jams
dataset/wikifonia_214.jams
dataset/wikifonia_2140.jams
dataset/wikifonia_2141.jams
dataset/wikifonia_2142.jams
dataset/wikifonia_2143.jams
dataset/wikifonia_2144.jams
dataset/wikifonia_2145.jams
dataset/wikifonia_2146.jams
dataset/wikifonia_2147.jams
dataset/wikifonia_2148.jams
dataset/wikifonia_2149.jams
dataset/wikifonia_215.jams
dataset/wikifonia_2150.jams
dataset/wikifonia_2151.jams
dataset/wikifonia_2152.jams
dataset/wikifonia_2153.jams
dataset/wikifonia_2154.jams
dataset/wikifonia_2155.jams
dataset/wikifonia_2156.jams
dataset/wikifonia_2157.jams
dataset/wikifonia_2158.jams
dataset/wikifonia_2159.jams
dataset/wikifonia_216.jams
dataset/wikifonia_2160.jams
dataset/wikifonia_2161.jams
dataset/wikifonia_2162.jams
dataset/wikifonia_2163.jams
dataset/wikifonia_2164.jams
dataset/wikifonia_2165.jams
dataset/wikifonia_2166.jams
dataset/wikifonia_2167.jams
dataset/wikifonia_2168.jams
dataset/wikifonia_2169.jams
dataset/wikifonia_217.jams
dataset/wikifonia_2170.jams
dataset/wikifonia_2171.jams
dataset/wikifonia_2172.jams
dataset/wikifonia_2173.jams
dataset/wikifonia_2174.jams
dataset/wikifonia_2175.jams
dataset/wikifonia_2176.jams
dataset/wikifonia_2177.jams
dataset/wikifonia_2178.jams
dataset/wikifonia_2179.jams
dataset/wikifonia_218.jams
dataset/wikifonia_2180.jams
dataset/wikifonia_2181.jams
dataset/wikifonia_2182.jams
dataset/wikifonia_2183.jams
dataset/wikifonia_2184.jams
dataset/wikifonia_2185.jams
dataset/wikifonia_2186.jams
dataset/wikifonia_2187.jams
dataset/wikifonia_2188.jams
dataset/wikifonia_2189.jams
dataset/wikifonia_2190.jams
dataset/wikifonia_2191.jams
dataset/wikifonia_2192.jams
dataset/wikifonia_2193.jams
dataset/wikifonia_2194.jams
dataset/wikifonia_2195.jams
dataset/wikifonia_2197.jams
dataset/wikifonia_2198.jams
dataset/wikifonia_2199.jams
dataset/wikifonia_22.jams
dataset/wikifonia_220.jams
dataset/wikifonia_2200.jams
dataset/wikifonia_2201.jams
dataset/wikifonia_2202.jams
dataset/wikifonia_2203.jams
dataset/wikifonia_2204.jams
dataset/wikifonia_2205.jams
dataset/wikifonia_2206.jams
dataset/wikifonia_2207.jams
dataset/wikifonia_2208.jams
dataset/wikifonia_2209.jams
dataset/wikifonia_221.jams
dataset/wikifonia_2210.jams
dataset/wikifonia_2211.jams
dataset/wikifonia_2213.jams
dataset/wikifonia_2214.jams
dataset/wikifonia_2217.jams
dataset/wikifonia_2218.jams
dataset/wikifonia_2219.jams
dataset/wikifonia_222.jams
dataset/wikifonia_2220.jams
dataset/wikifonia_2222.jams
dataset/wikifonia_2223.jams
dataset/wikifonia_2224.jams
dataset/wikifonia_2225.jams
dataset/wikifonia_2226.jams
dataset/wikifonia_2227.jams
dataset/wikifonia_2229.jams
dataset/wikifonia_223.jams
dataset/wikifonia_2230.jams
dataset/wikifonia_2231.jams
dataset/wikifonia_2232.jams
dataset/wikifonia_2233.jams
dataset/wikifonia_2235.jams
dataset/wikifonia_2236.jams
dataset/wikifonia_2237.jams
dataset/wikifonia_2238.jams
dataset/wikifonia_2239.jams
dataset/wikifonia_224.jams
dataset/wikifonia_2240.jams
dataset/wikifonia_2242.jams
dataset/wikifonia_2243.jams
dataset/wikifonia_2244.jams
dataset/wikifonia_2245.jams
dataset/wikifonia_2246.jams
dataset/wikifonia_2248.jams
dataset/wikifonia_2249.jams
dataset/wikifonia_225.jams
dataset/wikifonia_2250.jams
dataset/wikifonia_2251.jams
dataset/wikifonia_2252.jams
dataset/wikifonia_2253.jams
dataset/wikifonia_2254.jams
dataset/wikifonia_2255.jams
dataset/wikifonia_2256.jams
dataset/wikifonia_2257.jams
dataset/wikifonia_2258.jams
dataset/wikifonia_2259.jams
dataset/wikifonia_226.jams
dataset/wikifonia_2261.jams
dataset/wikifonia_2262.jams
dataset/wikifonia_2263.jams
dataset/wikifonia_2264.jams
dataset/wikifonia_2266.jams
dataset/wikifonia_2267.jams
dataset/wikifonia_2268.jams
dataset/wikifonia_2269.jams
dataset/wikifonia_227.jams
dataset/wikifonia_2270.jams
dataset/wikifonia_2271.jams
dataset/wikifonia_2272.jams
dataset/wikifonia_2273.jams
dataset/wikifonia_2274.jams
dataset/wikifonia_2275.jams
dataset/wikifonia_2276.jams
dataset/wikifonia_2278.jams
dataset/wikifonia_2279.jams
dataset/wikifonia_228.jams
dataset/wikifonia_2281.jams
dataset/wikifonia_2282.jams
dataset/wikifonia_2283.jams
dataset/wikifonia_2284.jams
dataset/wikifonia_2285.jams
dataset/wikifonia_2286.jams
dataset/wikifonia_2287.jams
dataset/wikifonia_2288.jams
dataset/wikifonia_2289.jams
dataset/wikifonia_229.jams
dataset/wikifonia_2290.jams
dataset/wikifonia_2292.jams
dataset/wikifonia_2294.jams
dataset/wikifonia_2295.jams
dataset/wikifonia_2296.jams
dataset/wikifonia_2297.jams
dataset/wikifonia_2298.jams
dataset/wikifonia_2299.jams
dataset/wikifonia_23.jams
dataset/wikifonia_230.jams
dataset/wikifonia_2300.jams
dataset/wikifonia_2301.jams
dataset/wikifonia_2302.jams
dataset/wikifonia_2303.jams
dataset/wikifonia_2304.jams
dataset/wikifonia_2305.jams
dataset/wikifonia_2306.jams
dataset/wikifonia_2307.jams
dataset/wikifonia_2308.jams
dataset/wikifonia_2309.jams
dataset/wikifonia_231.jams
dataset/wikifonia_2310.jams
dataset/wikifonia_2311.jams
dataset/wikifonia_2312.jams
dataset/wikifonia_2313.jams
dataset/wikifonia_2314.jams
dataset/wikifonia_2315.jams
dataset/wikifonia_2316.jams
dataset/wikifonia_2317.jams
dataset/wikifonia_2318.jams
dataset/wikifonia_2319.jams
dataset/wikifonia_2320.jams
dataset/wikifonia_2321.jams
dataset/wikifonia_2322.jams
dataset/wikifonia_2323.jams
dataset/wikifonia_2324.jams
dataset/wikifonia_2325.jams
dataset/wikifonia_2326.jams
dataset/wikifonia_2327.jams
dataset/wikifonia_2328.jams
dataset/wikifonia_2329.jams
dataset/wikifonia_233.jams
dataset/wikifonia_2330.jams
dataset/wikifonia_2331.jams
dataset/wikifonia_2332.jams
dataset/wikifonia_2333.jams
dataset/wikifonia_2334.jams
dataset/wikifonia_2335.jams
dataset/wikifonia_2336.jams
dataset/wikifonia_2337.jams
dataset/wikifonia_2338.jams
dataset/wikifonia_2339.jams
dataset/wikifonia_234.jams
dataset/wikifonia_2340.jams
dataset/wikifonia_2341.jams
dataset/wikifonia_2342.jams
dataset/wikifonia_2343.jams
dataset/wikifonia_2344.jams
dataset/wikifonia_2345.jams
dataset/wikifonia_2346.jams
dataset/wikifonia_2347.jams
dataset/wikifonia_2348.jams
dataset/wikifonia_2349.jams
dataset/wikifonia_235.jams
dataset/wikifonia_2350.jams
dataset/wikifonia_2351.jams
dataset/wikifonia_2352.jams
dataset/wikifonia_2353.jams
dataset/wikifonia_2355.jams
dataset/wikifonia_2356.jams
dataset/wikifonia_2357.jams
dataset/wikifonia_2358.jams
dataset/wikifonia_236.jams
dataset/wikifonia_2360.jams
dataset/wikifonia_2362.jams
dataset/wikifonia_2363.jams
dataset/wikifonia_2364.jams
dataset/wikifonia_2365.jams
dataset/wikifonia_2367.jams
dataset/wikifonia_2368.jams
dataset/wikifonia_2369.jams
dataset/wikifonia_237.jams
dataset/wikifonia_2370.jams
dataset/wikifonia_2371.jams
dataset/wikifonia_2372.jams
dataset/wikifonia_2373.jams
dataset/wikifonia_2374.jams
dataset/wikifonia_2375.jams
dataset/wikifonia_2376.jams
dataset/wikifonia_2377.jams
dataset/wikifonia_2378.jams
dataset/wikifonia_2379.jams
dataset/wikifonia_238.jams
dataset/wikifonia_2380.jams
dataset/wikifonia_2381.jams
dataset/wikifonia_2382.jams
dataset/wikifonia_2383.jams
dataset/wikifonia_2385.jams
dataset/wikifonia_2386.jams
dataset/wikifonia_2388.jams
dataset/wikifonia_239.jams
dataset/wikifonia_2390.jams
dataset/wikifonia_2391.jams
dataset/wikifonia_2392.jams
dataset/wikifonia_2393.jams
dataset/wikifonia_2394.jams
dataset/wikifonia_2395.jams
dataset/wikifonia_2396.jams
dataset/wikifonia_2397.jams
dataset/wikifonia_2398.jams
dataset/wikifonia_2399.jams
dataset/wikifonia_24.jams
dataset/wikifonia_240.jams
dataset/wikifonia_2400.jams
dataset/wikifonia_2401.jams
dataset/wikifonia_2402.jams
dataset/wikifonia_2403.jams
dataset/wikifonia_2404.jams
dataset/wikifonia_2405.jams
dataset/wikifonia_2406.jams
dataset/wikifonia_2407.jams
dataset/wikifonia_2408.jams
dataset/wikifonia_2409.jams
dataset/wikifonia_241.jams
dataset/wikifonia_2410.jams
dataset/wikifonia_2411.jams
dataset/wikifonia_2412.jams
dataset/wikifonia_2413.jams
dataset/wikifonia_2414.jams
dataset/wikifonia_2415.jams
dataset/wikifonia_2416.jams
dataset/wikifonia_2417.jams
dataset/wikifonia_2418.jams
dataset/wikifonia_2419.jams
dataset/wikifonia_242.jams
dataset/wikifonia_2420.jams
dataset/wikifonia_2421.jams
dataset/wikifonia_2423.jams
dataset/wikifonia_2424.jams
dataset/wikifonia_2425.jams
dataset/wikifonia_2426.jams
dataset/wikifonia_2427.jams
dataset/wikifonia_2428.jams
dataset/wikifonia_2429.jams
dataset/wikifonia_243.jams
dataset/wikifonia_2432.jams
dataset/wikifonia_2433.jams
dataset/wikifonia_2434.jams
dataset/wikifonia_2435.jams
dataset/wikifonia_2436.jams
dataset/wikifonia_2437.jams
dataset/wikifonia_2438.jams
dataset/wikifonia_2439.jams
dataset/wikifonia_244.jams
dataset/wikifonia_2440.jams
dataset/wikifonia_2441.jams
dataset/wikifonia_2442.jams
dataset/wikifonia_2444.jams
dataset/wikifonia_2445.jams
dataset/wikifonia_2446.jams
dataset/wikifonia_2448.jams
dataset/wikifonia_2449.jams
dataset/wikifonia_245.jams
dataset/wikifonia_2450.jams
dataset/wikifonia_2451.jams
dataset/wikifonia_2452.jams
dataset/wikifonia_2453.jams
dataset/wikifonia_2454.jams
dataset/wikifonia_2456.jams
dataset/wikifonia_2457.jams
dataset/wikifonia_2459.jams
dataset/wikifonia_246.jams
dataset/wikifonia_2460.jams
dataset/wikifonia_2462.jams
dataset/wikifonia_2463.jams
dataset/wikifonia_2464.jams
dataset/wikifonia_2465.jams
dataset/wikifonia_2466.jams
dataset/wikifonia_2467.jams
dataset/wikifonia_2468.jams
dataset/wikifonia_2469.jams
dataset/wikifonia_247.jams
dataset/wikifonia_2470.jams
dataset/wikifonia_2472.jams
dataset/wikifonia_2473.jams
dataset/wikifonia_2474.jams
dataset/wikifonia_2475.jams
dataset/wikifonia_2476.jams
dataset/wikifonia_2477.jams
dataset/wikifonia_2478.jams
dataset/wikifonia_2479.jams
dataset/wikifonia_248.jams
dataset/wikifonia_2480.jams
dataset/wikifonia_2482.jams
dataset/wikifonia_2483.jams
dataset/wikifonia_2484.jams
dataset/wikifonia_2486.jams
dataset/wikifonia_2487.jams
dataset/wikifonia_2488.jams
dataset/wikifonia_2489.jams
dataset/wikifonia_249.jams
dataset/wikifonia_2490.jams
dataset/wikifonia_2491.jams
dataset/wikifonia_2492.jams
dataset/wikifonia_2493.jams
dataset/wikifonia_2494.jams
dataset/wikifonia_2495.jams
dataset/wikifonia_2496.jams
dataset/wikifonia_2497.jams
dataset/wikifonia_2498.jams
dataset/wikifonia_2499.jams
dataset/wikifonia_25.jams
dataset/wikifonia_250.jams
dataset/wikifonia_2500.jams
dataset/wikifonia_2501.jams
dataset/wikifonia_2502.jams
dataset/wikifonia_2503.jams
dataset/wikifonia_2504.jams
dataset/wikifonia_2505.jams
dataset/wikifonia_2506.jams
dataset/wikifonia_2507.jams
dataset/wikifonia_2509.jams
dataset/wikifonia_251.jams
dataset/wikifonia_2510.jams
dataset/wikifonia_2511.jams
dataset/wikifonia_2512.jams
dataset/wikifonia_2513.jams
dataset/wikifonia_2514.jams
dataset/wikifonia_2515.jams
dataset/wikifonia_2516.jams
dataset/wikifonia_2517.jams
dataset/wikifonia_2518.jams
dataset/wikifonia_252.jams
dataset/wikifonia_2520.jams
dataset/wikifonia_2521.jams
dataset/wikifonia_2522.jams
dataset/wikifonia_2523.jams
dataset/wikifonia_2524.jams
dataset/wikifonia_2525.jams
dataset/wikifonia_2526.jams
dataset/wikifonia_2527.jams
dataset/wikifonia_2528.jams
dataset/wikifonia_2529.jams
dataset/wikifonia_253.jams
dataset/wikifonia_2531.jams
dataset/wikifonia_2532.jams
dataset/wikifonia_2533.jams
dataset/wikifonia_2534.jams
dataset/wikifonia_2535.jams
dataset/wikifonia_2536.jams
dataset/wikifonia_2537.jams
dataset/wikifonia_2538.jams
dataset/wikifonia_2539.jams
dataset/wikifonia_254.jams
dataset/wikifonia_2540.jams
dataset/wikifonia_2541.jams
dataset/wikifonia_2542.jams
dataset/wikifonia_2543.jams
dataset/wikifonia_2545.jams
dataset/wikifonia_2546.jams
dataset/wikifonia_2547.jams
dataset/wikifonia_2548.jams
dataset/wikifonia_2549.jams
dataset/wikifonia_255.jams
dataset/wikifonia_2550.jams
dataset/wikifonia_2551.jams
dataset/wikifonia_2552.jams
dataset/wikifonia_2553.jams
dataset/wikifonia_2554.jams
dataset/wikifonia_2555.jams
dataset/wikifonia_2556.jams
dataset/wikifonia_2557.jams
dataset/wikifonia_2558.jams
dataset/wikifonia_2559.jams
dataset/wikifonia_256.jams
dataset/wikifonia_2561.jams
dataset/wikifonia_2562.jams
dataset/wikifonia_2563.jams
dataset/wikifonia_2564.jams
dataset/wikifonia_2565.jams
dataset/wikifonia_2566.jams
dataset/wikifonia_2567.jams
dataset/wikifonia_2569.jams
dataset/wikifonia_257.jams
dataset/wikifonia_2570.jams
dataset/wikifonia_2571.jams
dataset/wikifonia_2572.jams
dataset/wikifonia_2573.jams
dataset/wikifonia_2574.jams
dataset/wikifonia_2575.jams
dataset/wikifonia_2576.jams
dataset/wikifonia_2577.jams
dataset/wikifonia_2578.jams
dataset/wikifonia_2579.jams
dataset/wikifonia_258.jams
dataset/wikifonia_2580.jams
dataset/wikifonia_2581.jams
dataset/wikifonia_2582.jams
dataset/wikifonia_2583.jams
dataset/wikifonia_2584.jams
dataset/wikifonia_2585.jams
dataset/wikifonia_2586.jams
dataset/wikifonia_2587.jams
dataset/wikifonia_2589.jams
dataset/wikifonia_259.jams
dataset/wikifonia_2590.jams
dataset/wikifonia_2591.jams
dataset/wikifonia_2592.jams
dataset/wikifonia_2593.jams
dataset/wikifonia_2594.jams
dataset/wikifonia_2595.jams
dataset/wikifonia_2596.jams
dataset/wikifonia_2597.jams
dataset/wikifonia_2598.jams
dataset/wikifonia_2599.jams
dataset/wikifonia_26.jams
dataset/wikifonia_260.jams
dataset/wikifonia_2600.jams
dataset/wikifonia_2601.jams
dataset/wikifonia_2602.jams
dataset/wikifonia_2603.jams
dataset/wikifonia_2604.jams
dataset/wikifonia_2605.jams
dataset/wikifonia_2606.jams
dataset/wikifonia_2608.jams
dataset/wikifonia_2609.jams
dataset/wikifonia_261.jams
dataset/wikifonia_2610.jams
dataset/wikifonia_2611.jams
dataset/wikifonia_2612.jams
dataset/wikifonia_2614.jams
dataset/wikifonia_2615.jams
dataset/wikifonia_2616.jams
dataset/wikifonia_2617.jams
dataset/wikifonia_2618.jams
dataset/wikifonia_2619.jams
dataset/wikifonia_262.jams
dataset/wikifonia_2620.jams
dataset/wikifonia_2621.jams
dataset/wikifonia_2622.jams
dataset/wikifonia_2623.jams
dataset/wikifonia_2625.jams
dataset/wikifonia_2626.jams
dataset/wikifonia_2628.jams
dataset/wikifonia_2629.jams
dataset/wikifonia_263.jams
dataset/wikifonia_2630.jams
dataset/wikifonia_2631.jams
dataset/wikifonia_2632.jams
dataset/wikifonia_2633.jams
dataset/wikifonia_2634.jams
dataset/wikifonia_2635.jams
dataset/wikifonia_2636.jams
dataset/wikifonia_2637.jams
dataset/wikifonia_2638.jams
dataset/wikifonia_2639.jams
dataset/wikifonia_264.jams
dataset/wikifonia_2640.jams
dataset/wikifonia_2642.jams
dataset/wikifonia_2643.jams
dataset/wikifonia_2644.jams
dataset/wikifonia_2645.jams
dataset/wikifonia_2646.jams
dataset/wikifonia_2647.jams
dataset/wikifonia_2648.jams
dataset/wikifonia_2649.jams
dataset/wikifonia_265.jams
dataset/wikifonia_2650.jams
dataset/wikifonia_2651.jams
dataset/wikifonia_2652.jams
dataset/wikifonia_2653.jams
dataset/wikifonia_2654.jams
dataset/wikifonia_2655.jams
dataset/wikifonia_2656.jams
dataset/wikifonia_2658.jams
dataset/wikifonia_2659.jams
dataset/wikifonia_266.jams
dataset/wikifonia_2660.jams
dataset/wikifonia_2661.jams
dataset/wikifonia_2663.jams
dataset/wikifonia_2664.jams
dataset/wikifonia_2665.jams
dataset/wikifonia_2666.jams
dataset/wikifonia_2667.jams
dataset/wikifonia_2668.jams
dataset/wikifonia_2669.jams
dataset/wikifonia_267.jams
dataset/wikifonia_2670.jams
dataset/wikifonia_2671.jams
dataset/wikifonia_2672.jams
dataset/wikifonia_2673.jams
dataset/wikifonia_2674.jams
dataset/wikifonia_2675.jams
dataset/wikifonia_2677.jams
dataset/wikifonia_2678.jams
dataset/wikifonia_2679.jams
dataset/wikifonia_268.jams
dataset/wikifonia_2680.jams
dataset/wikifonia_2681.jams
dataset/wikifonia_2682.jams
dataset/wikifonia_2683.jams
dataset/wikifonia_2684.jams
dataset/wikifonia_2686.jams
dataset/wikifonia_2687.jams
dataset/wikifonia_2688.jams
dataset/wikifonia_2689.jams
dataset/wikifonia_269.jams
dataset/wikifonia_2690.jams
dataset/wikifonia_2691.jams
dataset/wikifonia_2692.jams
dataset/wikifonia_2693.jams
dataset/wikifonia_2694.jams
dataset/wikifonia_2695.jams
dataset/wikifonia_2696.jams
dataset/wikifonia_2697.jams
dataset/wikifonia_2698.jams
dataset/wikifonia_2699.jams
dataset/wikifonia_27.jams
dataset/wikifonia_270.jams
dataset/wikifonia_2701.jams
dataset/wikifonia_2702.jams
dataset/wikifonia_2703.jams
dataset/wikifonia_2704.jams
dataset/wikifonia_2706.jams
dataset/wikifonia_2707.jams
dataset/wikifonia_2708.jams
dataset/wikifonia_2709.jams
dataset/wikifonia_271.jams
dataset/wikifonia_2710.jams
dataset/wikifonia_2711.jams
dataset/wikifonia_2712.jams
dataset/wikifonia_2713.jams
dataset/wikifonia_2715.jams
dataset/wikifonia_2716.jams
dataset/wikifonia_2717.jams
dataset/wikifonia_2718.jams
dataset/wikifonia_2719.jams
dataset/wikifonia_272.jams
dataset/wikifonia_2720.jams
dataset/wikifonia_2721.jams
dataset/wikifonia_2722.jams
dataset/wikifonia_2723.jams
dataset/wikifonia_2724.jams
dataset/wikifonia_2725.jams
dataset/wikifonia_2726.jams
dataset/wikifonia_2727.jams
dataset/wikifonia_2728.jams
dataset/wikifonia_2729.jams
dataset/wikifonia_273.jams
dataset/wikifonia_2730.jams
dataset/wikifonia_2731.jams
dataset/wikifonia_2732.jams
dataset/wikifonia_2733.jams
dataset/wikifonia_2734.jams
dataset/wikifonia_2735.jams
dataset/wikifonia_2736.jams
dataset/wikifonia_2737.jams
dataset/wikifonia_2738.jams
dataset/wikifonia_2739.jams
dataset/wikifonia_274.jams
dataset/wikifonia_2740.jams
dataset/wikifonia_2741.jams
dataset/wikifonia_2743.jams
dataset/wikifonia_2744.jams
dataset/wikifonia_2745.jams
dataset/wikifonia_2746.jams
dataset/wikifonia_2747.jams
dataset/wikifonia_2748.jams
dataset/wikifonia_2749.jams
dataset/wikifonia_275.jams
dataset/wikifonia_2750.jams
dataset/wikifonia_2751.jams
dataset/wikifonia_2752.jams
dataset/wikifonia_2753.jams
dataset/wikifonia_2754.jams
dataset/wikifonia_2755.jams
dataset/wikifonia_2756.jams
dataset/wikifonia_2757.jams
dataset/wikifonia_2758.jams
dataset/wikifonia_2759.jams
dataset/wikifonia_276.jams
dataset/wikifonia_2760.jams
dataset/wikifonia_2761.jams
dataset/wikifonia_2762.jams
dataset/wikifonia_2764.jams
dataset/wikifonia_2765.jams
dataset/wikifonia_2766.jams
dataset/wikifonia_2767.jams
dataset/wikifonia_2768.jams
dataset/wikifonia_2769.jams
dataset/wikifonia_277.jams
dataset/wikifonia_2770.jams
dataset/wikifonia_2771.jams
dataset/wikifonia_2772.jams
dataset/wikifonia_2773.jams
dataset/wikifonia_2775.jams
dataset/wikifonia_2776.jams
dataset/wikifonia_2777.jams
dataset/wikifonia_2778.jams
dataset/wikifonia_2779.jams
dataset/wikifonia_278.jams
dataset/wikifonia_2780.jams
dataset/wikifonia_2781.jams
dataset/wikifonia_2782.jams
dataset/wikifonia_2783.jams
dataset/wikifonia_2784.jams
dataset/wikifonia_2785.jams
dataset/wikifonia_2786.jams
dataset/wikifonia_2787.jams
dataset/wikifonia_2788.jams
dataset/wikifonia_2789.jams
dataset/wikifonia_279.jams
dataset/wikifonia_2790.jams
dataset/wikifonia_2791.jams
dataset/wikifonia_2792.jams
dataset/wikifonia_2793.jams
dataset/wikifonia_2794.jams
dataset/wikifonia_2795.jams
dataset/wikifonia_2796.jams
dataset/wikifonia_2797.jams
dataset/wikifonia_2798.jams
dataset/wikifonia_2799.jams
dataset/wikifonia_28.jams
dataset/wikifonia_280.jams
dataset/wikifonia_2800.jams
dataset/wikifonia_2801.jams
dataset/wikifonia_2802.jams
dataset/wikifonia_2803.jams
dataset/wikifonia_2804.jams
dataset/wikifonia_2805.jams
dataset/wikifonia_2807.jams
dataset/wikifonia_2809.jams
dataset/wikifonia_281.jams
dataset/wikifonia_2810.jams
dataset/wikifonia_2811.jams
dataset/wikifonia_2812.jams
dataset/wikifonia_2813.jams
dataset/wikifonia_2814.jams
dataset/wikifonia_2815.jams
dataset/wikifonia_2816.jams
dataset/wikifonia_2818.jams
dataset/wikifonia_2819.jams
dataset/wikifonia_282.jams
dataset/wikifonia_2820.jams
dataset/wikifonia_2821.jams
dataset/wikifonia_2822.jams
dataset/wikifonia_2823.jams
dataset/wikifonia_2824.jams
dataset/wikifonia_2825.jams
dataset/wikifonia_2826.jams
dataset/wikifonia_2827.jams
dataset/wikifonia_2828.jams
dataset/wikifonia_283.jams
dataset/wikifonia_2830.jams
dataset/wikifonia_2832.jams
dataset/wikifonia_2833.jams
dataset/wikifonia_2834.jams
dataset/wikifonia_2835.jams
dataset/wikifonia_2836.jams
dataset/wikifonia_2837.jams
dataset/wikifonia_2838.jams
dataset/wikifonia_2839.jams
dataset/wikifonia_284.jams
dataset/wikifonia_2840.jams
dataset/wikifonia_2841.jams
dataset/wikifonia_2843.jams
dataset/wikifonia_2844.jams
dataset/wikifonia_2845.jams
dataset/wikifonia_2846.jams
dataset/wikifonia_2848.jams
dataset/wikifonia_2849.jams
dataset/wikifonia_285.jams
dataset/wikifonia_2850.jams
dataset/wikifonia_2851.jams
dataset/wikifonia_2852.jams
dataset/wikifonia_2853.jams
dataset/wikifonia_2854.jams
dataset/wikifonia_2855.jams
dataset/wikifonia_2856.jams
dataset/wikifonia_2857.jams
dataset/wikifonia_2858.jams
dataset/wikifonia_2859.jams
dataset/wikifonia_286.jams
dataset/wikifonia_2860.jams
dataset/wikifonia_2862.jams
dataset/wikifonia_2863.jams
dataset/wikifonia_2864.jams
dataset/wikifonia_2865.jams
dataset/wikifonia_2866.jams
dataset/wikifonia_2867.jams
dataset/wikifonia_2868.jams
dataset/wikifonia_2869.jams
dataset/wikifonia_287.jams
dataset/wikifonia_2870.jams
dataset/wikifonia_2872.jams
dataset/wikifonia_2873.jams
dataset/wikifonia_2874.jams
dataset/wikifonia_2875.jams
dataset/wikifonia_2876.jams
dataset/wikifonia_2877.jams
dataset/wikifonia_2878.jams
dataset/wikifonia_2879.jams
dataset/wikifonia_288.jams
dataset/wikifonia_2880.jams
dataset/wikifonia_2881.jams
dataset/wikifonia_2882.jams
dataset/wikifonia_2883.jams
dataset/wikifonia_2884.jams
dataset/wikifonia_2885.jams
dataset/wikifonia_2886.jams
dataset/wikifonia_2887.jams
dataset/wikifonia_2888.jams
dataset/wikifonia_2889.jams
dataset/wikifonia_289.jams
dataset/wikifonia_2890.jams
dataset/wikifonia_2892.jams
dataset/wikifonia_2894.jams
dataset/wikifonia_2895.jams
dataset/wikifonia_2896.jams
dataset/wikifonia_2897.jams
dataset/wikifonia_2898.jams
dataset/wikifonia_2899.jams
dataset/wikifonia_29.jams
dataset/wikifonia_290.jams
dataset/wikifonia_2901.jams
dataset/wikifonia_2902.jams
dataset/wikifonia_2903.jams
dataset/wikifonia_2904.jams
dataset/wikifonia_2905.jams
dataset/wikifonia_2906.jams
dataset/wikifonia_2907.jams
dataset/wikifonia_2908.jams
dataset/wikifonia_2909.jams
dataset/wikifonia_291.jams
dataset/wikifonia_2910.jams
dataset/wikifonia_2911.jams
dataset/wikifonia_2912.jams
dataset/wikifonia_2913.jams
dataset/wikifonia_2915.jams
dataset/wikifonia_2917.jams
dataset/wikifonia_2918.jams
dataset/wikifonia_2919.jams
dataset/wikifonia_292.jams
dataset/wikifonia_2920.jams
dataset/wikifonia_2921.jams
dataset/wikifonia_2923.jams
dataset/wikifonia_2924.jams
dataset/wikifonia_2925.jams
dataset/wikifonia_2926.jams
dataset/wikifonia_2929.jams
dataset/wikifonia_293.jams
dataset/wikifonia_2930.jams
dataset/wikifonia_2931.jams
dataset/wikifonia_2932.jams
dataset/wikifonia_2934.jams
dataset/wikifonia_2935.jams
dataset/wikifonia_2936.jams
dataset/wikifonia_2937.jams
dataset/wikifonia_2938.jams
dataset/wikifonia_294.jams
dataset/wikifonia_2940.jams
dataset/wikifonia_2941.jams
dataset/wikifonia_2942.jams
dataset/wikifonia_2944.jams
dataset/wikifonia_2945.jams
dataset/wikifonia_2946.jams
dataset/wikifonia_2947.jams
dataset/wikifonia_2949.jams
dataset/wikifonia_295.jams
dataset/wikifonia_2950.jams
dataset/wikifonia_2951.jams
dataset/wikifonia_2952.jams
dataset/wikifonia_2953.jams
dataset/wikifonia_2954.jams
dataset/wikifonia_2955.jams
dataset/wikifonia_2956.jams
dataset/wikifonia_2957.jams
dataset/wikifonia_2958.jams
dataset/wikifonia_2959.jams
dataset/wikifonia_296.jams
dataset/wikifonia_2961.jams
dataset/wikifonia_2962.jams
dataset/wikifonia_2963.jams
dataset/wikifonia_2965.jams
dataset/wikifonia_2966.jams
dataset/wikifonia_2967.jams
dataset/wikifonia_2968.jams
dataset/wikifonia_2969.jams
dataset/wikifonia_297.jams
dataset/wikifonia_2970.jams
dataset/wikifonia_2971.jams
dataset/wikifonia_2972.jams
dataset/wikifonia_2973.jams
dataset/wikifonia_2974.jams
dataset/wikifonia_2975.jams
dataset/wikifonia_2976.jams
dataset/wikifonia_2977.jams
dataset/wikifonia_2978.jams
dataset/wikifonia_2980.jams
dataset/wikifonia_2981.jams
dataset/wikifonia_2982.jams
dataset/wikifonia_2983.jams
dataset/wikifonia_2984.jams
dataset/wikifonia_2985.jams
dataset/wikifonia_2986.jams
dataset/wikifonia_2987.jams
dataset/wikifonia_2988.jams
dataset/wikifonia_2989.jams
dataset/wikifonia_299.jams
dataset/wikifonia_2990.jams
dataset/wikifonia_2991.jams
dataset/wikifonia_2992.jams
dataset/wikifonia_2993.jams
dataset/wikifonia_2994.jams
dataset/wikifonia_2995.jams
dataset/wikifonia_2997.jams
dataset/wikifonia_2998.jams
dataset/wikifonia_2999.jams
dataset/wikifonia_3.jams
dataset/wikifonia_30.jams
dataset/wikifonia_300.jams
dataset/wikifonia_3000.jams
dataset/wikifonia_3001.jams
dataset/wikifonia_3002.jams
dataset/wikifonia_3003.jams
dataset/wikifonia_3004.jams
dataset/wikifonia_3005.jams
dataset/wikifonia_3006.jams
dataset/wikifonia_3007.jams
dataset/wikifonia_3008.jams
dataset/wikifonia_3009.jams
dataset/wikifonia_301.jams
dataset/wikifonia_3010.jams
dataset/wikifonia_3011.jams
dataset/wikifonia_3012.jams
dataset/wikifonia_3013.jams
dataset/wikifonia_3014.jams
dataset/wikifonia_3015.jams
dataset/wikifonia_3016.jams
dataset/wikifonia_3017.jams
dataset/wikifonia_3018.jams
dataset/wikifonia_3019.jams
dataset/wikifonia_302.jams
dataset/wikifonia_3020.jams
dataset/wikifonia_3021.jams
dataset/wikifonia_3022.jams
dataset/wikifonia_3023.jams
dataset/wikifonia_3025.jams
dataset/wikifonia_3026.jams
dataset/wikifonia_3027.jams
dataset/wikifonia_3029.jams
dataset/wikifonia_303.jams
dataset/wikifonia_3031.jams
dataset/wikifonia_3032.jams
dataset/wikifonia_3033.jams
dataset/wikifonia_3034.jams
dataset/wikifonia_3035.jams
dataset/wikifonia_3036.jams
dataset/wikifonia_3038.jams
dataset/wikifonia_3039.jams
dataset/wikifonia_3040.jams
dataset/wikifonia_3042.jams
dataset/wikifonia_3043.jams
dataset/wikifonia_3045.jams
dataset/wikifonia_3046.jams
dataset/wikifonia_3047.jams
dataset/wikifonia_3048.jams
dataset/wikifonia_3049.jams
dataset/wikifonia_305.jams
dataset/wikifonia_3050.jams
dataset/wikifonia_3051.jams
dataset/wikifonia_3052.jams
dataset/wikifonia_3053.jams
dataset/wikifonia_3054.jams
dataset/wikifonia_3055.jams
dataset/wikifonia_3056.jams
dataset/wikifonia_3058.jams
dataset/wikifonia_306.jams
dataset/wikifonia_3061.jams
dataset/wikifonia_3062.jams
dataset/wikifonia_3063.jams
dataset/wikifonia_3064.jams
dataset/wikifonia_3065.jams
dataset/wikifonia_3066.jams
dataset/wikifonia_3067.jams
dataset/wikifonia_3068.jams
dataset/wikifonia_307.jams
dataset/wikifonia_3070.jams
dataset/wikifonia_3072.jams
dataset/wikifonia_3073.jams
dataset/wikifonia_3074.jams
dataset/wikifonia_3076.jams
dataset/wikifonia_3077.jams
dataset/wikifonia_3078.jams
dataset/wikifonia_3079.jams
dataset/wikifonia_308.jams
dataset/wikifonia_3080.jams
dataset/wikifonia_3081.jams
dataset/wikifonia_3083.jams
dataset/wikifonia_3084.jams
dataset/wikifonia_3085.jams
dataset/wikifonia_3086.jams
dataset/wikifonia_3087.jams
dataset/wikifonia_3088.jams
dataset/wikifonia_3089.jams
dataset/wikifonia_309.jams
dataset/wikifonia_3090.jams
dataset/wikifonia_3091.jams
dataset/wikifonia_3092.jams
dataset/wikifonia_3093.jams
dataset/wikifonia_3094.jams
dataset/wikifonia_3095.jams
dataset/wikifonia_3096.jams
dataset/wikifonia_3097.jams
dataset/wikifonia_3098.jams
dataset/wikifonia_3099.jams
dataset/wikifonia_31.jams
dataset/wikifonia_310.jams
dataset/wikifonia_3100.jams
dataset/wikifonia_3102.jams
dataset/wikifonia_3103.jams
dataset/wikifonia_3104.jams
dataset/wikifonia_3105.jams
dataset/wikifonia_3106.jams
dataset/wikifonia_3107.jams
dataset/wikifonia_3108.jams
dataset/wikifonia_3109.jams
dataset/wikifonia_311.jams
dataset/wikifonia_3111.jams
dataset/wikifonia_3112.jams
dataset/wikifonia_3113.jams
dataset/wikifonia_3114.jams
dataset/wikifonia_3115.jams
dataset/wikifonia_3116.jams
dataset/wikifonia_3117.jams
dataset/wikifonia_3118.jams
dataset/wikifonia_3119.jams
dataset/wikifonia_312.jams
dataset/wikifonia_3120.jams
dataset/wikifonia_3121.jams
dataset/wikifonia_3122.jams
dataset/wikifonia_3123.jams
dataset/wikifonia_3124.jams
dataset/wikifonia_3125.jams
dataset/wikifonia_3126.jams
dataset/wikifonia_3127.jams
dataset/wikifonia_3128.jams
dataset/wikifonia_3129.jams
dataset/wikifonia_313.jams
dataset/wikifonia_3130.jams
dataset/wikifonia_3131.jams
dataset/wikifonia_3132.jams
dataset/wikifonia_3133.jams
dataset/wikifonia_3134.jams
dataset/wikifonia_3135.jams
dataset/wikifonia_3136.jams
dataset/wikifonia_3137.jams
dataset/wikifonia_3138.jams
dataset/wikifonia_3139.jams
dataset/wikifonia_314.jams
dataset/wikifonia_3140.jams
dataset/wikifonia_3141.jams
dataset/wikifonia_3142.jams
dataset/wikifonia_3143.jams
dataset/wikifonia_3144.jams
dataset/wikifonia_3145.jams
dataset/wikifonia_3147.jams
dataset/wikifonia_3148.jams
dataset/wikifonia_3149.jams
dataset/wikifonia_315.jams
dataset/wikifonia_3150.jams
dataset/wikifonia_3151.jams
dataset/wikifonia_3152.jams
dataset/wikifonia_3153.jams
dataset/wikifonia_3154.jams
dataset/wikifonia_3155.jams
dataset/wikifonia_3156.jams
dataset/wikifonia_3157.jams
dataset/wikifonia_3158.jams
dataset/wikifonia_3159.jams
dataset/wikifonia_316.jams
dataset/wikifonia_3160.jams
dataset/wikifonia_3161.jams
dataset/wikifonia_3162.jams
dataset/wikifonia_3163.jams
dataset/wikifonia_3164.jams
dataset/wikifonia_3165.jams
dataset/wikifonia_3166.jams
dataset/wikifonia_3168.jams
dataset/wikifonia_3169.jams
dataset/wikifonia_317.jams
dataset/wikifonia_3170.jams
dataset/wikifonia_3171.jams
dataset/wikifonia_3174.jams
dataset/wikifonia_3175.jams
dataset/wikifonia_3176.jams
dataset/wikifonia_3177.jams
dataset/wikifonia_3178.jams
dataset/wikifonia_3179.jams
dataset/wikifonia_318.jams
dataset/wikifonia_3180.jams
dataset/wikifonia_3181.jams
dataset/wikifonia_3182.jams
dataset/wikifonia_3183.jams
dataset/wikifonia_3184.jams
dataset/wikifonia_3185.jams
dataset/wikifonia_3186.jams
dataset/wikifonia_3187.jams
dataset/wikifonia_3188.jams
dataset/wikifonia_3189.jams
dataset/wikifonia_319.jams
dataset/wikifonia_3190.jams
dataset/wikifonia_3192.jams
dataset/wikifonia_3193.jams
dataset/wikifonia_3194.jams
dataset/wikifonia_3195.jams
dataset/wikifonia_3196.jams
dataset/wikifonia_3197.jams
dataset/wikifonia_3198.jams
dataset/wikifonia_3199.jams
dataset/wikifonia_32.jams
dataset/wikifonia_320.jams
dataset/wikifonia_3200.jams
dataset/wikifonia_3201.jams
dataset/wikifonia_3202.jams
dataset/wikifonia_3203.jams
dataset/wikifonia_3204.jams
dataset/wikifonia_3205.jams
dataset/wikifonia_3206.jams
dataset/wikifonia_3207.jams
dataset/wikifonia_3208.jams
dataset/wikifonia_3209.jams
dataset/wikifonia_321.jams
dataset/wikifonia_3210.jams
dataset/wikifonia_3211.jams
dataset/wikifonia_3212.jams
dataset/wikifonia_3213.jams
dataset/wikifonia_3214.jams
dataset/wikifonia_3215.jams
dataset/wikifonia_3216.jams
dataset/wikifonia_3217.jams
dataset/wikifonia_3218.jams
dataset/wikifonia_3219.jams
dataset/wikifonia_322.jams
dataset/wikifonia_3220.jams
dataset/wikifonia_3221.jams
dataset/wikifonia_3222.jams
dataset/wikifonia_3223.jams
dataset/wikifonia_3224.jams
dataset/wikifonia_3225.jams
dataset/wikifonia_3226.jams
dataset/wikifonia_3227.jams
dataset/wikifonia_3228.jams
dataset/wikifonia_3229.jams
dataset/wikifonia_323.jams
dataset/wikifonia_3230.jams
dataset/wikifonia_3231.jams
dataset/wikifonia_3232.jams
dataset/wikifonia_3233.jams
dataset/wikifonia_3234.jams
dataset/wikifonia_3235.jams
dataset/wikifonia_3236.jams
dataset/wikifonia_3237.jams
dataset/wikifonia_3238.jams
dataset/wikifonia_3239.jams
dataset/wikifonia_324.jams
dataset/wikifonia_3240.jams
dataset/wikifonia_3242.jams
dataset/wikifonia_3245.jams
dataset/wikifonia_3246.jams
dataset/wikifonia_3247.jams
dataset/wikifonia_3248.jams
dataset/wikifonia_3249.jams
dataset/wikifonia_325.jams
dataset/wikifonia_3250.jams
dataset/wikifonia_3251.jams
dataset/wikifonia_3252.jams
dataset/wikifonia_3253.jams
dataset/wikifonia_3254.jams
dataset/wikifonia_3255.jams
dataset/wikifonia_3256.jams
dataset/wikifonia_3257.jams
dataset/wikifonia_3258.jams
dataset/wikifonia_3259.jams
dataset/wikifonia_326.jams
dataset/wikifonia_3261.jams
dataset/wikifonia_3262.jams
dataset/wikifonia_3264.jams
dataset/wikifonia_3265.jams
dataset/wikifonia_3266.jams
dataset/wikifonia_3268.jams
dataset/wikifonia_327.jams
dataset/wikifonia_3270.jams
dataset/wikifonia_3271.jams
dataset/wikifonia_3272.jams
dataset/wikifonia_3273.jams
dataset/wikifonia_3274.jams
dataset/wikifonia_3275.jams
dataset/wikifonia_3276.jams
dataset/wikifonia_3277.jams
dataset/wikifonia_3278.jams
dataset/wikifonia_328.jams
dataset/wikifonia_3280.jams
dataset/wikifonia_3281.jams
dataset/wikifonia_3282.jams
dataset/wikifonia_3283.jams
dataset/wikifonia_3284.jams
dataset/wikifonia_3285.jams
dataset/wikifonia_3286.jams
dataset/wikifonia_3287.jams
dataset/wikifonia_3288.jams
dataset/wikifonia_3289.jams
dataset/wikifonia_329.jams
dataset/wikifonia_3290.jams
dataset/wikifonia_3291.jams
dataset/wikifonia_3292.jams
dataset/wikifonia_3293.jams
dataset/wikifonia_3294.jams
dataset/wikifonia_3295.jams
dataset/wikifonia_3296.jams
dataset/wikifonia_3297.jams
dataset/wikifonia_3298.jams
dataset/wikifonia_3299.jams
dataset/wikifonia_33.jams
dataset/wikifonia_330.jams
dataset/wikifonia_3300.jams
dataset/wikifonia_3301.jams
dataset/wikifonia_3302.jams
dataset/wikifonia_3303.jams
dataset/wikifonia_3304.jams
dataset/wikifonia_3305.jams
dataset/wikifonia_3306.jams
dataset/wikifonia_3307.jams
dataset/wikifonia_3308.jams
dataset/wikifonia_3309.jams
dataset/wikifonia_331.jams
dataset/wikifonia_3310.jams
dataset/wikifonia_3311.jams
dataset/wikifonia_3312.jams
dataset/wikifonia_3313.jams
dataset/wikifonia_3314.jams
dataset/wikifonia_3315.jams
dataset/wikifonia_3316.jams
dataset/wikifonia_3317.jams
dataset/wikifonia_3319.jams
dataset/wikifonia_332.jams
dataset/wikifonia_3320.jams
dataset/wikifonia_3321.jams
dataset/wikifonia_3322.jams
dataset/wikifonia_3323.jams
dataset/wikifonia_3324.jams
dataset/wikifonia_3325.jams
dataset/wikifonia_3326.jams
dataset/wikifonia_3327.jams
dataset/wikifonia_3328.jams
dataset/wikifonia_3329.jams
dataset/wikifonia_333.jams
dataset/wikifonia_3330.jams
dataset/wikifonia_3331.jams
dataset/wikifonia_3332.jams
dataset/wikifonia_3333.jams
dataset/wikifonia_3334.jams
dataset/wikifonia_3335.jams
dataset/wikifonia_3336.jams
dataset/wikifonia_3337.jams
dataset/wikifonia_3338.jams
dataset/wikifonia_334.jams
dataset/wikifonia_3340.jams
dataset/wikifonia_3341.jams
dataset/wikifonia_3342.jams
dataset/wikifonia_3343.jams
dataset/wikifonia_3344.jams
dataset/wikifonia_3345.jams
dataset/wikifonia_3346.jams
dataset/wikifonia_3347.jams
dataset/wikifonia_3348.jams
dataset/wikifonia_3349.jams
dataset/wikifonia_335.jams
dataset/wikifonia_3350.jams
dataset/wikifonia_3351.jams
dataset/wikifonia_3352.jams
dataset/wikifonia_3353.jams
dataset/wikifonia_3354.jams
dataset/wikifonia_3355.jams
dataset/wikifonia_3356.jams
dataset/wikifonia_3357.jams
dataset/wikifonia_3358.jams
dataset/wikifonia_3359.jams
dataset/wikifonia_336.jams
dataset/wikifonia_3360.jams
dataset/wikifonia_3361.jams
dataset/wikifonia_3362.jams
dataset/wikifonia_3363.jams
dataset/wikifonia_3364.jams
dataset/wikifonia_3365.jams
dataset/wikifonia_3366.jams
dataset/wikifonia_3367.jams
dataset/wikifonia_3368.jams
dataset/wikifonia_3369.jams
dataset/wikifonia_337.jams
dataset/wikifonia_3370.jams
dataset/wikifonia_3371.jams
dataset/wikifonia_3372.jams
dataset/wikifonia_3373.jams
dataset/wikifonia_3374.jams
dataset/wikifonia_3375.jams
dataset/wikifonia_3376.jams
dataset/wikifonia_3377.jams
dataset/wikifonia_3378.jams
dataset/wikifonia_3379.jams
dataset/wikifonia_338.jams
dataset/wikifonia_3380.jams
dataset/wikifonia_3381.jams
dataset/wikifonia_3382.jams
dataset/wikifonia_3383.jams
dataset/wikifonia_3384.jams
dataset/wikifonia_3385.jams
dataset/wikifonia_3386.jams
dataset/wikifonia_3387.jams
dataset/wikifonia_3388.jams
dataset/wikifonia_3389.jams
dataset/wikifonia_339.jams
dataset/wikifonia_3390.jams
dataset/wikifonia_3391.jams
dataset/wikifonia_3392.jams
dataset/wikifonia_3394.jams
dataset/wikifonia_3395.jams
dataset/wikifonia_3396.jams
dataset/wikifonia_3397.jams
dataset/wikifonia_3398.jams
dataset/wikifonia_3399.jams
dataset/wikifonia_34.jams
dataset/wikifonia_340.jams
dataset/wikifonia_3400.jams
dataset/wikifonia_3401.jams
dataset/wikifonia_3402.jams
dataset/wikifonia_3403.jams
dataset/wikifonia_3404.jams
dataset/wikifonia_3406.jams
dataset/wikifonia_3407.jams
dataset/wikifonia_3408.jams
dataset/wikifonia_3409.jams
dataset/wikifonia_341.jams
dataset/wikifonia_3410.jams
dataset/wikifonia_3411.jams
dataset/wikifonia_3412.jams
dataset/wikifonia_3413.jams
dataset/wikifonia_3414.jams
dataset/wikifonia_3415.jams
dataset/wikifonia_3416.jams
dataset/wikifonia_3417.jams
dataset/wikifonia_3418.jams
dataset/wikifonia_3419.jams
dataset/wikifonia_342.jams
dataset/wikifonia_3420.jams
dataset/wikifonia_3422.jams
dataset/wikifonia_3423.jams
dataset/wikifonia_3424.jams
dataset/wikifonia_3425.jams
dataset/wikifonia_3427.jams
dataset/wikifonia_3428.jams
dataset/wikifonia_3429.jams
dataset/wikifonia_343.jams
dataset/wikifonia_3430.jams
dataset/wikifonia_3431.jams
dataset/wikifonia_3432.jams
dataset/wikifonia_3435.jams
dataset/wikifonia_3437.jams
dataset/wikifonia_3438.jams
dataset/wikifonia_344.jams
dataset/wikifonia_3440.jams
dataset/wikifonia_3441.jams
dataset/wikifonia_3442.jams
dataset/wikifonia_3443.jams
dataset/wikifonia_3444.jams
dataset/wikifonia_3445.jams
dataset/wikifonia_3446.jams
dataset/wikifonia_3447.jams
dataset/wikifonia_3448.jams
dataset/wikifonia_3449.jams
dataset/wikifonia_345.jams
dataset/wikifonia_3450.jams
dataset/wikifonia_3452.jams
dataset/wikifonia_3453.jams
dataset/wikifonia_3454.jams
dataset/wikifonia_3455.jams
dataset/wikifonia_3457.jams
dataset/wikifonia_3458.jams
dataset/wikifonia_3460.jams
dataset/wikifonia_3461.jams
dataset/wikifonia_3462.jams
dataset/wikifonia_3464.jams
dataset/wikifonia_3465.jams
dataset/wikifonia_3466.jams
dataset/wikifonia_3467.jams
dataset/wikifonia_3469.jams
dataset/wikifonia_347.jams
dataset/wikifonia_3470.jams
dataset/wikifonia_3471.jams
dataset/wikifonia_3472.jams
dataset/wikifonia_3473.jams
dataset/wikifonia_3474.jams
dataset/wikifonia_3475.jams
dataset/wikifonia_3476.jams
dataset/wikifonia_3478.jams
dataset/wikifonia_3479.jams
dataset/wikifonia_348.jams
dataset/wikifonia_3480.jams
dataset/wikifonia_3481.jams
dataset/wikifonia_3482.jams
dataset/wikifonia_3483.jams
dataset/wikifonia_3484.jams
dataset/wikifonia_3485.jams
dataset/wikifonia_3486.jams
dataset/wikifonia_3487.jams
dataset/wikifonia_3488.jams
dataset/wikifonia_3489.jams
dataset/wikifonia_349.jams
dataset/wikifonia_3490.jams
dataset/wikifonia_3491.jams
dataset/wikifonia_3492.jams
dataset/wikifonia_3493.jams
dataset/wikifonia_3494.jams
dataset/wikifonia_3495.jams
dataset/wikifonia_3496.jams
dataset/wikifonia_3497.jams
dataset/wikifonia_3498.jams
dataset/wikifonia_3499.jams
dataset/wikifonia_350.jams
dataset/wikifonia_3500.jams
dataset/wikifonia_3501.jams
dataset/wikifonia_3502.jams
dataset/wikifonia_3504.jams
dataset/wikifonia_3505.jams
dataset/wikifonia_3506.jams
dataset/wikifonia_3507.jams
dataset/wikifonia_3508.jams
dataset/wikifonia_3509.jams
dataset/wikifonia_351.jams
dataset/wikifonia_3511.jams
dataset/wikifonia_3512.jams
dataset/wikifonia_3513.jams
dataset/wikifonia_3514.jams
dataset/wikifonia_3515.jams
dataset/wikifonia_3516.jams
dataset/wikifonia_3517.jams
dataset/wikifonia_3518.jams
dataset/wikifonia_3519.jams
dataset/wikifonia_352.jams
dataset/wikifonia_3520.jams
dataset/wikifonia_3521.jams
dataset/wikifonia_3522.jams
dataset/wikifonia_3523.jams
dataset/wikifonia_3524.jams
dataset/wikifonia_3525.jams
dataset/wikifonia_3526.jams
dataset/wikifonia_3527.jams
dataset/wikifonia_3528.jams
dataset/wikifonia_3529.jams
dataset/wikifonia_353.jams
dataset/wikifonia_3530.jams
dataset/wikifonia_3531.jams
dataset/wikifonia_3532.jams
dataset/wikifonia_3533.jams
dataset/wikifonia_3534.jams
dataset/wikifonia_3535.jams
dataset/wikifonia_3536.jams
dataset/wikifonia_3537.jams
dataset/wikifonia_3538.jams
dataset/wikifonia_3539.jams
dataset/wikifonia_354.jams
dataset/wikifonia_3540.jams
dataset/wikifonia_3541.jams
dataset/wikifonia_3542.jams
dataset/wikifonia_3544.jams
dataset/wikifonia_3545.jams
dataset/wikifonia_3546.jams
dataset/wikifonia_3547.jams
dataset/wikifonia_3548.jams
dataset/wikifonia_3549.jams
dataset/wikifonia_355.jams
dataset/wikifonia_3550.jams
dataset/wikifonia_3551.jams
dataset/wikifonia_3552.jams
dataset/wikifonia_3553.jams
dataset/wikifonia_3554.jams
dataset/wikifonia_3555.jams
dataset/wikifonia_3556.jams
dataset/wikifonia_3557.jams
dataset/wikifonia_3558.jams
dataset/wikifonia_3559.jams
dataset/wikifonia_356.jams
dataset/wikifonia_3560.jams
dataset/wikifonia_3562.jams
dataset/wikifonia_3563.jams
dataset/wikifonia_3564.jams
dataset/wikifonia_3565.jams
dataset/wikifonia_3566.jams
dataset/wikifonia_3567.jams
dataset/wikifonia_3568.jams
dataset/wikifonia_3569.jams
dataset/wikifonia_357.jams
dataset/wikifonia_3570.jams
dataset/wikifonia_3572.jams
dataset/wikifonia_3573.jams
dataset/wikifonia_3574.jams
dataset/wikifonia_3575.jams
dataset/wikifonia_3576.jams
dataset/wikifonia_3577.jams
dataset/wikifonia_3578.jams
dataset/wikifonia_3579.jams
dataset/wikifonia_358.jams
dataset/wikifonia_3580.jams
dataset/wikifonia_3581.jams
dataset/wikifonia_3582.jams
dataset/wikifonia_3583.jams
dataset/wikifonia_3584.jams
dataset/wikifonia_3585.jams
dataset/wikifonia_3586.jams
dataset/wikifonia_3587.jams
dataset/wikifonia_3588.jams
dataset/wikifonia_3589.jams
dataset/wikifonia_359.jams
dataset/wikifonia_3590.jams
dataset/wikifonia_3591.jams
dataset/wikifonia_3592.jams
dataset/wikifonia_3593.jams
dataset/wikifonia_3594.jams
dataset/wikifonia_3595.jams
dataset/wikifonia_3596.jams
dataset/wikifonia_3597.jams
dataset/wikifonia_3599.jams
dataset/wikifonia_360.jams
dataset/wikifonia_3600.jams
dataset/wikifonia_3601.jams
dataset/wikifonia_3602.jams
dataset/wikifonia_3603.jams
dataset/wikifonia_3604.jams
dataset/wikifonia_3605.jams
dataset/wikifonia_3606.jams
dataset/wikifonia_3607.jams
dataset/wikifonia_3608.jams
dataset/wikifonia_3609.jams
dataset/wikifonia_361.jams
dataset/wikifonia_3611.jams
dataset/wikifonia_3612.jams
dataset/wikifonia_3613.jams
dataset/wikifonia_3614.jams
dataset/wikifonia_3615.jams
dataset/wikifonia_3616.jams
dataset/wikifonia_3618.jams
dataset/wikifonia_3619.jams
dataset/wikifonia_362.jams
dataset/wikifonia_3620.jams
dataset/wikifonia_3621.jams
dataset/wikifonia_3622.jams
dataset/wikifonia_3623.jams
dataset/wikifonia_3624.jams
dataset/wikifonia_3625.jams
dataset/wikifonia_3626.jams
dataset/wikifonia_3628.jams
dataset/wikifonia_3629.jams
dataset/wikifonia_363.jams
dataset/wikifonia_3630.jams
dataset/wikifonia_3631.jams
dataset/wikifonia_3632.jams
dataset/wikifonia_3633.jams
dataset/wikifonia_3634.jams
dataset/wikifonia_3636.jams
dataset/wikifonia_3637.jams
dataset/wikifonia_3638.jams
dataset/wikifonia_3639.jams
dataset/wikifonia_364.jams
dataset/wikifonia_3640.jams
dataset/wikifonia_3641.jams
dataset/wikifonia_3642.jams
dataset/wikifonia_3643.jams
dataset/wikifonia_3644.jams
dataset/wikifonia_3645.jams
dataset/wikifonia_3646.jams
dataset/wikifonia_3647.jams
dataset/wikifonia_3648.jams
dataset/wikifonia_3649.jams
dataset/wikifonia_365.jams
dataset/wikifonia_3650.jams
dataset/wikifonia_3651.jams
dataset/wikifonia_3652.jams
dataset/wikifonia_3653.jams
dataset/wikifonia_3654.jams
dataset/wikifonia_3655.jams
dataset/wikifonia_3656.jams
dataset/wikifonia_3657.jams
dataset/wikifonia_3658.jams
dataset/wikifonia_3659.jams
dataset/wikifonia_366.jams
dataset/wikifonia_3660.jams
dataset/wikifonia_3661.jams
dataset/wikifonia_3662.jams
dataset/wikifonia_3663.jams
dataset/wikifonia_3664.jams
dataset/wikifonia_3665.jams
dataset/wikifonia_3666.jams
dataset/wikifonia_3667.jams
dataset/wikifonia_3668.jams
dataset/wikifonia_3669.jams
dataset/wikifonia_367.jams
dataset/wikifonia_3670.jams
dataset/wikifonia_3671.jams
dataset/wikifonia_3672.jams
dataset/wikifonia_3673.jams
dataset/wikifonia_3674.jams
dataset/wikifonia_3675.jams
dataset/wikifonia_3676.jams
dataset/wikifonia_3677.jams
dataset/wikifonia_3678.jams
dataset/wikifonia_3679.jams
dataset/wikifonia_368.jams
dataset/wikifonia_3680.jams
dataset/wikifonia_3681.jams
dataset/wikifonia_3682.jams
dataset/wikifonia_3683.jams
dataset/wikifonia_3684.jams
dataset/wikifonia_3685.jams
dataset/wikifonia_3686.jams
dataset/wikifonia_3687.jams
dataset/wikifonia_3688.jams
dataset/wikifonia_3689.jams
dataset/wikifonia_369.jams
dataset/wikifonia_3690.jams
dataset/wikifonia_3691.jams
dataset/wikifonia_3692.jams
dataset/wikifonia_3693.jams
dataset/wikifonia_3694.jams
dataset/wikifonia_3695.jams
dataset/wikifonia_3696.jams
dataset/wikifonia_3697.jams
dataset/wikifonia_3698.jams
dataset/wikifonia_370.jams
dataset/wikifonia_3700.jams
dataset/wikifonia_3701.jams
dataset/wikifonia_3702.jams
dataset/wikifonia_3703.jams
dataset/wikifonia_3704.jams
dataset/wikifonia_3705.jams
dataset/wikifonia_3706.jams
dataset/wikifonia_3708.jams
dataset/wikifonia_3709.jams
dataset/wikifonia_371.jams
dataset/wikifonia_3710.jams
dataset/wikifonia_3711.jams
dataset/wikifonia_3712.jams
dataset/wikifonia_3713.jams
dataset/wikifonia_3714.jams
dataset/wikifonia_3715.jams
dataset/wikifonia_3716.jams
dataset/wikifonia_3717.jams
dataset/wikifonia_3719.jams
dataset/wikifonia_372.jams
dataset/wikifonia_3720.jams
dataset/wikifonia_3721.jams
dataset/wikifonia_3723.jams
dataset/wikifonia_3724.jams
dataset/wikifonia_3725.jams
dataset/wikifonia_3726.jams
dataset/wikifonia_3727.jams
dataset/wikifonia_3728.jams
dataset/wikifonia_3729.jams
dataset/wikifonia_373.jams
dataset/wikifonia_3730.jams
dataset/wikifonia_3731.jams
dataset/wikifonia_3732.jams
dataset/wikifonia_3733.jams
dataset/wikifonia_3734.jams
dataset/wikifonia_3735.jams
dataset/wikifonia_3737.jams
dataset/wikifonia_3738.jams
dataset/wikifonia_3739.jams
dataset/wikifonia_374.jams
dataset/wikifonia_3740.jams
dataset/wikifonia_3741.jams
dataset/wikifonia_3742.jams
dataset/wikifonia_3743.jams
dataset/wikifonia_3744.jams
dataset/wikifonia_3745.jams
dataset/wikifonia_3746.jams
dataset/wikifonia_3748.jams
dataset/wikifonia_375.jams
dataset/wikifonia_3751.jams
dataset/wikifonia_3752.jams
dataset/wikifonia_3753.jams
dataset/wikifonia_3754.jams
dataset/wikifonia_3755.jams
dataset/wikifonia_3756.jams
dataset/wikifonia_3757.jams
dataset/wikifonia_3758.jams
dataset/wikifonia_3759.jams
dataset/wikifonia_376.jams
dataset/wikifonia_3761.jams
dataset/wikifonia_3762.jams
dataset/wikifonia_3763.jams
dataset/wikifonia_3764.jams
dataset/wikifonia_3765.jams
dataset/wikifonia_3766.jams
dataset/wikifonia_3767.jams
dataset/wikifonia_3768.jams
dataset/wikifonia_3769.jams
dataset/wikifonia_377.jams
dataset/wikifonia_3770.jams
dataset/wikifonia_3771.jams
dataset/wikifonia_3772.jams
dataset/wikifonia_3773.jams
dataset/wikifonia_3774.jams
dataset/wikifonia_3775.jams
dataset/wikifonia_3776.jams
dataset/wikifonia_3777.jams
dataset/wikifonia_3778.jams
dataset/wikifonia_3779.jams
dataset/wikifonia_378.jams
dataset/wikifonia_3780.jams
dataset/wikifonia_3781.jams
dataset/wikifonia_3782.jams
dataset/wikifonia_3783.jams
dataset/wikifonia_3784.jams
dataset/wikifonia_3785.jams
dataset/wikifonia_3786.jams
dataset/wikifonia_3787.jams
dataset/wikifonia_3788.jams
dataset/wikifonia_3789.jams
dataset/wikifonia_379.jams
dataset/wikifonia_3790.jams
dataset/wikifonia_3791.jams
dataset/wikifonia_3792.jams
dataset/wikifonia_3793.jams
dataset/wikifonia_3794.jams
dataset/wikifonia_3795.jams
dataset/wikifonia_3796.jams
dataset/wikifonia_3797.jams
dataset/wikifonia_3798.jams
dataset/wikifonia_3799.jams
dataset/wikifonia_38.jams
dataset/wikifonia_380.jams
dataset/wikifonia_3800.jams
dataset/wikifonia_3801.jams
dataset/wikifonia_3802.jams
dataset/wikifonia_3803.jams
dataset/wikifonia_3804.jams
dataset/wikifonia_3805.jams
dataset/wikifonia_3806.jams
dataset/wikifonia_3807.jams
dataset/wikifonia_3808.jams
dataset/wikifonia_3809.jams
dataset/wikifonia_381.jams
dataset/wikifonia_3810.jams
dataset/wikifonia_3811.jams
dataset/wikifonia_3812.jams
dataset/wikifonia_3813.jams
dataset/wikifonia_3814.jams
dataset/wikifonia_3815.jams
dataset/wikifonia_3816.jams
dataset/wikifonia_3817.jams
dataset/wikifonia_3818.jams
dataset/wikifonia_382.jams
dataset/wikifonia_3820.jams
dataset/wikifonia_3821.jams
dataset/wikifonia_3822.jams
dataset/wikifonia_3823.jams
dataset/wikifonia_3824.jams
dataset/wikifonia_3825.jams
dataset/wikifonia_3826.jams
dataset/wikifonia_3827.jams
dataset/wikifonia_3828.jams
dataset/wikifonia_3829.jams
dataset/wikifonia_383.jams
dataset/wikifonia_3830.jams
dataset/wikifonia_3831.jams
dataset/wikifonia_3832.jams
dataset/wikifonia_3833.jams
dataset/wikifonia_3834.jams
dataset/wikifonia_3835.jams
dataset/wikifonia_3836.jams
dataset/wikifonia_3837.jams
dataset/wikifonia_3838.jams
dataset/wikifonia_3839.jams
dataset/wikifonia_384.jams
dataset/wikifonia_3840.jams
dataset/wikifonia_3841.jams
dataset/wikifonia_3842.jams
dataset/wikifonia_3843.jams
dataset/wikifonia_3844.jams
dataset/wikifonia_3845.jams
dataset/wikifonia_3846.jams
dataset/wikifonia_3847.jams
dataset/wikifonia_3848.jams
dataset/wikifonia_3849.jams
dataset/wikifonia_385.jams
dataset/wikifonia_3850.jams
dataset/wikifonia_3851.jams
dataset/wikifonia_3853.jams
dataset/wikifonia_3854.jams
dataset/wikifonia_3856.jams
dataset/wikifonia_3857.jams
dataset/wikifonia_3858.jams
dataset/wikifonia_3859.jams
dataset/wikifonia_386.jams
dataset/wikifonia_3860.jams
dataset/wikifonia_3861.jams
dataset/wikifonia_3862.jams
dataset/wikifonia_3863.jams
dataset/wikifonia_3864.jams
dataset/wikifonia_3865.jams
dataset/wikifonia_3866.jams
dataset/wikifonia_3867.jams
dataset/wikifonia_3868.jams
dataset/wikifonia_3869.jams
dataset/wikifonia_387.jams
dataset/wikifonia_3870.jams
dataset/wikifonia_3871.jams
dataset/wikifonia_3873.jams
dataset/wikifonia_3874.jams
dataset/wikifonia_3875.jams
dataset/wikifonia_3876.jams
dataset/wikifonia_3877.jams
dataset/wikifonia_3879.jams
dataset/wikifonia_388.jams
dataset/wikifonia_3880.jams
dataset/wikifonia_3881.jams
dataset/wikifonia_3882.jams
dataset/wikifonia_3883.jams
dataset/wikifonia_3884.jams
dataset/wikifonia_3885.jams
dataset/wikifonia_3886.jams
dataset/wikifonia_3887.jams
dataset/wikifonia_3888.jams
dataset/wikifonia_3889.jams
dataset/wikifonia_389.jams
dataset/wikifonia_3890.jams
dataset/wikifonia_3891.jams
dataset/wikifonia_3892.jams
dataset/wikifonia_3893.jams
dataset/wikifonia_3896.jams
dataset/wikifonia_3897.jams
dataset/wikifonia_3898.jams
dataset/wikifonia_39.jams
dataset/wikifonia_390.jams
dataset/wikifonia_3900.jams
dataset/wikifonia_3901.jams
dataset/wikifonia_3902.jams
dataset/wikifonia_3903.jams
dataset/wikifonia_3904.jams
dataset/wikifonia_3905.jams
dataset/wikifonia_3906.jams
dataset/wikifonia_3907.jams
dataset/wikifonia_3908.jams
dataset/wikifonia_391.jams
dataset/wikifonia_3910.jams
dataset/wikifonia_3911.jams
dataset/wikifonia_3912.jams
dataset/wikifonia_3913.jams
dataset/wikifonia_3915.jams
dataset/wikifonia_3916.jams
dataset/wikifonia_3917.jams
dataset/wikifonia_3918.jams
dataset/wikifonia_3919.jams
dataset/wikifonia_392.jams
dataset/wikifonia_3920.jams
dataset/wikifonia_3921.jams
dataset/wikifonia_3922.jams
dataset/wikifonia_3923.jams
dataset/wikifonia_3924.jams
dataset/wikifonia_3925.jams
dataset/wikifonia_3926.jams
dataset/wikifonia_3927.jams
dataset/wikifonia_3928.jams
dataset/wikifonia_3929.jams
dataset/wikifonia_393.jams
dataset/wikifonia_3930.jams
dataset/wikifonia_3931.jams
dataset/wikifonia_3932.jams
dataset/wikifonia_3933.jams
dataset/wikifonia_3934.jams
dataset/wikifonia_3935.jams
dataset/wikifonia_3936.jams
dataset/wikifonia_3937.jams
dataset/wikifonia_3938.jams
dataset/wikifonia_3939.jams
dataset/wikifonia_394.jams
dataset/wikifonia_3940.jams
dataset/wikifonia_3941.jams
dataset/wikifonia_3942.jams
dataset/wikifonia_3943.jams
dataset/wikifonia_3944.jams
dataset/wikifonia_3945.jams
dataset/wikifonia_3946.jams
dataset/wikifonia_3947.jams
dataset/wikifonia_3948.jams
dataset/wikifonia_3949.jams
dataset/wikifonia_395.jams
dataset/wikifonia_3950.jams
dataset/wikifonia_3951.jams
dataset/wikifonia_3952.jams
dataset/wikifonia_3953.jams
dataset/wikifonia_3954.jams
dataset/wikifonia_3955.jams
dataset/wikifonia_3956.jams
dataset/wikifonia_3957.jams
dataset/wikifonia_3958.jams
dataset/wikifonia_3959.jams
dataset/wikifonia_396.jams
dataset/wikifonia_3960.jams
dataset/wikifonia_3961.jams
dataset/wikifonia_3962.jams
dataset/wikifonia_3963.jams
dataset/wikifonia_3964.jams
dataset/wikifonia_3965.jams
dataset/wikifonia_3966.jams
dataset/wikifonia_3967.jams
dataset/wikifonia_3968.jams
dataset/wikifonia_3969.jams
dataset/wikifonia_397.jams
dataset/wikifonia_3970.jams
dataset/wikifonia_3971.jams
dataset/wikifonia_3972.jams
dataset/wikifonia_3973.jams
dataset/wikifonia_3974.jams
dataset/wikifonia_3975.jams
dataset/wikifonia_3976.jams
dataset/wikifonia_3977.jams
dataset/wikifonia_3978.jams
dataset/wikifonia_3979.jams
dataset/wikifonia_398.jams
dataset/wikifonia_3980.jams
dataset/wikifonia_3982.jams
dataset/wikifonia_3983.jams
dataset/wikifonia_3984.jams
dataset/wikifonia_3985.jams
dataset/wikifonia_3986.jams
dataset/wikifonia_3987.jams
dataset/wikifonia_3988.jams
dataset/wikifonia_399.jams
dataset/wikifonia_3991.jams
dataset/wikifonia_3993.jams
dataset/wikifonia_3994.jams
dataset/wikifonia_3995.jams
dataset/wikifonia_3996.jams
dataset/wikifonia_3998.jams
dataset/wikifonia_3999.jams
dataset/wikifonia_4.jams
dataset/wikifonia_40.jams
dataset/wikifonia_400.jams
dataset/wikifonia_4000.jams
dataset/wikifonia_4001.jams
dataset/wikifonia_4002.jams
dataset/wikifonia_4004.jams
dataset/wikifonia_4005.jams
dataset/wikifonia_4006.jams
dataset/wikifonia_4007.jams
dataset/wikifonia_4008.jams
dataset/wikifonia_4009.jams
dataset/wikifonia_4010.jams
dataset/wikifonia_4011.jams
dataset/wikifonia_4012.jams
dataset/wikifonia_4013.jams
dataset/wikifonia_4015.jams
dataset/wikifonia_4016.jams
dataset/wikifonia_4017.jams
dataset/wikifonia_4018.jams
dataset/wikifonia_4019.jams
dataset/wikifonia_402.jams
dataset/wikifonia_4020.jams
dataset/wikifonia_4021.jams
dataset/wikifonia_4022.jams
dataset/wikifonia_4023.jams
dataset/wikifonia_4024.jams
dataset/wikifonia_4025.jams
dataset/wikifonia_4026.jams
dataset/wikifonia_4027.jams
dataset/wikifonia_4028.jams
dataset/wikifonia_4029.jams
dataset/wikifonia_403.jams
dataset/wikifonia_4030.jams
dataset/wikifonia_4031.jams
dataset/wikifonia_4032.jams
dataset/wikifonia_4034.jams
dataset/wikifonia_4035.jams
dataset/wikifonia_4036.jams
dataset/wikifonia_4037.jams
dataset/wikifonia_4038.jams
dataset/wikifonia_4039.jams
dataset/wikifonia_404.jams
dataset/wikifonia_4040.jams
dataset/wikifonia_4041.jams
dataset/wikifonia_4042.jams
dataset/wikifonia_4043.jams
dataset/wikifonia_4044.jams
dataset/wikifonia_4045.jams
dataset/wikifonia_4046.jams
dataset/wikifonia_4047.jams
dataset/wikifonia_4048.jams
dataset/wikifonia_4049.jams
dataset/wikifonia_405.jams
dataset/wikifonia_4050.jams
dataset/wikifonia_4051.jams
dataset/wikifonia_4052.jams
dataset/wikifonia_4053.jams
dataset/wikifonia_4054.jams
dataset/wikifonia_4055.jams
dataset/wikifonia_4056.jams
dataset/wikifonia_4057.jams
dataset/wikifonia_4058.jams
dataset/wikifonia_406.jams
dataset/wikifonia_4060.jams
dataset/wikifonia_4061.jams
dataset/wikifonia_4062.jams
dataset/wikifonia_4063.jams
dataset/wikifonia_4064.jams
dataset/wikifonia_4065.jams
dataset/wikifonia_4066.jams
dataset/wikifonia_4067.jams
dataset/wikifonia_4068.jams
dataset/wikifonia_4069.jams
dataset/wikifonia_407.jams
dataset/wikifonia_4070.jams
dataset/wikifonia_4071.jams
dataset/wikifonia_4072.jams
dataset/wikifonia_4073.jams
dataset/wikifonia_4074.jams
dataset/wikifonia_4075.jams
dataset/wikifonia_4076.jams
dataset/wikifonia_4077.jams
dataset/wikifonia_4078.jams
dataset/wikifonia_4079.jams
dataset/wikifonia_408.jams
dataset/wikifonia_4080.jams
dataset/wikifonia_4081.jams
dataset/wikifonia_4083.jams
dataset/wikifonia_4084.jams
dataset/wikifonia_4085.jams
dataset/wikifonia_4086.jams
dataset/wikifonia_4087.jams
dataset/wikifonia_4088.jams
dataset/wikifonia_4089.jams
dataset/wikifonia_4090.jams
dataset/wikifonia_4091.jams
dataset/wikifonia_4092.jams
dataset/wikifonia_4094.jams
dataset/wikifonia_4095.jams
dataset/wikifonia_4096.jams
dataset/wikifonia_4097.jams
dataset/wikifonia_4099.jams
dataset/wikifonia_41.jams
dataset/wikifonia_410.jams
dataset/wikifonia_4100.jams
dataset/wikifonia_4101.jams
dataset/wikifonia_4102.jams
dataset/wikifonia_4104.jams
dataset/wikifonia_4105.jams
dataset/wikifonia_4106.jams
dataset/wikifonia_4107.jams
dataset/wikifonia_4108.jams
dataset/wikifonia_4109.jams
dataset/wikifonia_411.jams
dataset/wikifonia_4111.jams
dataset/wikifonia_4113.jams
dataset/wikifonia_4114.jams
dataset/wikifonia_4115.jams
dataset/wikifonia_4116.jams
dataset/wikifonia_4117.jams
dataset/wikifonia_4118.jams
dataset/wikifonia_4119.jams
dataset/wikifonia_412.jams
dataset/wikifonia_4120.jams
dataset/wikifonia_4121.jams
dataset/wikifonia_4122.jams
dataset/wikifonia_4123.jams
dataset/wikifonia_4124.jams
dataset/wikifonia_4125.jams
dataset/wikifonia_4126.jams
dataset/wikifonia_4127.jams
dataset/wikifonia_4128.jams
dataset/wikifonia_4129.jams
dataset/wikifonia_413.jams
dataset/wikifonia_4130.jams
dataset/wikifonia_4131.jams
dataset/wikifonia_4132.jams
dataset/wikifonia_4133.jams
dataset/wikifonia_4134.jams
dataset/wikifonia_4135.jams
dataset/wikifonia_4136.jams
dataset/wikifonia_4137.jams
dataset/wikifonia_4138.jams
dataset/wikifonia_4139.jams
dataset/wikifonia_414.jams
dataset/wikifonia_4140.jams
dataset/wikifonia_4141.jams
dataset/wikifonia_4142.jams
dataset/wikifonia_4143.jams
dataset/wikifonia_4144.jams
dataset/wikifonia_4145.jams
dataset/wikifonia_4146.jams
dataset/wikifonia_4147.jams
dataset/wikifonia_4148.jams
dataset/wikifonia_4149.jams
dataset/wikifonia_415.jams
dataset/wikifonia_4150.jams
dataset/wikifonia_4151.jams
dataset/wikifonia_4152.jams
dataset/wikifonia_4154.jams
dataset/wikifonia_4155.jams
dataset/wikifonia_4156.jams
dataset/wikifonia_4157.jams
dataset/wikifonia_4159.jams
dataset/wikifonia_416.jams
dataset/wikifonia_4160.jams
dataset/wikifonia_4162.jams
dataset/wikifonia_4163.jams
dataset/wikifonia_4164.jams
dataset/wikifonia_4165.jams
dataset/wikifonia_4166.jams
dataset/wikifonia_4167.jams
dataset/wikifonia_4169.jams
dataset/wikifonia_417.jams
dataset/wikifonia_4170.jams
dataset/wikifonia_4171.jams
dataset/wikifonia_4172.jams
dataset/wikifonia_4174.jams
dataset/wikifonia_4175.jams
dataset/wikifonia_4176.jams
dataset/wikifonia_4177.jams
dataset/wikifonia_4179.jams
dataset/wikifonia_418.jams
dataset/wikifonia_4180.jams
dataset/wikifonia_4181.jams
dataset/wikifonia_4182.jams
dataset/wikifonia_4183.jams
dataset/wikifonia_4184.jams
dataset/wikifonia_4185.jams
dataset/wikifonia_4186.jams
dataset/wikifonia_4187.jams
dataset/wikifonia_4188.jams
dataset/wikifonia_4189.jams
dataset/wikifonia_419.jams
dataset/wikifonia_4190.jams
dataset/wikifonia_4191.jams
dataset/wikifonia_4192.jams
dataset/wikifonia_4193.jams
dataset/wikifonia_4195.jams
dataset/wikifonia_4196.jams
dataset/wikifonia_4197.jams
dataset/wikifonia_4198.jams
dataset/wikifonia_4199.jams
dataset/wikifonia_42.jams
dataset/wikifonia_420.jams
dataset/wikifonia_4200.jams
dataset/wikifonia_4201.jams
dataset/wikifonia_4202.jams
dataset/wikifonia_4203.jams
dataset/wikifonia_4204.jams
dataset/wikifonia_4205.jams
dataset/wikifonia_4206.jams
dataset/wikifonia_4207.jams
dataset/wikifonia_4209.jams
dataset/wikifonia_421.jams
dataset/wikifonia_4210.jams
dataset/wikifonia_4211.jams
dataset/wikifonia_4212.jams
dataset/wikifonia_4213.jams
dataset/wikifonia_4214.jams
dataset/wikifonia_4215.jams
dataset/wikifonia_4217.jams
dataset/wikifonia_4218.jams
dataset/wikifonia_4219.jams
dataset/wikifonia_422.jams
dataset/wikifonia_4220.jams
dataset/wikifonia_4221.jams
dataset/wikifonia_4222.jams
dataset/wikifonia_4223.jams
dataset/wikifonia_4224.jams
dataset/wikifonia_4225.jams
dataset/wikifonia_4226.jams
dataset/wikifonia_4227.jams
dataset/wikifonia_4228.jams
dataset/wikifonia_4229.jams
dataset/wikifonia_423.jams
dataset/wikifonia_4230.jams
dataset/wikifonia_4231.jams
dataset/wikifonia_4232.jams
dataset/wikifonia_4235.jams
dataset/wikifonia_4236.jams
dataset/wikifonia_4237.jams
dataset/wikifonia_4238.jams
dataset/wikifonia_4239.jams
dataset/wikifonia_424.jams
dataset/wikifonia_4240.jams
dataset/wikifonia_4241.jams
dataset/wikifonia_4242.jams
dataset/wikifonia_4243.jams
dataset/wikifonia_4244.jams
dataset/wikifonia_4245.jams
dataset/wikifonia_4246.jams
dataset/wikifonia_4247.jams
dataset/wikifonia_4248.jams
dataset/wikifonia_4249.jams
dataset/wikifonia_425.jams
dataset/wikifonia_4250.jams
dataset/wikifonia_4251.jams
dataset/wikifonia_4252.jams
dataset/wikifonia_4253.jams
dataset/wikifonia_4254.jams
dataset/wikifonia_4255.jams
dataset/wikifonia_4256.jams
dataset/wikifonia_4257.jams
dataset/wikifonia_4258.jams
dataset/wikifonia_4259.jams
dataset/wikifonia_426.jams
dataset/wikifonia_4260.jams
dataset/wikifonia_4261.jams
dataset/wikifonia_4262.jams
dataset/wikifonia_4263.jams
dataset/wikifonia_4265.jams
dataset/wikifonia_4266.jams
dataset/wikifonia_4267.jams
dataset/wikifonia_4268.jams
dataset/wikifonia_4269.jams
dataset/wikifonia_4270.jams
dataset/wikifonia_4271.jams
dataset/wikifonia_4272.jams
dataset/wikifonia_4273.jams
dataset/wikifonia_4274.jams
dataset/wikifonia_4275.jams
dataset/wikifonia_4276.jams
dataset/wikifonia_4277.jams
dataset/wikifonia_4278.jams
dataset/wikifonia_4279.jams
dataset/wikifonia_428.jams
dataset/wikifonia_4280.jams
dataset/wikifonia_4281.jams
dataset/wikifonia_4282.jams
dataset/wikifonia_4283.jams
dataset/wikifonia_4284.jams
dataset/wikifonia_4286.jams
dataset/wikifonia_4287.jams
dataset/wikifonia_4288.jams
dataset/wikifonia_4289.jams
dataset/wikifonia_429.jams
dataset/wikifonia_4290.jams
dataset/wikifonia_4291.jams
dataset/wikifonia_4292.jams
dataset/wikifonia_4294.jams
dataset/wikifonia_4295.jams
dataset/wikifonia_4296.jams
dataset/wikifonia_4297.jams
dataset/wikifonia_4298.jams
dataset/wikifonia_4299.jams
dataset/wikifonia_43.jams
dataset/wikifonia_430.jams
dataset/wikifonia_4300.jams
dataset/wikifonia_4301.jams
dataset/wikifonia_4302.jams
dataset/wikifonia_4303.jams
dataset/wikifonia_4306.jams
dataset/wikifonia_4307.jams
dataset/wikifonia_4308.jams
dataset/wikifonia_431.jams
dataset/wikifonia_4310.jams
dataset/wikifonia_4311.jams
dataset/wikifonia_4312.jams
dataset/wikifonia_4313.jams
dataset/wikifonia_4314.jams
dataset/wikifonia_4315.jams
dataset/wikifonia_4316.jams
dataset/wikifonia_4317.jams
dataset/wikifonia_4318.jams
dataset/wikifonia_4319.jams
dataset/wikifonia_432.jams
dataset/wikifonia_4321.jams
dataset/wikifonia_4322.jams
dataset/wikifonia_4323.jams
dataset/wikifonia_4324.jams
dataset/wikifonia_4325.jams
dataset/wikifonia_4326.jams
dataset/wikifonia_4327.jams
dataset/wikifonia_4328.jams
dataset/wikifonia_4329.jams
dataset/wikifonia_433.jams
dataset/wikifonia_4330.jams
dataset/wikifonia_4331.jams
dataset/wikifonia_4332.jams
dataset/wikifonia_4333.jams
dataset/wikifonia_4334.jams
dataset/wikifonia_4336.jams
dataset/wikifonia_4337.jams
dataset/wikifonia_4338.jams
dataset/wikifonia_4339.jams
dataset/wikifonia_434.jams
dataset/wikifonia_4340.jams
dataset/wikifonia_4341.jams
dataset/wikifonia_4342.jams
dataset/wikifonia_4343.jams
dataset/wikifonia_4344.jams
dataset/wikifonia_4345.jams
dataset/wikifonia_4346.jams
dataset/wikifonia_4347.jams
dataset/wikifonia_4348.jams
dataset/wikifonia_4349.jams
dataset/wikifonia_435.jams
dataset/wikifonia_4350.jams
dataset/wikifonia_4351.jams
dataset/wikifonia_4352.jams
dataset/wikifonia_4353.jams
dataset/wikifonia_4354.jams
dataset/wikifonia_4355.jams
dataset/wikifonia_4356.jams
dataset/wikifonia_4357.jams
dataset/wikifonia_4358.jams
dataset/wikifonia_4359.jams
dataset/wikifonia_436.jams
dataset/wikifonia_4360.jams
dataset/wikifonia_4361.jams
dataset/wikifonia_4362.jams
dataset/wikifonia_4363.jams
dataset/wikifonia_4364.jams
dataset/wikifonia_4365.jams
dataset/wikifonia_4366.jams
dataset/wikifonia_4367.jams
dataset/wikifonia_4368.jams
dataset/wikifonia_4369.jams
dataset/wikifonia_437.jams
dataset/wikifonia_4370.jams
dataset/wikifonia_4371.jams
dataset/wikifonia_4372.jams
dataset/wikifonia_4373.jams
dataset/wikifonia_4374.jams
dataset/wikifonia_4375.jams
dataset/wikifonia_4376.jams
dataset/wikifonia_4377.jams
dataset/wikifonia_4378.jams
dataset/wikifonia_4379.jams
dataset/wikifonia_438.jams
dataset/wikifonia_4380.jams
dataset/wikifonia_4381.jams
dataset/wikifonia_4382.jams
dataset/wikifonia_4383.jams
dataset/wikifonia_4384.jams
dataset/wikifonia_4385.jams
dataset/wikifonia_4386.jams
dataset/wikifonia_4387.jams
dataset/wikifonia_4388.jams
dataset/wikifonia_4389.jams
dataset/wikifonia_439.jams
dataset/wikifonia_4390.jams
dataset/wikifonia_4391.jams
dataset/wikifonia_4392.jams
dataset/wikifonia_4393.jams
dataset/wikifonia_4394.jams
dataset/wikifonia_4395.jams
dataset/wikifonia_4396.jams
dataset/wikifonia_4397.jams
dataset/wikifonia_4398.jams
dataset/wikifonia_4399.jams
dataset/wikifonia_44.jams
dataset/wikifonia_4400.jams
dataset/wikifonia_4402.jams
dataset/wikifonia_4404.jams
dataset/wikifonia_4405.jams
dataset/wikifonia_4407.jams
dataset/wikifonia_4408.jams
dataset/wikifonia_4409.jams
dataset/wikifonia_441.jams
dataset/wikifonia_4410.jams
dataset/wikifonia_4411.jams
dataset/wikifonia_4412.jams
dataset/wikifonia_4413.jams
dataset/wikifonia_4414.jams
dataset/wikifonia_4415.jams
dataset/wikifonia_4416.jams
dataset/wikifonia_4417.jams
dataset/wikifonia_4418.jams
dataset/wikifonia_442.jams
dataset/wikifonia_4420.jams
dataset/wikifonia_4421.jams
dataset/wikifonia_4422.jams
dataset/wikifonia_4423.jams
dataset/wikifonia_4424.jams
dataset/wikifonia_4426.jams
dataset/wikifonia_4427.jams
dataset/wikifonia_4428.jams
dataset/wikifonia_4429.jams
dataset/wikifonia_443.jams
dataset/wikifonia_4430.jams
dataset/wikifonia_4431.jams
dataset/wikifonia_4432.jams
dataset/wikifonia_4433.jams
dataset/wikifonia_4434.jams
dataset/wikifonia_4435.jams
dataset/wikifonia_4436.jams
dataset/wikifonia_4437.jams
dataset/wikifonia_4438.jams
dataset/wikifonia_4439.jams
dataset/wikifonia_444.jams
dataset/wikifonia_4440.jams
dataset/wikifonia_4442.jams
dataset/wikifonia_4443.jams
dataset/wikifonia_4444.jams
dataset/wikifonia_4445.jams
dataset/wikifonia_4446.jams
dataset/wikifonia_4447.jams
dataset/wikifonia_4448.jams
dataset/wikifonia_4449.jams
dataset/wikifonia_445.jams
dataset/wikifonia_4450.jams
dataset/wikifonia_4451.jams
dataset/wikifonia_4452.jams
dataset/wikifonia_4453.jams
dataset/wikifonia_4455.jams
dataset/wikifonia_4456.jams
dataset/wikifonia_4457.jams
dataset/wikifonia_4458.jams
dataset/wikifonia_4459.jams
dataset/wikifonia_446.jams
dataset/wikifonia_4460.jams
dataset/wikifonia_4461.jams
dataset/wikifonia_4462.jams
dataset/wikifonia_4463.jams
dataset/wikifonia_4464.jams
dataset/wikifonia_4465.jams
dataset/wikifonia_4466.jams
dataset/wikifonia_4467.jams
dataset/wikifonia_4468.jams
dataset/wikifonia_4469.jams
dataset/wikifonia_447.jams
dataset/wikifonia_4470.jams
dataset/wikifonia_4471.jams
dataset/wikifonia_4473.jams
dataset/wikifonia_4475.jams
dataset/wikifonia_4476.jams
dataset/wikifonia_4477.jams
dataset/wikifonia_4478.jams
dataset/wikifonia_448.jams
dataset/wikifonia_4480.jams
dataset/wikifonia_4482.jams
dataset/wikifonia_4483.jams
dataset/wikifonia_4484.jams
dataset/wikifonia_4485.jams
dataset/wikifonia_4486.jams
dataset/wikifonia_4487.jams
dataset/wikifonia_4488.jams
dataset/wikifonia_4489.jams
dataset/wikifonia_449.jams
dataset/wikifonia_4490.jams
dataset/wikifonia_4491.jams
dataset/wikifonia_4492.jams
dataset/wikifonia_4493.jams
dataset/wikifonia_4494.jams
dataset/wikifonia_4495.jams
dataset/wikifonia_4496.jams
dataset/wikifonia_4497.jams
dataset/wikifonia_4498.jams
dataset/wikifonia_4499.jams
dataset/wikifonia_450.jams
dataset/wikifonia_4500.jams
dataset/wikifonia_4501.jams
dataset/wikifonia_4502.jams
dataset/wikifonia_4503.jams
dataset/wikifonia_4504.jams
dataset/wikifonia_4505.jams
dataset/wikifonia_4506.jams
dataset/wikifonia_4508.jams
dataset/wikifonia_451.jams
dataset/wikifonia_4511.jams
dataset/wikifonia_4512.jams
dataset/wikifonia_4513.jams
dataset/wikifonia_4514.jams
dataset/wikifonia_4515.jams
dataset/wikifonia_4516.jams
dataset/wikifonia_4517.jams
dataset/wikifonia_4518.jams
dataset/wikifonia_4519.jams
dataset/wikifonia_452.jams
dataset/wikifonia_4520.jams
dataset/wikifonia_4521.jams
dataset/wikifonia_4522.jams
dataset/wikifonia_4523.jams
dataset/wikifonia_4524.jams
dataset/wikifonia_4525.jams
dataset/wikifonia_4526.jams
dataset/wikifonia_4527.jams
dataset/wikifonia_4528.jams
dataset/wikifonia_4529.jams
dataset/wikifonia_453.jams
dataset/wikifonia_4531.jams
dataset/wikifonia_4532.jams
dataset/wikifonia_4533.jams
dataset/wikifonia_4534.jams
dataset/wikifonia_4535.jams
dataset/wikifonia_4536.jams
dataset/wikifonia_4537.jams
dataset/wikifonia_4538.jams
dataset/wikifonia_4539.jams
dataset/wikifonia_454.jams
dataset/wikifonia_4540.jams
dataset/wikifonia_4541.jams
dataset/wikifonia_4542.jams
dataset/wikifonia_4543.jams
dataset/wikifonia_4544.jams
dataset/wikifonia_4545.jams
dataset/wikifonia_4546.jams
dataset/wikifonia_4547.jams
dataset/wikifonia_4548.jams
dataset/wikifonia_4549.jams
dataset/wikifonia_455.jams
dataset/wikifonia_4550.jams
dataset/wikifonia_4551.jams
dataset/wikifonia_4552.jams
dataset/wikifonia_4553.jams
dataset/wikifonia_4554.jams
dataset/wikifonia_4555.jams
dataset/wikifonia_4556.jams
dataset/wikifonia_4557.jams
dataset/wikifonia_4558.jams
dataset/wikifonia_4559.jams
dataset/wikifonia_456.jams
dataset/wikifonia_4560.jams
dataset/wikifonia_4561.jams
dataset/wikifonia_4562.jams
dataset/wikifonia_4563.jams
dataset/wikifonia_4565.jams
dataset/wikifonia_4568.jams
dataset/wikifonia_4569.jams
dataset/wikifonia_457.jams
dataset/wikifonia_4570.jams
dataset/wikifonia_4571.jams
dataset/wikifonia_4572.jams
dataset/wikifonia_4573.jams
dataset/wikifonia_4574.jams
dataset/wikifonia_4575.jams
dataset/wikifonia_4576.jams
dataset/wikifonia_4577.jams
dataset/wikifonia_4578.jams
dataset/wikifonia_4579.jams
dataset/wikifonia_458.jams
dataset/wikifonia_4580.jams
dataset/wikifonia_4581.jams
dataset/wikifonia_4582.jams
dataset/wikifonia_4583.jams
dataset/wikifonia_4584.jams
dataset/wikifonia_4585.jams
dataset/wikifonia_4586.jams
dataset/wikifonia_4587.jams
dataset/wikifonia_4588.jams
dataset/wikifonia_4589.jams
dataset/wikifonia_459.jams
dataset/wikifonia_4590.jams
dataset/wikifonia_4591.jams
dataset/wikifonia_4592.jams
dataset/wikifonia_4593.jams
dataset/wikifonia_4594.jams
dataset/wikifonia_4595.jams
dataset/wikifonia_4596.jams
dataset/wikifonia_4597.jams
dataset/wikifonia_4598.jams
dataset/wikifonia_4599.jams
dataset/wikifonia_46.jams
dataset/wikifonia_4600.jams
dataset/wikifonia_4601.jams
dataset/wikifonia_4602.jams
dataset/wikifonia_4603.jams
dataset/wikifonia_4604.jams
dataset/wikifonia_4605.jams
dataset/wikifonia_4606.jams
dataset/wikifonia_4607.jams
dataset/wikifonia_4608.jams
dataset/wikifonia_4609.jams
dataset/wikifonia_461.jams
dataset/wikifonia_4610.jams
dataset/wikifonia_4611.jams
dataset/wikifonia_4612.jams
dataset/wikifonia_4613.jams
dataset/wikifonia_4614.jams
dataset/wikifonia_4615.jams
dataset/wikifonia_4616.jams
dataset/wikifonia_4617.jams
dataset/wikifonia_4618.jams
dataset/wikifonia_4619.jams
dataset/wikifonia_462.jams
dataset/wikifonia_4620.jams
dataset/wikifonia_4621.jams
dataset/wikifonia_4622.jams
dataset/wikifonia_4624.jams
dataset/wikifonia_4625.jams
dataset/wikifonia_4626.jams
dataset/wikifonia_4627.jams
dataset/wikifonia_4628.jams
dataset/wikifonia_4629.jams
dataset/wikifonia_463.jams
dataset/wikifonia_4631.jams
dataset/wikifonia_4632.jams
dataset/wikifonia_4633.jams
dataset/wikifonia_4634.jams
dataset/wikifonia_4635.jams
dataset/wikifonia_4636.jams
dataset/wikifonia_4637.jams
dataset/wikifonia_4638.jams
dataset/wikifonia_4639.jams
dataset/wikifonia_464.jams
dataset/wikifonia_4640.jams
dataset/wikifonia_4642.jams
dataset/wikifonia_4643.jams
dataset/wikifonia_4644.jams
dataset/wikifonia_4645.jams
dataset/wikifonia_4646.jams
dataset/wikifonia_4647.jams
dataset/wikifonia_4648.jams
dataset/wikifonia_4649.jams
dataset/wikifonia_465.jams
dataset/wikifonia_4650.jams
dataset/wikifonia_4651.jams
dataset/wikifonia_4652.jams
dataset/wikifonia_4653.jams
dataset/wikifonia_4654.jams
dataset/wikifonia_4655.jams
dataset/wikifonia_4656.jams
dataset/wikifonia_4657.jams
dataset/wikifonia_4658.jams
dataset/wikifonia_4659.jams
dataset/wikifonia_466.jams
dataset/wikifonia_4662.jams
dataset/wikifonia_4663.jams
dataset/wikifonia_4664.jams
dataset/wikifonia_4665.jams
dataset/wikifonia_4666.jams
dataset/wikifonia_4667.jams
dataset/wikifonia_4669.jams
dataset/wikifonia_467.jams
dataset/wikifonia_4670.jams
dataset/wikifonia_4671.jams
dataset/wikifonia_4672.jams
dataset/wikifonia_4673.jams
dataset/wikifonia_4674.jams
dataset/wikifonia_4675.jams
dataset/wikifonia_4676.jams
dataset/wikifonia_4677.jams
dataset/wikifonia_4678.jams
dataset/wikifonia_4679.jams
dataset/wikifonia_468.jams
dataset/wikifonia_4680.jams
dataset/wikifonia_4682.jams
dataset/wikifonia_4683.jams
dataset/wikifonia_4685.jams
dataset/wikifonia_4686.jams
dataset/wikifonia_4687.jams
dataset/wikifonia_4688.jams
dataset/wikifonia_4689.jams
dataset/wikifonia_469.jams
dataset/wikifonia_4690.jams
dataset/wikifonia_4691.jams
dataset/wikifonia_4692.jams
dataset/wikifonia_4693.jams
dataset/wikifonia_4694.jams
dataset/wikifonia_4695.jams
dataset/wikifonia_4696.jams
dataset/wikifonia_4697.jams
dataset/wikifonia_4698.jams
dataset/wikifonia_4699.jams
dataset/wikifonia_4700.jams
dataset/wikifonia_4702.jams
dataset/wikifonia_4703.jams
dataset/wikifonia_4705.jams
dataset/wikifonia_4706.jams
dataset/wikifonia_4707.jams
dataset/wikifonia_4709.jams
dataset/wikifonia_471.jams
dataset/wikifonia_4710.jams
dataset/wikifonia_4711.jams
dataset/wikifonia_4712.jams
dataset/wikifonia_4713.jams
dataset/wikifonia_4714.jams
dataset/wikifonia_4715.jams
dataset/wikifonia_4716.jams
dataset/wikifonia_4718.jams
dataset/wikifonia_4719.jams
dataset/wikifonia_472.jams
dataset/wikifonia_4720.jams
dataset/wikifonia_4721.jams
dataset/wikifonia_4722.jams
dataset/wikifonia_4725.jams
dataset/wikifonia_4726.jams
dataset/wikifonia_4727.jams
dataset/wikifonia_4728.jams
dataset/wikifonia_4729.jams
dataset/wikifonia_473.jams
dataset/wikifonia_4730.jams
dataset/wikifonia_4731.jams
dataset/wikifonia_4732.jams
dataset/wikifonia_4733.jams
dataset/wikifonia_4734.jams
dataset/wikifonia_4735.jams
dataset/wikifonia_4736.jams
dataset/wikifonia_4737.jams
dataset/wikifonia_4738.jams
dataset/wikifonia_4739.jams
dataset/wikifonia_474.jams
dataset/wikifonia_4741.jams
dataset/wikifonia_4742.jams
dataset/wikifonia_4743.jams
dataset/wikifonia_4744.jams
dataset/wikifonia_4745.jams
dataset/wikifonia_4746.jams
dataset/wikifonia_4747.jams
dataset/wikifonia_4748.jams
dataset/wikifonia_4749.jams
dataset/wikifonia_475.jams
dataset/wikifonia_4750.jams
dataset/wikifonia_4751.jams
dataset/wikifonia_4752.jams
dataset/wikifonia_4753.jams
dataset/wikifonia_4754.jams
dataset/wikifonia_4755.jams
dataset/wikifonia_4756.jams
dataset/wikifonia_4757.jams
dataset/wikifonia_4758.jams
dataset/wikifonia_4759.jams
dataset/wikifonia_476.jams
dataset/wikifonia_4760.jams
dataset/wikifonia_4761.jams
dataset/wikifonia_4762.jams
dataset/wikifonia_4763.jams
dataset/wikifonia_4764.jams
dataset/wikifonia_4765.jams
dataset/wikifonia_4766.jams
dataset/wikifonia_4768.jams
dataset/wikifonia_4769.jams
dataset/wikifonia_4770.jams
dataset/wikifonia_4771.jams
dataset/wikifonia_4772.jams
dataset/wikifonia_4773.jams
dataset/wikifonia_4774.jams
dataset/wikifonia_4775.jams
dataset/wikifonia_4776.jams
dataset/wikifonia_4777.jams
dataset/wikifonia_4778.jams
dataset/wikifonia_478.jams
dataset/wikifonia_4780.jams
dataset/wikifonia_4781.jams
dataset/wikifonia_4782.jams
dataset/wikifonia_4783.jams
dataset/wikifonia_4784.jams
dataset/wikifonia_4785.jams
dataset/wikifonia_4786.jams
dataset/wikifonia_4787.jams
dataset/wikifonia_4788.jams
dataset/wikifonia_4789.jams
dataset/wikifonia_479.jams
dataset/wikifonia_4791.jams
dataset/wikifonia_4792.jams
dataset/wikifonia_4793.jams
dataset/wikifonia_4794.jams
dataset/wikifonia_4795.jams
dataset/wikifonia_4796.jams
dataset/wikifonia_4797.jams
dataset/wikifonia_4798.jams
dataset/wikifonia_4799.jams
dataset/wikifonia_48.jams
dataset/wikifonia_480.jams
dataset/wikifonia_4800.jams
dataset/wikifonia_4801.jams
dataset/wikifonia_4803.jams
dataset/wikifonia_4804.jams
dataset/wikifonia_4805.jams
dataset/wikifonia_4806.jams
dataset/wikifonia_4807.jams
dataset/wikifonia_4809.jams
dataset/wikifonia_481.jams
dataset/wikifonia_4811.jams
dataset/wikifonia_4812.jams
dataset/wikifonia_4813.jams
dataset/wikifonia_4814.jams
dataset/wikifonia_4815.jams
dataset/wikifonia_4816.jams
dataset/wikifonia_4817.jams
dataset/wikifonia_4818.jams
dataset/wikifonia_4819.jams
dataset/wikifonia_482.jams
dataset/wikifonia_4820.jams
dataset/wikifonia_4821.jams
dataset/wikifonia_4822.jams
dataset/wikifonia_4823.jams
dataset/wikifonia_4825.jams
dataset/wikifonia_4826.jams
dataset/wikifonia_4827.jams
dataset/wikifonia_4828.jams
dataset/wikifonia_4829.jams
dataset/wikifonia_483.jams
dataset/wikifonia_4830.jams
dataset/wikifonia_4831.jams
dataset/wikifonia_4833.jams
dataset/wikifonia_4834.jams
dataset/wikifonia_4835.jams
dataset/wikifonia_4836.jams
dataset/wikifonia_4837.jams
dataset/wikifonia_4838.jams
dataset/wikifonia_4839.jams
dataset/wikifonia_484.jams
dataset/wikifonia_4840.jams
dataset/wikifonia_4841.jams
dataset/wikifonia_4842.jams
dataset/wikifonia_4843.jams
dataset/wikifonia_4844.jams
dataset/wikifonia_4845.jams
dataset/wikifonia_4846.jams
dataset/wikifonia_4847.jams
dataset/wikifonia_4848.jams
dataset/wikifonia_4849.jams
dataset/wikifonia_485.jams
dataset/wikifonia_4850.jams
dataset/wikifonia_4852.jams
dataset/wikifonia_4853.jams
dataset/wikifonia_4854.jams
dataset/wikifonia_4855.jams
dataset/wikifonia_4856.jams
dataset/wikifonia_4857.jams
dataset/wikifonia_4858.jams
dataset/wikifonia_4859.jams
dataset/wikifonia_486.jams
dataset/wikifonia_4861.jams
dataset/wikifonia_4862.jams
dataset/wikifonia_4863.jams
dataset/wikifonia_4864.jams
dataset/wikifonia_4865.jams
dataset/wikifonia_4866.jams
dataset/wikifonia_4867.jams
dataset/wikifonia_4868.jams
dataset/wikifonia_4869.jams
dataset/wikifonia_487.jams
dataset/wikifonia_4871.jams
dataset/wikifonia_4873.jams
dataset/wikifonia_4874.jams
dataset/wikifonia_4875.jams
dataset/wikifonia_4876.jams
dataset/wikifonia_4877.jams
dataset/wikifonia_4878.jams
dataset/wikifonia_4879.jams
dataset/wikifonia_488.jams
dataset/wikifonia_4880.jams
dataset/wikifonia_4881.jams
dataset/wikifonia_4882.jams
dataset/wikifonia_4883.jams
dataset/wikifonia_4884.jams
dataset/wikifonia_4885.jams
dataset/wikifonia_4886.jams
dataset/wikifonia_4887.jams
dataset/wikifonia_4888.jams
dataset/wikifonia_4889.jams
dataset/wikifonia_489.jams
dataset/wikifonia_4890.jams
dataset/wikifonia_4891.jams
dataset/wikifonia_4892.jams
dataset/wikifonia_4893.jams
dataset/wikifonia_4894.jams
dataset/wikifonia_4896.jams
dataset/wikifonia_4898.jams
dataset/wikifonia_4899.jams
dataset/wikifonia_49.jams
dataset/wikifonia_490.jams
dataset/wikifonia_4900.jams
dataset/wikifonia_4902.jams
dataset/wikifonia_4903.jams
dataset/wikifonia_4904.jams
dataset/wikifonia_4905.jams
dataset/wikifonia_4906.jams
dataset/wikifonia_4907.jams
dataset/wikifonia_4908.jams
dataset/wikifonia_4909.jams
dataset/wikifonia_491.jams
dataset/wikifonia_4910.jams
dataset/wikifonia_4911.jams
dataset/wikifonia_4912.jams
dataset/wikifonia_4913.jams
dataset/wikifonia_4914.jams
dataset/wikifonia_4915.jams
dataset/wikifonia_4916.jams
dataset/wikifonia_4917.jams
dataset/wikifonia_4918.jams
dataset/wikifonia_4919.jams
dataset/wikifonia_492.jams
dataset/wikifonia_4921.jams
dataset/wikifonia_4922.jams
dataset/wikifonia_4923.jams
dataset/wikifonia_4924.jams
dataset/wikifonia_4925.jams
dataset/wikifonia_4926.jams
dataset/wikifonia_4927.jams
dataset/wikifonia_4928.jams
dataset/wikifonia_4929.jams
dataset/wikifonia_493.jams
dataset/wikifonia_4930.jams
dataset/wikifonia_4931.jams
dataset/wikifonia_4932.jams
dataset/wikifonia_4933.jams
dataset/wikifonia_4934.jams
dataset/wikifonia_4935.jams
dataset/wikifonia_4936.jams
dataset/wikifonia_4937.jams
dataset/wikifonia_4938.jams
dataset/wikifonia_4939.jams
dataset/wikifonia_494.jams
dataset/wikifonia_4940.jams
dataset/wikifonia_4942.jams
dataset/wikifonia_4943.jams
dataset/wikifonia_4944.jams
dataset/wikifonia_4945.jams
dataset/wikifonia_4946.jams
dataset/wikifonia_4947.jams
dataset/wikifonia_4948.jams
dataset/wikifonia_4949.jams
dataset/wikifonia_495.jams
dataset/wikifonia_4950.jams
dataset/wikifonia_4951.jams
dataset/wikifonia_4952.jams
dataset/wikifonia_4953.jams
dataset/wikifonia_4954.jams
dataset/wikifonia_4955.jams
dataset/wikifonia_4957.jams
dataset/wikifonia_4958.jams
dataset/wikifonia_4959.jams
dataset/wikifonia_496.jams
dataset/wikifonia_4960.jams
dataset/wikifonia_4962.jams
dataset/wikifonia_4963.jams
dataset/wikifonia_4964.jams
dataset/wikifonia_4965.jams
dataset/wikifonia_4966.jams
dataset/wikifonia_4967.jams
dataset/wikifonia_4968.jams
dataset/wikifonia_497.jams
dataset/wikifonia_4970.jams
dataset/wikifonia_4971.jams
dataset/wikifonia_4972.jams
dataset/wikifonia_4973.jams
dataset/wikifonia_4974.jams
dataset/wikifonia_4975.jams
dataset/wikifonia_4976.jams
dataset/wikifonia_4977.jams
dataset/wikifonia_4978.jams
dataset/wikifonia_4979.jams
dataset/wikifonia_498.jams
dataset/wikifonia_4980.jams
dataset/wikifonia_4981.jams
dataset/wikifonia_4982.jams
dataset/wikifonia_4983.jams
dataset/wikifonia_4984.jams
dataset/wikifonia_4985.jams
dataset/wikifonia_4986.jams
dataset/wikifonia_4987.jams
dataset/wikifonia_4989.jams
dataset/wikifonia_499.jams
dataset/wikifonia_4990.jams
dataset/wikifonia_4991.jams
dataset/wikifonia_4992.jams
dataset/wikifonia_4993.jams
dataset/wikifonia_4994.jams
dataset/wikifonia_4995.jams
dataset/wikifonia_4997.jams
dataset/wikifonia_4998.jams
dataset/wikifonia_5.jams
dataset/wikifonia_50.jams
dataset/wikifonia_500.jams
dataset/wikifonia_5000.jams
dataset/wikifonia_5001.jams
dataset/wikifonia_5002.jams
dataset/wikifonia_5003.jams
dataset/wikifonia_5004.jams
dataset/wikifonia_5005.jams
dataset/wikifonia_5006.jams
dataset/wikifonia_5007.jams
dataset/wikifonia_5008.jams
dataset/wikifonia_5009.jams
dataset/wikifonia_501.jams
dataset/wikifonia_5010.jams
dataset/wikifonia_5011.jams
dataset/wikifonia_5012.jams
dataset/wikifonia_5013.jams
dataset/wikifonia_5014.jams
dataset/wikifonia_5015.jams
dataset/wikifonia_5017.jams
dataset/wikifonia_5018.jams
dataset/wikifonia_5019.jams
dataset/wikifonia_502.jams
dataset/wikifonia_5021.jams
dataset/wikifonia_5023.jams
dataset/wikifonia_5024.jams
dataset/wikifonia_5025.jams
dataset/wikifonia_5026.jams
dataset/wikifonia_5027.jams
dataset/wikifonia_5028.jams
dataset/wikifonia_5029.jams
dataset/wikifonia_503.jams
dataset/wikifonia_5031.jams
dataset/wikifonia_5032.jams
dataset/wikifonia_5033.jams
dataset/wikifonia_5034.jams
dataset/wikifonia_5035.jams
dataset/wikifonia_5036.jams
dataset/wikifonia_5037.jams
dataset/wikifonia_5038.jams
dataset/wikifonia_5039.jams
dataset/wikifonia_504.jams
dataset/wikifonia_5040.jams
dataset/wikifonia_5041.jams
dataset/wikifonia_5043.jams
dataset/wikifonia_5044.jams
dataset/wikifonia_5045.jams
dataset/wikifonia_5046.jams
dataset/wikifonia_5047.jams
dataset/wikifonia_5048.jams
dataset/wikifonia_5049.jams
dataset/wikifonia_505.jams
dataset/wikifonia_5051.jams
dataset/wikifonia_5052.jams
dataset/wikifonia_5053.jams
dataset/wikifonia_5054.jams
dataset/wikifonia_5055.jams
dataset/wikifonia_5056.jams
dataset/wikifonia_5058.jams
dataset/wikifonia_5059.jams
dataset/wikifonia_506.jams
dataset/wikifonia_5060.jams
dataset/wikifonia_5061.jams
dataset/wikifonia_5062.jams
dataset/wikifonia_5063.jams
dataset/wikifonia_5064.jams
dataset/wikifonia_5065.jams
dataset/wikifonia_5066.jams
dataset/wikifonia_5068.jams
dataset/wikifonia_5069.jams
dataset/wikifonia_507.jams
dataset/wikifonia_5071.jams
dataset/wikifonia_5072.jams
dataset/wikifonia_5074.jams
dataset/wikifonia_5075.jams
dataset/wikifonia_5076.jams
dataset/wikifonia_5077.jams
dataset/wikifonia_5078.jams
dataset/wikifonia_5079.jams
dataset/wikifonia_508.jams
dataset/wikifonia_5080.jams
dataset/wikifonia_5081.jams
dataset/wikifonia_5082.jams
dataset/wikifonia_5083.jams
dataset/wikifonia_5084.jams
dataset/wikifonia_5086.jams
dataset/wikifonia_5087.jams
dataset/wikifonia_5088.jams
dataset/wikifonia_5089.jams
dataset/wikifonia_5090.jams
dataset/wikifonia_5091.jams
dataset/wikifonia_5092.jams
dataset/wikifonia_5093.jams
dataset/wikifonia_5094.jams
dataset/wikifonia_5095.jams
dataset/wikifonia_5096.jams
dataset/wikifonia_5097.jams
dataset/wikifonia_5098.jams
dataset/wikifonia_5099.jams
dataset/wikifonia_51.jams
dataset/wikifonia_510.jams
dataset/wikifonia_5100.jams
dataset/wikifonia_5101.jams
dataset/wikifonia_5102.jams
dataset/wikifonia_5104.jams
dataset/wikifonia_5105.jams
dataset/wikifonia_5106.jams
dataset/wikifonia_5107.jams
dataset/wikifonia_5108.jams
dataset/wikifonia_5109.jams
dataset/wikifonia_511.jams
dataset/wikifonia_5110.jams
dataset/wikifonia_5111.jams
dataset/wikifonia_5112.jams
dataset/wikifonia_5113.jams
dataset/wikifonia_5114.jams
dataset/wikifonia_5115.jams
dataset/wikifonia_5116.jams
dataset/wikifonia_5117.jams
dataset/wikifonia_5118.jams
dataset/wikifonia_5119.jams
dataset/wikifonia_512.jams
dataset/wikifonia_5120.jams
dataset/wikifonia_5121.jams
dataset/wikifonia_5122.jams
dataset/wikifonia_5123.jams
dataset/wikifonia_5124.jams
dataset/wikifonia_5125.jams
dataset/wikifonia_5126.jams
dataset/wikifonia_5127.jams
dataset/wikifonia_5128.jams
dataset/wikifonia_5129.jams
dataset/wikifonia_513.jams
dataset/wikifonia_5130.jams
dataset/wikifonia_5131.jams
dataset/wikifonia_5133.jams
dataset/wikifonia_5134.jams
dataset/wikifonia_5135.jams
dataset/wikifonia_5136.jams
dataset/wikifonia_5137.jams
dataset/wikifonia_5138.jams
dataset/wikifonia_5139.jams
dataset/wikifonia_514.jams
dataset/wikifonia_5140.jams
dataset/wikifonia_5141.jams
dataset/wikifonia_5142.jams
dataset/wikifonia_5144.jams
dataset/wikifonia_5146.jams
dataset/wikifonia_5147.jams
dataset/wikifonia_5148.jams
dataset/wikifonia_5149.jams
dataset/wikifonia_515.jams
dataset/wikifonia_5150.jams
dataset/wikifonia_5151.jams
dataset/wikifonia_5152.jams
dataset/wikifonia_5154.jams
dataset/wikifonia_5155.jams
dataset/wikifonia_5156.jams
dataset/wikifonia_5157.jams
dataset/wikifonia_5158.jams
dataset/wikifonia_5159.jams
dataset/wikifonia_516.jams
dataset/wikifonia_5160.jams
dataset/wikifonia_5161.jams
dataset/wikifonia_5162.jams
dataset/wikifonia_5163.jams
dataset/wikifonia_5165.jams
dataset/wikifonia_5166.jams
dataset/wikifonia_5167.jams
dataset/wikifonia_5168.jams
dataset/wikifonia_5169.jams
dataset/wikifonia_517.jams
dataset/wikifonia_5170.jams
dataset/wikifonia_5171.jams
dataset/wikifonia_5172.jams
dataset/wikifonia_5173.jams
dataset/wikifonia_5174.jams
dataset/wikifonia_5175.jams
dataset/wikifonia_5176.jams
dataset/wikifonia_5178.jams
dataset/wikifonia_5179.jams
dataset/wikifonia_518.jams
dataset/wikifonia_5180.jams
dataset/wikifonia_5181.jams
dataset/wikifonia_5182.jams
dataset/wikifonia_5183.jams
dataset/wikifonia_5184.jams
dataset/wikifonia_5185.jams
dataset/wikifonia_5186.jams
dataset/wikifonia_5187.jams
dataset/wikifonia_5188.jams
dataset/wikifonia_519.jams
dataset/wikifonia_5190.jams
dataset/wikifonia_5191.jams
dataset/wikifonia_5192.jams
dataset/wikifonia_5193.jams
dataset/wikifonia_5194.jams
dataset/wikifonia_5195.jams
dataset/wikifonia_5196.jams
dataset/wikifonia_5197.jams
dataset/wikifonia_5198.jams
dataset/wikifonia_5199.jams
dataset/wikifonia_52.jams
dataset/wikifonia_520.jams
dataset/wikifonia_5200.jams
dataset/wikifonia_5201.jams
dataset/wikifonia_5202.jams
dataset/wikifonia_5203.jams
dataset/wikifonia_5204.jams
dataset/wikifonia_5205.jams
dataset/wikifonia_5206.jams
dataset/wikifonia_5207.jams
dataset/wikifonia_5208.jams
dataset/wikifonia_5209.jams
dataset/wikifonia_521.jams
dataset/wikifonia_5210.jams
dataset/wikifonia_5211.jams
dataset/wikifonia_5212.jams
dataset/wikifonia_5213.jams
dataset/wikifonia_5214.jams
dataset/wikifonia_5216.jams
dataset/wikifonia_5217.jams
dataset/wikifonia_5218.jams
dataset/wikifonia_5219.jams
dataset/wikifonia_522.jams
dataset/wikifonia_5220.jams
dataset/wikifonia_5221.jams
dataset/wikifonia_5222.jams
dataset/wikifonia_5223.jams
dataset/wikifonia_5224.jams
dataset/wikifonia_5225.jams
dataset/wikifonia_5226.jams
dataset/wikifonia_5227.jams
dataset/wikifonia_5228.jams
dataset/wikifonia_5229.jams
dataset/wikifonia_523.jams
dataset/wikifonia_5230.jams
dataset/wikifonia_5231.jams
dataset/wikifonia_5232.jams
dataset/wikifonia_5233.jams
dataset/wikifonia_5234.jams
dataset/wikifonia_5235.jams
dataset/wikifonia_5236.jams
dataset/wikifonia_5237.jams
dataset/wikifonia_5238.jams
dataset/wikifonia_5239.jams
dataset/wikifonia_524.jams
dataset/wikifonia_5240.jams
dataset/wikifonia_5241.jams
dataset/wikifonia_5242.jams
dataset/wikifonia_5243.jams
dataset/wikifonia_5244.jams
dataset/wikifonia_5245.jams
dataset/wikifonia_5246.jams
dataset/wikifonia_5247.jams
dataset/wikifonia_5248.jams
dataset/wikifonia_5249.jams
dataset/wikifonia_525.jams
dataset/wikifonia_5250.jams
dataset/wikifonia_5251.jams
dataset/wikifonia_5252.jams
dataset/wikifonia_5253.jams
dataset/wikifonia_5254.jams
dataset/wikifonia_5255.jams
dataset/wikifonia_5256.jams
dataset/wikifonia_5257.jams
dataset/wikifonia_5258.jams
dataset/wikifonia_5259.jams
dataset/wikifonia_526.jams
dataset/wikifonia_5260.jams
dataset/wikifonia_5261.jams
dataset/wikifonia_5262.jams
dataset/wikifonia_5263.jams
dataset/wikifonia_5264.jams
dataset/wikifonia_5265.jams
dataset/wikifonia_5266.jams
dataset/wikifonia_5267.jams
dataset/wikifonia_5268.jams
dataset/wikifonia_5269.jams
dataset/wikifonia_5271.jams
dataset/wikifonia_5272.jams
dataset/wikifonia_5273.jams
dataset/wikifonia_5274.jams
dataset/wikifonia_5275.jams
dataset/wikifonia_5276.jams
dataset/wikifonia_5277.jams
dataset/wikifonia_5278.jams
dataset/wikifonia_5279.jams
dataset/wikifonia_5280.jams
dataset/wikifonia_5281.jams
dataset/wikifonia_5282.jams
dataset/wikifonia_5283.jams
dataset/wikifonia_5284.jams
dataset/wikifonia_5285.jams
dataset/wikifonia_5286.jams
dataset/wikifonia_5287.jams
dataset/wikifonia_5288.jams
dataset/wikifonia_5289.jams
dataset/wikifonia_529.jams
dataset/wikifonia_5290.jams
dataset/wikifonia_5291.jams
dataset/wikifonia_5293.jams
dataset/wikifonia_5294.jams
dataset/wikifonia_5295.jams
dataset/wikifonia_5296.jams
dataset/wikifonia_5297.jams
dataset/wikifonia_5298.jams
dataset/wikifonia_5299.jams
dataset/wikifonia_53.jams
dataset/wikifonia_530.jams
dataset/wikifonia_5300.jams
dataset/wikifonia_5301.jams
dataset/wikifonia_5302.jams
dataset/wikifonia_5303.jams
dataset/wikifonia_5304.jams
dataset/wikifonia_5305.jams
dataset/wikifonia_5306.jams
dataset/wikifonia_5307.jams
dataset/wikifonia_5308.jams
dataset/wikifonia_5309.jams
dataset/wikifonia_531.jams
dataset/wikifonia_5310.jams
dataset/wikifonia_5311.jams
dataset/wikifonia_5312.jams
dataset/wikifonia_5313.jams
dataset/wikifonia_5314.jams
dataset/wikifonia_5315.jams
dataset/wikifonia_5316.jams
dataset/wikifonia_5317.jams
dataset/wikifonia_5318.jams
dataset/wikifonia_5319.jams
dataset/wikifonia_532.jams
dataset/wikifonia_5320.jams
dataset/wikifonia_5321.jams
dataset/wikifonia_5322.jams
dataset/wikifonia_5323.jams
dataset/wikifonia_5324.jams
dataset/wikifonia_5325.jams
dataset/wikifonia_5326.jams
dataset/wikifonia_5327.jams
dataset/wikifonia_5328.jams
dataset/wikifonia_533.jams
dataset/wikifonia_5330.jams
dataset/wikifonia_5331.jams
dataset/wikifonia_5332.jams
dataset/wikifonia_5333.jams
dataset/wikifonia_5334.jams
dataset/wikifonia_5335.jams
dataset/wikifonia_5336.jams
dataset/wikifonia_5337.jams
dataset/wikifonia_5338.jams
dataset/wikifonia_5339.jams
dataset/wikifonia_534.jams
dataset/wikifonia_5340.jams
dataset/wikifonia_5341.jams
dataset/wikifonia_5342.jams
dataset/wikifonia_5344.jams
dataset/wikifonia_5345.jams
dataset/wikifonia_5346.jams
dataset/wikifonia_5347.jams
dataset/wikifonia_5348.jams
dataset/wikifonia_5349.jams
dataset/wikifonia_535.jams
dataset/wikifonia_5350.jams
dataset/wikifonia_5351.jams
dataset/wikifonia_5352.jams
dataset/wikifonia_5353.jams
dataset/wikifonia_5354.jams
dataset/wikifonia_5355.jams
dataset/wikifonia_5356.jams
dataset/wikifonia_5357.jams
dataset/wikifonia_5358.jams
dataset/wikifonia_5359.jams
dataset/wikifonia_536.jams
dataset/wikifonia_5360.jams
dataset/wikifonia_5361.jams
dataset/wikifonia_5362.jams
dataset/wikifonia_5364.jams
dataset/wikifonia_5365.jams
dataset/wikifonia_5366.jams
dataset/wikifonia_5368.jams
dataset/wikifonia_5369.jams
dataset/wikifonia_537.jams
dataset/wikifonia_5370.jams
dataset/wikifonia_5371.jams
dataset/wikifonia_5372.jams
dataset/wikifonia_5373.jams
dataset/wikifonia_5374.jams
dataset/wikifonia_5375.jams
dataset/wikifonia_5377.jams
dataset/wikifonia_5378.jams
dataset/wikifonia_5379.jams
dataset/wikifonia_5380.jams
dataset/wikifonia_5381.jams
dataset/wikifonia_5383.jams
dataset/wikifonia_5384.jams
dataset/wikifonia_5385.jams
dataset/wikifonia_5386.jams
dataset/wikifonia_5387.jams
dataset/wikifonia_5388.jams
dataset/wikifonia_5389.jams
dataset/wikifonia_539.jams
dataset/wikifonia_5390.jams
dataset/wikifonia_5392.jams
dataset/wikifonia_5393.jams
dataset/wikifonia_5394.jams
dataset/wikifonia_5396.jams
dataset/wikifonia_5397.jams
dataset/wikifonia_5398.jams
dataset/wikifonia_5399.jams
dataset/wikifonia_54.jams
dataset/wikifonia_540.jams
dataset/wikifonia_5400.jams
dataset/wikifonia_5402.jams
dataset/wikifonia_5403.jams
dataset/wikifonia_5404.jams
dataset/wikifonia_5405.jams
dataset/wikifonia_5406.jams
dataset/wikifonia_5407.jams
dataset/wikifonia_5408.jams
dataset/wikifonia_5409.jams
dataset/wikifonia_541.jams
dataset/wikifonia_5410.jams
dataset/wikifonia_5411.jams
dataset/wikifonia_5413.jams
dataset/wikifonia_5414.jams
dataset/wikifonia_5415.jams
dataset/wikifonia_5416.jams
dataset/wikifonia_5417.jams
dataset/wikifonia_5418.jams
dataset/wikifonia_5419.jams
dataset/wikifonia_542.jams
dataset/wikifonia_5420.jams
dataset/wikifonia_5421.jams
dataset/wikifonia_5422.jams
dataset/wikifonia_5423.jams
dataset/wikifonia_5424.jams
dataset/wikifonia_5425.jams
dataset/wikifonia_5427.jams
dataset/wikifonia_5429.jams
dataset/wikifonia_543.jams
dataset/wikifonia_5430.jams
dataset/wikifonia_5431.jams
dataset/wikifonia_5432.jams
dataset/wikifonia_5433.jams
dataset/wikifonia_5434.jams
dataset/wikifonia_5435.jams
dataset/wikifonia_5436.jams
dataset/wikifonia_5437.jams
dataset/wikifonia_5438.jams
dataset/wikifonia_5439.jams
dataset/wikifonia_5440.jams
dataset/wikifonia_5441.jams
dataset/wikifonia_5442.jams
dataset/wikifonia_5443.jams
dataset/wikifonia_5444.jams
dataset/wikifonia_5445.jams
dataset/wikifonia_5446.jams
dataset/wikifonia_5447.jams
dataset/wikifonia_5448.jams
dataset/wikifonia_5449.jams
dataset/wikifonia_545.jams
dataset/wikifonia_5450.jams
dataset/wikifonia_5451.jams
dataset/wikifonia_5452.jams
dataset/wikifonia_5453.jams
dataset/wikifonia_5454.jams
dataset/wikifonia_5456.jams
dataset/wikifonia_5457.jams
dataset/wikifonia_5458.jams
dataset/wikifonia_5459.jams
dataset/wikifonia_546.jams
dataset/wikifonia_5460.jams
dataset/wikifonia_5461.jams
dataset/wikifonia_5462.jams
dataset/wikifonia_5463.jams
dataset/wikifonia_5464.jams
dataset/wikifonia_5465.jams
dataset/wikifonia_5466.jams
dataset/wikifonia_5467.jams
dataset/wikifonia_5468.jams
dataset/wikifonia_5469.jams
dataset/wikifonia_547.jams
dataset/wikifonia_5470.jams
dataset/wikifonia_5471.jams
dataset/wikifonia_5472.jams
dataset/wikifonia_5473.jams
dataset/wikifonia_5474.jams
dataset/wikifonia_5475.jams
dataset/wikifonia_5476.jams
dataset/wikifonia_5477.jams
dataset/wikifonia_5478.jams
dataset/wikifonia_5479.jams
dataset/wikifonia_548.jams
dataset/wikifonia_5480.jams
dataset/wikifonia_5481.jams
dataset/wikifonia_5482.jams
dataset/wikifonia_5483.jams
dataset/wikifonia_5484.jams
dataset/wikifonia_5485.jams
dataset/wikifonia_5486.jams
dataset/wikifonia_5487.jams
dataset/wikifonia_5488.jams
dataset/wikifonia_5489.jams
dataset/wikifonia_549.jams
dataset/wikifonia_5491.jams
dataset/wikifonia_5492.jams
dataset/wikifonia_5493.jams
dataset/wikifonia_5494.jams
dataset/wikifonia_5495.jams
dataset/wikifonia_5496.jams
dataset/wikifonia_5497.jams
dataset/wikifonia_5498.jams
dataset/wikifonia_5499.jams
dataset/wikifonia_55.jams
dataset/wikifonia_550.jams
dataset/wikifonia_5500.jams
dataset/wikifonia_5501.jams
dataset/wikifonia_5502.jams
dataset/wikifonia_5503.jams
dataset/wikifonia_5504.jams
dataset/wikifonia_5505.jams
dataset/wikifonia_5506.jams
dataset/wikifonia_5507.jams
dataset/wikifonia_5508.jams
dataset/wikifonia_5509.jams
dataset/wikifonia_551.jams
dataset/wikifonia_5510.jams
dataset/wikifonia_5511.jams
dataset/wikifonia_5512.jams
dataset/wikifonia_5513.jams
dataset/wikifonia_5514.jams
dataset/wikifonia_5515.jams
dataset/wikifonia_5517.jams
dataset/wikifonia_5518.jams
dataset/wikifonia_5520.jams
dataset/wikifonia_5521.jams
dataset/wikifonia_5523.jams
dataset/wikifonia_5524.jams
dataset/wikifonia_5527.jams
dataset/wikifonia_5528.jams
dataset/wikifonia_553.jams
dataset/wikifonia_5530.jams
dataset/wikifonia_5531.jams
dataset/wikifonia_5532.jams
dataset/wikifonia_5533.jams
dataset/wikifonia_5534.jams
dataset/wikifonia_5536.jams
dataset/wikifonia_5537.jams
dataset/wikifonia_5538.jams
dataset/wikifonia_5539.jams
dataset/wikifonia_554.jams
dataset/wikifonia_5540.jams
dataset/wikifonia_5541.jams
dataset/wikifonia_5542.jams
dataset/wikifonia_5543.jams
dataset/wikifonia_5544.jams
dataset/wikifonia_5545.jams
dataset/wikifonia_5546.jams
dataset/wikifonia_5547.jams
dataset/wikifonia_5549.jams
dataset/wikifonia_5550.jams
dataset/wikifonia_5551.jams
dataset/wikifonia_5552.jams
dataset/wikifonia_5553.jams
dataset/wikifonia_5554.jams
dataset/wikifonia_5555.jams
dataset/wikifonia_5556.jams
dataset/wikifonia_5557.jams
dataset/wikifonia_5558.jams
dataset/wikifonia_556.jams
dataset/wikifonia_5560.jams
dataset/wikifonia_5561.jams
dataset/wikifonia_5562.jams
dataset/wikifonia_5563.jams
dataset/wikifonia_5564.jams
dataset/wikifonia_5565.jams
dataset/wikifonia_5566.jams
dataset/wikifonia_5567.jams
dataset/wikifonia_5568.jams
dataset/wikifonia_5569.jams
dataset/wikifonia_557.jams
dataset/wikifonia_5570.jams
dataset/wikifonia_5571.jams
dataset/wikifonia_5572.jams
dataset/wikifonia_5573.jams
dataset/wikifonia_5574.jams
dataset/wikifonia_5575.jams
dataset/wikifonia_5576.jams
dataset/wikifonia_5577.jams
dataset/wikifonia_5578.jams
dataset/wikifonia_5579.jams
dataset/wikifonia_558.jams
dataset/wikifonia_5580.jams
dataset/wikifonia_5581.jams
dataset/wikifonia_5582.jams
dataset/wikifonia_5583.jams
dataset/wikifonia_5584.jams
dataset/wikifonia_5585.jams
dataset/wikifonia_5586.jams
dataset/wikifonia_5587.jams
dataset/wikifonia_5589.jams
dataset/wikifonia_559.jams
dataset/wikifonia_5590.jams
dataset/wikifonia_5591.jams
dataset/wikifonia_5593.jams
dataset/wikifonia_5594.jams
dataset/wikifonia_5596.jams
dataset/wikifonia_5597.jams
dataset/wikifonia_5598.jams
dataset/wikifonia_5599.jams
dataset/wikifonia_56.jams
dataset/wikifonia_560.jams
dataset/wikifonia_5600.jams
dataset/wikifonia_5601.jams
dataset/wikifonia_5602.jams
dataset/wikifonia_5603.jams
dataset/wikifonia_5604.jams
dataset/wikifonia_5605.jams
dataset/wikifonia_5606.jams
dataset/wikifonia_5607.jams
dataset/wikifonia_5608.jams
dataset/wikifonia_5609.jams
dataset/wikifonia_561.jams
dataset/wikifonia_5610.jams
dataset/wikifonia_5611.jams
dataset/wikifonia_5612.jams
dataset/wikifonia_5613.jams
dataset/wikifonia_5614.jams
dataset/wikifonia_5615.jams
dataset/wikifonia_5616.jams
dataset/wikifonia_5617.jams
dataset/wikifonia_5618.jams
dataset/wikifonia_5619.jams
dataset/wikifonia_562.jams
dataset/wikifonia_5620.jams
dataset/wikifonia_5621.jams
dataset/wikifonia_5622.jams
dataset/wikifonia_5623.jams
dataset/wikifonia_5624.jams
dataset/wikifonia_5627.jams
dataset/wikifonia_5628.jams
dataset/wikifonia_5629.jams
dataset/wikifonia_563.jams
dataset/wikifonia_5630.jams
dataset/wikifonia_5631.jams
dataset/wikifonia_5632.jams
dataset/wikifonia_5633.jams
dataset/wikifonia_5634.jams
dataset/wikifonia_5636.jams
dataset/wikifonia_5637.jams
dataset/wikifonia_5638.jams
dataset/wikifonia_5639.jams
dataset/wikifonia_5640.jams
dataset/wikifonia_5641.jams
dataset/wikifonia_5642.jams
dataset/wikifonia_5643.jams
dataset/wikifonia_5644.jams
dataset/wikifonia_5645.jams
dataset/wikifonia_5646.jams
dataset/wikifonia_5648.jams
dataset/wikifonia_5649.jams
dataset/wikifonia_565.jams
dataset/wikifonia_5650.jams
dataset/wikifonia_5651.jams
dataset/wikifonia_5652.jams
dataset/wikifonia_5653.jams
dataset/wikifonia_5654.jams
dataset/wikifonia_5655.jams
dataset/wikifonia_5656.jams
dataset/wikifonia_5657.jams
dataset/wikifonia_566.jams
dataset/wikifonia_5660.jams
dataset/wikifonia_5661.jams
dataset/wikifonia_5662.jams
dataset/wikifonia_5663.jams
dataset/wikifonia_5664.jams
dataset/wikifonia_5665.jams
dataset/wikifonia_5666.jams
dataset/wikifonia_5667.jams
dataset/wikifonia_5668.jams
dataset/wikifonia_5669.jams
dataset/wikifonia_567.jams
dataset/wikifonia_5670.jams
dataset/wikifonia_5671.jams
dataset/wikifonia_5672.jams
dataset/wikifonia_5673.jams
dataset/wikifonia_5674.jams
dataset/wikifonia_5675.jams
dataset/wikifonia_5676.jams
dataset/wikifonia_5678.jams
dataset/wikifonia_5679.jams
dataset/wikifonia_568.jams
dataset/wikifonia_5680.jams
dataset/wikifonia_5681.jams
dataset/wikifonia_5682.jams
dataset/wikifonia_5683.jams
dataset/wikifonia_5684.jams
dataset/wikifonia_5685.jams
dataset/wikifonia_5686.jams
dataset/wikifonia_5687.jams
dataset/wikifonia_5688.jams
dataset/wikifonia_5689.jams
dataset/wikifonia_569.jams
dataset/wikifonia_5690.jams
dataset/wikifonia_5691.jams
dataset/wikifonia_5692.jams
dataset/wikifonia_5693.jams
dataset/wikifonia_5694.jams
dataset/wikifonia_5695.jams
dataset/wikifonia_5696.jams
dataset/wikifonia_5697.jams
dataset/wikifonia_5698.jams
dataset/wikifonia_5699.jams
dataset/wikifonia_57.jams
dataset/wikifonia_570.jams
dataset/wikifonia_5700.jams
dataset/wikifonia_5701.jams
dataset/wikifonia_5702.jams
dataset/wikifonia_5703.jams
dataset/wikifonia_5704.jams
dataset/wikifonia_5705.jams
dataset/wikifonia_5706.jams
dataset/wikifonia_5707.jams
dataset/wikifonia_5708.jams
dataset/wikifonia_5709.jams
dataset/wikifonia_571.jams
dataset/wikifonia_5710.jams
dataset/wikifonia_5711.jams
dataset/wikifonia_5712.jams
dataset/wikifonia_5713.jams
dataset/wikifonia_5714.jams
dataset/wikifonia_5715.jams
dataset/wikifonia_5716.jams
dataset/wikifonia_5717.jams
dataset/wikifonia_5719.jams
dataset/wikifonia_572.jams
dataset/wikifonia_5720.jams
dataset/wikifonia_5721.jams
dataset/wikifonia_5722.jams
dataset/wikifonia_5723.jams
dataset/wikifonia_5724.jams
dataset/wikifonia_5725.jams
dataset/wikifonia_5726.jams
dataset/wikifonia_5727.jams
dataset/wikifonia_5728.jams
dataset/wikifonia_5729.jams
dataset/wikifonia_573.jams
dataset/wikifonia_5730.jams
dataset/wikifonia_5731.jams
dataset/wikifonia_5732.jams
dataset/wikifonia_5733.jams
dataset/wikifonia_5734.jams
dataset/wikifonia_5735.jams
dataset/wikifonia_5736.jams
dataset/wikifonia_5737.jams
dataset/wikifonia_5739.jams
dataset/wikifonia_574.jams
dataset/wikifonia_5740.jams
dataset/wikifonia_5741.jams
dataset/wikifonia_5742.jams
dataset/wikifonia_5744.jams
dataset/wikifonia_5745.jams
dataset/wikifonia_5746.jams
dataset/wikifonia_5747.jams
dataset/wikifonia_5748.jams
dataset/wikifonia_5749.jams
dataset/wikifonia_575.jams
dataset/wikifonia_5750.jams
dataset/wikifonia_5751.jams
dataset/wikifonia_5752.jams
dataset/wikifonia_5753.jams
dataset/wikifonia_5754.jams
dataset/wikifonia_5755.jams
dataset/wikifonia_5756.jams
dataset/wikifonia_5757.jams
dataset/wikifonia_5758.jams
dataset/wikifonia_5759.jams
dataset/wikifonia_576.jams
dataset/wikifonia_5760.jams
dataset/wikifonia_5761.jams
dataset/wikifonia_5762.jams
dataset/wikifonia_5763.jams
dataset/wikifonia_5764.jams
dataset/wikifonia_5765.jams
dataset/wikifonia_5766.jams
dataset/wikifonia_5767.jams
dataset/wikifonia_5768.jams
dataset/wikifonia_5769.jams
dataset/wikifonia_577.jams
dataset/wikifonia_5771.jams
dataset/wikifonia_5772.jams
dataset/wikifonia_5773.jams
dataset/wikifonia_5774.jams
dataset/wikifonia_5775.jams
dataset/wikifonia_5776.jams
dataset/wikifonia_5777.jams
dataset/wikifonia_5778.jams
dataset/wikifonia_5779.jams
dataset/wikifonia_5780.jams
dataset/wikifonia_5782.jams
dataset/wikifonia_5783.jams
dataset/wikifonia_5785.jams
dataset/wikifonia_5787.jams
dataset/wikifonia_579.jams
dataset/wikifonia_5790.jams
dataset/wikifonia_5791.jams
dataset/wikifonia_5792.jams
dataset/wikifonia_5793.jams
dataset/wikifonia_5794.jams
dataset/wikifonia_5795.jams
dataset/wikifonia_5796.jams
dataset/wikifonia_5797.jams
dataset/wikifonia_5798.jams
dataset/wikifonia_5799.jams
dataset/wikifonia_58.jams
dataset/wikifonia_580.jams
dataset/wikifonia_5800.jams
dataset/wikifonia_5801.jams
dataset/wikifonia_5802.jams
dataset/wikifonia_5803.jams
dataset/wikifonia_5804.jams
dataset/wikifonia_5805.jams
dataset/wikifonia_5806.jams
dataset/wikifonia_5807.jams
dataset/wikifonia_5808.jams
dataset/wikifonia_5809.jams
dataset/wikifonia_581.jams
dataset/wikifonia_5810.jams
dataset/wikifonia_5811.jams
dataset/wikifonia_5812.jams
dataset/wikifonia_5813.jams
dataset/wikifonia_5814.jams
dataset/wikifonia_5815.jams
dataset/wikifonia_5816.jams
dataset/wikifonia_5817.jams
dataset/wikifonia_5818.jams
dataset/wikifonia_5819.jams
dataset/wikifonia_582.jams
dataset/wikifonia_5820.jams
dataset/wikifonia_5822.jams
dataset/wikifonia_5824.jams
dataset/wikifonia_5825.jams
dataset/wikifonia_5826.jams
dataset/wikifonia_5827.jams
dataset/wikifonia_5828.jams
dataset/wikifonia_5829.jams
dataset/wikifonia_583.jams
dataset/wikifonia_5830.jams
dataset/wikifonia_5831.jams
dataset/wikifonia_5832.jams
dataset/wikifonia_5833.jams
dataset/wikifonia_5834.jams
dataset/wikifonia_5835.jams
dataset/wikifonia_5837.jams
dataset/wikifonia_5838.jams
dataset/wikifonia_5839.jams
dataset/wikifonia_584.jams
dataset/wikifonia_5840.jams
dataset/wikifonia_5841.jams
dataset/wikifonia_5842.jams
dataset/wikifonia_5843.jams
dataset/wikifonia_5844.jams
dataset/wikifonia_5845.jams
dataset/wikifonia_5846.jams
dataset/wikifonia_5847.jams
dataset/wikifonia_5848.jams
dataset/wikifonia_5849.jams
dataset/wikifonia_585.jams
dataset/wikifonia_5850.jams
dataset/wikifonia_5851.jams
dataset/wikifonia_5852.jams
dataset/wikifonia_5853.jams
dataset/wikifonia_5854.jams
dataset/wikifonia_5855.jams
dataset/wikifonia_5856.jams
dataset/wikifonia_5857.jams
dataset/wikifonia_5858.jams
dataset/wikifonia_5859.jams
dataset/wikifonia_586.jams
dataset/wikifonia_5860.jams
dataset/wikifonia_5861.jams
dataset/wikifonia_5862.jams
dataset/wikifonia_5863.jams
dataset/wikifonia_5865.jams
dataset/wikifonia_5866.jams
dataset/wikifonia_5867.jams
dataset/wikifonia_5868.jams
dataset/wikifonia_5869.jams
dataset/wikifonia_587.jams
dataset/wikifonia_5870.jams
dataset/wikifonia_5871.jams
dataset/wikifonia_5872.jams
dataset/wikifonia_5873.jams
dataset/wikifonia_5874.jams
dataset/wikifonia_5875.jams
dataset/wikifonia_5876.jams
dataset/wikifonia_5877.jams
dataset/wikifonia_5878.jams
dataset/wikifonia_5879.jams
dataset/wikifonia_588.jams
dataset/wikifonia_5880.jams
dataset/wikifonia_5881.jams
dataset/wikifonia_5882.jams
dataset/wikifonia_5883.jams
dataset/wikifonia_5884.jams
dataset/wikifonia_5885.jams
dataset/wikifonia_5886.jams
dataset/wikifonia_5887.jams
dataset/wikifonia_5888.jams
dataset/wikifonia_5889.jams
dataset/wikifonia_589.jams
dataset/wikifonia_5890.jams
dataset/wikifonia_5891.jams
dataset/wikifonia_5892.jams
dataset/wikifonia_5893.jams
dataset/wikifonia_5894.jams
dataset/wikifonia_5895.jams
dataset/wikifonia_5896.jams
dataset/wikifonia_5897.jams
dataset/wikifonia_5898.jams
dataset/wikifonia_5899.jams
dataset/wikifonia_59.jams
dataset/wikifonia_590.jams
dataset/wikifonia_5900.jams
dataset/wikifonia_5901.jams
dataset/wikifonia_5902.jams
dataset/wikifonia_5903.jams
dataset/wikifonia_5904.jams
dataset/wikifonia_5905.jams
dataset/wikifonia_5906.jams
dataset/wikifonia_5907.jams
dataset/wikifonia_5908.jams
dataset/wikifonia_5909.jams
dataset/wikifonia_591.jams
dataset/wikifonia_5910.jams
dataset/wikifonia_5912.jams
dataset/wikifonia_5913.jams
dataset/wikifonia_5914.jams
dataset/wikifonia_5915.jams
dataset/wikifonia_5916.jams
dataset/wikifonia_5917.jams
dataset/wikifonia_5918.jams
dataset/wikifonia_5919.jams
dataset/wikifonia_592.jams
dataset/wikifonia_5920.jams
dataset/wikifonia_5921.jams
dataset/wikifonia_5922.jams
dataset/wikifonia_5923.jams
dataset/wikifonia_5924.jams
dataset/wikifonia_5925.jams
dataset/wikifonia_5926.jams
dataset/wikifonia_5927.jams
dataset/wikifonia_5928.jams
dataset/wikifonia_5929.jams
dataset/wikifonia_593.jams
dataset/wikifonia_5930.jams
dataset/wikifonia_5932.jams
dataset/wikifonia_5933.jams
dataset/wikifonia_5934.jams
dataset/wikifonia_5935.jams
dataset/wikifonia_5936.jams
dataset/wikifonia_5937.jams
dataset/wikifonia_5938.jams
dataset/wikifonia_5939.jams
dataset/wikifonia_594.jams
dataset/wikifonia_5940.jams
dataset/wikifonia_5941.jams
dataset/wikifonia_5942.jams
dataset/wikifonia_5943.jams
dataset/wikifonia_5944.jams
dataset/wikifonia_5945.jams
dataset/wikifonia_5946.jams
dataset/wikifonia_5947.jams
dataset/wikifonia_5948.jams
dataset/wikifonia_5949.jams
dataset/wikifonia_595.jams
dataset/wikifonia_5951.jams
dataset/wikifonia_5952.jams
dataset/wikifonia_5953.jams
dataset/wikifonia_5954.jams
dataset/wikifonia_5955.jams
dataset/wikifonia_5957.jams
dataset/wikifonia_5958.jams
dataset/wikifonia_5959.jams
dataset/wikifonia_596.jams
dataset/wikifonia_5961.jams
dataset/wikifonia_5962.jams
dataset/wikifonia_5963.jams
dataset/wikifonia_5964.jams
dataset/wikifonia_5965.jams
dataset/wikifonia_5966.jams
dataset/wikifonia_5967.jams
dataset/wikifonia_5968.jams
dataset/wikifonia_5969.jams
dataset/wikifonia_5970.jams
dataset/wikifonia_5971.jams
dataset/wikifonia_5972.jams
dataset/wikifonia_5973.jams
dataset/wikifonia_5974.jams
dataset/wikifonia_5976.jams
dataset/wikifonia_5977.jams
dataset/wikifonia_5978.jams
dataset/wikifonia_5979.jams
dataset/wikifonia_598.jams
dataset/wikifonia_5980.jams
dataset/wikifonia_5981.jams
dataset/wikifonia_5982.jams
dataset/wikifonia_5984.jams
dataset/wikifonia_5985.jams
dataset/wikifonia_5986.jams
dataset/wikifonia_5987.jams
dataset/wikifonia_5988.jams
dataset/wikifonia_5989.jams
dataset/wikifonia_599.jams
dataset/wikifonia_5990.jams
dataset/wikifonia_5991.jams
dataset/wikifonia_5992.jams
dataset/wikifonia_5993.jams
dataset/wikifonia_5994.jams
dataset/wikifonia_5995.jams
dataset/wikifonia_5996.jams
dataset/wikifonia_5997.jams
dataset/wikifonia_5998.jams
dataset/wikifonia_5999.jams
dataset/wikifonia_6.jams
dataset/wikifonia_60.jams
dataset/wikifonia_600.jams
dataset/wikifonia_6000.jams
dataset/wikifonia_6003.jams
dataset/wikifonia_6004.jams
dataset/wikifonia_6005.jams
dataset/wikifonia_6006.jams
dataset/wikifonia_6007.jams
dataset/wikifonia_6008.jams
dataset/wikifonia_6009.jams
dataset/wikifonia_601.jams
dataset/wikifonia_6010.jams
dataset/wikifonia_6011.jams
dataset/wikifonia_6012.jams
dataset/wikifonia_6013.jams
dataset/wikifonia_6014.jams
dataset/wikifonia_6015.jams
dataset/wikifonia_6016.jams
dataset/wikifonia_6018.jams
dataset/wikifonia_6019.jams
dataset/wikifonia_602.jams
dataset/wikifonia_6020.jams
dataset/wikifonia_6021.jams
dataset/wikifonia_6022.jams
dataset/wikifonia_6023.jams
dataset/wikifonia_6024.jams
dataset/wikifonia_6025.jams
dataset/wikifonia_6026.jams
dataset/wikifonia_6027.jams
dataset/wikifonia_6028.jams
dataset/wikifonia_6029.jams
dataset/wikifonia_603.jams
dataset/wikifonia_6030.jams
dataset/wikifonia_6031.jams
dataset/wikifonia_6032.jams
dataset/wikifonia_6034.jams
dataset/wikifonia_6036.jams
dataset/wikifonia_6037.jams
dataset/wikifonia_6038.jams
dataset/wikifonia_6039.jams
dataset/wikifonia_6040.jams
dataset/wikifonia_6041.jams
dataset/wikifonia_6042.jams
dataset/wikifonia_6043.jams
dataset/wikifonia_6044.jams
dataset/wikifonia_6045.jams
dataset/wikifonia_6046.jams
dataset/wikifonia_6047.jams
dataset/wikifonia_6048.jams
dataset/wikifonia_6049.jams
dataset/wikifonia_6050.jams
dataset/wikifonia_6051.jams
dataset/wikifonia_6052.jams
dataset/wikifonia_6053.jams
dataset/wikifonia_6054.jams
dataset/wikifonia_6055.jams
dataset/wikifonia_6056.jams
dataset/wikifonia_6057.jams
dataset/wikifonia_6058.jams
dataset/wikifonia_6059.jams
dataset/wikifonia_606.jams
dataset/wikifonia_6060.jams
dataset/wikifonia_6061.jams
dataset/wikifonia_6062.jams
dataset/wikifonia_6063.jams
dataset/wikifonia_6064.jams
dataset/wikifonia_6065.jams
dataset/wikifonia_6066.jams
dataset/wikifonia_6067.jams
dataset/wikifonia_6068.jams
dataset/wikifonia_6069.jams
dataset/wikifonia_6070.jams
dataset/wikifonia_6071.jams
dataset/wikifonia_6072.jams
dataset/wikifonia_6073.jams
dataset/wikifonia_6074.jams
dataset/wikifonia_6075.jams
dataset/wikifonia_6076.jams
dataset/wikifonia_6077.jams
dataset/wikifonia_6078.jams
dataset/wikifonia_6079.jams
dataset/wikifonia_608.jams
dataset/wikifonia_6080.jams
dataset/wikifonia_6081.jams
dataset/wikifonia_6082.jams
dataset/wikifonia_6083.jams
dataset/wikifonia_6084.jams
dataset/wikifonia_6085.jams
dataset/wikifonia_6086.jams
dataset/wikifonia_6087.jams
dataset/wikifonia_6088.jams
dataset/wikifonia_6089.jams
dataset/wikifonia_609.jams
dataset/wikifonia_6090.jams
dataset/wikifonia_6091.jams
dataset/wikifonia_6092.jams
dataset/wikifonia_6093.jams
dataset/wikifonia_6094.jams
dataset/wikifonia_6095.jams
dataset/wikifonia_6096.jams
dataset/wikifonia_6097.jams
dataset/wikifonia_6098.jams
dataset/wikifonia_6099.jams
dataset/wikifonia_61.jams
dataset/wikifonia_610.jams
dataset/wikifonia_6100.jams
dataset/wikifonia_6101.jams
dataset/wikifonia_6102.jams
dataset/wikifonia_6103.jams
dataset/wikifonia_6104.jams
dataset/wikifonia_6105.jams
dataset/wikifonia_6106.jams
dataset/wikifonia_6107.jams
dataset/wikifonia_6108.jams
dataset/wikifonia_6109.jams
dataset/wikifonia_611.jams
dataset/wikifonia_6110.jams
dataset/wikifonia_6111.jams
dataset/wikifonia_6112.jams
dataset/wikifonia_6113.jams
dataset/wikifonia_6114.jams
dataset/wikifonia_6115.jams
dataset/wikifonia_6116.jams
dataset/wikifonia_6117.jams
dataset/wikifonia_6118.jams
dataset/wikifonia_6119.jams
dataset/wikifonia_612.jams
dataset/wikifonia_6120.jams
dataset/wikifonia_6121.jams
dataset/wikifonia_6122.jams
dataset/wikifonia_6123.jams
dataset/wikifonia_6124.jams
dataset/wikifonia_6126.jams
dataset/wikifonia_6128.jams
dataset/wikifonia_6129.jams
dataset/wikifonia_613.jams
dataset/wikifonia_6130.jams
dataset/wikifonia_6131.jams
dataset/wikifonia_6132.jams
dataset/wikifonia_6133.jams
dataset/wikifonia_6134.jams
dataset/wikifonia_6135.jams
dataset/wikifonia_6136.jams
dataset/wikifonia_6137.jams
dataset/wikifonia_6138.jams
dataset/wikifonia_6139.jams
dataset/wikifonia_614.jams
dataset/wikifonia_6140.jams
dataset/wikifonia_6141.jams
dataset/wikifonia_6142.jams
dataset/wikifonia_6143.jams
dataset/wikifonia_6144.jams
dataset/wikifonia_6145.jams
dataset/wikifonia_6146.jams
dataset/wikifonia_6147.jams
dataset/wikifonia_6148.jams
dataset/wikifonia_6149.jams
dataset/wikifonia_615.jams
dataset/wikifonia_6150.jams
dataset/wikifonia_6151.jams
dataset/wikifonia_6153.jams
dataset/wikifonia_6154.jams
dataset/wikifonia_6155.jams
dataset/wikifonia_6156.jams
dataset/wikifonia_6157.jams
dataset/wikifonia_6158.jams
dataset/wikifonia_6159.jams
dataset/wikifonia_616.jams
dataset/wikifonia_6160.jams
dataset/wikifonia_6161.jams
dataset/wikifonia_6162.jams
dataset/wikifonia_6163.jams
dataset/wikifonia_6164.jams
dataset/wikifonia_6165.jams
dataset/wikifonia_6167.jams
dataset/wikifonia_6169.jams
dataset/wikifonia_6171.jams
dataset/wikifonia_6172.jams
dataset/wikifonia_6173.jams
dataset/wikifonia_6174.jams
dataset/wikifonia_6175.jams
dataset/wikifonia_6176.jams
dataset/wikifonia_6177.jams
dataset/wikifonia_6178.jams
dataset/wikifonia_6179.jams
dataset/wikifonia_618.jams
dataset/wikifonia_6180.jams
dataset/wikifonia_6181.jams
dataset/wikifonia_6182.jams
dataset/wikifonia_6183.jams
dataset/wikifonia_6184.jams
dataset/wikifonia_6185.jams
dataset/wikifonia_6187.jams
dataset/wikifonia_6188.jams
dataset/wikifonia_6189.jams
dataset/wikifonia_619.jams
dataset/wikifonia_6190.jams
dataset/wikifonia_6191.jams
dataset/wikifonia_6192.jams
dataset/wikifonia_6194.jams
dataset/wikifonia_6195.jams
dataset/wikifonia_6196.jams
dataset/wikifonia_6197.jams
dataset/wikifonia_6198.jams
dataset/wikifonia_6199.jams
dataset/wikifonia_62.jams
dataset/wikifonia_620.jams
dataset/wikifonia_6200.jams
dataset/wikifonia_6201.jams
dataset/wikifonia_6202.jams
dataset/wikifonia_6203.jams
dataset/wikifonia_6204.jams
dataset/wikifonia_6206.jams
dataset/wikifonia_6207.jams
dataset/wikifonia_6208.jams
dataset/wikifonia_6209.jams
dataset/wikifonia_621.jams
dataset/wikifonia_6210.jams
dataset/wikifonia_6211.jams
dataset/wikifonia_6212.jams
dataset/wikifonia_6213.jams
dataset/wikifonia_6214.jams
dataset/wikifonia_6215.jams
dataset/wikifonia_6216.jams
dataset/wikifonia_6217.jams
dataset/wikifonia_6218.jams
dataset/wikifonia_6219.jams
dataset/wikifonia_622.jams
dataset/wikifonia_6220.jams
dataset/wikifonia_6221.jams
dataset/wikifonia_6223.jams
dataset/wikifonia_6224.jams
dataset/wikifonia_6225.jams
dataset/wikifonia_6226.jams
dataset/wikifonia_6227.jams
dataset/wikifonia_6228.jams
dataset/wikifonia_6229.jams
dataset/wikifonia_623.jams
dataset/wikifonia_6230.jams
dataset/wikifonia_6231.jams
dataset/wikifonia_6232.jams
dataset/wikifonia_6233.jams
dataset/wikifonia_6234.jams
dataset/wikifonia_6235.jams
dataset/wikifonia_6236.jams
dataset/wikifonia_6237.jams
dataset/wikifonia_6238.jams
dataset/wikifonia_6239.jams
dataset/wikifonia_624.jams
dataset/wikifonia_6240.jams
dataset/wikifonia_6241.jams
dataset/wikifonia_6242.jams
dataset/wikifonia_6243.jams
dataset/wikifonia_6244.jams
dataset/wikifonia_6245.jams
dataset/wikifonia_6246.jams
dataset/wikifonia_6247.jams
dataset/wikifonia_6248.jams
dataset/wikifonia_6249.jams
dataset/wikifonia_625.jams
dataset/wikifonia_6250.jams
dataset/wikifonia_6251.jams
dataset/wikifonia_6252.jams
dataset/wikifonia_6253.jams
dataset/wikifonia_6254.jams
dataset/wikifonia_6255.jams
dataset/wikifonia_6256.jams
dataset/wikifonia_6257.jams
dataset/wikifonia_6258.jams
dataset/wikifonia_6259.jams
dataset/wikifonia_626.jams
dataset/wikifonia_6260.jams
dataset/wikifonia_6262.jams
dataset/wikifonia_6263.jams
dataset/wikifonia_6264.jams
dataset/wikifonia_6265.jams
dataset/wikifonia_6266.jams
dataset/wikifonia_6267.jams
dataset/wikifonia_6268.jams
dataset/wikifonia_6269.jams
dataset/wikifonia_6270.jams
dataset/wikifonia_6271.jams
dataset/wikifonia_6272.jams
dataset/wikifonia_6273.jams
dataset/wikifonia_6274.jams
dataset/wikifonia_6275.jams
dataset/wikifonia_6276.jams
dataset/wikifonia_6277.jams
dataset/wikifonia_6278.jams
dataset/wikifonia_6279.jams
dataset/wikifonia_628.jams
dataset/wikifonia_6280.jams
dataset/wikifonia_6281.jams
dataset/wikifonia_6282.jams
dataset/wikifonia_6283.jams
dataset/wikifonia_6284.jams
dataset/wikifonia_6285.jams
dataset/wikifonia_6286.jams
dataset/wikifonia_6287.jams
dataset/wikifonia_6288.jams
dataset/wikifonia_6289.jams
dataset/wikifonia_629.jams
dataset/wikifonia_6290.jams
dataset/wikifonia_6291.jams
dataset/wikifonia_6292.jams
dataset/wikifonia_6293.jams
dataset/wikifonia_6294.jams
dataset/wikifonia_6295.jams
dataset/wikifonia_6296.jams
dataset/wikifonia_6298.jams
dataset/wikifonia_6299.jams
dataset/wikifonia_630.jams
dataset/wikifonia_6300.jams
dataset/wikifonia_6301.jams
dataset/wikifonia_6302.jams
dataset/wikifonia_6303.jams
dataset/wikifonia_6304.jams
dataset/wikifonia_6305.jams
dataset/wikifonia_6306.jams
dataset/wikifonia_6307.jams
dataset/wikifonia_6308.jams
dataset/wikifonia_6309.jams
dataset/wikifonia_631.jams
dataset/wikifonia_6310.jams
dataset/wikifonia_6311.jams
dataset/wikifonia_6312.jams
dataset/wikifonia_6313.jams
dataset/wikifonia_6314.jams
dataset/wikifonia_6315.jams
dataset/wikifonia_6316.jams
dataset/wikifonia_6317.jams
dataset/wikifonia_6318.jams
dataset/wikifonia_6319.jams
dataset/wikifonia_632.jams
dataset/wikifonia_6320.jams
dataset/wikifonia_6321.jams
dataset/wikifonia_6323.jams
dataset/wikifonia_6324.jams
dataset/wikifonia_6325.jams
dataset/wikifonia_6326.jams
dataset/wikifonia_6327.jams
dataset/wikifonia_6328.jams
dataset/wikifonia_6329.jams
dataset/wikifonia_633.jams
dataset/wikifonia_6331.jams
dataset/wikifonia_6332.jams
dataset/wikifonia_6333.jams
dataset/wikifonia_6334.jams
dataset/wikifonia_6335.jams
dataset/wikifonia_6336.jams
dataset/wikifonia_6337.jams
dataset/wikifonia_6339.jams
dataset/wikifonia_634.jams
dataset/wikifonia_6340.jams
dataset/wikifonia_6341.jams
dataset/wikifonia_6342.jams
dataset/wikifonia_6343.jams
dataset/wikifonia_6344.jams
dataset/wikifonia_6345.jams
dataset/wikifonia_6346.jams
dataset/wikifonia_6348.jams
dataset/wikifonia_6349.jams
dataset/wikifonia_635.jams
dataset/wikifonia_6350.jams
dataset/wikifonia_6351.jams
dataset/wikifonia_6352.jams
dataset/wikifonia_6354.jams
dataset/wikifonia_6356.jams
dataset/wikifonia_6357.jams
dataset/wikifonia_6359.jams
dataset/wikifonia_636.jams
dataset/wikifonia_6360.jams
dataset/wikifonia_6361.jams
dataset/wikifonia_6362.jams
dataset/wikifonia_6363.jams
dataset/wikifonia_6364.jams
dataset/wikifonia_6365.jams
dataset/wikifonia_6366.jams
dataset/wikifonia_6367.jams
dataset/wikifonia_6368.jams
dataset/wikifonia_6369.jams
dataset/wikifonia_637.jams
dataset/wikifonia_6370.jams
dataset/wikifonia_6371.jams
dataset/wikifonia_6372.jams
dataset/wikifonia_6373.jams
dataset/wikifonia_6374.jams
dataset/wikifonia_6375.jams
dataset/wikifonia_6376.jams
dataset/wikifonia_6377.jams
dataset/wikifonia_6378.jams
dataset/wikifonia_6379.jams
dataset/wikifonia_638.jams
dataset/wikifonia_6380.jams
dataset/wikifonia_6381.jams
dataset/wikifonia_6382.jams
dataset/wikifonia_6383.jams
dataset/wikifonia_6384.jams
dataset/wikifonia_6385.jams
dataset/wikifonia_6386.jams
dataset/wikifonia_6387.jams
dataset/wikifonia_6389.jams
dataset/wikifonia_639.jams
dataset/wikifonia_6392.jams
dataset/wikifonia_6393.jams
dataset/wikifonia_6394.jams
dataset/wikifonia_6395.jams
dataset/wikifonia_6396.jams
dataset/wikifonia_6397.jams
dataset/wikifonia_6398.jams
dataset/wikifonia_6399.jams
dataset/wikifonia_64.jams
dataset/wikifonia_640.jams
dataset/wikifonia_6400.jams
dataset/wikifonia_6401.jams
dataset/wikifonia_6402.jams
dataset/wikifonia_6403.jams
dataset/wikifonia_6404.jams
dataset/wikifonia_6405.jams
dataset/wikifonia_6406.jams
dataset/wikifonia_6407.jams
dataset/wikifonia_6408.jams
dataset/wikifonia_6409.jams
dataset/wikifonia_641.jams
dataset/wikifonia_6410.jams
dataset/wikifonia_6411.jams
dataset/wikifonia_6412.jams
dataset/wikifonia_6413.jams
dataset/wikifonia_6414.jams
dataset/wikifonia_6415.jams
dataset/wikifonia_6416.jams
dataset/wikifonia_6417.jams
dataset/wikifonia_6418.jams
dataset/wikifonia_6420.jams
dataset/wikifonia_6421.jams
dataset/wikifonia_6422.jams
dataset/wikifonia_6424.jams
dataset/wikifonia_6425.jams
dataset/wikifonia_6426.jams
dataset/wikifonia_6427.jams
dataset/wikifonia_6428.jams
dataset/wikifonia_6429.jams
dataset/wikifonia_643.jams
dataset/wikifonia_6430.jams
dataset/wikifonia_6431.jams
dataset/wikifonia_6432.jams
dataset/wikifonia_6433.jams
dataset/wikifonia_6434.jams
dataset/wikifonia_6436.jams
dataset/wikifonia_6437.jams
dataset/wikifonia_6438.jams
dataset/wikifonia_6439.jams
dataset/wikifonia_644.jams
dataset/wikifonia_6440.jams
dataset/wikifonia_6441.jams
dataset/wikifonia_6442.jams
dataset/wikifonia_6443.jams
dataset/wikifonia_6444.jams
dataset/wikifonia_6445.jams
dataset/wikifonia_6446.jams
dataset/wikifonia_6447.jams
dataset/wikifonia_6448.jams
dataset/wikifonia_6449.jams
dataset/wikifonia_645.jams
dataset/wikifonia_6450.jams
dataset/wikifonia_6451.jams
dataset/wikifonia_6452.jams
dataset/wikifonia_6453.jams
dataset/wikifonia_6454.jams
dataset/wikifonia_6455.jams
dataset/wikifonia_6456.jams
dataset/wikifonia_6457.jams
dataset/wikifonia_6458.jams
dataset/wikifonia_6459.jams
dataset/wikifonia_646.jams
dataset/wikifonia_6460.jams
dataset/wikifonia_6461.jams
dataset/wikifonia_6462.jams
dataset/wikifonia_6463.jams
dataset/wikifonia_6464.jams
dataset/wikifonia_6466.jams
dataset/wikifonia_6467.jams
dataset/wikifonia_6468.jams
dataset/wikifonia_6469.jams
dataset/wikifonia_647.jams
dataset/wikifonia_6471.jams
dataset/wikifonia_6473.jams
dataset/wikifonia_6474.jams
dataset/wikifonia_6475.jams
dataset/wikifonia_6476.jams
dataset/wikifonia_6477.jams
dataset/wikifonia_6478.jams
dataset/wikifonia_6479.jams
dataset/wikifonia_648.jams
dataset/wikifonia_6481.jams
dataset/wikifonia_6482.jams
dataset/wikifonia_6483.jams
dataset/wikifonia_6484.jams
dataset/wikifonia_6485.jams
dataset/wikifonia_6486.jams
dataset/wikifonia_6487.jams
dataset/wikifonia_6488.jams
dataset/wikifonia_649.jams
dataset/wikifonia_6490.jams
dataset/wikifonia_6491.jams
dataset/wikifonia_6493.jams
dataset/wikifonia_6494.jams
dataset/wikifonia_6495.jams
dataset/wikifonia_6496.jams
dataset/wikifonia_6497.jams
dataset/wikifonia_6498.jams
dataset/wikifonia_6499.jams
dataset/wikifonia_65.jams
dataset/wikifonia_650.jams
dataset/wikifonia_6500.jams
dataset/wikifonia_6501.jams
dataset/wikifonia_6502.jams
dataset/wikifonia_6503.jams
dataset/wikifonia_6504.jams
dataset/wikifonia_6505.jams
dataset/wikifonia_6506.jams
dataset/wikifonia_6507.jams
dataset/wikifonia_6508.jams
dataset/wikifonia_6509.jams
dataset/wikifonia_651.jams
dataset/wikifonia_6510.jams
dataset/wikifonia_6511.jams
dataset/wikifonia_6512.jams
dataset/wikifonia_6513.jams
dataset/wikifonia_6514.jams
dataset/wikifonia_6515.jams
dataset/wikifonia_6516.jams
dataset/wikifonia_6517.jams
dataset/wikifonia_6518.jams
dataset/wikifonia_6519.jams
dataset/wikifonia_6520.jams
dataset/wikifonia_6521.jams
dataset/wikifonia_6522.jams
dataset/wikifonia_6523.jams
dataset/wikifonia_6524.jams
dataset/wikifonia_6525.jams
dataset/wikifonia_6526.jams
dataset/wikifonia_6527.jams
dataset/wikifonia_6528.jams
dataset/wikifonia_6529.jams
dataset/wikifonia_653.jams
dataset/wikifonia_6531.jams
dataset/wikifonia_6532.jams
dataset/wikifonia_6533.jams
dataset/wikifonia_6534.jams
dataset/wikifonia_6535.jams
dataset/wikifonia_6537.jams
dataset/wikifonia_6538.jams
dataset/wikifonia_6539.jams
dataset/wikifonia_654.jams
dataset/wikifonia_6540.jams
dataset/wikifonia_6541.jams
dataset/wikifonia_6542.jams
dataset/wikifonia_6543.jams
dataset/wikifonia_6544.jams
dataset/wikifonia_6545.jams
dataset/wikifonia_6546.jams
dataset/wikifonia_6547.jams
dataset/wikifonia_6548.jams
dataset/wikifonia_6549.jams
dataset/wikifonia_655.jams
dataset/wikifonia_6550.jams
dataset/wikifonia_6551.jams
dataset/wikifonia_6552.jams
dataset/wikifonia_6554.jams
dataset/wikifonia_6555.jams
dataset/wikifonia_6558.jams
dataset/wikifonia_6559.jams
dataset/wikifonia_656.jams
dataset/wikifonia_6560.jams
dataset/wikifonia_6561.jams
dataset/wikifonia_6562.jams
dataset/wikifonia_6563.jams
dataset/wikifonia_6565.jams
dataset/wikifonia_6567.jams
dataset/wikifonia_6568.jams
dataset/wikifonia_6569.jams
dataset/wikifonia_657.jams
dataset/wikifonia_6570.jams
dataset/wikifonia_6571.jams
dataset/wikifonia_6572.jams
dataset/wikifonia_6573.jams
dataset/wikifonia_6574.jams
dataset/wikifonia_6575.jams
dataset/wikifonia_6576.jams
dataset/wikifonia_6577.jams
dataset/wikifonia_6578.jams
dataset/wikifonia_6579.jams
dataset/wikifonia_658.jams
dataset/wikifonia_6581.jams
dataset/wikifonia_6582.jams
dataset/wikifonia_6583.jams
dataset/wikifonia_6584.jams
dataset/wikifonia_6585.jams
dataset/wikifonia_6586.jams
dataset/wikifonia_6587.jams
dataset/wikifonia_6588.jams
dataset/wikifonia_6589.jams
dataset/wikifonia_659.jams
dataset/wikifonia_6590.jams
dataset/wikifonia_6591.jams
dataset/wikifonia_6592.jams
dataset/wikifonia_6593.jams
dataset/wikifonia_6594.jams
dataset/wikifonia_6595.jams
dataset/wikifonia_6596.jams
dataset/wikifonia_6597.jams
dataset/wikifonia_6598.jams
dataset/wikifonia_6599.jams
dataset/wikifonia_66.jams
dataset/wikifonia_6601.jams
dataset/wikifonia_6602.jams
dataset/wikifonia_6603.jams
dataset/wikifonia_6606.jams
dataset/wikifonia_6607.jams
dataset/wikifonia_6608.jams
dataset/wikifonia_6609.jams
dataset/wikifonia_6610.jams
dataset/wikifonia_6611.jams
dataset/wikifonia_6612.jams
dataset/wikifonia_6613.jams
dataset/wikifonia_6614.jams
dataset/wikifonia_6615.jams
dataset/wikifonia_6616.jams
dataset/wikifonia_6617.jams
dataset/wikifonia_6618.jams
dataset/wikifonia_6619.jams
dataset/wikifonia_662.jams
dataset/wikifonia_6620.jams
dataset/wikifonia_6621.jams
dataset/wikifonia_6622.jams
dataset/wikifonia_6623.jams
dataset/wikifonia_6624.jams
dataset/wikifonia_6625.jams
dataset/wikifonia_6626.jams
dataset/wikifonia_6627.jams
dataset/wikifonia_6628.jams
dataset/wikifonia_6629.jams
dataset/wikifonia_663.jams
dataset/wikifonia_6630.jams
dataset/wikifonia_6631.jams
dataset/wikifonia_6632.jams
dataset/wikifonia_6633.jams
dataset/wikifonia_6634.jams
dataset/wikifonia_6635.jams
dataset/wikifonia_6636.jams
dataset/wikifonia_6637.jams
dataset/wikifonia_6638.jams
dataset/wikifonia_664.jams
dataset/wikifonia_6640.jams
dataset/wikifonia_6641.jams
dataset/wikifonia_6642.jams
dataset/wikifonia_6643.jams
dataset/wikifonia_6644.jams
dataset/wikifonia_6645.jams
dataset/wikifonia_6646.jams
dataset/wikifonia_6647.jams
dataset/wikifonia_6648.jams
dataset/wikifonia_6649.jams
dataset/wikifonia_665.jams
dataset/wikifonia_6650.jams
dataset/wikifonia_6651.jams
dataset/wikifonia_6653.jams
dataset/wikifonia_6654.jams
dataset/wikifonia_6655.jams
dataset/wikifonia_6656.jams
dataset/wikifonia_6657.jams
dataset/wikifonia_6658.jams
dataset/wikifonia_6659.jams
dataset/wikifonia_666.jams
dataset/wikifonia_6660.jams
dataset/wikifonia_6661.jams
dataset/wikifonia_6662.jams
dataset/wikifonia_6663.jams
dataset/wikifonia_6665.jams
dataset/wikifonia_6666.jams
dataset/wikifonia_6667.jams
dataset/wikifonia_6668.jams
dataset/wikifonia_6669.jams
dataset/wikifonia_667.jams
dataset/wikifonia_6670.jams
dataset/wikifonia_668.jams
dataset/wikifonia_669.jams
dataset/wikifonia_671.jams
dataset/wikifonia_672.jams
dataset/wikifonia_673.jams
dataset/wikifonia_674.jams
dataset/wikifonia_677.jams
dataset/wikifonia_678.jams
dataset/wikifonia_679.jams
dataset/wikifonia_681.jams
dataset/wikifonia_682.jams
dataset/wikifonia_683.jams
dataset/wikifonia_684.jams
dataset/wikifonia_685.jams
dataset/wikifonia_686.jams
dataset/wikifonia_687.jams
dataset/wikifonia_688.jams
dataset/wikifonia_689.jams
dataset/wikifonia_69.jams
dataset/wikifonia_690.jams
dataset/wikifonia_691.jams
dataset/wikifonia_692.jams
dataset/wikifonia_693.jams
dataset/wikifonia_694.jams
dataset/wikifonia_695.jams
dataset/wikifonia_696.jams
dataset/wikifonia_698.jams
dataset/wikifonia_699.jams
dataset/wikifonia_7.jams
dataset/wikifonia_70.jams
dataset/wikifonia_700.jams
dataset/wikifonia_701.jams
dataset/wikifonia_702.jams
dataset/wikifonia_703.jams
dataset/wikifonia_704.jams
dataset/wikifonia_705.jams
dataset/wikifonia_706.jams
dataset/wikifonia_707.jams
dataset/wikifonia_708.jams
dataset/wikifonia_709.jams
dataset/wikifonia_71.jams
dataset/wikifonia_710.jams
dataset/wikifonia_711.jams
dataset/wikifonia_712.jams
dataset/wikifonia_713.jams
dataset/wikifonia_714.jams
dataset/wikifonia_715.jams
dataset/wikifonia_716.jams
dataset/wikifonia_717.jams
dataset/wikifonia_718.jams
dataset/wikifonia_719.jams
dataset/wikifonia_72.jams
dataset/wikifonia_720.jams
dataset/wikifonia_721.jams
dataset/wikifonia_722.jams
dataset/wikifonia_724.jams
dataset/wikifonia_725.jams
dataset/wikifonia_726.jams
dataset/wikifonia_727.jams
dataset/wikifonia_728.jams
dataset/wikifonia_729.jams
dataset/wikifonia_73.jams
dataset/wikifonia_731.jams
dataset/wikifonia_734.jams
dataset/wikifonia_735.jams
dataset/wikifonia_736.jams
dataset/wikifonia_737.jams
dataset/wikifonia_738.jams
dataset/wikifonia_739.jams
dataset/wikifonia_74.jams
dataset/wikifonia_740.jams
dataset/wikifonia_741.jams
dataset/wikifonia_742.jams
dataset/wikifonia_743.jams
dataset/wikifonia_744.jams
dataset/wikifonia_745.jams
dataset/wikifonia_746.jams
dataset/wikifonia_747.jams
dataset/wikifonia_748.jams
dataset/wikifonia_749.jams
dataset/wikifonia_75.jams
dataset/wikifonia_750.jams
dataset/wikifonia_751.jams
dataset/wikifonia_753.jams
dataset/wikifonia_754.jams
dataset/wikifonia_755.jams
dataset/wikifonia_757.jams
dataset/wikifonia_758.jams
dataset/wikifonia_76.jams
dataset/wikifonia_760.jams
dataset/wikifonia_761.jams
dataset/wikifonia_762.jams
dataset/wikifonia_764.jams
dataset/wikifonia_765.jams
dataset/wikifonia_767.jams
dataset/wikifonia_769.jams
dataset/wikifonia_77.jams
dataset/wikifonia_770.jams
dataset/wikifonia_773.jams
dataset/wikifonia_774.jams
dataset/wikifonia_775.jams
dataset/wikifonia_776.jams
dataset/wikifonia_777.jams
dataset/wikifonia_778.jams
dataset/wikifonia_779.jams
dataset/wikifonia_78.jams
dataset/wikifonia_780.jams
dataset/wikifonia_781.jams
dataset/wikifonia_782.jams
dataset/wikifonia_783.jams
dataset/wikifonia_784.jams
dataset/wikifonia_785.jams
dataset/wikifonia_786.jams
dataset/wikifonia_787.jams
dataset/wikifonia_788.jams
dataset/wikifonia_789.jams
dataset/wikifonia_79.jams
dataset/wikifonia_790.jams
dataset/wikifonia_791.jams
dataset/wikifonia_792.jams
dataset/wikifonia_793.jams
dataset/wikifonia_794.jams
dataset/wikifonia_795.jams
dataset/wikifonia_796.jams
dataset/wikifonia_797.jams
dataset/wikifonia_798.jams
dataset/wikifonia_799.jams
dataset/wikifonia_8.jams
dataset/wikifonia_80.jams
dataset/wikifonia_800.jams
dataset/wikifonia_801.jams
dataset/wikifonia_802.jams
dataset/wikifonia_803.jams
dataset/wikifonia_804.jams
dataset/wikifonia_805.jams
dataset/wikifonia_806.jams
dataset/wikifonia_807.jams
dataset/wikifonia_808.jams
dataset/wikifonia_809.jams
dataset/wikifonia_81.jams
dataset/wikifonia_810.jams
dataset/wikifonia_811.jams
dataset/wikifonia_812.jams
dataset/wikifonia_813.jams
dataset/wikifonia_814.jams
dataset/wikifonia_815.jams
dataset/wikifonia_816.jams
dataset/wikifonia_817.jams
dataset/wikifonia_818.jams
dataset/wikifonia_819.jams
dataset/wikifonia_82.jams
dataset/wikifonia_820.jams
dataset/wikifonia_821.jams
dataset/wikifonia_822.jams
dataset/wikifonia_823.jams
dataset/wikifonia_824.jams
dataset/wikifonia_825.jams
dataset/wikifonia_826.jams
dataset/wikifonia_827.jams
dataset/wikifonia_828.jams
dataset/wikifonia_829.jams
dataset/wikifonia_83.jams
dataset/wikifonia_830.jams
dataset/wikifonia_832.jams
dataset/wikifonia_833.jams
dataset/wikifonia_834.jams
dataset/wikifonia_835.jams
dataset/wikifonia_837.jams
dataset/wikifonia_838.jams
dataset/wikifonia_839.jams
dataset/wikifonia_84.jams
dataset/wikifonia_840.jams
dataset/wikifonia_841.jams
dataset/wikifonia_842.jams
dataset/wikifonia_843.jams
dataset/wikifonia_844.jams
dataset/wikifonia_845.jams
dataset/wikifonia_847.jams
dataset/wikifonia_848.jams
dataset/wikifonia_849.jams
dataset/wikifonia_85.jams
dataset/wikifonia_850.jams
dataset/wikifonia_851.jams
dataset/wikifonia_852.jams
dataset/wikifonia_854.jams
dataset/wikifonia_855.jams
dataset/wikifonia_856.jams
dataset/wikifonia_857.jams
dataset/wikifonia_858.jams
dataset/wikifonia_859.jams
dataset/wikifonia_86.jams
dataset/wikifonia_860.jams
dataset/wikifonia_862.jams
dataset/wikifonia_864.jams
dataset/wikifonia_865.jams
dataset/wikifonia_866.jams
dataset/wikifonia_867.jams
dataset/wikifonia_869.jams
dataset/wikifonia_870.jams
dataset/wikifonia_871.jams
dataset/wikifonia_872.jams
dataset/wikifonia_873.jams
dataset/wikifonia_874.jams
dataset/wikifonia_875.jams
dataset/wikifonia_876.jams
dataset/wikifonia_877.jams
dataset/wikifonia_878.jams
dataset/wikifonia_879.jams
dataset/wikifonia_88.jams
dataset/wikifonia_880.jams
dataset/wikifonia_881.jams
dataset/wikifonia_882.jams
dataset/wikifonia_883.jams
dataset/wikifonia_884.jams
dataset/wikifonia_885.jams
dataset/wikifonia_886.jams
dataset/wikifonia_887.jams
dataset/wikifonia_889.jams
dataset/wikifonia_89.jams
dataset/wikifonia_890.jams
dataset/wikifonia_892.jams
dataset/wikifonia_893.jams
dataset/wikifonia_894.jams
dataset/wikifonia_895.jams
dataset/wikifonia_896.jams
dataset/wikifonia_897.jams
dataset/wikifonia_898.jams
dataset/wikifonia_9.jams
dataset/wikifonia_90.jams
dataset/wikifonia_900.jams
dataset/wikifonia_901.jams
dataset/wikifonia_902.jams
dataset/wikifonia_903.jams
dataset/wikifonia_904.jams
dataset/wikifonia_905.jams
dataset/wikifonia_906.jams
dataset/wikifonia_907.jams
dataset/wikifonia_908.jams
dataset/wikifonia_909.jams
dataset/wikifonia_91.jams
dataset/wikifonia_910.jams
dataset/wikifonia_911.jams
dataset/wikifonia_913.jams
dataset/wikifonia_916.jams
dataset/wikifonia_917.jams
dataset/wikifonia_918.jams
dataset/wikifonia_919.jams
dataset/wikifonia_92.jams
dataset/wikifonia_920.jams
dataset/wikifonia_921.jams
dataset/wikifonia_922.jams
dataset/wikifonia_923.jams
dataset/wikifonia_924.jams
dataset/wikifonia_925.jams
dataset/wikifonia_926.jams
dataset/wikifonia_927.jams
dataset/wikifonia_928.jams
dataset/wikifonia_929.jams
dataset/wikifonia_93.jams
dataset/wikifonia_930.jams
dataset/wikifonia_931.jams
dataset/wikifonia_932.jams
dataset/wikifonia_933.jams
dataset/wikifonia_934.jams
dataset/wikifonia_935.jams
dataset/wikifonia_936.jams
dataset/wikifonia_937.jams
dataset/wikifonia_939.jams
dataset/wikifonia_94.jams
dataset/wikifonia_940.jams
dataset/wikifonia_941.jams
dataset/wikifonia_942.jams
dataset/wikifonia_943.jams
dataset/wikifonia_944.jams
dataset/wikifonia_945.jams
dataset/wikifonia_946.jams
dataset/wikifonia_947.jams
dataset/wikifonia_948.jams
dataset/wikifonia_949.jams
dataset/wikifonia_95.jams
dataset/wikifonia_950.jams
dataset/wikifonia_951.jams
dataset/wikifonia_952.jams
dataset/wikifonia_953.jams
dataset/wikifonia_954.jams
dataset/wikifonia_955.jams
dataset/wikifonia_956.jams
dataset/wikifonia_957.jams
dataset/wikifonia_958.jams
dataset/wikifonia_959.jams
dataset/wikifonia_961.jams
dataset/wikifonia_962.jams
dataset/wikifonia_963.jams
dataset/wikifonia_964.jams
dataset/wikifonia_965.jams
dataset/wikifonia_966.jams
dataset/wikifonia_968.jams
dataset/wikifonia_969.jams
dataset/wikifonia_97.jams
dataset/wikifonia_970.jams
dataset/wikifonia_971.jams
dataset/wikifonia_973.jams
dataset/wikifonia_974.jams
dataset/wikifonia_975.jams
dataset/wikifonia_976.jams
dataset/wikifonia_977.jams
dataset/wikifonia_978.jams
dataset/wikifonia_979.jams
dataset/wikifonia_98.jams
dataset/wikifonia_980.jams
dataset/wikifonia_981.jams
dataset/wikifonia_982.jams
dataset/wikifonia_983.jams
dataset/wikifonia_984.jams
dataset/wikifonia_985.jams
dataset/wikifonia_986.jams
dataset/wikifonia_988.jams
dataset/wikifonia_99.jams
dataset/wikifonia_990.jams
dataset/wikifonia_991.jams
dataset/wikifonia_992.jams
dataset/wikifonia_993.jams
dataset/wikifonia_994.jams
dataset/wikifonia_995.jams
dataset/wikifonia_996.jams
dataset/wikifonia_997.jams
dataset/wikifonia_998.jams
dataset/wikifonia_999.jams

commit e0ed5ccbeb3a8f2e476cf7589549c1decc23ffb6
Author:     Andrea Poltronieri <44606182+andreamust@users.noreply.github.com>
AuthorDate: 2023-12-12
Commit:     GitHub <noreply@github.com>
CommitDate: 2023-12-12

    Initial commit

.gitignore
LICENSE
README.md
