commit f3692ab569c7a9753a593dc6f540e04349f234e6
Author:     semantic-release-bot <semantic-release-bot@martynus.net>
AuthorDate: 2025-11-06
Commit:     semantic-release-bot <semantic-release-bot@martynus.net>
CommitDate: 2025-11-06

    chore(release): 2.0.0-dev.34
    
    # [2.0.0-dev.34](https://github.com/Genesis-Technologies-LLC/genesis-web/compare/v2.0.0-dev.33...v2.0.0-dev.34) (2025-11-06)
    
    ### Bug Fixes
    
    * Event not showing on saturday fix [EVO-2434] ([3474d7e](https://github.com/Genesis-Technologies-LLC/genesis-web/commit/3474d7e95303fe3269e38dab04e05bb86410355b))

CHANGELOG.md

commit 3474d7e95303fe3269e38dab04e05bb86410355b
Author:     Pratiush Prasain <pratiush.prasain@inicreatechnologies.com>
AuthorDate: 2025-11-06
Commit:     GitHub <noreply@github.com>
CommitDate: 2025-11-06

    fix: Event not showing on saturday fix [EVO-2434]

packages/server/services/eventService.js

commit f693f988559ddcd4e62bbb0f7b1022ebab46de42
Author:     semantic-release-bot <semantic-release-bot@martynus.net>
AuthorDate: 2025-11-06
Commit:     semantic-release-bot <semantic-release-bot@martynus.net>
CommitDate: 2025-11-06

    chore(release): 2.0.0-dev.33
    
    # [2.0.0-dev.33](https://github.com/Genesis-Technologies-LLC/genesis-web/compare/v2.0.0-dev.32...v2.0.0-dev.33) (2025-11-06)
    
    ### Bug Fixes
    
    * Update the dummy data of categories [EVO-2443] ([11a9ea2](https://github.com/Genesis-Technologies-LLC/genesis-web/commit/11a9ea2ea15328350b207edc51530be2d2d6984c))

CHANGELOG.md

commit 11a9ea2ea15328350b207edc51530be2d2d6984c
Author:     Pratiush Prasain <pratiush.prasain@inicreatechnologies.com>
AuthorDate: 2025-11-06
Commit:     GitHub <noreply@github.com>
CommitDate: 2025-11-06

    fix: Update the dummy data of categories [EVO-2443]
    
    * fix: Update the dummy data of categories [EVO-2443]
    
    * fix: Added endDate in the table categories [EVO-2443]
    
    * Merge branch 'fix/EVO-2443' of https://github.com/Genesis-Technologies-LLC/genesis-web into fix/EVO-2443

packages/server/models/Category.js
packages/server/seeds/dummyCategories.js

commit a5f5b1b88ddbb15323ac2bd867ed7872b606a090
Author:     Pratiush Prasain <pratiush.prasain@inicreatechnologies.com>
AuthorDate: 2025-11-06
Commit:     GitHub <noreply@github.com>
CommitDate: 2025-11-06

    refactor: Refafctor and fix the chart helper [EVO-2447]

package-lock.json
packages/server/controllers/charts/index.js
packages/server/helpers/charts/instagramChartsHelper.js
packages/server/helpers/charts/socialChartsHelper.js
packages/server/helpers/charts/spotifyChartsHelper.js
packages/server/helpers/charts/tiktokChartHelper.js
packages/server/services/chartsService.js
yarn.lock

commit 9dbfefe5e9f7e809cf644aa115f0be6351e5e51c
Author:     semantic-release-bot <semantic-release-bot@martynus.net>
AuthorDate: 2025-11-06
Commit:     semantic-release-bot <semantic-release-bot@martynus.net>
CommitDate: 2025-11-06

    chore(release): 2.0.0-dev.32
    
    # [2.0.0-dev.32](https://github.com/Genesis-Technologies-LLC/genesis-web/compare/v2.0.0-dev.31...v2.0.0-dev.32) (2025-11-06)
    
    ### Bug Fixes
    
    * Added logic to remove the extra insert in social [EVO-2452] ([fefe87c](https://github.com/Genesis-Technologies-LLC/genesis-web/commit/fefe87ccc0d64aee5dfee6b411f7a626b93ee69d))
    * **noti:** Overdue task and Level Up email update [EVO-1042] ([68157c8](https://github.com/Genesis-Technologies-LLC/genesis-web/commit/68157c83970cb7420afda4bf1face3a9dde0f1ba))

CHANGELOG.md

commit 68157c83970cb7420afda4bf1face3a9dde0f1ba
Author:     Jacob Stallings <jacobcstallings@icloud.com>
AuthorDate: 2025-11-06
Commit:     GitHub <noreply@github.com>
CommitDate: 2025-11-06

    fix(noti): Overdue task and Level Up email update [EVO-1042]
    
    * feat(email): Overdue tasks latest HTML template [EVO-1042]
    
    * fix(noti): Level up email blank template fix [EVO-1042]
    
    * fix(noti): Incorporate user data in Level Up (L2 & 4) [EVO-1042]

packages/server/config/db.js
packages/server/controllers/notification/index.js
packages/server/helpers/email/templates/levelUp.template.js
packages/server/helpers/email/templates/overdueTasks.template.js
packages/server/models/Level.js
packages/server/seeds/seedLevels.js
packages/server/services/buzz-questionnaires/index.js
packages/server/services/cron/OverdueTaskScheduler.js
packages/server/services/gamification/helpers/getLevelUpMetricsData.js
packages/server/services/gamification/helpers/getTargetAggressionHelper.js
packages/server/services/gamification/index.js
packages/server/services/notificationService.js

commit fefe87ccc0d64aee5dfee6b411f7a626b93ee69d
Author:     Pratiush Prasain <pratiush.prasain@inicreatechnologies.com>
AuthorDate: 2025-11-06
Commit:     GitHub <noreply@github.com>
CommitDate: 2025-11-06

    fix: Added logic to remove the extra insert in social [EVO-2452]

packages/server/helpers/addSocialDetailsHelper.js
packages/server/services/google/googleService.js

commit 38a7543a53f0170dd84b5ff20c6a07cd0a7da087
Author:     semantic-release-bot <semantic-release-bot@martynus.net>
AuthorDate: 2025-11-05
Commit:     semantic-release-bot <semantic-release-bot@martynus.net>
CommitDate: 2025-11-05

    chore(release): 2.0.0-dev.31
    
    # [2.0.0-dev.31](https://github.com/Genesis-Technologies-LLC/genesis-web/compare/v2.0.0-dev.30...v2.0.0-dev.31) (2025-11-05)
    
    ### Bug Fixes
    
    * **metrics:** Migrate CMDailyScheduler from lambda [EVO-2438] ([70748f6](https://github.com/Genesis-Technologies-LLC/genesis-web/commit/70748f635755fc51e17415b706552f24bde61d00))

CHANGELOG.md

commit 70748f635755fc51e17415b706552f24bde61d00
Author:     Jacob Stallings <jacobcstallings@icloud.com>
AuthorDate: 2025-11-05
Commit:     GitHub <noreply@github.com>
CommitDate: 2025-11-05

    fix(metrics): Migrate CMDailyScheduler from lambda [EVO-2438]
    
    * fix(metrics): Migrate CMDailyScheduler from lambda [EVO-2438]
    
    * chore(pr): Remove one-off test scripts [EVO-2438]

packages/server/helpers/spotify/chartMetricsArtistMetricsHelper.js
packages/server/helpers/spotify/chartMetricsAuthHelper.js
packages/server/helpers/spotify/getSpotifyListenersHelper.js
packages/server/helpers/spotify/overviewHelper.js
packages/server/services/cron/ChartMetricsDailyScheduler.js
packages/server/services/cron/lambda-src/instagram-daily-scheduler/IMPLEMENTATION_SUMMARY.md
packages/server/services/cron/lambda-src/instagram-daily-scheduler/SCHEDULED_POST_METRICS.md
packages/server/services/cron/lambda-src/instagram-daily-scheduler/instagram-daily-scheduler-071725.zip
packages/server/services/cron/spotifyBadgeCheckerHelper.js
packages/server/services/gamification/constants/percentageThreshold.js
packages/server/services/gamification/spotify/listeners/helpers/calculateDifferencePercentageHelper.js
packages/server/services/gamification/spotify/listeners/index.js
packages/server/services/gamification/spotify/listeners/sustained-growth.js
packages/server/services/gamification/spotify/releases/fast-follow.js
packages/server/services/gamification/spotify/releases/half-year-hustle.js
packages/server/services/gamification/spotify/releases/monthly-magic.js
packages/server/services/gamification/spotify/releases/on-schedule-overdrive.js
packages/server/services/gamification/spotify/releases/release-rookie.js
packages/server/services/gamification/spotify/releases/timely-trickler.js
packages/server/services/gamification/spotify/releases/track-marathoner.js
packages/server/services/gamification/spotify/releases/yearly-overachiever.js
packages/server/services/gamification/spotify/releases/zero-delay-streak.js
packages/server/services/gamification/spotify/streams/consistent-climber.js
packages/server/services/gamification/spotify/streams/consistent-streamer.js
packages/server/services/gamification/spotify/streams/decibel-dominator.js
packages/server/services/gamification/spotify/streams/first-hit.js
packages/server/services/gamification/spotify/streams/listener-magnet.js
packages/server/services/gamification/spotify/streams/multi-hit-champion.js
packages/server/services/gamification/spotify/streams/multi-track-momentum.js
packages/server/services/gamification/spotify/streams/platinum-performer.js
packages/server/services/gamification/spotify/streams/rising-hit.js
packages/server/services/gamification/spotify/streams/streaming-surge.js
packages/server/services/gamification/spotify/streams/track-consistency.js
packages/server/services/gamification/spotify/streams/viral-track.js

commit ed1fa437ad66e2447fb96cb2f0518af62a24a060
Author:     semantic-release-bot <semantic-release-bot@martynus.net>
AuthorDate: 2025-11-05
Commit:     semantic-release-bot <semantic-release-bot@martynus.net>
CommitDate: 2025-11-05

    chore(release): 2.0.0-dev.30
    
    # [2.0.0-dev.30](https://github.com/Genesis-Technologies-LLC/genesis-web/compare/v2.0.0-dev.29...v2.0.0-dev.30) (2025-11-05)
    
    ### Bug Fixes
    
    * Added growth rate for tiktok[EVO-2389] ([49ae1dc](https://github.com/Genesis-Technologies-LLC/genesis-web/commit/49ae1dc279224d7b88b759c94c2e6d8072fe591e))

CHANGELOG.md

commit 49ae1dc279224d7b88b759c94c2e6d8072fe591e
Author:     Pratiush Prasain <pratiush.prasain@inicreatechnologies.com>
AuthorDate: 2025-11-05
Commit:     GitHub <noreply@github.com>
CommitDate: 2025-11-05

    fix: Added growth rate for tiktok[EVO-2389]
    
    * fix: Added the growth rate in the metrics for instagram [EVO-2389]
    
    * fix: Added growth rate for tiktok[EVO-2389]

packages/server/helpers/instagram/overviewHelper.js
packages/server/helpers/tiktok/overviewHelper.js
packages/server/services/cron/index.js
packages/server/services/cron/tiktokCronService.js
packages/server/utils/constants.js

commit 7bb8875dec7e794c13e263e26ce18fcdb09387ac
Author:     semantic-release-bot <semantic-release-bot@martynus.net>
AuthorDate: 2025-11-05
Commit:     semantic-release-bot <semantic-release-bot@martynus.net>
CommitDate: 2025-11-05

    chore(release): 2.0.0-dev.29
    
    # [2.0.0-dev.29](https://github.com/Genesis-Technologies-LLC/genesis-web/compare/v2.0.0-dev.28...v2.0.0-dev.29) (2025-11-05)
    
    ### Features
    
    * **content:** Add location and privacy fields [EVO-2415] ([0e4f1ee](https://github.com/Genesis-Technologies-LLC/genesis-web/commit/0e4f1ee494280a366b9fe7099352a9f11bc20f49))

CHANGELOG.md

commit 0e4f1ee494280a366b9fe7099352a9f11bc20f49
Author:     Rajib Shrestha <33756765+Rajibshrestha59@users.noreply.github.com>
AuthorDate: 2025-11-05
Commit:     GitHub <noreply@github.com>
CommitDate: 2025-11-05

    feat(content): Add location and privacy fields [EVO-2415]
    
    * fix(chatSchedulerService): Update calendar API base URL [EVO-2299]
    
    * feat(content): Add location and privacy fields [EVO-2415]

packages/server/controllers/content/index.js
packages/server/services/content/schedulePostService.js

commit ca63d5aa06e0142c97a84bb292e63d362f621ca2
Author:     semantic-release-bot <semantic-release-bot@martynus.net>
AuthorDate: 2025-11-04
Commit:     semantic-release-bot <semantic-release-bot@martynus.net>
CommitDate: 2025-11-04

    chore(release): 2.0.0-dev.28
    
    # [2.0.0-dev.28](https://github.com/Genesis-Technologies-LLC/genesis-web/compare/v2.0.0-dev.27...v2.0.0-dev.28) (2025-11-04)
    
    ### Features
    
    * Google Drive webhooks and media processing [EVO-2250] ([#506](https://github.com/Genesis-Technologies-LLC/genesis-web/issues/506)) ([3af2c0c](https://github.com/Genesis-Technologies-LLC/genesis-web/commit/3af2c0c36eca36b6e0eac739067f533f3365f6c6))

CHANGELOG.md

commit 3af2c0c36eca36b6e0eac739067f533f3365f6c6
Author:     Umesh Shrestha <umesh@inicreatechnologies.com>
AuthorDate: 2025-11-05
Commit:     GitHub <noreply@github.com>
CommitDate: 2025-11-05

    feat: Google Drive webhooks and media processing [EVO-2250] (#506)
    
    - Implement Google Drive webhook monitoring and auto-sync
    - Add media asset upload service with video compression
    - Add FFmpeg integration for video thumbnail extraction and compression
    - Add media preparation service with job queue system
    - Add delete media asset functionality
    - Add GoogleDriveWebhookRenewalScheduler cron job
    - Increase server timeout to 10 minutes for large video uploads
    - Add GoogleDriveWatch model for tracking watch resources
    - Add webhook renewal and connection services
    
    BREAKING CHANGES:
    - Server timeout increased from 2 minutes to 10 minutes
    - New database model: GoogleDriveWatch
    - New environment dependencies: FFmpeg required for video processing
    
    Co-authored-by: Umesh Shrestha <stha.ums@gmail.com>

packages/server/app.js
packages/server/controllers/cloud-storage/googleDriveWebhook.js
packages/server/controllers/cloud-storage/index.js
packages/server/controllers/content/deleteMediaAsset.js
packages/server/controllers/content/index.js
packages/server/middleware/mediaAssetUpload.js
packages/server/models/GoogleDriveWatch.js
packages/server/models/MediaAsset.js
packages/server/package.json
packages/server/routes/cloud-storage/index.js
packages/server/routes/content/index.js
packages/server/server.js
packages/server/services/cloud-storage/CloudStorageService.js
packages/server/services/cloud-storage/googleDriveConnectionService.js
packages/server/services/cloud-storage/googleDriveWebhookService.js
packages/server/services/content/googleDriveAssetWatchService.js
packages/server/services/content/mediaAssetService.js
packages/server/services/content/mediaAssetUploadService.js
packages/server/services/content/mediaPreparationService.js
packages/server/services/content/videoCompressionService.js
packages/server/services/cron/GoogleDriveWebhookRenewalScheduler.js
packages/server/services/cron/index.js
packages/server/services/jobs/mediaPreparationQueue.js
packages/server/services/media/ffmpegService.js
packages/server/services/media/ffmpegVideoCompression.js
packages/server/services/utils/webhookConstants.js
packages/server/utils/ffmpegSetup.js

commit 2c4ebaeb764b5c03514ce8aacffe96ffc2e41c74
Author:     semantic-release-bot <semantic-release-bot@martynus.net>
AuthorDate: 2025-11-04
Commit:     semantic-release-bot <semantic-release-bot@martynus.net>
CommitDate: 2025-11-04

    chore(release): 2.0.0-dev.27
    
    # [2.0.0-dev.27](https://github.com/Genesis-Technologies-LLC/genesis-web/compare/v2.0.0-dev.26...v2.0.0-dev.27) (2025-11-04)
    
    ### Features
    
    * **content:** Add location and privacy to media asset [EVO-2415] ([60ec4f3](https://github.com/Genesis-Technologies-LLC/genesis-web/commit/60ec4f3b7dc6f5c9ff6d2b0c8dd065939be322c9))

CHANGELOG.md

commit 60ec4f3b7dc6f5c9ff6d2b0c8dd065939be322c9
Author:     Rajib Shrestha <33756765+Rajibshrestha59@users.noreply.github.com>
AuthorDate: 2025-11-04
Commit:     GitHub <noreply@github.com>
CommitDate: 2025-11-04

    feat(content): Add location and privacy to media asset [EVO-2415]
    
    * fix(chatSchedulerService): Update calendar API base URL [EVO-2299]
    
    * feat(content): Add location and privacy to media asset [EVO-2415]

packages/server/controllers/content/index.js
packages/server/models/ScheduledPost.js
packages/server/services/content/schedulePostService.js

commit 86e99f4932818600d0ef4db9a952eba64c51174a
Author:     semantic-release-bot <semantic-release-bot@martynus.net>
AuthorDate: 2025-11-04
Commit:     semantic-release-bot <semantic-release-bot@martynus.net>
CommitDate: 2025-11-04

    chore(release): 2.0.0-dev.26
    
    # [2.0.0-dev.26](https://github.com/Genesis-Technologies-LLC/genesis-web/compare/v2.0.0-dev.25...v2.0.0-dev.26) (2025-11-04)
    
    ### Features
    
    * **chat:** Add task generation endpoint [EVO-2258] ([1480c05](https://github.com/Genesis-Technologies-LLC/genesis-web/commit/1480c0543832ec26c032866e8644c0b0f5178e70))

CHANGELOG.md

commit 1480c0543832ec26c032866e8644c0b0f5178e70
Author:     Henry Cikanek <cikanekhenry@gmail.com>
AuthorDate: 2025-11-03
Commit:     GitHub <noreply@github.com>
CommitDate: 2025-11-04

    feat(chat): Add task generation endpoint [EVO-2258]
    
    * feat(chat-stream): Add SSE endpoint for chat (proxy to ms) [EVO-2258]
    
    * feat(task-mode): Add task generation endpoint [EVO-2258]
    
    * feat(chat): Add task generation endpoint [EVO-2258]
    
    Add new /chat/tasks endpoint for non-streaming task generation mode:
    
    - Add chatTasks() service method to proxy requests to microservice
    - Add chatTasksController to handle task generation requests
    - Implement conversation persistence with proper message-task association
    - Add FOLLOW_UP_SUGGESTIONS cleanup for consistent response formatting
    - Add POST /api/v1/ai/chat/tasks route with authentication
    
    The new endpoint mirrors the streaming chat endpoint's user context
    gathering and conversation saving logic, ensuring tasks are properly
    associated with the messages that generated them. This supports the
    frontend's task mode feature while maintaining conversation history.
    
    Technical notes:
    - Tasks are saved within message objects (msg.tasks) for proper
      multi-turn conversation support
    - Microservice returns tasks both at top level (backward compatibility)
      and within messages (proper association)
    - Save logic matches existing /chat endpoint for consistency
    
    * feat(task): Prevent duplicate AI task creation with unique IDs
    
    - Add aiGeneratedTaskId field to Task model with unique compound index (user + aiGeneratedTaskId)
    - Generate UUID for each AI-generated task in chatTasksController and include in conversation storage
    - Implement duplicate prevention in createTask service - return existing task if aiGeneratedTaskId matches
    - Fix bug where aiGeneratedTaskId wasn't being returned to frontend in chat/tasks API response
    - Add debug logging to track task creation flow and duplicate detection
    
    This prevents duplicate tasks when users accept the same AI-generated tasks multiple times.
    The backend now generates unique IDs for AI tasks and enforces idempotency at both application and database levels.

packages/server/controllers/ai/chatController.js
packages/server/controllers/task/task.js
packages/server/docs/STREAMING_NGINX_CONFIG.md
packages/server/models/Task.js
packages/server/routes/ai/chat.js
packages/server/services/agent/aiService.js
packages/server/services/taskService.js

commit c9c3610ed64b829da983ee3adb2f7422670408d1
Author:     Umesh Shrestha <umesh@inicreatechnologies.com>
AuthorDate: 2025-11-03
Commit:     GitHub <noreply@github.com>
CommitDate: 2025-11-03

    chore(release): 2.0.0-rc.4 (#501)
    
    # [2.0.0-rc.4](https://github.com/Genesis-Technologies-LLC/genesis-web/compare/v2.0.0-rc.3...v2.0.0-rc.4) (2025-10-31)
    
    ### Bug Fixes
    
    * Added dimensions in the get file service [EVO-2340] ([51637af](https://github.com/Genesis-Technologies-LLC/genesis-web/commit/51637af0cda861f0fa46bfe7a1f37af262b11fe8))
    * **chatSchedulerService:** Update calendar API base URL [EVO-2299] ([b0a0eea](https://github.com/Genesis-Technologies-LLC/genesis-web/commit/b0a0eeaa8d50348c27f20edefd1b5893d74493d7))
    * **content:** Check for profile pic updates in IG scheduler [EVO-2333] ([51925ab](https://github.com/Genesis-Technologies-LLC/genesis-web/commit/51925ab03b46b7dbbf5d94406dc0e923a0e5a2c8))
    * **content:** Persist social profile images in S3 [EVO-2333] ([6083863](https://github.com/Genesis-Technologies-LLC/genesis-web/commit/60838634a65f422659b41aa20784932bc1e36736))
    * Fix the create logic when the data not found [EVO-2317] ([841617b](https://github.com/Genesis-Technologies-LLC/genesis-web/commit/841617b64e344593c6d3a5bbaa0d7672fbef24aa))
    * Send the campaign and tags in response [EVO-2331] ([a0e434c](https://github.com/Genesis-Technologies-LLC/genesis-web/commit/a0e434cc9960040bc12aa60932df1ca1780da8a9))
    * **social:** Clear old metrics when social account unlinked [EVO-2291] ([8c5010c](https://github.com/Genesis-Technologies-LLC/genesis-web/commit/8c5010c0596bf4af979d4a4ffd5555847304b16c))
    * Test Manually KPI helper [EVO-2162] ([c1944c0](https://github.com/Genesis-Technologies-LLC/genesis-web/commit/c1944c0070c6825a79bcdc98a716077f617cfb86))
    
    Co-authored-by: Rajib Shrestha <33756765+Rajibshrestha59@users.noreply.github.com>
    Co-authored-by: semantic-release-bot <semantic-release-bot@martynus.net>

CHANGELOG.md

commit 3b63c363f74bcc60c0acc8eb7c71759d6b4ea932
Author:     semantic-release-bot <semantic-release-bot@martynus.net>
AuthorDate: 2025-11-03
Commit:     semantic-release-bot <semantic-release-bot@martynus.net>
CommitDate: 2025-11-03

    chore(release): 2.0.0-dev.25
    
    # [2.0.0-dev.25](https://github.com/Genesis-Technologies-LLC/genesis-web/compare/v2.0.0-dev.24...v2.0.0-dev.25) (2025-11-03)
    
    ### Bug Fixes
    
    * Tiktok follower growth graph added in default [EVO-2043] ([13bb468](https://github.com/Genesis-Technologies-LLC/genesis-web/commit/13bb46890763a457e0865e2fcfae356e2e22b8ed))

CHANGELOG.md

commit 13bb46890763a457e0865e2fcfae356e2e22b8ed
Author:     Pratiush Prasain <pratiush.prasain@inicreatechnologies.com>
AuthorDate: 2025-11-03
Commit:     GitHub <noreply@github.com>
CommitDate: 2025-11-03

    fix: Tiktok follower growth graph added in default [EVO-2043]

packages/server/controllers/charts/index.js
packages/server/helpers/charts/socialChartsHelper.js

commit c7cfff023542faec40d1ed57a2f0b9c77dad2617
Author:     semantic-release-bot <semantic-release-bot@martynus.net>
AuthorDate: 2025-11-03
Commit:     semantic-release-bot <semantic-release-bot@martynus.net>
CommitDate: 2025-11-03

    chore(release): 2.0.0-dev.24
    
    # [2.0.0-dev.24](https://github.com/Genesis-Technologies-LLC/genesis-web/compare/v2.0.0-dev.23...v2.0.0-dev.24) (2025-11-03)
    
    ### Bug Fixes
    
    * Added folder size in the google drive files [EVO-2399] ([1352ca1](https://github.com/Genesis-Technologies-LLC/genesis-web/commit/1352ca1b1e597e4e24b8068fe558aff69e2e1f8d))

CHANGELOG.md

commit 1352ca1b1e597e4e24b8068fe558aff69e2e1f8d
Author:     Pratiush Prasain <pratiush.prasain@inicreatechnologies.com>
AuthorDate: 2025-11-03
Commit:     GitHub <noreply@github.com>
CommitDate: 2025-11-03

    fix: Added folder size in the google drive files [EVO-2399]

packages/server/services/cloud-storage/providers/GoogleDriveProvider.js

commit 4570d1ef1702be1926eceed6c70ac846e65edce7
Author:     semantic-release-bot <semantic-release-bot@martynus.net>
AuthorDate: 2025-11-03
Commit:     semantic-release-bot <semantic-release-bot@martynus.net>
CommitDate: 2025-11-03

    chore(release): 2.0.0-dev.23
    
    # [2.0.0-dev.23](https://github.com/Genesis-Technologies-LLC/genesis-web/compare/v2.0.0-dev.22...v2.0.0-dev.23) (2025-11-03)
    
    ### Bug Fixes
    
    * Added the growth rate in the metrics for instagram [EVO-2389] ([c95f759](https://github.com/Genesis-Technologies-LLC/genesis-web/commit/c95f759750d8f1e4ad8e36c4d0b433c904027994))

CHANGELOG.md

commit c95f759750d8f1e4ad8e36c4d0b433c904027994
Author:     Pratiush Prasain <pratiush.prasain@inicreatechnologies.com>
AuthorDate: 2025-11-03
Commit:     GitHub <noreply@github.com>
CommitDate: 2025-11-03

    fix: Added the growth rate in the metrics for instagram [EVO-2389]

packages/server/helpers/growthTrackHelper.js
packages/server/helpers/instagram/overviewHelper.js
packages/server/services/instagramService.js

commit 70b712d3d7e0e3c6dff2d9a7d4775f52010ba2fb
Author:     semantic-release-bot <semantic-release-bot@martynus.net>
AuthorDate: 2025-11-03
Commit:     semantic-release-bot <semantic-release-bot@martynus.net>
CommitDate: 2025-11-03

    chore(release): 2.0.0-dev.22
    
    # [2.0.0-dev.22](https://github.com/Genesis-Technologies-LLC/genesis-web/compare/v2.0.0-dev.21...v2.0.0-dev.22) (2025-11-03)
    
    ### Bug Fixes
    
    * **metrics:** Fetch spotify metrics instantly on link [EVO-2337] ([2c07acb](https://github.com/Genesis-Technologies-LLC/genesis-web/commit/2c07acb3cb774db86a3d065ad0ae0d9c5c36b9f6))

CHANGELOG.md

commit 2c07acb3cb774db86a3d065ad0ae0d9c5c36b9f6
Author:     Jacob Stallings <jacobcstallings@icloud.com>
AuthorDate: 2025-11-03
Commit:     GitHub <noreply@github.com>
CommitDate: 2025-11-03

    fix(metrics): Fetch spotify metrics instantly on link [EVO-2337]

packages/server/helpers/spotify/chartMetricsArtistMetricsHelper.js
packages/server/helpers/spotify/overviewHelper.js
packages/server/routes/spotify/index.js
packages/server/services/spotifyService.js

commit 7c2977c5ec42df2b10c6fdd4c8a95794f5a44189
Author:     semantic-release-bot <semantic-release-bot@martynus.net>
AuthorDate: 2025-10-31
Commit:     semantic-release-bot <semantic-release-bot@martynus.net>
CommitDate: 2025-10-31

    chore(release): 2.0.0-dev.21
    
    # [2.0.0-dev.21](https://github.com/Genesis-Technologies-LLC/genesis-web/compare/v2.0.0-dev.20...v2.0.0-dev.21) (2025-10-31)
    
    ### Bug Fixes
    
    * Added dimensions in the get file service [EVO-2340] ([51637af](https://github.com/Genesis-Technologies-LLC/genesis-web/commit/51637af0cda861f0fa46bfe7a1f37af262b11fe8))

CHANGELOG.md

commit 51637af0cda861f0fa46bfe7a1f37af262b11fe8
Author:     Pratiush Prasain <pratiush.prasain@inicreatechnologies.com>
AuthorDate: 2025-10-31
Commit:     GitHub <noreply@github.com>
CommitDate: 2025-10-31

    fix: Added dimensions in the get file service [EVO-2340]
    
    * fix: Added dimensions in the get file service [EVO-2340]
    
    * fix: Added aspect ratio in the google file [EVO-2340]

packages/server/controllers/content/index.js
packages/server/helpers/imageDimensionHelper.js
packages/server/services/cloud-storage/providers/GoogleDriveProvider.js
packages/server/services/consent/google.service.js

commit 0e477fdde8f59f629d2939097849246341b85670
Author:     semantic-release-bot <semantic-release-bot@martynus.net>
AuthorDate: 2025-10-31
Commit:     semantic-release-bot <semantic-release-bot@martynus.net>
CommitDate: 2025-10-31

    chore(release): 2.0.0-dev.20
    
    # [2.0.0-dev.20](https://github.com/Genesis-Technologies-LLC/genesis-web/compare/v2.0.0-dev.19...v2.0.0-dev.20) (2025-10-31)
    
    ### Bug Fixes
    
    * **content:** Check for profile pic updates in IG scheduler [EVO-2333] ([51925ab](https://github.com/Genesis-Technologies-LLC/genesis-web/commit/51925ab03b46b7dbbf5d94406dc0e923a0e5a2c8))

CHANGELOG.md

commit 51925ab03b46b7dbbf5d94406dc0e923a0e5a2c8
Author:     Jacob Stallings <jacobcstallings@icloud.com>
AuthorDate: 2025-10-31
Commit:     GitHub <noreply@github.com>
CommitDate: 2025-10-31

    fix(content): Check for profile pic updates in IG scheduler [EVO-2333]
    
    * fix(content): Persist social profile images in S3 [EVO-2333]
    
    * fix(content): Check for profile pic updates in IG scheduler [EVO-2333]

packages/server/services/cron/InstagramDailyScheduler.js

commit 8cec230c696393a15b961474a95619a95633ec26
Author:     semantic-release-bot <semantic-release-bot@martynus.net>
AuthorDate: 2025-10-31
Commit:     semantic-release-bot <semantic-release-bot@martynus.net>
CommitDate: 2025-10-31

    chore(release): 2.0.0-dev.19
    
    # [2.0.0-dev.19](https://github.com/Genesis-Technologies-LLC/genesis-web/compare/v2.0.0-dev.18...v2.0.0-dev.19) (2025-10-31)
    
    ### Bug Fixes
    
    * Send the campaign and tags in response [EVO-2331] ([a0e434c](https://github.com/Genesis-Technologies-LLC/genesis-web/commit/a0e434cc9960040bc12aa60932df1ca1780da8a9))

CHANGELOG.md

commit a0e434cc9960040bc12aa60932df1ca1780da8a9
Author:     Pratiush Prasain <pratiush.prasain@inicreatechnologies.com>
AuthorDate: 2025-10-31
Commit:     GitHub <noreply@github.com>
CommitDate: 2025-10-31

    fix: Send the campaign and tags in response [EVO-2331]
    
    * fix: Send the campaign and tags in response [EVO-2331]
    
    * fix: Remove project id when project is null [EVO-2331]

packages/server/services/content/schedulePostService.js
packages/server/services/taskService.js

commit a32ba1f5cd9d9a9e77efa00592fb4e4b6184cd8b
Author:     semantic-release-bot <semantic-release-bot@martynus.net>
AuthorDate: 2025-10-30
Commit:     semantic-release-bot <semantic-release-bot@martynus.net>
CommitDate: 2025-10-30

    chore(release): 2.0.0-dev.18
    
    # [2.0.0-dev.18](https://github.com/Genesis-Technologies-LLC/genesis-web/compare/v2.0.0-dev.17...v2.0.0-dev.18) (2025-10-30)
    
    ### Bug Fixes
    
    * **content:** Persist social profile images in S3 [EVO-2333] ([6083863](https://github.com/Genesis-Technologies-LLC/genesis-web/commit/60838634a65f422659b41aa20784932bc1e36736))

CHANGELOG.md

commit 60838634a65f422659b41aa20784932bc1e36736
Author:     Jacob Stallings <jacobcstallings@icloud.com>
AuthorDate: 2025-10-30
Commit:     GitHub <noreply@github.com>
CommitDate: 2025-10-30

    fix(content): Persist social profile images in S3 [EVO-2333]

packages/server/services/instagramService.js
packages/server/services/socialService.js

commit 22fb1c33f648af35b7ccbecc94f6dfe71bc4addf
Author:     semantic-release-bot <semantic-release-bot@martynus.net>
AuthorDate: 2025-10-30
Commit:     semantic-release-bot <semantic-release-bot@martynus.net>
CommitDate: 2025-10-30

    chore(release): 2.0.0-dev.17
    
    # [2.0.0-dev.17](https://github.com/Genesis-Technologies-LLC/genesis-web/compare/v2.0.0-dev.16...v2.0.0-dev.17) (2025-10-30)
    
    ### Bug Fixes
    
    * Test Manually KPI helper [EVO-2162] ([c1944c0](https://github.com/Genesis-Technologies-LLC/genesis-web/commit/c1944c0070c6825a79bcdc98a716077f617cfb86))

CHANGELOG.md

commit c1944c0070c6825a79bcdc98a716077f617cfb86
Author:     Pratiush Prasain <pratiush.prasain@inicreatechnologies.com>
AuthorDate: 2025-10-30
Commit:     GitHub <noreply@github.com>
CommitDate: 2025-10-30

    fix: Test Manually KPI helper [EVO-2162]
    
    * fix: Partial Changes in level calculation for level 2 and 3 [EVO-2162]
    
    * fix: Update the level 2 and 3 logic kpi helper [EVO-2162]
    
    * fix: Tested Manunally [EVO-2162]

packages/server/controllers/notification/index.js
packages/server/services/gamification/helpers/levelProgress/instagramPostsHelper.js
packages/server/services/gamification/helpers/levelProgress/levelThreeProgressHelper.js
packages/server/services/gamification/helpers/levelProgress/levelTwoProgressHelper.js
packages/server/services/gamification/helpers/metricsHelpers.js
packages/server/services/gamification/index.js

commit 7812a561e301679381b8fe21f766ebcc03625147
Author:     semantic-release-bot <semantic-release-bot@martynus.net>
AuthorDate: 2025-10-30
Commit:     semantic-release-bot <semantic-release-bot@martynus.net>
CommitDate: 2025-10-30

    chore(release): 2.0.0-dev.16
    
    # [2.0.0-dev.16](https://github.com/Genesis-Technologies-LLC/genesis-web/compare/v2.0.0-dev.15...v2.0.0-dev.16) (2025-10-30)
    
    ### Bug Fixes
    
    * **chatSchedulerService:** Update calendar API base URL [EVO-2299] ([b0a0eea](https://github.com/Genesis-Technologies-LLC/genesis-web/commit/b0a0eeaa8d50348c27f20edefd1b5893d74493d7))

CHANGELOG.md

commit b0a0eeaa8d50348c27f20edefd1b5893d74493d7
Author:     Rajib Shrestha <33756765+Rajibshrestha59@users.noreply.github.com>
AuthorDate: 2025-10-30
Commit:     GitHub <noreply@github.com>
CommitDate: 2025-10-30

    fix(chatSchedulerService): Update calendar API base URL [EVO-2299]

packages/server/services/google/chatSchedulerService.js

commit 36cf62907c0242a45bcaee36e5de50d4e8cd8491
Author:     semantic-release-bot <semantic-release-bot@martynus.net>
AuthorDate: 2025-10-29
Commit:     semantic-release-bot <semantic-release-bot@martynus.net>
CommitDate: 2025-10-29

    chore(release): 2.0.0-dev.15
    
    # [2.0.0-dev.15](https://github.com/Genesis-Technologies-LLC/genesis-web/compare/v2.0.0-dev.14...v2.0.0-dev.15) (2025-10-29)
    
    ### Bug Fixes
    
    * Fix the create logic when the data not found [EVO-2317] ([841617b](https://github.com/Genesis-Technologies-LLC/genesis-web/commit/841617b64e344593c6d3a5bbaa0d7672fbef24aa))

CHANGELOG.md

commit 841617b64e344593c6d3a5bbaa0d7672fbef24aa
Author:     Pratiush Prasain <pratiush.prasain@inicreatechnologies.com>
AuthorDate: 2025-10-29
Commit:     GitHub <noreply@github.com>
CommitDate: 2025-10-29

    fix: Fix the create logic when the data not found [EVO-2317]
    
    * fix: Fix the create logic when the data not found [EVO-2317]
    
    * fix: Logger not define issue in notificationcontentservice [EVO-2317]

packages/server/services/agent/notificationContentService.js
packages/server/services/calendarSettingsService.js

commit e68deedf1d0d96ca3eb11012a8cf773094e24aa7
Author:     Pratiush Prasain <pratiush.prasain@inicreatechnologies.com>
AuthorDate: 2025-10-29
Commit:     GitHub <noreply@github.com>
CommitDate: 2025-10-29

    Fix: Update the functionality of kpi helper for level 2 and level 3 [EVO-2162]
    
    * fix: Partial Changes in level calculation for level 2 and 3 [EVO-2162]
    
    * fix: Update the level 2 and 3 logic kpi helper [EVO-2162]

packages/server/models/TikTokMetrics.js
packages/server/services/cron/index.js
packages/server/services/gamification/constants/levelThreshold.js
packages/server/services/gamification/helpers/levelProgress/instagramPostsHelper.js
packages/server/services/gamification/helpers/levelProgress/levelThreeProgressHelper.js
packages/server/services/gamification/helpers/levelProgress/levelTwoProgressHelper.js
packages/server/services/gamification/helpers/levelProgress/spotifyReleasesHelper.js
packages/server/services/gamification/helpers/levelProgress/tiktokReleasesHelper.js
packages/server/services/tiktokService.js

commit a1c4ac40e8c93d88f9927ceb6ed0b411613768cf
Author:     semantic-release-bot <semantic-release-bot@martynus.net>
AuthorDate: 2025-10-29
Commit:     semantic-release-bot <semantic-release-bot@martynus.net>
CommitDate: 2025-10-29

    chore(release): 2.0.0-dev.14
    
    # [2.0.0-dev.14](https://github.com/Genesis-Technologies-LLC/genesis-web/compare/v2.0.0-dev.13...v2.0.0-dev.14) (2025-10-29)
    
    ### Bug Fixes
    
    * **social:** Clear old metrics when social account unlinked [EVO-2291] ([8c5010c](https://github.com/Genesis-Technologies-LLC/genesis-web/commit/8c5010c0596bf4af979d4a4ffd5555847304b16c))

CHANGELOG.md

commit 8c5010c0596bf4af979d4a4ffd5555847304b16c
Author:     Jacob Stallings <jacobcstallings@icloud.com>
AuthorDate: 2025-10-29
Commit:     GitHub <noreply@github.com>
CommitDate: 2025-10-29

    fix(social): Clear old metrics when social account unlinked [EVO-2291]

packages/server/controllers/social/index.js
packages/server/routes/social/index.js
packages/server/services/socialService.js

commit c630ff5d6d9300b404d0e4b1f346a04c2f99d661
Author:     semantic-release-bot <semantic-release-bot@martynus.net>
AuthorDate: 2025-10-28
Commit:     semantic-release-bot <semantic-release-bot@martynus.net>
CommitDate: 2025-10-28

    chore(release): 2.0.0-rc.3
    
    # [2.0.0-rc.3](https://github.com/Genesis-Technologies-LLC/genesis-web/compare/v2.0.0-rc.2...v2.0.0-rc.3) (2025-10-28)
    
    ### Bug Fixes
    
    * Fixed fetching from tiktok platform [EVO-2302] ([9adc7ec](https://github.com/Genesis-Technologies-LLC/genesis-web/commit/9adc7ecad3c5c02fa11eaee9591cb91c833d77b1))

CHANGELOG.md

commit 3247be877a016ed3e176020c1db80667161e3601
Author:     semantic-release-bot <semantic-release-bot@martynus.net>
AuthorDate: 2025-10-28
Commit:     semantic-release-bot <semantic-release-bot@martynus.net>
CommitDate: 2025-10-28

    chore(release): 2.0.0-dev.13
    
    # [2.0.0-dev.13](https://github.com/Genesis-Technologies-LLC/genesis-web/compare/v2.0.0-dev.12...v2.0.0-dev.13) (2025-10-28)
    
    ### Bug Fixes
    
    * Fixed fetching from tiktok platform [EVO-2302] ([9adc7ec](https://github.com/Genesis-Technologies-LLC/genesis-web/commit/9adc7ecad3c5c02fa11eaee9591cb91c833d77b1))

CHANGELOG.md

commit 9adc7ecad3c5c02fa11eaee9591cb91c833d77b1
Author:     Rajib Shrestha <33756765+Rajibshrestha59@users.noreply.github.com>
AuthorDate: 2025-10-28
Commit:     GitHub <noreply@github.com>
CommitDate: 2025-10-28

    fix: Fixed fetching from tiktok platform [EVO-2302]

packages/server/services/tiktok/tiktokPostSettingsService.js

commit b423765403c09e1c452eb00674cfd60869c1f1ce
Author:     Rajib Shresth <rajibstha059@gmail.com>
AuthorDate: 2025-10-28
Commit:     Rajib Shresth <rajibstha059@gmail.com>
CommitDate: 2025-10-28

    refactor(aiService): Update AI microservice URL handling [EVO-2269]

packages/server/services/agent/aiService.js
packages/server/services/agent/notificationContentService.js

commit 8052c641e48a64cc92de170279b9f5765098759a
Author:     semantic-release-bot <semantic-release-bot@martynus.net>
AuthorDate: 2025-10-28
Commit:     semantic-release-bot <semantic-release-bot@martynus.net>
CommitDate: 2025-10-28

    chore(release): 2.0.0-rc.2
    
    # [2.0.0-rc.2](https://github.com/Genesis-Technologies-LLC/genesis-web/compare/v2.0.0-rc.1...v2.0.0-rc.2) (2025-10-28)
    
    ### Bug Fixes
    
    * **ci:** Remove stopped containers before deployment [EVO-2278] ([#478](https://github.com/Genesis-Technologies-LLC/genesis-web/issues/478)) ([270e582](https://github.com/Genesis-Technologies-LLC/genesis-web/commit/270e58250acc5ac676d2e447c540fd281dbf1647))
    * Fix the Validation when the type is provided ([ca4f024](https://github.com/Genesis-Technologies-LLC/genesis-web/commit/ca4f024a70b45724516a7762a676587163374a06))
    * Made options to optional while answering the questions [EVO-2108] ([107c227](https://github.com/Genesis-Technologies-LLC/genesis-web/commit/107c2278b7df3a99becdf28d3268d9d81503bf28))
    * **smart-calendar:** Fix auto-sched event approval and rejection flow ([2f9410e](https://github.com/Genesis-Technologies-LLC/genesis-web/commit/2f9410ec6aa8af236a661cfa721e40e38465f3f4))
    
    ### Features
    
    * Add TikTok post settings and validation [EVO-2259] ([#476](https://github.com/Genesis-Technologies-LLC/genesis-web/issues/476)) ([ad74705](https://github.com/Genesis-Technologies-LLC/genesis-web/commit/ad7470520c134929c282d869f767846e8878282c))
    * **calendar:** Add endpoint to reject proposed events [EVO-2074] ([e910093](https://github.com/Genesis-Technologies-LLC/genesis-web/commit/e91009325944f2535a77187b4fff682cd63dd811))

CHANGELOG.md

commit 31f9b814e4f13f00bdc107e6292d6f7d5e59d051
Author:     semantic-release-bot <semantic-release-bot@martynus.net>
AuthorDate: 2025-10-28
Commit:     semantic-release-bot <semantic-release-bot@martynus.net>
CommitDate: 2025-10-28

    chore(release): 2.0.0-dev.12
    
    # [2.0.0-dev.12](https://github.com/Genesis-Technologies-LLC/genesis-web/compare/v2.0.0-dev.11...v2.0.0-dev.12) (2025-10-28)
    
    ### Bug Fixes
    
    * Made options to optional while answering the questions [EVO-2108] ([107c227](https://github.com/Genesis-Technologies-LLC/genesis-web/commit/107c2278b7df3a99becdf28d3268d9d81503bf28))

CHANGELOG.md

commit 107c2278b7df3a99becdf28d3268d9d81503bf28
Author:     Pratiush Prasain <pratiush.prasain@inicreatechnologies.com>
AuthorDate: 2025-10-28
Commit:     GitHub <noreply@github.com>
CommitDate: 2025-10-28

    fix: Made options to optional while answering the questions [EVO-2108]
    
    * fix: Fix the Validation in buzz factory while saving [EVO-2108]
    
    * fix: Fix the missing validation when type is provided [EVO-2108]
    
    * fix: Made options to optional while answering questions [EVO-2108]

packages/server/services/buzz-questionnaires/index.js

commit 197c0dd5f1f6dd6eb316893be79c3fa8588dad3d
Author:     semantic-release-bot <semantic-release-bot@martynus.net>
AuthorDate: 2025-10-28
Commit:     semantic-release-bot <semantic-release-bot@martynus.net>
CommitDate: 2025-10-28

    chore(release): 2.0.0-dev.11
    
    # [2.0.0-dev.11](https://github.com/Genesis-Technologies-LLC/genesis-web/compare/v2.0.0-dev.10...v2.0.0-dev.11) (2025-10-28)
    
    ### Bug Fixes
    
    * Fix the Validation when the type is provided ([ca4f024](https://github.com/Genesis-Technologies-LLC/genesis-web/commit/ca4f024a70b45724516a7762a676587163374a06))
    * **smart-calendar:** Fix auto-sched event approval and rejection flow ([2f9410e](https://github.com/Genesis-Technologies-LLC/genesis-web/commit/2f9410ec6aa8af236a661cfa721e40e38465f3f4))

CHANGELOG.md

commit ca4f024a70b45724516a7762a676587163374a06
Author:     Pratiush Prasain <pratiush.prasain@inicreatechnologies.com>
AuthorDate: 2025-10-28
Commit:     GitHub <noreply@github.com>
CommitDate: 2025-10-28

    fix: Fix the Validation when the type is provided
    
    * fix: Fix the Validation in buzz factory while saving [EVO-2108]
    
    * fix: Fix the missing validation when type is provided [EVO-2108]

packages/server/services/buzz-questionnaires/index.js

commit 2f9410ec6aa8af236a661cfa721e40e38465f3f4
Author:     Henry Cikanek <cikanekhenry@gmail.com>
AuthorDate: 2025-10-27
Commit:     GitHub <noreply@github.com>
CommitDate: 2025-10-28

    fix(smart-calendar): Fix auto-sched event approval and rejection flow
    
    Fixed critical issues in the proposed event lifecycle preventing proper
    approval/rejection of auto-scheduled events:
    
    - Fixed rejectProposedEventController validation to check isAutoScheduled
      instead of incorrect source field check
    - Fixed reject service call to pass full req object (was missing user data,
      causing "Cannot read properties of undefined" error)
    - Prevented premature Google Calendar sync by adding isConfirmed: false to
      auto-scheduled events in taskEventSchedulerService
    - Fixed field mismatch in googleCalenderPushSyncService (description vs
      eventDetails)
    - Enhanced confirmAndSyncProposedEvent with validation for auto-scheduled
      and unconfirmed events
    - Added approveProposedEvent

packages/server/controllers/smartCalendar/index.js
packages/server/routes/smartCalendar/index.js
packages/server/services/eventService.js
packages/server/services/google/calendar/index.js
packages/server/services/taskEventSchedulerService.js

commit d03c0b82ee7a7d13bb7a42542ce2b70d4b4ad1ea
Author:     Rajib Shrestha <33756765+Rajibshrestha59@users.noreply.github.com>
AuthorDate: 2025-10-27
Commit:     GitHub <noreply@github.com>
CommitDate: 2025-10-27

    refactor(calendar): Updated env url [EVO-2074]

packages/server/services/google/chatSchedulerService.js

commit e885fb548cf9679996a9a49e314a801bd5ae9a47
Author:     semantic-release-bot <semantic-release-bot@martynus.net>
AuthorDate: 2025-10-27
Commit:     semantic-release-bot <semantic-release-bot@martynus.net>
CommitDate: 2025-10-27

    chore(release): 2.0.0-dev.10
    
    # [2.0.0-dev.10](https://github.com/Genesis-Technologies-LLC/genesis-web/compare/v2.0.0-dev.9...v2.0.0-dev.10) (2025-10-27)
    
    ### Bug Fixes
    
    * **ci:** Remove stopped containers before deployment [EVO-2278] ([#478](https://github.com/Genesis-Technologies-LLC/genesis-web/issues/478)) ([270e582](https://github.com/Genesis-Technologies-LLC/genesis-web/commit/270e58250acc5ac676d2e447c540fd281dbf1647))

CHANGELOG.md

commit 270e58250acc5ac676d2e447c540fd281dbf1647
Author:     Umesh Shrestha <umesh@inicreatechnologies.com>
AuthorDate: 2025-10-27
Commit:     GitHub <noreply@github.com>
CommitDate: 2025-10-27

    fix(ci): Remove stopped containers before deployment [EVO-2278] (#478)
    
    Co-authored-by: Umesh Shrestha <stha.ums@gmail.com>

.github/workflows/deploy.yml

commit 8dab59057d41120d9f0c77f19dc1d46830980f66
Author:     semantic-release-bot <semantic-release-bot@martynus.net>
AuthorDate: 2025-10-27
Commit:     semantic-release-bot <semantic-release-bot@martynus.net>
CommitDate: 2025-10-27

    chore(release): 2.0.0-dev.9
    
    # [2.0.0-dev.9](https://github.com/Genesis-Technologies-LLC/genesis-web/compare/v2.0.0-dev.8...v2.0.0-dev.9) (2025-10-27)
    
    ### Features
    
    * **calendar:** Add endpoint to reject proposed events [EVO-2074] ([e910093](https://github.com/Genesis-Technologies-LLC/genesis-web/commit/e91009325944f2535a77187b4fff682cd63dd811))

CHANGELOG.md

commit e91009325944f2535a77187b4fff682cd63dd811
Author:     Rajib Shrestha <33756765+Rajibshrestha59@users.noreply.github.com>
AuthorDate: 2025-10-27
Commit:     GitHub <noreply@github.com>
CommitDate: 2025-10-27

    feat(calendar): Add endpoint to reject proposed events [EVO-2074]

packages/server/routes/smartCalendar/index.js

commit 1dd47e5ba182c330bf0d8274a7457f06e65588be
Author:     semantic-release-bot <semantic-release-bot@martynus.net>
AuthorDate: 2025-10-26
Commit:     semantic-release-bot <semantic-release-bot@martynus.net>
CommitDate: 2025-10-26

    chore(release): 2.0.0-dev.8
    
    # [2.0.0-dev.8](https://github.com/Genesis-Technologies-LLC/genesis-web/compare/v2.0.0-dev.7...v2.0.0-dev.8) (2025-10-26)
    
    ### Features
    
    * Add TikTok post settings and validation [EVO-2259] ([#476](https://github.com/Genesis-Technologies-LLC/genesis-web/issues/476)) ([ad74705](https://github.com/Genesis-Technologies-LLC/genesis-web/commit/ad7470520c134929c282d869f767846e8878282c))

CHANGELOG.md

commit ad7470520c134929c282d869f767846e8878282c
Author:     Umesh Shrestha <umesh@inicreatechnologies.com>
AuthorDate: 2025-10-26
Commit:     GitHub <noreply@github.com>
CommitDate: 2025-10-26

    feat: Add TikTok post settings and validation [EVO-2259] (#476)
    
    * feat: Add TikTok post settings and validation [EVO-2259]
    
    - Add TikTok post settings controller with GET/POST endpoints for default settings
    - Add TikTok disconnect endpoint to revoke tokens and clear user data
    - Create tiktokSettings schema in ScheduledPost model to store per-post TikTok configuration
    - Add tiktokDefaultSettings and tiktokCreatorInfo caching to SocialTokens model
    - Implement TikTok settings validation utility (privacy_level, interaction settings required per TikTok guidelines)
    - Update schedulePostService to auto-apply user's default TikTok settings when not provided
    - Add comprehensive Swagger documentation for TikTok settings endpoints
    - Add TikTok post settings validation schema (Zod) with branded content rules
    - Update TikTok OAuth scope to include video.upload and video.publish permissions
    
    * feat: Add TikTok post settings and validation [EVO-2259]
    
    - Add TikTok post settings controller with GET/POST endpoints for default settings
    - Add TikTok disconnect endpoint to revoke tokens and clear user data
    - Create tiktokSettings schema in ScheduledPost model to store per-post TikTok configuration
    - Add tiktokDefaultSettings and tiktokCreatorInfo caching to SocialTokens model
    - Implement TikTok settings validation utility (privacy_level, interaction settings required per TikTok guidelines)
    - Update schedulePostService to auto-apply user's default TikTok settings when not provided
    - Add comprehensive Swagger documentation for TikTok settings endpoints
    - Add TikTok post settings validation schema (Zod) with branded content rules
    - Update TikTok OAuth scope to include video.upload and video.publish permissions
    
    ---------
    
    Co-authored-by: Umesh Shrestha <stha.ums@gmail.com>

packages/server/controllers/content/index.js
packages/server/controllers/tiktok/index.js
packages/server/controllers/tiktok/tiktokPostSettingsController.js
packages/server/models/ScheduledPost.js
packages/server/models/SocialTokens.js
packages/server/routes/tiktok/index.js
packages/server/schema/tiktok/postSettings.js
packages/server/services/content/schedulePostService.js
packages/server/services/tiktok/tiktokPostSettingsService.js
packages/server/services/tiktokService.js
packages/server/utils/tiktokValidation.js

commit ce65d4bff594179be5a21eda25c22af62a5d3064
Author:     semantic-release-bot <semantic-release-bot@martynus.net>
AuthorDate: 2025-10-26
Commit:     semantic-release-bot <semantic-release-bot@martynus.net>
CommitDate: 2025-10-26

    chore(release): 2.0.0-rc.1
    
    # [2.0.0-rc.1](https://github.com/Genesis-Technologies-LLC/genesis-web/compare/v1.1.0-rc.1...v2.0.0-rc.1) (2025-10-26)
    
    ### Bug Fixes
    
    * Bulk update not working issue fix [EVO-2269] ([7de7d94](https://github.com/Genesis-Technologies-LLC/genesis-web/commit/7de7d9447cae0118c14c75699e2be6ce0a894f46))
    * Fix the Validation in buzz factory while saving [EVO-2108] ([e38941e](https://github.com/Genesis-Technologies-LLC/genesis-web/commit/e38941e2402ad808a31cf5ebd131e1dead0cf2b0))
    * Folder and subfolder logic are done [EVO-2169] ([ff6bc86](https://github.com/Genesis-Technologies-LLC/genesis-web/commit/ff6bc866b35bc18ca2de5f4925365fe0c80830ba))
    * Handle the redundant data of the intagram metrics [EVO-2168] ([#471](https://github.com/Genesis-Technologies-LLC/genesis-web/issues/471)) ([3981b5f](https://github.com/Genesis-Technologies-LLC/genesis-web/commit/3981b5f8b15822da7ece470d5b019df402600738))
    * Missing optional chaining in the tag while edit [EVO-2154] ([fe82aa1](https://github.com/Genesis-Technologies-LLC/genesis-web/commit/fe82aa130ebc73f2ba34db1ff1f4208e402f4979))
    * **social:** Fix platform not linking in stage [EVO-2121] ([8ef1c79](https://github.com/Genesis-Technologies-LLC/genesis-web/commit/8ef1c79b18aef3a920222cdb522ee358f3e60b3b))
    * Tiktok audience count updated on every cron run ([4de3909](https://github.com/Genesis-Technologies-LLC/genesis-web/commit/4de3909dfba2aa09c8e4a619eeed1bcb75db58c8))
    
    ### Features
    
    * **calendar:** Migrate sync from cron to webhook push [EVO-2255] ([#473](https://github.com/Genesis-Technologies-LLC/genesis-web/issues/473)) ([5b975bb](https://github.com/Genesis-Technologies-LLC/genesis-web/commit/5b975bbb13514fe195039681a9e997281814ba79))
    * **scheduler:** Add task auto-sched cron with service auth [EVO-2102] ([e0a279d](https://github.com/Genesis-Technologies-LLC/genesis-web/commit/e0a279d86701ecb55345d77582cfec1a9f628d28))
    * **social:** Tiktok Post Metrics & top performing (pt. 1) [EVO-1494] ([eb66c8d](https://github.com/Genesis-Technologies-LLC/genesis-web/commit/eb66c8d7c8f0637c8f8494c439c459ba87fa9ae3))
    
    ### BREAKING CHANGES
    
    * **scheduler:** Requires SERVICE_AUTH_TOKEN environment variable in both
    backend and microservice for internal API communication
    
    Backend changes:
    - services/cron/TaskAutoScheduler.js: New cron job implementation
    - services/cron/index.js: Register TaskAutoScheduler in cron system
    - services/cron/README.md: Document new auto-scheduler job
    - services/cron/TASK_AUTO_SCHEDULER.md: Detailed implementation guide
    
    The service token format is 'Bearer service:{token}' to distinguish
    from user JWTs. This enables proper authentication for automated
    internal operations while maintaining security.
    
    * fix(scheduler): Skip users with smart calendar disabled [EVO-2102]
    
    - Add smartCalendarEnabled check in TaskAutoScheduler
    - Fetch calendar settings before processing user tasks
    - Skip auto-scheduling for users who haven't enabled smart calendar
    - Add debug logging when skipping disabled users
    - Prevent unwanted auto-scheduling for users who opted out
    
    This prevents the cron job from processing tasks for users who have not
    enabled the smart calendar feature, saving resources and respecting user
    preferences.

CHANGELOG.md

commit 241f657f3210a06063b5608b789e8febe74146b0
Author:     semantic-release-bot <semantic-release-bot@martynus.net>
AuthorDate: 2025-10-25
Commit:     semantic-release-bot <semantic-release-bot@martynus.net>
CommitDate: 2025-10-25

    chore(release): 2.0.0-dev.7
    
    # [2.0.0-dev.7](https://github.com/Genesis-Technologies-LLC/genesis-web/compare/v2.0.0-dev.6...v2.0.0-dev.7) (2025-10-25)
    
    ### Bug Fixes
    
    * Update server description [EVO-2074] ([8d4ead1](https://github.com/Genesis-Technologies-LLC/genesis-web/commit/8d4ead178727ec491c45d0548b32ef0e3934885a))

CHANGELOG.md

commit 1cc95c08480a0eb8a80db33557bc03e1561b535e
Author:     semantic-release-bot <semantic-release-bot@martynus.net>
AuthorDate: 2025-10-24
Commit:     semantic-release-bot <semantic-release-bot@martynus.net>
CommitDate: 2025-10-24

    chore(release): 2.0.0-dev.6
    
    # [2.0.0-dev.6](https://github.com/Genesis-Technologies-LLC/genesis-web/compare/v2.0.0-dev.5...v2.0.0-dev.6) (2025-10-24)
    
    ### Bug Fixes
    
    * Bulk update not working issue fix [EVO-2269] ([7de7d94](https://github.com/Genesis-Technologies-LLC/genesis-web/commit/7de7d9447cae0118c14c75699e2be6ce0a894f46))

CHANGELOG.md

commit 7de7d9447cae0118c14c75699e2be6ce0a894f46
Author:     Pratiush Prasain <pratiush.prasain@inicreatechnologies.com>
AuthorDate: 2025-10-24
Commit:     GitHub <noreply@github.com>
CommitDate: 2025-10-24

    fix: Bulk update not working issue fix [EVO-2269]

packages/server/controllers/task/task.js
packages/server/services/taskService.js

commit 29b3049f65332a7b4296fa785ae4a6ef2d561866
Author:     semantic-release-bot <semantic-release-bot@martynus.net>
AuthorDate: 2025-10-24
Commit:     semantic-release-bot <semantic-release-bot@martynus.net>
CommitDate: 2025-10-24

    chore(release): 2.0.0-dev.5
    
    # [2.0.0-dev.5](https://github.com/Genesis-Technologies-LLC/genesis-web/compare/v2.0.0-dev.4...v2.0.0-dev.5) (2025-10-24)
    
    ### Bug Fixes
    
    * Folder and subfolder logic are done [EVO-2169] ([ff6bc86](https://github.com/Genesis-Technologies-LLC/genesis-web/commit/ff6bc866b35bc18ca2de5f4925365fe0c80830ba))
    * Handle the redundant data of the intagram metrics [EVO-2168] ([#471](https://github.com/Genesis-Technologies-LLC/genesis-web/issues/471)) ([3981b5f](https://github.com/Genesis-Technologies-LLC/genesis-web/commit/3981b5f8b15822da7ece470d5b019df402600738))

CHANGELOG.md

commit ff6bc866b35bc18ca2de5f4925365fe0c80830ba
Author:     Pratiush Prasain <pratiush.prasain@inicreatechnologies.com>
AuthorDate: 2025-10-24
Commit:     GitHub <noreply@github.com>
CommitDate: 2025-10-24

    fix: Folder and subfolder logic are done [EVO-2169]

packages/server/controllers/cloud-storage/index.js
packages/server/routes/cloud-storage/index.js
packages/server/services/cloud-storage/providers/GoogleDriveProvider.js
packages/server/services/consent/google.service.js

commit 3981b5f8b15822da7ece470d5b019df402600738
Author:     Pratiush Prasain <pratiush.prasain@inicreatechnologies.com>
AuthorDate: 2025-10-24
Commit:     GitHub <noreply@github.com>
CommitDate: 2025-10-24

    fix: Handle the redundant data of the intagram metrics [EVO-2168] (#471)

packages/server/controllers/user/calendar-settings.js
packages/server/helpers/charts/instagramChartsHelper.js

commit 5a678df19e4f53419d01d31608bb4e697d95c2d0
Author:     semantic-release-bot <semantic-release-bot@martynus.net>
AuthorDate: 2025-10-24
Commit:     semantic-release-bot <semantic-release-bot@martynus.net>
CommitDate: 2025-10-24

    chore(release): 2.0.0-dev.4
    
    # [2.0.0-dev.4](https://github.com/Genesis-Technologies-LLC/genesis-web/compare/v2.0.0-dev.3...v2.0.0-dev.4) (2025-10-24)
    
    ### Bug Fixes
    
    * Fix the Validation in buzz factory while saving [EVO-2108] ([e38941e](https://github.com/Genesis-Technologies-LLC/genesis-web/commit/e38941e2402ad808a31cf5ebd131e1dead0cf2b0))
    
    ### Features
    
    * **calendar:** Migrate sync from cron to webhook push [EVO-2255] ([#473](https://github.com/Genesis-Technologies-LLC/genesis-web/issues/473)) ([5b975bb](https://github.com/Genesis-Technologies-LLC/genesis-web/commit/5b975bbb13514fe195039681a9e997281814ba79))

CHANGELOG.md

commit e38941e2402ad808a31cf5ebd131e1dead0cf2b0
Author:     Pratiush Prasain <pratiush.prasain@inicreatechnologies.com>
AuthorDate: 2025-10-24
Commit:     GitHub <noreply@github.com>
CommitDate: 2025-10-24

    fix: Fix the Validation in buzz factory while saving [EVO-2108]

packages/server/helpers/language.js
packages/server/services/buzz-questionnaires/index.js

commit 5b975bbb13514fe195039681a9e997281814ba79
Author:     Umesh Shrestha <umesh@inicreatechnologies.com>
AuthorDate: 2025-10-22
Commit:     GitHub <noreply@github.com>
CommitDate: 2025-10-22

    feat(calendar): Migrate sync from cron to webhook push [EVO-2255] (#473)
    
    * feat(calendar): Migrate sync from cron to webhook push [EVO-2255]
    
    Refactor Google Calendar synchronization from polling-based cron jobs to event-driven webhook push notifications for real-time updates
    
    Key Changes:
    - Add webhookService for Google Calendar push notifications
    - Add WebhookRenewalScheduler to manage webhook lifecycle (7-day TTL)
    - Add calendarWebhook controller for handling push notifications
    - Remove calendarSyncCronService (legacy cron-based sync)
    - Update CalendarSyncScheduler to handle manual syncs and failures
    - Enhance logging with structured metadata and context
    - Update calendar settings service with webhook management
    - Add webhook routes and endpoints
    
    Benefits:
    - Real-time calendar sync instead of periodic polling
    - Reduced API quota usage (no more frequent polling)
    - Better scalability and performance
    - Automatic webhook renewal before expiration
    
    Technical Details:
    - Webhook channels expire after 7 days and auto-renew
    - Fallback to manual sync for edge cases
    - Comprehensive error handling and logging
    - Google Calendar API v3 push notifications
    
    JIRA: EVO-2255
    
    * refactor(webhooks): Remove manual force-refresh API endpoint
    
    JIRA: EVO-2255
    
    * feat(webhooks): Add environment-based force renewal on startup
    
    Force renew all webhooks on dev/development startup to ensure correct BASE_URL
    when dev and local environments share the same database. Production only sets
    up missing webhooks without force renewal for efficiency.
    
    JIRA: EVO-2255
    
    * refactor(webhooks): Deduplicate code and centralize webhook logic
    
    - Create reusable setupWebhookForCalendar() to eliminate duplicated setup logic
    - Add setupWebhooksForNewCalendars() for immediate webhook setup on calendar link
    - Add stopWebhooksForRemovedCalendars() for calendar deselection handling
    - Create stopWebhooksForCalendars() helper to deduplicate webhook stopping logic
    - Add cleanupWebhookMetadata() utility for API failure cases
    - Centralize ALL webhook logic in webhookService.js (separation of concerns)
    - Remove unused setupWebhooksForUser() function (dead code)
    - Update WebhookRenewalScheduler to use shared setupWebhookForCalendar()
    - Add immediate webhook setup on calendar link (no cron delay)
    - Add webhook cleanup when calendars removed from selection
    - Add webhook cleanup on complete calendar unlink
    
    Benefits:
    - 254 lines of duplicated code eliminated
    - Webhooks set up immediately on link (real-time sync within seconds)
    - All webhook logic properly isolated in webhookService
    - Single source of truth for webhook operations
    - OAuth service simplified and focused on OAuth flow only
    - Improved testability and maintainability
    
    JIRA: EVO-2255
    
    ---------
    
    Co-authored-by: Umesh Shrestha <stha.ums@gmail.com>

packages/server/app.js
packages/server/config/db.js
packages/server/controllers/auth/forgotPassword.js
packages/server/controllers/auth/login.js
packages/server/controllers/auth/otpController.js
packages/server/controllers/auth/resetPassword.js
packages/server/controllers/auth/signUp.js
packages/server/controllers/buzz-factory/index.js
packages/server/controllers/content/index.js
packages/server/controllers/event/event.js
packages/server/controllers/gamification/index.js
packages/server/controllers/google/calendarWebhook.js
packages/server/controllers/google/calender/index.js
packages/server/controllers/onboarding/index.js
packages/server/controllers/social/index.js
packages/server/controllers/stripe/webhook.js
packages/server/docs/CRON_MIGRATION_GUIDE.md
packages/server/helpers/emailHelper.js
packages/server/middleware/lastActive.js
packages/server/models/GoogleCalender.js
packages/server/routes/google/index.js
packages/server/routes/social/index.js
packages/server/run-dev.js
packages/server/server.js
packages/server/services/calendarSettingsService.js
packages/server/services/calendarSyncCronService.js
packages/server/services/cron/CalendarSyncScheduler.js
packages/server/services/cron/WebhookRenewalScheduler.js
packages/server/services/cron/index.js
packages/server/services/eventService.js
packages/server/services/google/calendar/index.js
packages/server/services/google/calendar/webhookService.js
packages/server/services/taskEventSchedulerService.js
packages/server/utils/logger.js

commit 0a85b77fd79a8d03eb0368ed99535808e5cc5714
Author:     semantic-release-bot <semantic-release-bot@martynus.net>
AuthorDate: 2025-10-17
Commit:     semantic-release-bot <semantic-release-bot@martynus.net>
CommitDate: 2025-10-17

    chore(release): 2.0.0-dev.3
    
    # [2.0.0-dev.3](https://github.com/Genesis-Technologies-LLC/genesis-web/compare/v2.0.0-dev.2...v2.0.0-dev.3) (2025-10-17)
    
    ### Bug Fixes
    
    * Missing optional chaining in the tag while edit [EVO-2154] ([fe82aa1](https://github.com/Genesis-Technologies-LLC/genesis-web/commit/fe82aa130ebc73f2ba34db1ff1f4208e402f4979))
    
    ### Features
    
    * **social:** Tiktok Post Metrics & top performing (pt. 1) [EVO-1494] ([eb66c8d](https://github.com/Genesis-Technologies-LLC/genesis-web/commit/eb66c8d7c8f0637c8f8494c439c459ba87fa9ae3))

CHANGELOG.md

commit fe82aa130ebc73f2ba34db1ff1f4208e402f4979
Author:     Pratiush Prasain <pratiush.prasain@inicreatechnologies.com>
AuthorDate: 2025-10-17
Commit:     GitHub <noreply@github.com>
CommitDate: 2025-10-17

    fix: Missing optional chaining in the tag while edit [EVO-2154]
    
    * fix: Missing optional chaining in the tag while edit [EVO-2154]
    
    * fix: Added the optional chaining project [EVO-2154]

packages/server/services/eventService.js
packages/server/services/projectService.js

commit eb66c8d7c8f0637c8f8494c439c459ba87fa9ae3
Author:     Jacob Stallings <jacobcstallings@icloud.com>
AuthorDate: 2025-10-17
Commit:     GitHub <noreply@github.com>
CommitDate: 2025-10-17

    feat(social): Tiktok Post Metrics & top performing (pt. 1) [EVO-1494]

packages/server/helpers/tiktok/overviewHelper.js
packages/server/models/TikTokMetrics.js
packages/server/services/cron/CronJobManager.js
packages/server/services/cron/InstagramDailyScheduler.js
packages/server/services/cron/TikTokDailyScheduler.js
packages/server/services/cron/index.js
packages/server/services/tiktokService.js
packages/server/utils/constants.js

commit 43c6c9398867f87e4bb37517460b850f08276d0a
Author:     semantic-release-bot <semantic-release-bot@martynus.net>
AuthorDate: 2025-10-17
Commit:     semantic-release-bot <semantic-release-bot@martynus.net>
CommitDate: 2025-10-17

    chore(release): 2.0.0-dev.2
    
    # [2.0.0-dev.2](https://github.com/Genesis-Technologies-LLC/genesis-web/compare/v2.0.0-dev.1...v2.0.0-dev.2) (2025-10-17)
    
    ### Bug Fixes
    
    * **social:** Fix platform not linking in stage [EVO-2121] ([8ef1c79](https://github.com/Genesis-Technologies-LLC/genesis-web/commit/8ef1c79b18aef3a920222cdb522ee358f3e60b3b))
    * Tiktok audience count updated on every cron run ([4de3909](https://github.com/Genesis-Technologies-LLC/genesis-web/commit/4de3909dfba2aa09c8e4a619eeed1bcb75db58c8))

CHANGELOG.md

commit 4de3909dfba2aa09c8e4a619eeed1bcb75db58c8
Author:     Pratiush Prasain <pratiush.prasain@inicreatechnologies.com>
AuthorDate: 2025-10-17
Commit:     GitHub <noreply@github.com>
CommitDate: 2025-10-17

    fix: Tiktok audience count updated on every cron run
    
    * fix: Update the audience count for the tiktok in social [EVO-2165]
    
    * fix: Update the paltform mertic array of tiktok [EVO-2165]
    
    * fix: Calendar setting recurring issue fix [EVO-2165]
    
    * fix: Added location to store in the google calendar [EVO-2165]
    
    * fix: Fix the missing things in the calendar setting [EVO-2165]

packages/server/controllers/user/calendar-settings.js
packages/server/models/GoogleCalender.js
packages/server/services/calendarSettingsService.js
packages/server/services/cron/tiktokCronService.js
packages/server/services/google/calendar/index.js

commit 8ef1c79b18aef3a920222cdb522ee358f3e60b3b
Author:     Jacob Stallings <jacobcstallings@icloud.com>
AuthorDate: 2025-10-17
Commit:     GitHub <noreply@github.com>
CommitDate: 2025-10-17

    fix(social): Fix platform not linking in stage [EVO-2121]

packages/server/services/socialService.js

commit 7dfc5ebbafeb0405dd66b62db8a0828704a6b0bb
Author:     semantic-release-bot <semantic-release-bot@martynus.net>
AuthorDate: 2025-10-17
Commit:     semantic-release-bot <semantic-release-bot@martynus.net>
CommitDate: 2025-10-17

    chore(release): 2.0.0-dev.1
    
    # [2.0.0-dev.1](https://github.com/Genesis-Technologies-LLC/genesis-web/compare/v1.1.0-dev.2...v2.0.0-dev.1) (2025-10-17)
    
    ### Features
    
    * **scheduler:** Add task auto-sched cron with service auth [EVO-2102] ([e0a279d](https://github.com/Genesis-Technologies-LLC/genesis-web/commit/e0a279d86701ecb55345d77582cfec1a9f628d28))
    
    ### BREAKING CHANGES
    
    * **scheduler:** Requires SERVICE_AUTH_TOKEN environment variable in both
    backend and microservice for internal API communication
    
    Backend changes:
    - services/cron/TaskAutoScheduler.js: New cron job implementation
    - services/cron/index.js: Register TaskAutoScheduler in cron system
    - services/cron/README.md: Document new auto-scheduler job
    - services/cron/TASK_AUTO_SCHEDULER.md: Detailed implementation guide
    
    The service token format is 'Bearer service:{token}' to distinguish
    from user JWTs. This enables proper authentication for automated
    internal operations while maintaining security.
    
    * fix(scheduler): Skip users with smart calendar disabled [EVO-2102]
    
    - Add smartCalendarEnabled check in TaskAutoScheduler
    - Fetch calendar settings before processing user tasks
    - Skip auto-scheduling for users who haven't enabled smart calendar
    - Add debug logging when skipping disabled users
    - Prevent unwanted auto-scheduling for users who opted out
    
    This prevents the cron job from processing tasks for users who have not
    enabled the smart calendar feature, saving resources and respecting user
    preferences.

CHANGELOG.md

commit e0a279d86701ecb55345d77582cfec1a9f628d28
Author:     Henry Cikanek <cikanekhenry@gmail.com>
AuthorDate: 2025-10-17
Commit:     GitHub <noreply@github.com>
CommitDate: 2025-10-17

    feat(scheduler): Add task auto-sched cron with service auth [EVO-2102]
    
    * fix(calendar): Resolve scheduling and task-event deletion [EVO-2102]
    
    * fix(work-time-prefs): Pass work-day preferences correctly [EVO-2102]
    
    * fix(scheduler): Prevent dup times in rapid task creation [EVO-2102]
    
    - Query events from start of day to detect recently scheduled tasks
    - Remove timezone-misinterpreting sanitization for microservice responses
    - Make task creation synchronous with scheduling to enforce ordering
    
    * feat(scheduler): Add task auto-sched cron with service auth [EVO-2102]
    
    - Create TaskAutoScheduler cron service that runs daily at 6 AM UTC
    - Auto-schedule tasks with HIGH priority or deadlines within 3 days
    - Implement service-to-service authentication using static token
    - Use queue mechanism to prevent concurrency conflicts during scheduling
    - Add comprehensive logging for monitoring and debugging
    - Skip tasks that already have auto-scheduled events
    - Handle errors gracefully per user/task without failing entire job
    - Update cron system documentation with new scheduler details
    
    BREAKING CHANGE: Requires SERVICE_AUTH_TOKEN environment variable in both
    backend and microservice for internal API communication
    
    Backend changes:
    - services/cron/TaskAutoScheduler.js: New cron job implementation
    - services/cron/index.js: Register TaskAutoScheduler in cron system
    - services/cron/README.md: Document new auto-scheduler job
    - services/cron/TASK_AUTO_SCHEDULER.md: Detailed implementation guide
    
    The service token format is 'Bearer service:{token}' to distinguish
    from user JWTs. This enables proper authentication for automated
    internal operations while maintaining security.
    
    * fix(scheduler): Skip users with smart calendar disabled [EVO-2102]
    
    - Add smartCalendarEnabled check in TaskAutoScheduler
    - Fetch calendar settings before processing user tasks
    - Skip auto-scheduling for users who haven't enabled smart calendar
    - Add debug logging when skipping disabled users
    - Prevent unwanted auto-scheduling for users who opted out
    
    This prevents the cron job from processing tasks for users who have not
    enabled the smart calendar feature, saving resources and respecting user
    preferences.

packages/server/config/activityTypes.js
packages/server/controllers/smartCalendar/index.js
packages/server/eventsHub/eventListener.js
packages/server/models/Event.js
packages/server/services/cron/README.md
packages/server/services/cron/TASK_AUTO_SCHEDULER.md
packages/server/services/cron/TaskAutoScheduler.js
packages/server/services/cron/index.js
packages/server/services/eventService.js
packages/server/services/google/calendar/index.js
packages/server/services/taskEventSchedulerService.js
packages/server/services/taskService.js

commit 094013db2d19dad4eec5622f9aad3803204b4693
Author:     Jacob Stallings <jacobcstallings@icloud.com>
AuthorDate: 2025-10-16
Commit:     GitHub <noreply@github.com>
CommitDate: 2025-10-16

    Merge pull request #462 from Genesis-Technologies-LLC/social-sync-cleanup
    
    fix(social): Social sync follow up and unique key [EVO-2086]

packages/server/models/Social.js
packages/server/scripts/MIGRATIONS.md
packages/server/scripts/migrations/2025-10-09-comprehensive-social-fix.js
packages/server/scripts/migrations/2025-10-09-fix-social-sync.js
packages/server/scripts/migrations/MIGRATION_CHECKLIST.md
packages/server/scripts/migrations/SOCIAL_SYNC_STAGE_PROD_INSTRUCTIONS.md
packages/server/scripts/migrations/TEMPLATE.js
packages/server/scripts/migrations/migration-template.js
packages/server/services/instagramService.js
packages/server/services/spotifyService.js
packages/server/services/tiktokService.js

commit 02cf28c432c1a6236d69a18539436226cc5ddfa5
Author:     semantic-release-bot <semantic-release-bot@martynus.net>
AuthorDate: 2025-10-16
Commit:     semantic-release-bot <semantic-release-bot@martynus.net>
CommitDate: 2025-10-16

    chore(release): 1.1.0-rc.1
    
    # [1.1.0-rc.1](https://github.com/Genesis-Technologies-LLC/genesis-web/compare/v1.0.2-rc.2...v1.1.0-rc.1) (2025-10-16)
    
    ### Bug Fixes
    
    * Update README.md [EVO-2074] ([c569b57](https://github.com/Genesis-Technologies-LLC/genesis-web/commit/c569b57e3bb25b7a197b3619c3fe4af802e376dc))
    * Update server description [EVO-2074] ([8d4ead1](https://github.com/Genesis-Technologies-LLC/genesis-web/commit/8d4ead178727ec491c45d0548b32ef0e3934885a))
    
    ### Features
    
    * **social:** Top performing posts IG [EVO-1491] ([b56dccd](https://github.com/Genesis-Technologies-LLC/genesis-web/commit/b56dccdda9d9102e63f3003347508612a18fdcfb))

CHANGELOG.md

commit 8d4ead178727ec491c45d0548b32ef0e3934885a
Author:     Rajib Shrestha <33756765+Rajibshrestha59@users.noreply.github.com>
AuthorDate: 2025-10-16
Commit:     GitHub <noreply@github.com>
CommitDate: 2025-10-16

    fix: Update server description [EVO-2074]

README.md

commit 51c128db53e48be492527709199164edf7ad5bfa
Author:     semantic-release-bot <semantic-release-bot@martynus.net>
AuthorDate: 2025-10-16
Commit:     semantic-release-bot <semantic-release-bot@martynus.net>
CommitDate: 2025-10-16

    chore(release): 1.1.0-dev.2
    
    # [1.1.0-dev.2](https://github.com/Genesis-Technologies-LLC/genesis-web/compare/v1.1.0-dev.1...v1.1.0-dev.2) (2025-10-16)
    
    ### Bug Fixes
    
    * Update README.md [EVO-2074] ([c569b57](https://github.com/Genesis-Technologies-LLC/genesis-web/commit/c569b57e3bb25b7a197b3619c3fe4af802e376dc))

CHANGELOG.md

commit c569b57e3bb25b7a197b3619c3fe4af802e376dc
Author:     Rajib Shrestha <33756765+Rajibshrestha59@users.noreply.github.com>
AuthorDate: 2025-10-16
Commit:     GitHub <noreply@github.com>
CommitDate: 2025-10-16

    fix: Update README.md [EVO-2074]

README.md

commit 6c3dfce3a2917c354ae7b26b15cabb659cf670c1
Author:     Pratiush Prasain <pratiush.prasain@inicreatechnologies.com>
AuthorDate: 2025-10-16
Commit:     GitHub <noreply@github.com>
CommitDate: 2025-10-16

    Fix: Check the scope of the google drive everytime [EVO-2136]
    
    * fix: Newly generate refresh token and access saved [EVO-2136]
    
    * fix: Remove the unwanted console from the service [EVO-2136]
    
    * fix: Check the sccpe everytime of a user [EVO-2139]

packages/server/services/cloud-storage/providers/GoogleDriveProvider.js

commit 5a20b40b41c1c4ec65b195815062837ed23c0675
Author:     semantic-release-bot <semantic-release-bot@martynus.net>
AuthorDate: 2025-10-16
Commit:     semantic-release-bot <semantic-release-bot@martynus.net>
CommitDate: 2025-10-16

    chore(release): 1.1.0-dev.1
    
    # [1.1.0-dev.1](https://github.com/Genesis-Technologies-LLC/genesis-web/compare/v1.0.2-dev.1...v1.1.0-dev.1) (2025-10-16)
    
    ### Features
    
    * **social:** Top performing posts IG [EVO-1491] ([b56dccd](https://github.com/Genesis-Technologies-LLC/genesis-web/commit/b56dccdda9d9102e63f3003347508612a18fdcfb))

CHANGELOG.md

commit b56dccdda9d9102e63f3003347508612a18fdcfb
Author:     Jacob Stallings <jacobcstallings@icloud.com>
AuthorDate: 2025-10-15
Commit:     GitHub <noreply@github.com>
CommitDate: 2025-10-16

    feat(social): Top performing posts IG [EVO-1491]
    
    * fix(cron): IG scheduler CRON fixes, cron documentation [EVO-1491]
    
    * feat(social): Top performing posts IG [EVO-1491]
    
    * feat(social): Internal posts comply for top posts view [EVO-1491]

packages/server/controllers/cron/cronController.js
packages/server/helpers/instagram/overviewHelper.js
packages/server/helpers/spotify/overviewHelper.js
packages/server/helpers/tiktok/overviewHelper.js
packages/server/models/ScheduledPost.js
packages/server/routes/cron/cronRoutes.js
packages/server/scripts/MIGRATIONS.md
packages/server/scripts/maintenance/verify-instagram-thumbnails.js
packages/server/scripts/migrations/2025-01-15-backfill-instagram-thumbnails.js
packages/server/services/content/schedulePostService.js
packages/server/services/cron/BaseCronService.js
packages/server/services/cron/CronJobManager.js
packages/server/services/cron/InstagramDailyScheduler.js
packages/server/services/cron/index.js

commit ec8441b1d791aa49f2f447aaaeb52b9fdaa740c3
Author:     semantic-release-bot <semantic-release-bot@martynus.net>
AuthorDate: 2025-10-15
Commit:     semantic-release-bot <semantic-release-bot@martynus.net>
CommitDate: 2025-10-15

    chore(release): 1.0.2-rc.2
    
    ## [1.0.2-rc.2](https://github.com/Genesis-Technologies-LLC/genesis-web/compare/v1.0.2-rc.1...v1.0.2-rc.2) (2025-10-15)
    
    ### Bug Fixes
    
    * Fix the calendar settings patch api [EVO-2057] ([b38b8f7](https://github.com/Genesis-Technologies-LLC/genesis-web/commit/b38b8f7649c92e1a2d775e848d1f8f1391ebbf2f))
    * Fix the sorting case sensitive wise [EVO-2101] ([76502a3](https://github.com/Genesis-Technologies-LLC/genesis-web/commit/76502a34eab49d00015539ce099cd14428dc55c9))
    * Newly generate refresh token and access saved [EVO-2136] ([154ae6d](https://github.com/Genesis-Technologies-LLC/genesis-web/commit/154ae6d6fabc3815a18b03e6dc372e87457e816d))
    * Push socials array in the user model [EVO-2129] ([fe7028e](https://github.com/Genesis-Technologies-LLC/genesis-web/commit/fe7028e3f49453092855ef51a2dde7e86e4ef4f5))

CHANGELOG.md

commit dc6439afcc2f988bb67318f7fc44789148548a00
Author:     semantic-release-bot <semantic-release-bot@martynus.net>
AuthorDate: 2025-10-15
Commit:     semantic-release-bot <semantic-release-bot@martynus.net>
CommitDate: 2025-10-15

    chore(release): 1.0.2-dev.1
    
    ## [1.0.2-dev.1](https://github.com/Genesis-Technologies-LLC/genesis-web/compare/v1.0.1...v1.0.2-dev.1) (2025-10-15)
    
    ### Bug Fixes
    
    * Develop to Stage [EVO-2101] ([9019fcb](https://github.com/Genesis-Technologies-LLC/genesis-web/commit/9019fcbac5f98a09871cbde1c452a30b21ea64c1))
    * Fix the calendar settings patch api [EVO-2057] ([b38b8f7](https://github.com/Genesis-Technologies-LLC/genesis-web/commit/b38b8f7649c92e1a2d775e848d1f8f1391ebbf2f))
    * Fix the sorting case sensitive wise [EVO-2101] ([76502a3](https://github.com/Genesis-Technologies-LLC/genesis-web/commit/76502a34eab49d00015539ce099cd14428dc55c9))
    * Newly generate refresh token and access saved [EVO-2136] ([154ae6d](https://github.com/Genesis-Technologies-LLC/genesis-web/commit/154ae6d6fabc3815a18b03e6dc372e87457e816d))
    * Push socials array in the user model [EVO-2129] ([fe7028e](https://github.com/Genesis-Technologies-LLC/genesis-web/commit/fe7028e3f49453092855ef51a2dde7e86e4ef4f5))
    * Update README.md [EVO-2101] ([5d3b089](https://github.com/Genesis-Technologies-LLC/genesis-web/commit/5d3b089f0d1f52cb302fa3ceb34bae05292ed228))

CHANGELOG.md

commit eacbd4165d84f1c49024434f7271135094f5598f
Author:     semantic-release-bot <semantic-release-bot@martynus.net>
AuthorDate: 2025-10-15
Commit:     semantic-release-bot <semantic-release-bot@martynus.net>
CommitDate: 2025-10-15

    chore(release): 1.0.1-dev.2
    
    ## [1.0.1-dev.2](https://github.com/Genesis-Technologies-LLC/genesis-web/compare/v1.0.1-dev.1...v1.0.1-dev.2) (2025-10-15)
    
    ### Bug Fixes
    
    * Newly generate refresh token and access saved [EVO-2136] ([154ae6d](https://github.com/Genesis-Technologies-LLC/genesis-web/commit/154ae6d6fabc3815a18b03e6dc372e87457e816d))

CHANGELOG.md

commit 154ae6d6fabc3815a18b03e6dc372e87457e816d
Author:     Pratiush Prasain <pratiush.prasain@inicreatechnologies.com>
AuthorDate: 2025-10-15
Commit:     GitHub <noreply@github.com>
CommitDate: 2025-10-15

    fix: Newly generate refresh token and access saved [EVO-2136]
    
    * fix: Newly generate refresh token and access saved [EVO-2136]
    
    * fix: Remove the unwanted console from the service [EVO-2136]

packages/server/services/cloud-storage/CloudStorageService.js
packages/server/services/cloud-storage/providers/GoogleDriveProvider.js

commit 99be5bf6fef0b603840db4bf9d1e74616e708576
Author:     semantic-release-bot <semantic-release-bot@martynus.net>
AuthorDate: 2025-10-14
Commit:     semantic-release-bot <semantic-release-bot@martynus.net>
CommitDate: 2025-10-14

    chore(release): 1.0.2-rc.1
    
    ## [1.0.2-rc.1](https://github.com/Genesis-Technologies-LLC/genesis-web/compare/v1.0.1...v1.0.2-rc.1) (2025-10-14)
    
    ### Bug Fixes
    
    * Develop to Stage [EVO-2101] ([9019fcb](https://github.com/Genesis-Technologies-LLC/genesis-web/commit/9019fcbac5f98a09871cbde1c452a30b21ea64c1))
    * Update README.md [EVO-2101] ([5d3b089](https://github.com/Genesis-Technologies-LLC/genesis-web/commit/5d3b089f0d1f52cb302fa3ceb34bae05292ed228))

CHANGELOG.md

commit 3527aa025e5a7707d2df41732d447230b20a3316
Author:     semantic-release-bot <semantic-release-bot@martynus.net>
AuthorDate: 2025-10-14
Commit:     semantic-release-bot <semantic-release-bot@martynus.net>
CommitDate: 2025-10-14

    chore(release): 1.0.1-rc.2
    
    ## [1.0.1-rc.2](https://github.com/Genesis-Technologies-LLC/genesis-web/compare/v1.0.1-rc.1...v1.0.1-rc.2) (2025-10-14)
    
    ### Bug Fixes
    
    * Develop to Stage [EVO-2101] ([9019fcb](https://github.com/Genesis-Technologies-LLC/genesis-web/commit/9019fcbac5f98a09871cbde1c452a30b21ea64c1))
    * Update README.md [EVO-2101] ([5d3b089](https://github.com/Genesis-Technologies-LLC/genesis-web/commit/5d3b089f0d1f52cb302fa3ceb34bae05292ed228))

CHANGELOG.md

commit 5d3b089f0d1f52cb302fa3ceb34bae05292ed228
Author:     Rajib Shrestha <33756765+Rajibshrestha59@users.noreply.github.com>
AuthorDate: 2025-10-14
Commit:     GitHub <noreply@github.com>
CommitDate: 2025-10-14

    fix: Update README.md [EVO-2101]

README.md

commit 9210c3a2a9c119487eae443a30bcd92cd0fbbde8
Author:     semantic-release-bot <semantic-release-bot@martynus.net>
AuthorDate: 2025-10-14
Commit:     semantic-release-bot <semantic-release-bot@martynus.net>
CommitDate: 2025-10-14

    chore(release): 1.0.1-dev.1
    
    ## [1.0.1-dev.1](https://github.com/Genesis-Technologies-LLC/genesis-web/compare/v1.0.0...v1.0.1-dev.1) (2025-10-14)
    
    ### Bug Fixes
    
    * **api:** Fix the sorting for get by task group by wise [EVO-2101] ([a89f5b3](https://github.com/Genesis-Technologies-LLC/genesis-web/commit/a89f5b3f7275a8151bebeb911227a3b73b02d677))
    * Fix the calendar settings patch api [EVO-2057] ([b38b8f7](https://github.com/Genesis-Technologies-LLC/genesis-web/commit/b38b8f7649c92e1a2d775e848d1f8f1391ebbf2f))
    * Fix the issue in the google authentication flow [EVO-2112] ([204e06a](https://github.com/Genesis-Technologies-LLC/genesis-web/commit/204e06a89310b8e4e84115247552972d57aa3a4f))
    * Fix the sorting case sensitive wise [EVO-2101] ([76502a3](https://github.com/Genesis-Technologies-LLC/genesis-web/commit/76502a34eab49d00015539ce099cd14428dc55c9))
    * **noti:** Supress loud notifs for questionnaire badges [EVO-2107] ([1f2f3d5](https://github.com/Genesis-Technologies-LLC/genesis-web/commit/1f2f3d5a42d56063c471df4f837c4fe14aae30b5))
    * Push socials array in the user model [EVO-2129] ([fe7028e](https://github.com/Genesis-Technologies-LLC/genesis-web/commit/fe7028e3f49453092855ef51a2dde7e86e4ef4f5))
    * Update README.md [EVO-2074] ([d663ee3](https://github.com/Genesis-Technologies-LLC/genesis-web/commit/d663ee383637420276a05426e04b5293ffbc2fd9))

CHANGELOG.md

commit 9019fcbac5f98a09871cbde1c452a30b21ea64c1
Author:     Rajib Shrestha <33756765+Rajibshrestha59@users.noreply.github.com>
AuthorDate: 2025-10-14
Commit:     GitHub <noreply@github.com>
CommitDate: 2025-10-14

    fix: Develop to Stage [EVO-2101]
    
    * chore(release): 1.0.0-dev.60
    
    # [1.0.0-dev.60](https://github.com/Genesis-Technologies-LLC/genesis-web/compare/v1.0.0-dev.59...v1.0.0-dev.60) (2025-10-13)
    
    ### Bug Fixes
    
    * Fix the issue in the google authentication flow [EVO-2112] ([204e06a](https://github.com/Genesis-Technologies-LLC/genesis-web/commit/204e06a89310b8e4e84115247552972d57aa3a4f))
    
    * fix: Fix the calendar settings patch api [EVO-2057]
    
    * chore(release): 1.0.0-dev.61
    
    # [1.0.0-dev.61](https://github.com/Genesis-Technologies-LLC/genesis-web/compare/v1.0.0-dev.60...v1.0.0-dev.61) (2025-10-13)
    
    ### Bug Fixes
    
    * Fix the calendar settings patch api [EVO-2057] ([b38b8f7](https://github.com/Genesis-Technologies-LLC/genesis-web/commit/b38b8f7649c92e1a2d775e848d1f8f1391ebbf2f))
    
    * Fix: Added Sorting according to task time [EVO-2101]
    
    * fix(api): Fix the sorting for get by task group by wise (EVO-2101)
    
    * fix: Fix the sort according to taskTime also [EVO-2101]
    
    * fix: Push socials array in the user model [EVO-2129]
    
    * chore(release): 1.0.0-dev.62
    
    # [1.0.0-dev.62](https://github.com/Genesis-Technologies-LLC/genesis-web/compare/v1.0.0-dev.61...v1.0.0-dev.62) (2025-10-14)
    
    ### Bug Fixes
    
    * Push socials array in the user model [EVO-2129] ([fe7028e](https://github.com/Genesis-Technologies-LLC/genesis-web/commit/fe7028e3f49453092855ef51a2dde7e86e4ef4f5))
    
    * fix: Fix the sorting case sensitive wise [EVO-2101]
    
    * fix(api): Fix the sorting for get by task group by wise (EVO-2101)
    
    * fix: Fix the sort according to taskTime also [EVO-2101]
    
    * fix: Sort base on case sensetive [EVO-2101]
    
    * chore(release): 1.0.0-dev.63
    
    # [1.0.0-dev.63](https://github.com/Genesis-Technologies-LLC/genesis-web/compare/v1.0.0-dev.62...v1.0.0-dev.63) (2025-10-14)
    
    ### Bug Fixes
    
    * Fix the sorting case sensitive wise [EVO-2101] ([76502a3](https://github.com/Genesis-Technologies-LLC/genesis-web/commit/76502a34eab49d00015539ce099cd14428dc55c9))
    
    ---------
    
    Co-authored-by: semantic-release-bot <semantic-release-bot@martynus.net>
    Co-authored-by: Pratiush Prasain <pratiush.prasain@inicreatechnologies.com>

CHANGELOG.md
packages/server/controllers/user/calendar-settings.js
packages/server/models/CalendarSettings.js
packages/server/services/calendarSettingsService.js
packages/server/services/google/googleService.js
packages/server/services/projectService.js
packages/server/services/taskService.js

commit 8ada68afa8d79b288ff3c9d73671545014d9f70e
Author:     semantic-release-bot <semantic-release-bot@martynus.net>
AuthorDate: 2025-10-14
Commit:     semantic-release-bot <semantic-release-bot@martynus.net>
CommitDate: 2025-10-14

    chore(release): 1.0.0-dev.63
    
    # [1.0.0-dev.63](https://github.com/Genesis-Technologies-LLC/genesis-web/compare/v1.0.0-dev.62...v1.0.0-dev.63) (2025-10-14)
    
    ### Bug Fixes
    
    * Fix the sorting case sensitive wise [EVO-2101] ([76502a3](https://github.com/Genesis-Technologies-LLC/genesis-web/commit/76502a34eab49d00015539ce099cd14428dc55c9))

CHANGELOG.md

commit 76502a34eab49d00015539ce099cd14428dc55c9
Author:     Pratiush Prasain <pratiush.prasain@inicreatechnologies.com>
AuthorDate: 2025-10-14
Commit:     GitHub <noreply@github.com>
CommitDate: 2025-10-14

    fix: Fix the sorting case sensitive wise [EVO-2101]
    
    * fix(api): Fix the sorting for get by task group by wise (EVO-2101)
    
    * fix: Fix the sort according to taskTime also [EVO-2101]
    
    * fix: Sort base on case sensetive [EVO-2101]

packages/server/services/projectService.js
packages/server/services/taskService.js

commit afd9ef3f356b6cb6e7eb9af4ecc378c5918fa43a
Author:     semantic-release-bot <semantic-release-bot@martynus.net>
AuthorDate: 2025-10-14
Commit:     semantic-release-bot <semantic-release-bot@martynus.net>
CommitDate: 2025-10-14

    chore(release): 1.0.0-dev.62
    
    # [1.0.0-dev.62](https://github.com/Genesis-Technologies-LLC/genesis-web/compare/v1.0.0-dev.61...v1.0.0-dev.62) (2025-10-14)
    
    ### Bug Fixes
    
    * Push socials array in the user model [EVO-2129] ([fe7028e](https://github.com/Genesis-Technologies-LLC/genesis-web/commit/fe7028e3f49453092855ef51a2dde7e86e4ef4f5))

CHANGELOG.md

commit fe7028e3f49453092855ef51a2dde7e86e4ef4f5
Author:     Pratiush Prasain <pratiush.prasain@inicreatechnologies.com>
AuthorDate: 2025-10-14
Commit:     GitHub <noreply@github.com>
CommitDate: 2025-10-14

    fix: Push socials array in the user model [EVO-2129]

packages/server/services/google/googleService.js

commit 8c52783f8e0b552ba8eeac7173955db09d02e52c
Author:     Pratiush Prasain <pratiush.prasain@inicreatechnologies.com>
AuthorDate: 2025-10-13
Commit:     GitHub <noreply@github.com>
CommitDate: 2025-10-13

    Fix: Added Sorting according to task time [EVO-2101]
    
    * fix(api): Fix the sorting for get by task group by wise (EVO-2101)
    
    * fix: Fix the sort according to taskTime also [EVO-2101]

packages/server/services/projectService.js
packages/server/services/taskService.js

commit 4708598d137a40fea6dbdfde47147dee3cd13d4b
Author:     semantic-release-bot <semantic-release-bot@martynus.net>
AuthorDate: 2025-10-13
Commit:     semantic-release-bot <semantic-release-bot@martynus.net>
CommitDate: 2025-10-13

    chore(release): 1.0.0-dev.61
    
    # [1.0.0-dev.61](https://github.com/Genesis-Technologies-LLC/genesis-web/compare/v1.0.0-dev.60...v1.0.0-dev.61) (2025-10-13)
    
    ### Bug Fixes
    
    * Fix the calendar settings patch api [EVO-2057] ([b38b8f7](https://github.com/Genesis-Technologies-LLC/genesis-web/commit/b38b8f7649c92e1a2d775e848d1f8f1391ebbf2f))

CHANGELOG.md

commit b38b8f7649c92e1a2d775e848d1f8f1391ebbf2f
Author:     Pratiush Prasain <pratiush.prasain@inicreatechnologies.com>
AuthorDate: 2025-10-13
Commit:     Pratiush Prasain <pratiush.prasain@inicreatechnologies.com>
CommitDate: 2025-10-13

    fix: Fix the calendar settings patch api [EVO-2057]

packages/server/controllers/user/calendar-settings.js
packages/server/models/CalendarSettings.js
packages/server/services/calendarSettingsService.js

commit bbaa8a0a56bfab5961192189ec9db01e6a8c5063
Author:     semantic-release-bot <semantic-release-bot@martynus.net>
AuthorDate: 2025-10-13
Commit:     semantic-release-bot <semantic-release-bot@martynus.net>
CommitDate: 2025-10-13

    chore(release): 1.0.1
    
    ## [1.0.1](https://github.com/Genesis-Technologies-LLC/genesis-web/compare/v1.0.0...v1.0.1) (2025-10-13)
    
    ### Bug Fixes
    
    * **api:** Fix the sorting for get by task group by wise [EVO-2101] ([a89f5b3](https://github.com/Genesis-Technologies-LLC/genesis-web/commit/a89f5b3f7275a8151bebeb911227a3b73b02d677))
    * Fix the issue in the google authentication flow [EVO-2112] ([204e06a](https://github.com/Genesis-Technologies-LLC/genesis-web/commit/204e06a89310b8e4e84115247552972d57aa3a4f))
    * **noti:** Supress loud notifs for questionnaire badges [EVO-2107] ([1f2f3d5](https://github.com/Genesis-Technologies-LLC/genesis-web/commit/1f2f3d5a42d56063c471df4f837c4fe14aae30b5))
    * Update README.md [EVO-2074] ([d663ee3](https://github.com/Genesis-Technologies-LLC/genesis-web/commit/d663ee383637420276a05426e04b5293ffbc2fd9))

CHANGELOG.md

commit 6580b3e2e44a3ed6f09f908a2dcb771fcb035135
Author:     semantic-release-bot <semantic-release-bot@martynus.net>
AuthorDate: 2025-10-13
Commit:     semantic-release-bot <semantic-release-bot@martynus.net>
CommitDate: 2025-10-13

    chore(release): 1.0.1-rc.1
    
    ## [1.0.1-rc.1](https://github.com/Genesis-Technologies-LLC/genesis-web/compare/v1.0.0...v1.0.1-rc.1) (2025-10-13)
    
    ### Bug Fixes
    
    * **api:** Fix the sorting for get by task group by wise [EVO-2101] ([a89f5b3](https://github.com/Genesis-Technologies-LLC/genesis-web/commit/a89f5b3f7275a8151bebeb911227a3b73b02d677))
    * Fix the issue in the google authentication flow [EVO-2112] ([204e06a](https://github.com/Genesis-Technologies-LLC/genesis-web/commit/204e06a89310b8e4e84115247552972d57aa3a4f))
    * **noti:** Supress loud notifs for questionnaire badges [EVO-2107] ([1f2f3d5](https://github.com/Genesis-Technologies-LLC/genesis-web/commit/1f2f3d5a42d56063c471df4f837c4fe14aae30b5))
    * Update README.md [EVO-2074] ([d663ee3](https://github.com/Genesis-Technologies-LLC/genesis-web/commit/d663ee383637420276a05426e04b5293ffbc2fd9))

CHANGELOG.md

commit d663ee383637420276a05426e04b5293ffbc2fd9
Author:     Rajib Shrestha <33756765+Rajibshrestha59@users.noreply.github.com>
AuthorDate: 2025-10-13
Commit:     GitHub <noreply@github.com>
CommitDate: 2025-10-13

    fix: Update README.md [EVO-2074]

README.md

commit 4aa3c62cdfb9830b8adeded2ab75ee5f410708d5
Author:     semantic-release-bot <semantic-release-bot@martynus.net>
AuthorDate: 2025-10-13
Commit:     semantic-release-bot <semantic-release-bot@martynus.net>
CommitDate: 2025-10-13

    chore(release): 1.0.0-dev.60
    
    # [1.0.0-dev.60](https://github.com/Genesis-Technologies-LLC/genesis-web/compare/v1.0.0-dev.59...v1.0.0-dev.60) (2025-10-13)
    
    ### Bug Fixes
    
    * Fix the issue in the google authentication flow [EVO-2112] ([204e06a](https://github.com/Genesis-Technologies-LLC/genesis-web/commit/204e06a89310b8e4e84115247552972d57aa3a4f))

CHANGELOG.md

commit 204e06a89310b8e4e84115247552972d57aa3a4f
Author:     Pratiush Prasain <pratiush.prasain@inicreatechnologies.com>
AuthorDate: 2025-10-13
Commit:     GitHub <noreply@github.com>
CommitDate: 2025-10-13

    fix: Fix the issue in the google authentication flow [EVO-2112]

packages/server/controllers/auth/googleSignIn.js
packages/server/services/google/googleService.js

commit 36b2b230b87e3c1d672b1939843e0548291d3abf
Author:     semantic-release-bot <semantic-release-bot@martynus.net>
AuthorDate: 2025-10-13
Commit:     semantic-release-bot <semantic-release-bot@martynus.net>
CommitDate: 2025-10-13

    chore(release): 1.0.0-dev.59
    
    # [1.0.0-dev.59](https://github.com/Genesis-Technologies-LLC/genesis-web/compare/v1.0.0-dev.58...v1.0.0-dev.59) (2025-10-13)
    
    ### Bug Fixes
    
    * **api:** Fix the sorting for get by task group by wise [EVO-2101] ([a89f5b3](https://github.com/Genesis-Technologies-LLC/genesis-web/commit/a89f5b3f7275a8151bebeb911227a3b73b02d677))

CHANGELOG.md

commit a89f5b3f7275a8151bebeb911227a3b73b02d677
Author:     Pratiush Prasain <pratiush.prasain@inicreatechnologies.com>
AuthorDate: 2025-10-13
Commit:     GitHub <noreply@github.com>
CommitDate: 2025-10-13

    fix(api): Fix the sorting for get by task group by wise [EVO-2101]

packages/server/controllers/task/task.js
packages/server/services/projectService.js
packages/server/services/taskService.js

commit bae33fd6edc2f8b6a93887593bc7a2b16a25931e
Author:     semantic-release-bot <semantic-release-bot@martynus.net>
AuthorDate: 2025-10-12
Commit:     semantic-release-bot <semantic-release-bot@martynus.net>
CommitDate: 2025-10-12

    chore(release): 1.0.0-dev.58
    
    # [1.0.0-dev.58](https://github.com/Genesis-Technologies-LLC/genesis-web/compare/v1.0.0-dev.57...v1.0.0-dev.58) (2025-10-12)
    
    ### Bug Fixes
    
    * **noti:** Supress loud notifs for questionnaire badges [EVO-2107] ([1f2f3d5](https://github.com/Genesis-Technologies-LLC/genesis-web/commit/1f2f3d5a42d56063c471df4f837c4fe14aae30b5))

CHANGELOG.md

commit 1f2f3d5a42d56063c471df4f837c4fe14aae30b5
Author:     Jacob Stallings <jacobcstallings@icloud.com>
AuthorDate: 2025-10-12
Commit:     GitHub <noreply@github.com>
CommitDate: 2025-10-12

    fix(noti): Supress loud notifs for questionnaire badges [EVO-2107]

packages/server/services/badgeService.js

commit f30d1390594eb3c62f153c85a5687d899d678e55
Author:     semantic-release-bot <semantic-release-bot@martynus.net>
AuthorDate: 2025-10-10
Commit:     semantic-release-bot <semantic-release-bot@martynus.net>
CommitDate: 2025-10-10

    chore(release): 1.0.0
    
    # 1.0.0 (2025-10-10)
    
    ### Bug Fixes
    
    * added domain in swagger url ([7a27f6a](https://github.com/Genesis-Technologies-LLC/genesis-web/commit/7a27f6a29596d2bbb7da16af919a71da3fa57f80))
    * Added else if condition when google calendar is false [EVO-2038] ([fa7a6ac](https://github.com/Genesis-Technologies-LLC/genesis-web/commit/fa7a6acd7368c7f107bd3b281cf3050f8b666b1b))
    * added eslintcache file in git ignore ([9c87b86](https://github.com/Genesis-Technologies-LLC/genesis-web/commit/9c87b86366e1d1c2e015a2876fe0cf6bdb8aa501))
    * added filter in the campaign schedule post ([a6842ca](https://github.com/Genesis-Technologies-LLC/genesis-web/commit/a6842cae8df90dd2f188735874fe6281890bf705))
    * added functionality for the tags in event ([ebbb2f5](https://github.com/Genesis-Technologies-LLC/genesis-web/commit/ebbb2f5d45b3289db19f78be1bcc7be53ffca5ad))
    * added more insights and fixed on demographics ([63138b8](https://github.com/Genesis-Technologies-LLC/genesis-web/commit/63138b8863337c0b8957144257970b40e91820e1))
    * added needed columns in the task ([e4a40de](https://github.com/Genesis-Technologies-LLC/genesis-web/commit/e4a40de5525185c0624dfc73cbee9411076723ac))
    * added new column to store event color in db with functionality ([c692fcb](https://github.com/Genesis-Technologies-LLC/genesis-web/commit/c692fcb0e2be273f119f2632a159dcf5c9e7a2a6))
    * Added pagination for project with swagger update [EVO-1783] ([5bc1e88](https://github.com/Genesis-Technologies-LLC/genesis-web/commit/5bc1e88828038b3c5fd59ab55875697e2d6bfe50))
    * added pagination in the tag get api ([d4dc8b5](https://github.com/Genesis-Technologies-LLC/genesis-web/commit/d4dc8b5cee47bd3df3b03c066fe49d07d7da5d75))
    * added rate limiter and limit in upload middlewar ([7d2e757](https://github.com/Genesis-Technologies-LLC/genesis-web/commit/7d2e757eda55dfe6834bd3a247544e6060735f80))
    * Added regex for the fullname while sign up [EVO-2039] ([#427](https://github.com/Genesis-Technologies-LLC/genesis-web/issues/427)) ([aa478d8](https://github.com/Genesis-Technologies-LLC/genesis-web/commit/aa478d8eaba4562ab9a57e585e5b282639b7cd7e))
    * added search in tag get api ([7ecd2f2](https://github.com/Genesis-Technologies-LLC/genesis-web/commit/7ecd2f26fa733568374cf6dbb27015b993604acd))
    * added some finetuing to the response and prompt ([7a8cf1b](https://github.com/Genesis-Technologies-LLC/genesis-web/commit/7a8cf1b8154a8498bfcd141ffdb00492d2b53d6c))
    * added swagger description for page limit with its example value ([51c2496](https://github.com/Genesis-Technologies-LLC/genesis-web/commit/51c2496615afd1d7c97c7e28a617b87d97c4bc9b))
    * added swagger for dropbox ([30b4ddc](https://github.com/Genesis-Technologies-LLC/genesis-web/commit/30b4ddcc47fb2113412739d5b7577ce6787394cc))
    * added tag filter in campaign get details ([6a93702](https://github.com/Genesis-Technologies-LLC/genesis-web/commit/6a937026874a166daba4dd5f3a4e90fbba8b569c))
    * added tag if not exist then it create and update the id in content ([9bb42a6](https://github.com/Genesis-Technologies-LLC/genesis-web/commit/9bb42a6133425249dc915362030819ed3fc127b1))
    * Added task's dueDate while creating task in project [EVO-1941] ([8cf9759](https://github.com/Genesis-Technologies-LLC/genesis-web/commit/8cf97598aa74040dbeebc025bdd5384f66dcc64c))
    * Added the missing routes in the index file [EVO-1990] ([671a73b](https://github.com/Genesis-Technologies-LLC/genesis-web/commit/671a73bbd82a6f917a8360ff0f67614667d8b35b))
    * Added the needed field in the response [EVO-1896] ([564cf8f](https://github.com/Genesis-Technologies-LLC/genesis-web/commit/564cf8fd5e35c3c2d70e37496c4b7daea4fda229))
    * aws cli fixes ([9aab902](https://github.com/Genesis-Technologies-LLC/genesis-web/commit/9aab9026cfa3247bd61622d836e44d1293187aca))
    * badges type import fix ([500e359](https://github.com/Genesis-Technologies-LLC/genesis-web/commit/500e35900ed532fcf7da1b6cd34099db3bbe8ec4))
    * change in eslintcache file ([62caa06](https://github.com/Genesis-Technologies-LLC/genesis-web/commit/62caa065c17dac08bbccfa259c2c1323d869e52a))
    * change take to limit in tag ([13e5099](https://github.com/Genesis-Technologies-LLC/genesis-web/commit/13e5099aabb47ff1ffa11f0e7254cba9d980833e))
    * Change the regex value to accept single name [EVO-2039] ([#428](https://github.com/Genesis-Technologies-LLC/genesis-web/issues/428)) ([bc30be0](https://github.com/Genesis-Technologies-LLC/genesis-web/commit/bc30be00bd3326dbe996e96f1243b6becf926df7))
    * change the seed tag to seed event tag ([990a135](https://github.com/Genesis-Technologies-LLC/genesis-web/commit/990a135a0eb5332ffe4029e46a9306c880c6c4e8))
    * changes in the eslintcache file ([b5e49a4](https://github.com/Genesis-Technologies-LLC/genesis-web/commit/b5e49a46f981d212103d7cc1f91d2eaa9215dc85))
    * **ci:** Fix slack notification and retries [EVO-1993] ([7d01e38](https://github.com/Genesis-Technologies-LLC/genesis-web/commit/7d01e38231091c2b0844fab0893e7d2d323a840b))
    * **ci:** Update semantic release to use main [EVO-1993] ([9364b28](https://github.com/Genesis-Technologies-LLC/genesis-web/commit/9364b28e5010d0d9597099a17f78190f200fa4ca))
    * **ci:** Update slack notification [EVO-1993] ([b250384](https://github.com/Genesis-Technologies-LLC/genesis-web/commit/b2503848caa975c4ed2a28a43a8e02d1de93a80e))
    * conflict resolve ([545ee4b](https://github.com/Genesis-Technologies-LLC/genesis-web/commit/545ee4b4f46bcf02b56b66ba18e8fa0c1578b889))
    * conflict resolved ([f6f7a08](https://github.com/Genesis-Technologies-LLC/genesis-web/commit/f6f7a0869165843aecb8757266454a8f17891a19))
    * crash issue on overview helper ([85270b8](https://github.com/Genesis-Technologies-LLC/genesis-web/commit/85270b836741d08f1e91774967c515f9e96af101))
    * Cron set to 12 hr every day [EVO-2003] ([#421](https://github.com/Genesis-Technologies-LLC/genesis-web/issues/421)) ([2b343c7](https://github.com/Genesis-Technologies-LLC/genesis-web/commit/2b343c764826d04cc89657733cbc858de10680f5))
    * cross env fixed for the start script ([430f274](https://github.com/Genesis-Technologies-LLC/genesis-web/commit/430f27420a71a254c0ba422b1ea57c876b9d5cec))
    * data format changes made ([3807abe](https://github.com/Genesis-Technologies-LLC/genesis-web/commit/3807abeb64405d508169b6d204efdb8864827112))
    * default ses aws region ([4f2b948](https://github.com/Genesis-Technologies-LLC/genesis-web/commit/4f2b9486db465228d1f814701f8a297ca12a1178))
    * **deploy:** Added axios retry to package [EVO-1991] ([755806d](https://github.com/Genesis-Technologies-LLC/genesis-web/commit/755806d6ea3d92737051b0f8768a36d37bcace18))
    * design fixes on email template ([3b00deb](https://github.com/Genesis-Technologies-LLC/genesis-web/commit/3b00deb3a09da6f01495a8b199104262313e54b5))
    * env updated for stage ([d583434](https://github.com/Genesis-Technologies-LLC/genesis-web/commit/d583434b1f66da00048efff210dc40cdf9836bfd))
    * error code update ([e3f4ef3](https://github.com/Genesis-Technologies-LLC/genesis-web/commit/e3f4ef370da1738ba3167c328186249727086e4a))
    * eslint cache file resolved conflcit ([c8ca70a](https://github.com/Genesis-Technologies-LLC/genesis-web/commit/c8ca70a9b77fa3a8055f81cbd98a776d0532057b))
    * eslintcache file generate newly ([a02bda3](https://github.com/Genesis-Technologies-LLC/genesis-web/commit/a02bda3c085f8d19292a27c523034ae90b27a5c8))
    * event color model created ([2b66af1](https://github.com/Genesis-Technologies-LLC/genesis-web/commit/2b66af14bf990cdfd1613c16b36a3f941edc9eca))
    * exception handling with instagram services ([0a8fe77](https://github.com/Genesis-Technologies-LLC/genesis-web/commit/0a8fe770d0f6c37ce8e0063783ed4975de399a61))
    * expecting redirect uri from query as well ([4b53b51](https://github.com/Genesis-Technologies-LLC/genesis-web/commit/4b53b51d1bdc7445b0174983dbdee25e041c91bc))
    * expires in error ([#295](https://github.com/Genesis-Technologies-LLC/genesis-web/issues/295)) ([95d00d3](https://github.com/Genesis-Technologies-LLC/genesis-web/commit/95d00d32d0d92b19318d0ac9694b5eacb0f8abcf))
    * extract color from tag and populate in event color in event post and update ([372b31d](https://github.com/Genesis-Technologies-LLC/genesis-web/commit/372b31d9f732cf7c18caf0e1c4c7bb6468e79bfa))
    * facebook updated with instagram ([eee2bfc](https://github.com/Genesis-Technologies-LLC/genesis-web/commit/eee2bfcea5fec4cbff6c75e9629445613fe9c7d7))
    * file name typo ([dc4f07b](https://github.com/Genesis-Technologies-LLC/genesis-web/commit/dc4f07be592cfe36d0387869c3737bc2ab97d47e))
    * filter tasks based on datetime range win inclusion of timezone ([#322](https://github.com/Genesis-Technologies-LLC/genesis-web/issues/322)) ([9e33027](https://github.com/Genesis-Technologies-LLC/genesis-web/commit/9e330273e87132c777a6df73ad6a434abbf919cd))
    * finetuned the model ([54f3aee](https://github.com/Genesis-Technologies-LLC/genesis-web/commit/54f3aee0836e40f3a75c68aa0fc7b1ad5ce627b1))
    * Fix swagger documentation for the patch of single task [EVO-1783] ([d2207a1](https://github.com/Genesis-Technologies-LLC/genesis-web/commit/d2207a145a8af5d7644177caa64790fe601b7078))
    * Fix the controller part while updating the profile [EVO-1897] ([d64aa27](https://github.com/Genesis-Technologies-LLC/genesis-web/commit/d64aa278c648481369809b0c78b85d5074124064))
    * Fix the develop server crash issue [EVO-1937] ([14058dd](https://github.com/Genesis-Technologies-LLC/genesis-web/commit/14058dd71edbceb06003319c42cdd96fd1abfeb7))
    * Fix the email template for overdue and onboarding [EVO-883] ([72dc44b](https://github.com/Genesis-Technologies-LLC/genesis-web/commit/72dc44b6ac8e0842e981d566332f92792e2cd457))
    * Fix the email template for overdue and onboarding [EVO-883]([#402](https://github.com/Genesis-Technologies-LLC/genesis-web/issues/402)) ([2bbc14b](https://github.com/Genesis-Technologies-LLC/genesis-web/commit/2bbc14b0a7080dccee1d6b7073adabba1efaa704))
    * Fix the issue in update of the user profile [EVO-1974] ([1bd14cc](https://github.com/Genesis-Technologies-LLC/genesis-web/commit/1bd14cc07e16c1a7f0475ba11fe94b98ac078109))
    * Fix the issue while saving the buzz questionaires [EVO-2098] ([#441](https://github.com/Genesis-Technologies-LLC/genesis-web/issues/441)) ([b6f1a76](https://github.com/Genesis-Technologies-LLC/genesis-web/commit/b6f1a76ba88b67ae10164ab5eb3455543d74d210))
    * Fix the level up to level 2 buzz factory [EVO-1783] ([fc9e8d7](https://github.com/Genesis-Technologies-LLC/genesis-web/commit/fc9e8d7d868a18fe55273806cf144028d52711b3))
    * Fix the onboarding status to true [EVO-1976] ([#397](https://github.com/Genesis-Technologies-LLC/genesis-web/issues/397)) ([943b41c](https://github.com/Genesis-Technologies-LLC/genesis-web/commit/943b41c29c21ad4e2d4215910499c648307de876))
    * fix the response format for the google drive ([2ab5a4d](https://github.com/Genesis-Technologies-LLC/genesis-web/commit/2ab5a4d26cd98849f9c0b5bec7e93db7ccd2b2ec))
    * Fix the sorting for the get task [EVO-2101] ([#440](https://github.com/Genesis-Technologies-LLC/genesis-web/issues/440)) ([a903062](https://github.com/Genesis-Technologies-LLC/genesis-web/commit/a903062d44780337f4cd0b4354683506e47aa82e))
    * fix the struture of route [EVO-1895] ([c38d0d1](https://github.com/Genesis-Technologies-LLC/genesis-web/commit/c38d0d1a47184d77e6b03a771f60bc27b87c2c63))
    * Fix the swagger response sample for task project [EVO-1783] ([0498893](https://github.com/Genesis-Technologies-LLC/genesis-web/commit/04988933dfac4ff45fab84eb0ce22799a7284ea4))
    * Fix the undefined issue in imageurl [EVO-1975] ([2a5ca02](https://github.com/Genesis-Technologies-LLC/genesis-web/commit/2a5ca02ded85208a9abe98f608e6432e39758e04))
    * fix up swagger example value ([a54985b](https://github.com/Genesis-Technologies-LLC/genesis-web/commit/a54985b81ecd916426ec0476e90e4ce5c450be74))
    * fixed missing endpoint for progress buzz factory ([3fd54bb](https://github.com/Genesis-Technologies-LLC/genesis-web/commit/3fd54bbf35b1023701d0d9acdeead36f2eeb14ee))
    * generate swagger for the google oauth ([fa78419](https://github.com/Genesis-Technologies-LLC/genesis-web/commit/fa7841928833c9ba288d50daf9d3171c91a5e007))
    * get api for scheduled post ([6962359](https://github.com/Genesis-Technologies-LLC/genesis-web/commit/69623597910ad9b178ee705a43c12c72620ba189))
    * **google callback:** userId reading in proper way ([37e1f78](https://github.com/Genesis-Technologies-LLC/genesis-web/commit/37e1f781c0f10ac3c6a5c77d05c6b70b157edab2))
    * google drive access with refresh token done ([7fa3b10](https://github.com/Genesis-Technologies-LLC/genesis-web/commit/7fa3b1045cc544cc514a2cd8a5e881fb7e3ada54))
    * insights for reach and demographics fixes done ([09c524b](https://github.com/Genesis-Technologies-LLC/genesis-web/commit/09c524bd143a0804ebc3279d1925db2e1e75b53d))
    * instagram kpi update ([fa18003](https://github.com/Genesis-Technologies-LLC/genesis-web/commit/fa18003428bc7091e558f47d46d5b25a28fb6a77))
    * is active tiktok by default ([#304](https://github.com/Genesis-Technologies-LLC/genesis-web/issues/304)) ([bea47f8](https://github.com/Genesis-Technologies-LLC/genesis-web/commit/bea47f8732f18e709431cbce513742d7bd76f038))
    * kpi helper updated for all growth agression ([53af41a](https://github.com/Genesis-Technologies-LLC/genesis-web/commit/53af41a56530703ddb427b3cbe5a487c56fc6b6f))
    * kpi update and progress bar ujpdated ([9c9ab61](https://github.com/Genesis-Technologies-LLC/genesis-web/commit/9c9ab61956922f002e56a7479fb709fd388b14f8))
    * level up trigger multiple times ([#311](https://github.com/Genesis-Technologies-LLC/genesis-web/issues/311)) ([6a298ad](https://github.com/Genesis-Technologies-LLC/genesis-web/commit/6a298ad3119ff0dd65a8adf7accdc9ae5daff659))
    * login with google check for validation ([d4389b6](https://github.com/Genesis-Technologies-LLC/genesis-web/commit/d4389b6125eee2110fdcad22be56781b9a7393e2))
    * merge conflict ([09b04fd](https://github.com/Genesis-Technologies-LLC/genesis-web/commit/09b04fd313e7983639034b889a95b4a688068071))
    * merge conflict fixed ([d145fbe](https://github.com/Genesis-Technologies-LLC/genesis-web/commit/d145fbe210b38763323f28d2867deb34dae494ee))
    * merge conflict resolved ([c5c6af2](https://github.com/Genesis-Technologies-LLC/genesis-web/commit/c5c6af2695769ffb1d3eb6248f5734265dfa2a68))
    * **middleware:** Prevent server crash in file upload [EVO-2097] ([#438](https://github.com/Genesis-Technologies-LLC/genesis-web/issues/438)) ([ab4c635](https://github.com/Genesis-Technologies-LLC/genesis-web/commit/ab4c635ee3057c3fa01a48d1631fc1bcb1d5821f))
    * new access token generate from the refresh token while accesing file of drive ([9fafe3e](https://github.com/Genesis-Technologies-LLC/genesis-web/commit/9fafe3e650af11f614679a02fa549444a546a881))
    * New service for the get all task [EVO-1896] ([#372](https://github.com/Genesis-Technologies-LLC/genesis-web/issues/372)) ([cb8064d](https://github.com/Genesis-Technologies-LLC/genesis-web/commit/cb8064dcdf43b075b9e216b0d845d728d7e5324b))
    * **noti:** Fix blank notif popups [EVO-2094] ([a62d3ee](https://github.com/Genesis-Technologies-LLC/genesis-web/commit/a62d3ee613275af4cb44626a15b6d3e45e9db179))
    * OTP expired error message ([6fed240](https://github.com/Genesis-Technologies-LLC/genesis-web/commit/6fed240deb8c37092f9633bd867d3391894f5c77))
    * otp mismatch status code ([a1d777f](https://github.com/Genesis-Technologies-LLC/genesis-web/commit/a1d777f6a56f830c5a80f4d9af4702d000b24678))
    * Overview fixed with populate data [EVO-2003] ([af29705](https://github.com/Genesis-Technologies-LLC/genesis-web/commit/af29705c6424ad65a65716a201ceff6f381d1465))
    * overview helper updated ([7332b9f](https://github.com/Genesis-Technologies-LLC/genesis-web/commit/7332b9fd6738daa6571a7a83f427d9744a4b4d36))
    * Pagination fix for the group by project [EVO-1896] ([e1bcc47](https://github.com/Genesis-Technologies-LLC/genesis-web/commit/e1bcc47b3d25b4afc0e2cb420392d95e41393847))
    * production env typo ([13b983f](https://github.com/Genesis-Technologies-LLC/genesis-web/commit/13b983febf65ba3c98d5794d05dc07a9ebd8940f))
    * progress updated to 3 ([5e2b034](https://github.com/Genesis-Technologies-LLC/genesis-web/commit/5e2b0344ccd22137023bc86a6d1c071d01c052a6))
    * proper logger added to the response ([7ca0d04](https://github.com/Genesis-Technologies-LLC/genesis-web/commit/7ca0d04c6805d695e031f357ebff43a36fda8613))
    * quick add on main project list view ([#162](https://github.com/Genesis-Technologies-LLC/genesis-web/issues/162)) ([dba8b05](https://github.com/Genesis-Technologies-LLC/genesis-web/commit/dba8b055e28dd7a96497e34edd25e6c1f67d804e))
    * recurring event creation done ([eaa2995](https://github.com/Genesis-Technologies-LLC/genesis-web/commit/eaa2995a022beddcf7c363363a5af40edb041761))
    * redirect uri added to the dropbox callback ([0c55b16](https://github.com/Genesis-Technologies-LLC/genesis-web/commit/0c55b167cb94824abb8dd932091aacfd4ce53534))
    * redirect uri expect from query in callback ([40e9a82](https://github.com/Genesis-Technologies-LLC/genesis-web/commit/40e9a820485b9b8195c153a0628b934babe429e9))
    * remove the accesstoken and refreshtoken from body while connecting to google drive ([28a37ae](https://github.com/Genesis-Technologies-LLC/genesis-web/commit/28a37ae849c81eb07ffb8a451eca83b633d2a96d))
    * Remove the initial page and limit from the project [EVO-1790] ([bdc075c](https://github.com/Genesis-Technologies-LLC/genesis-web/commit/bdc075c9a73acdb233c7410335c4cf9a02aecff3))
    * Remove the test script [EVO-1937] ([9f51b02](https://github.com/Genesis-Technologies-LLC/genesis-web/commit/9f51b02798c64f4a6477769fb850cd385b8942e7))
    * Remove unwanted logger [EVO-2057] ([2d678e5](https://github.com/Genesis-Technologies-LLC/genesis-web/commit/2d678e57836649929f6f5f9099e7ce196dde9332))
    * Removed console.log on tiktok service [EVO-1952] ([e23051b](https://github.com/Genesis-Technologies-LLC/genesis-web/commit/e23051b252edb9b896ee13e17a58de473aebd15e))
    * removed env copying portion ([83dd39d](https://github.com/Genesis-Technologies-LLC/genesis-web/commit/83dd39d0b80910c35c4d3a84028753ce71882461))
    * reorder routes on campagin for statistics and bulk update ([cb437c1](https://github.com/Genesis-Technologies-LLC/genesis-web/commit/cb437c1b0aa46f4b4c923577c7f3f44b44bdf702))
    * resolve conflict ([e275f73](https://github.com/Genesis-Technologies-LLC/genesis-web/commit/e275f739692da75f0a446d82dc42b74a0a5a3e80))
    * schedule content missing query fixed ([d92a3c7](https://github.com/Genesis-Technologies-LLC/genesis-web/commit/d92a3c7b8ac334b2de8497d6fcb649a819348a49))
    * Schema fix for the event schema [EVO-1783] ([077c25e](https://github.com/Genesis-Technologies-LLC/genesis-web/commit/077c25eb7054b53dfa8ad6fd2f495bc1145d2043))
    * Send page and take in the query [EVO-1783] ([44ae2b7](https://github.com/Genesis-Technologies-LLC/genesis-web/commit/44ae2b711371b180280a722cf5c6da51388213c2))
    * Send tag details in response [EVO-1896] ([#404](https://github.com/Genesis-Technologies-LLC/genesis-web/issues/404)) ([3710a38](https://github.com/Genesis-Technologies-LLC/genesis-web/commit/3710a3883afe147f028fbfaafae5938830d7b8f1))
    * Sending all the task when isPaginated is false [EVO-1896] ([5602c59](https://github.com/Genesis-Technologies-LLC/genesis-web/commit/5602c599ddae1f79f46dc690e8760a9cba494d51))
    * Sent tags in array while creating project [EVO-1859] ([#373](https://github.com/Genesis-Technologies-LLC/genesis-web/issues/373)) ([1aaf944](https://github.com/Genesis-Technologies-LLC/genesis-web/commit/1aaf94465b180ea83583d6bf26127222a6fd9771))
    * ses region config changes ([4890bbd](https://github.com/Genesis-Technologies-LLC/genesis-web/commit/4890bbd181e54ed7f2a5bc86ee8adbe7816d9d59))
    * Set optional to desc collaboraton location [EVO-1790] ([1acfed7](https://github.com/Genesis-Technologies-LLC/genesis-web/commit/1acfed741429b8a42421e366444d070e09a7a491))
    * **settings:** Allow hours to be configurable for each working days [EVO-1526] ([#345](https://github.com/Genesis-Technologies-LLC/genesis-web/issues/345)) ([6731501](https://github.com/Genesis-Technologies-LLC/genesis-web/commit/673150161bf21e71f7e2dd851de752fc30fe82a2))
    * Show project newly created one [EVO-1783] ([c1f1005](https://github.com/Genesis-Technologies-LLC/genesis-web/commit/c1f100564299f42586536bcae50fe8df412939fb))
    * Social connected app with optional chaining issue [EVO-2038] ([d306bd7](https://github.com/Genesis-Technologies-LLC/genesis-web/commit/d306bd74da91bbe3769983e53f512f8733db5d5a))
    * **social:** Force a consistent schema for ig metrics [EVO-1131] ([90fbe4e](https://github.com/Genesis-Technologies-LLC/genesis-web/commit/90fbe4ee28d7965c44169d513d1c6df8ba954cab))
    * sorting events in desc order ([bdc2f8f](https://github.com/Genesis-Technologies-LLC/genesis-web/commit/bdc2f8f1febb1b79eef68e3fb33a7518a50adc77))
    * stop old container changes ([edb292b](https://github.com/Genesis-Technologies-LLC/genesis-web/commit/edb292b9728519ac7c327c447957907b9c21e270))
    * stop tracking .eslintcache ([6f3276c](https://github.com/Genesis-Technologies-LLC/genesis-web/commit/6f3276cf81a311f42ed92c5801db046294e83ff0))
    * Store image of tiktok insta in db [EVO-2037] ([23f2af6](https://github.com/Genesis-Technologies-LLC/genesis-web/commit/23f2af66599c29b288ef35a4ebb24b976315700e))
    * swagger api end point partial fix with the logic ([3845cfc](https://github.com/Genesis-Technologies-LLC/genesis-web/commit/3845cfc408390c553e9367ea85887431441cd465))
    * Swagger fix for patch of project update with logic [EVO-1783] ([e97b251](https://github.com/Genesis-Technologies-LLC/genesis-web/commit/e97b251685668c559740fca8f7bfe9c14d6ee594))
    * swagger fixes on dev env ([3b06004](https://github.com/Genesis-Technologies-LLC/genesis-web/commit/3b060043f66c9269e3b158a800a458304f63ecd0))
    * Swagger response fix for content event gamification [EVO-1783] ([c9942aa](https://github.com/Genesis-Technologies-LLC/genesis-web/commit/c9942aaa04b016936a64ec010947860ac3fef72e))
    * Swagger sample response fix for user [EVO-1783] ([2f4e9d3](https://github.com/Genesis-Technologies-LLC/genesis-web/commit/2f4e9d37e5a6ff77d36be23e5e08533f95b8f2f1))
    * swagger url updated ([8a07b04](https://github.com/Genesis-Technologies-LLC/genesis-web/commit/8a07b045781db356b86c7b334af0823aceb8ace2))
    * syntax error fixed ([4a0a84a](https://github.com/Genesis-Technologies-LLC/genesis-web/commit/4a0a84abdf2ef3386d8b2328917a32856c28b066))
    * syntax error fixed ([0e29312](https://github.com/Genesis-Technologies-LLC/genesis-web/commit/0e2931222dbad0eadf73be4bf1cbfab69d32535d))
    * TagModel missing to import fixed in event and task [EVO-1790] ([a51a751](https://github.com/Genesis-Technologies-LLC/genesis-web/commit/a51a7514e970ae4f8699d7c12d780808317017a1))
    * test husky ([#341](https://github.com/Genesis-Technologies-LLC/genesis-web/issues/341)) ([d70e269](https://github.com/Genesis-Technologies-LLC/genesis-web/commit/d70e269ca30af3b0a9a6c7bdc4225e949316b3f4))
    * ticket issue resolved ([#338](https://github.com/Genesis-Technologies-LLC/genesis-web/issues/338)) ([cf455bb](https://github.com/Genesis-Technologies-LLC/genesis-web/commit/cf455bb951e24a5fddaa90c6146da54ee92555b0))
    * tiktok authorization completion ([#303](https://github.com/Genesis-Technologies-LLC/genesis-web/issues/303)) ([f7a031e](https://github.com/Genesis-Technologies-LLC/genesis-web/commit/f7a031e38b2bef1698e3f17d096691073c5c92f4))
    * unauthorized instagram updated with bad request ([2cbc20a](https://github.com/Genesis-Technologies-LLC/genesis-web/commit/2cbc20aa56dda12636cc212f44a93a6d96c952a0))
    * update eslintrc filr ([4b0c3fb](https://github.com/Genesis-Technologies-LLC/genesis-web/commit/4b0c3fb1367702112f52a36ccd7bb3ea71a1ba16))
    * update on deploy.yml file ([4563690](https://github.com/Genesis-Technologies-LLC/genesis-web/commit/4563690cd2bc889b50b58527478ba023eb7605f5))
    * Update README.md [EVO-1952] ([8f178a6](https://github.com/Genesis-Technologies-LLC/genesis-web/commit/8f178a601553d911f75597eea331e42f49ce7725))
    * update the details of user ([4880c7c](https://github.com/Genesis-Technologies-LLC/genesis-web/commit/4880c7c080b8c9fb454b95e200e23ff612b6685e))
    * update the swagger for the post of project ([a8a7daf](https://github.com/Genesis-Technologies-LLC/genesis-web/commit/a8a7dafbb51c3cd163e48c2f10039e09b5883deb))
    * Update the swagger with dueDate in bulk patch task [EVO-1982] ([c72f949](https://github.com/Genesis-Technologies-LLC/genesis-web/commit/c72f9493fabf463ae0f6cbc27eb5e553dc81a0d0))
    * Updatedat after user change password [EVO-1877]] ([#405](https://github.com/Genesis-Technologies-LLC/genesis-web/issues/405)) ([f5bff28](https://github.com/Genesis-Technologies-LLC/genesis-web/commit/f5bff280a7dcde4849ac3b92c2472321fc687f54))
    * userid is extracted from the token ([#310](https://github.com/Genesis-Technologies-LLC/genesis-web/issues/310)) ([4fad9b3](https://github.com/Genesis-Technologies-LLC/genesis-web/commit/4fad9b3e52f1a6b791d9dba15c0356a1992201cf))
    * **validation:** working hours block validation [EVO-1526] ([#347](https://github.com/Genesis-Technologies-LLC/genesis-web/issues/347)) ([b76e7ba](https://github.com/Genesis-Technologies-LLC/genesis-web/commit/b76e7ba501307566be35ead28b7c560070d42c16))
    * while register user profile image url set as optional ([4f91954](https://github.com/Genesis-Technologies-LLC/genesis-web/commit/4f919544ef18dcc707f70857956970095a83fbff))
    * worked on finetuning the response on proper format ([b6866d2](https://github.com/Genesis-Technologies-LLC/genesis-web/commit/b6866d2712d9cec95156cbf4b9bcf1eb20ad2d1d))
    * Zod validation fix for calendar setting [EVO-2055] ([f7a54b1](https://github.com/Genesis-Technologies-LLC/genesis-web/commit/f7a54b195ae6c740e5258426f9342de2e36a4cfd))
    
    ### Features
    
    * Added activity for last login and active [EVO-2057] ([32ed713](https://github.com/Genesis-Technologies-LLC/genesis-web/commit/32ed7135b8424f1a1f048c3ca48aff2514321f08))
    * Added cron to keep record of user tiktok [EVO-1997] ([063efe8](https://github.com/Genesis-Technologies-LLC/genesis-web/commit/063efe82bb98a632d54a5952696ded951345f9ab))
    * added event color table with seeding in it ([974d7cd](https://github.com/Genesis-Technologies-LLC/genesis-web/commit/974d7cdcc008ec10d77e9c5514c1163ba13daf14))
    * added filter for the content in the content studio ([626e56c](https://github.com/Genesis-Technologies-LLC/genesis-web/commit/626e56c3495bd6d8c8f7308d10166e26ec11dece))
    * Added google location using third party api [EVO-1897] ([cd68856](https://github.com/Genesis-Technologies-LLC/genesis-web/commit/cd6885617970e15a9dd4785da67b845d4cf058a0))
    * Added progress chart api for the tiktok [EVO-2003] ([09946ea](https://github.com/Genesis-Technologies-LLC/genesis-web/commit/09946ea04b32d487e14533f6e0660741eef265ae))
    * Added remove functionality in the calendar [EVO-2057] ([39b5c2d](https://github.com/Genesis-Technologies-LLC/genesis-web/commit/39b5c2d8afceb9a19d8b839ff4718e528faa4b98))
    * Api to Unlink social account [EVO-2006] ([359b588](https://github.com/Genesis-Technologies-LLC/genesis-web/commit/359b588fabd5f0c085c62c0b82f8995137f2f3f4))
    * bulk update and delete tasks ([#321](https://github.com/Genesis-Technologies-LLC/genesis-web/issues/321)) ([2d0713a](https://github.com/Genesis-Technologies-LLC/genesis-web/commit/2d0713aaf7a3438e50280914c0f17ba96f16218a))
    * **calender:** Smart Calendar Integration ([#382](https://github.com/Genesis-Technologies-LLC/genesis-web/issues/382)) ([71011ba](https://github.com/Genesis-Technologies-LLC/genesis-web/commit/71011ba66eedb84b8952cf320e733047ebe60b3d))
    * campaign list api, fetch api, cloud storage api creation ([e0565c0](https://github.com/Genesis-Technologies-LLC/genesis-web/commit/e0565c070c7090e860c785fc20ba98fc55fea57a))
    * change password ([d586766](https://github.com/Genesis-Technologies-LLC/genesis-web/commit/d586766839d2e3d27672704988403fb1752f31a8))
    * chat gpt engine created ([1c08ccd](https://github.com/Genesis-Technologies-LLC/genesis-web/commit/1c08ccdcecdc316a5bf5acd2a2667a2d39d3f0c2))
    * **ci:** Add semantic release and tag-based deployment [EVO-456] ([dd0ce15](https://github.com/Genesis-Technologies-LLC/genesis-web/commit/dd0ce15d3e2248687e5c11803453adeb62054e22))
    * Connected social app fetched [EVO-2038] ([36dec02](https://github.com/Genesis-Technologies-LLC/genesis-web/commit/36dec02f00eca0275924acda87f988bd8a38edc8))
    * Create api to remove the task from the project [EVO-1901] ([1706fc0](https://github.com/Genesis-Technologies-LLC/genesis-web/commit/1706fc00795fd69a080e3595ba6ad157bc9a70a6))
    * created add campaign api, get campaign api ([17b3c8e](https://github.com/Genesis-Technologies-LLC/genesis-web/commit/17b3c8e56308ed8b9fefd7cfd54796051d487ed9))
    * fetch user's metric video wise [EVO-1895] ([58f680c](https://github.com/Genesis-Technologies-LLC/genesis-web/commit/58f680cefefde6486acac4d5ec681d26588481a5))
    * **fix:** Release workflow update [EVO-1782] ([35939d6](https://github.com/Genesis-Technologies-LLC/genesis-web/commit/35939d63af397957964b5ec6b46ba3ed76754a6f))
    * get access of files and folders of dropbox ([159d1a1](https://github.com/Genesis-Technologies-LLC/genesis-web/commit/159d1a1322839a785236be81691ae475e7f9c505))
    * get content by Id ([#340](https://github.com/Genesis-Technologies-LLC/genesis-web/issues/340)) ([35add1e](https://github.com/Genesis-Technologies-LLC/genesis-web/commit/35add1e0b0198d8b318d165fc9ef30f9a594c465))
    * get schedule content to post which is on draft ([#339](https://github.com/Genesis-Technologies-LLC/genesis-web/issues/339)) ([348d56a](https://github.com/Genesis-Technologies-LLC/genesis-web/commit/348d56a261ebb9679741edb1ab9e0354fdac5c18))
    * login with google oauth and generate access token from refreshtoken function created ([b75061a](https://github.com/Genesis-Technologies-LLC/genesis-web/commit/b75061a20c7bbc2a52f22a61d570b6adf03f98dc))
    * New api to fetch event tag [EVO-1916] ([9e43188](https://github.com/Genesis-Technologies-LLC/genesis-web/commit/9e43188d95a8beb2e5442c7c338a51888d9e1c22))
    * New api to get user answers of buzz questionnaire [EVO-2007] ([8c30d18](https://github.com/Genesis-Technologies-LLC/genesis-web/commit/8c30d18859eee588ee7b0c535228312b06a7e690))
    * Pagination for each dueDate with swagger update [EVO-1783] ([5030091](https://github.com/Genesis-Technologies-LLC/genesis-web/commit/5030091acc01c008ca4b1311411f569acfe45cd3))
    * refresh token fetch from the google authentication ([f063470](https://github.com/Genesis-Technologies-LLC/genesis-web/commit/f06347084c7d6462108bc1b65a715a967d5f9a56))
    * refresh token fetch from the google authentication ([1140f8d](https://github.com/Genesis-Technologies-LLC/genesis-web/commit/1140f8d1548f95134e11f1991e5d19b8a02cc313))
    * **scanning-agent:** Add bridge API [EVO-1731] ([c4b0653](https://github.com/Genesis-Technologies-LLC/genesis-web/commit/c4b06535a42a07da69eea7cfc41d7aae8ccaa187))
    * Show the task details after grouping [EVO-1783] ([87b9822](https://github.com/Genesis-Technologies-LLC/genesis-web/commit/87b9822cfa31a923d45762a89a3095b6a0d0946e))
    * stats summary for tasks ([#323](https://github.com/Genesis-Technologies-LLC/genesis-web/issues/323)) ([ef686c9](https://github.com/Genesis-Technologies-LLC/genesis-web/commit/ef686c9e30a2c1a6cf1213e4dbe5a4880afe7f3b))
    * tiktok metric fetch [EVO-1895] ([46ae88f](https://github.com/Genesis-Technologies-LLC/genesis-web/commit/46ae88f575be270594c60909a5bb2ed73cf56623))
    * Update buzz questionnaire answers [EVO-2027] ([b627277](https://github.com/Genesis-Technologies-LLC/genesis-web/commit/b627277280bdf8a2f73d24c350e2f894c8625400))
    * When the time slot shifted to next time [EVO-2057] ([#426](https://github.com/Genesis-Technologies-LLC/genesis-web/issues/426)) ([229cd61](https://github.com/Genesis-Technologies-LLC/genesis-web/commit/229cd61a23eecdc48c8e29bf1fd12873bfef0077))
    
    ### Reverts
    
    * Revert "EVO-630 LOG - Sign Up - Prevent Users From Accessing Platform If Plan…" ([#110](https://github.com/Genesis-Technologies-LLC/genesis-web/issues/110)) ([2812fe3](https://github.com/Genesis-Technologies-LLC/genesis-web/commit/2812fe3a9d4ed24cffd769b274da86a0e92d87a2))
    * Revert "fix: Fix the level up to level 2 buzz factory [EVO-1783]" ([#395](https://github.com/Genesis-Technologies-LLC/genesis-web/issues/395)) ([6021046](https://github.com/Genesis-Technologies-LLC/genesis-web/commit/6021046d664be6abcbd63ddf33ba9d4c34d85f1a))
    * Revert "quick fix for spotify page not loading ([#248](https://github.com/Genesis-Technologies-LLC/genesis-web/issues/248))" ([#249](https://github.com/Genesis-Technologies-LLC/genesis-web/issues/249)) ([31ac578](https://github.com/Genesis-Technologies-LLC/genesis-web/commit/31ac5782d3cfdc4b9a427a65ffc0a5638ad319b9))
    * template changes revert ([fac46e0](https://github.com/Genesis-Technologies-LLC/genesis-web/commit/fac46e07f39460f5d636446c3a91b6f22e76ab40))

CHANGELOG.md

commit e203c6fa2c081b1fef37b58eb8f52c82f18d44c8
Author:     semantic-release-bot <semantic-release-bot@martynus.net>
AuthorDate: 2025-10-10
Commit:     semantic-release-bot <semantic-release-bot@martynus.net>
CommitDate: 2025-10-10

    chore(release): 1.0.0-rc.4
    
    # [1.0.0-rc.4](https://github.com/Genesis-Technologies-LLC/genesis-web/compare/v1.0.0-rc.3...v1.0.0-rc.4) (2025-10-10)
    
    ### Bug Fixes
    
    * **ci:** Update semantic release to use main [EVO-1993] ([9364b28](https://github.com/Genesis-Technologies-LLC/genesis-web/commit/9364b28e5010d0d9597099a17f78190f200fa4ca))
    * **ci:** Update slack notification [EVO-1993] ([b250384](https://github.com/Genesis-Technologies-LLC/genesis-web/commit/b2503848caa975c4ed2a28a43a8e02d1de93a80e))
    * Fix the issue while saving the buzz questionaires [EVO-2098] ([#441](https://github.com/Genesis-Technologies-LLC/genesis-web/issues/441)) ([b6f1a76](https://github.com/Genesis-Technologies-LLC/genesis-web/commit/b6f1a76ba88b67ae10164ab5eb3455543d74d210))
    * Fix the sorting for the get task [EVO-2101] ([#440](https://github.com/Genesis-Technologies-LLC/genesis-web/issues/440)) ([a903062](https://github.com/Genesis-Technologies-LLC/genesis-web/commit/a903062d44780337f4cd0b4354683506e47aa82e))

CHANGELOG.md

commit fee1ebcfde85a7ccf4c7dc17214f0ce712b33870
Author:     semantic-release-bot <semantic-release-bot@martynus.net>
AuthorDate: 2025-10-10
Commit:     semantic-release-bot <semantic-release-bot@martynus.net>
CommitDate: 2025-10-10

    chore(release): 1.0.0-dev.57
    
    # [1.0.0-dev.57](https://github.com/Genesis-Technologies-LLC/genesis-web/compare/v1.0.0-dev.56...v1.0.0-dev.57) (2025-10-10)
    
    ### Bug Fixes
    
    * **ci:** Update semantic release to use main [EVO-1993] ([9364b28](https://github.com/Genesis-Technologies-LLC/genesis-web/commit/9364b28e5010d0d9597099a17f78190f200fa4ca))

CHANGELOG.md

commit 9364b28e5010d0d9597099a17f78190f200fa4ca
Author:     Umesh Shrestha <stha.ums@gmail.com>
AuthorDate: 2025-10-10
Commit:     Umesh Shrestha <stha.ums@gmail.com>
CommitDate: 2025-10-10

    fix(ci): Update semantic release to use main [EVO-1993]

.releaserc.json
github/workflows/deploy.yml

commit fe4d657d505d8bec15bc5fcdd446d167eb2c4a51
Author:     semantic-release-bot <semantic-release-bot@martynus.net>
AuthorDate: 2025-10-10
Commit:     semantic-release-bot <semantic-release-bot@martynus.net>
CommitDate: 2025-10-10

    chore(release): 1.0.0-dev.56
    
    # [1.0.0-dev.56](https://github.com/Genesis-Technologies-LLC/genesis-web/compare/v1.0.0-dev.55...v1.0.0-dev.56) (2025-10-10)
    
    ### Bug Fixes
    
    * Fix the issue while saving the buzz questionaires [EVO-2098] ([#441](https://github.com/Genesis-Technologies-LLC/genesis-web/issues/441)) ([b6f1a76](https://github.com/Genesis-Technologies-LLC/genesis-web/commit/b6f1a76ba88b67ae10164ab5eb3455543d74d210))
    * Fix the sorting for the get task [EVO-2101] ([#440](https://github.com/Genesis-Technologies-LLC/genesis-web/issues/440)) ([a903062](https://github.com/Genesis-Technologies-LLC/genesis-web/commit/a903062d44780337f4cd0b4354683506e47aa82e))

CHANGELOG.md

commit a903062d44780337f4cd0b4354683506e47aa82e
Author:     Pratiush Prasain <pratiush.prasain@inicreatechnologies.com>
AuthorDate: 2025-10-10
Commit:     GitHub <noreply@github.com>
CommitDate: 2025-10-10

    fix: Fix the sorting for the get task [EVO-2101] (#440)

packages/server/controllers/task/task.js
packages/server/controllers/user/calendar-settings.js
packages/server/models/Event.js
packages/server/services/eventService.js
packages/server/services/taskService.js

commit b6f1a76ba88b67ae10164ab5eb3455543d74d210
Author:     Pratiush Prasain <pratiush.prasain@inicreatechnologies.com>
AuthorDate: 2025-10-10
Commit:     GitHub <noreply@github.com>
CommitDate: 2025-10-10

    fix: Fix the issue while saving the buzz questionaires [EVO-2098] (#441)
    
    * fix: Fix the notification issue while saving buzz data [EVO-2098]
    
    * fix: Fix the email template for the overdue [EVO-2098]

packages/server/helpers/email/templates/levelUp.template.js
packages/server/helpers/email/templates/overdueTasks.template.js

commit 06ecff95146c3b513136148c7295c5f1c54d3dec
Author:     semantic-release-bot <semantic-release-bot@martynus.net>
AuthorDate: 2025-10-09
Commit:     semantic-release-bot <semantic-release-bot@martynus.net>
CommitDate: 2025-10-09

    chore(release): 1.0.0-dev.55
    
    # [1.0.0-dev.55](https://github.com/Genesis-Technologies-LLC/genesis-web/compare/v1.0.0-dev.54...v1.0.0-dev.55) (2025-10-09)
    
    ### Bug Fixes
    
    * **ci:** Update slack notification [EVO-1993] ([b250384](https://github.com/Genesis-Technologies-LLC/genesis-web/commit/b2503848caa975c4ed2a28a43a8e02d1de93a80e))

CHANGELOG.md

commit b2503848caa975c4ed2a28a43a8e02d1de93a80e
Author:     Umesh Shrestha <stha.ums@gmail.com>
AuthorDate: 2025-10-10
Commit:     Umesh Shrestha <stha.ums@gmail.com>
CommitDate: 2025-10-10

    fix(ci): Update slack notification [EVO-1993]

.github/workflows/deploy.yml

commit ce22a24769ade8218671e4b0fad0f22a41ce200c
Author:     semantic-release-bot <semantic-release-bot@martynus.net>
AuthorDate: 2025-10-09
Commit:     semantic-release-bot <semantic-release-bot@martynus.net>
CommitDate: 2025-10-09

    chore(release): 1.0.0-rc.3
    
    # [1.0.0-rc.3](https://github.com/Genesis-Technologies-LLC/genesis-web/compare/v1.0.0-rc.2...v1.0.0-rc.3) (2025-10-09)
    
    ### Bug Fixes
    
    * **ci:** Fix slack notification and retries [EVO-1993] ([7d01e38](https://github.com/Genesis-Technologies-LLC/genesis-web/commit/7d01e38231091c2b0844fab0893e7d2d323a840b))
    * **middleware:** Prevent server crash in file upload [EVO-2097] ([#438](https://github.com/Genesis-Technologies-LLC/genesis-web/issues/438)) ([ab4c635](https://github.com/Genesis-Technologies-LLC/genesis-web/commit/ab4c635ee3057c3fa01a48d1631fc1bcb1d5821f))

CHANGELOG.md

commit 96448338ae18d414a81189d3bf1259206aa5273b
Author:     semantic-release-bot <semantic-release-bot@martynus.net>
AuthorDate: 2025-10-09
Commit:     semantic-release-bot <semantic-release-bot@martynus.net>
CommitDate: 2025-10-09

    chore(release): 1.0.0-dev.54
    
    # [1.0.0-dev.54](https://github.com/Genesis-Technologies-LLC/genesis-web/compare/v1.0.0-dev.53...v1.0.0-dev.54) (2025-10-09)
    
    ### Bug Fixes
    
    * Update README.md [EVO-1952] ([8f178a6](https://github.com/Genesis-Technologies-LLC/genesis-web/commit/8f178a601553d911f75597eea331e42f49ce7725))

CHANGELOG.md

commit 35ceda22b2d1a0c75766129058ef8a00f4194e28
Author:     semantic-release-bot <semantic-release-bot@martynus.net>
AuthorDate: 2025-10-09
Commit:     semantic-release-bot <semantic-release-bot@martynus.net>
CommitDate: 2025-10-09

    chore(release): 1.0.0-dev.53
    
    # [1.0.0-dev.53](https://github.com/Genesis-Technologies-LLC/genesis-web/compare/v1.0.0-dev.52...v1.0.0-dev.53) (2025-10-09)
    
    ### Bug Fixes
    
    * **ci:** Fix slack notification and retries [EVO-1993] ([7d01e38](https://github.com/Genesis-Technologies-LLC/genesis-web/commit/7d01e38231091c2b0844fab0893e7d2d323a840b))

CHANGELOG.md

commit 7d01e38231091c2b0844fab0893e7d2d323a840b
Author:     Umesh Shrestha <stha.ums@gmail.com>
AuthorDate: 2025-10-10
Commit:     Umesh Shrestha <stha.ums@gmail.com>
CommitDate: 2025-10-10

    fix(ci): Fix slack notification and retries [EVO-1993]

.github/workflows/deploy.yml
.github/workflows/rollback.yml

commit 508b039ef78d9086006e995100ec16a134f422e4
Author:     semantic-release-bot <semantic-release-bot@martynus.net>
AuthorDate: 2025-10-09
Commit:     semantic-release-bot <semantic-release-bot@martynus.net>
CommitDate: 2025-10-09

    chore(release): 1.0.0-dev.52
    
    # [1.0.0-dev.52](https://github.com/Genesis-Technologies-LLC/genesis-web/compare/v1.0.0-dev.51...v1.0.0-dev.52) (2025-10-09)
    
    ### Bug Fixes
    
    * **middleware:** Prevent server crash in file upload [EVO-2097] ([#438](https://github.com/Genesis-Technologies-LLC/genesis-web/issues/438)) ([ab4c635](https://github.com/Genesis-Technologies-LLC/genesis-web/commit/ab4c635ee3057c3fa01a48d1631fc1bcb1d5821f))

CHANGELOG.md

commit ab4c635ee3057c3fa01a48d1631fc1bcb1d5821f
Author:     Umesh Shrestha <umesh@inicreatechnologies.com>
AuthorDate: 2025-10-10
Commit:     GitHub <noreply@github.com>
CommitDate: 2025-10-10

    fix(middleware): Prevent server crash in file upload [EVO-2097] (#438)
    
    Replace throw statements with next(error) in mediaAssetUpload middleware to prevent uncaught exceptions that crash the Node.js server.
    
    Changes:
    - Fixed fileFilter callback to pass AppError object instead of string
    - Replaced throw with next(error) in upload callback handler
    - Removed unused catchAsync import
    
    This prevents 502 errors in production when file validation fails.
    
    Co-authored-by: Umesh Shrestha <stha.ums@gmail.com>

packages/server/middleware/mediaAssetUpload.js

commit d8d18f4060278a4c5251aae1d62e567e3d947090
Author:     Umesh Shrestha <umesh@inicreatechnologies.com>
AuthorDate: 2025-10-10
Commit:     GitHub <noreply@github.com>
CommitDate: 2025-10-10

    ci: Add rollback workflow and update deployment [EVO-1993] (#437)
    
    Co-authored-by: Umesh Shrestha <stha.ums@gmail.com>

.github/workflows/deploy.yml
.github/workflows/rollback.yml

commit 20fbe55d52ca3c9e37656509829d06463c96b44c
Author:     semantic-release-bot <semantic-release-bot@martynus.net>
AuthorDate: 2025-10-09
Commit:     semantic-release-bot <semantic-release-bot@martynus.net>
CommitDate: 2025-10-09

    chore(release): 1.0.0-rc.2
    
    # [1.0.0-rc.2](https://github.com/Genesis-Technologies-LLC/genesis-web/compare/v1.0.0-rc.1...v1.0.0-rc.2) (2025-10-09)
    
    ### Bug Fixes
    
    * Added else if condition when google calendar is false [EVO-2038] ([fa7a6ac](https://github.com/Genesis-Technologies-LLC/genesis-web/commit/fa7a6acd7368c7f107bd3b281cf3050f8b666b1b))
    * Added regex for the fullname while sign up [EVO-2039] ([#427](https://github.com/Genesis-Technologies-LLC/genesis-web/issues/427)) ([aa478d8](https://github.com/Genesis-Technologies-LLC/genesis-web/commit/aa478d8eaba4562ab9a57e585e5b282639b7cd7e))
    * Added the missing routes in the index file [EVO-1990] ([671a73b](https://github.com/Genesis-Technologies-LLC/genesis-web/commit/671a73bbd82a6f917a8360ff0f67614667d8b35b))
    * Added the needed field in the response [EVO-1896] ([564cf8f](https://github.com/Genesis-Technologies-LLC/genesis-web/commit/564cf8fd5e35c3c2d70e37496c4b7daea4fda229))
    * Change the regex value to accept single name [EVO-2039] ([#428](https://github.com/Genesis-Technologies-LLC/genesis-web/issues/428)) ([bc30be0](https://github.com/Genesis-Technologies-LLC/genesis-web/commit/bc30be00bd3326dbe996e96f1243b6becf926df7))
    * Cron set to 12 hr every day [EVO-2003] ([#421](https://github.com/Genesis-Technologies-LLC/genesis-web/issues/421)) ([2b343c7](https://github.com/Genesis-Technologies-LLC/genesis-web/commit/2b343c764826d04cc89657733cbc858de10680f5))
    * **deploy:** Added axios retry to package [EVO-1991] ([755806d](https://github.com/Genesis-Technologies-LLC/genesis-web/commit/755806d6ea3d92737051b0f8768a36d37bcace18))
    * Fix the email template for overdue and onboarding [EVO-883]([#402](https://github.com/Genesis-Technologies-LLC/genesis-web/issues/402)) ([2bbc14b](https://github.com/Genesis-Technologies-LLC/genesis-web/commit/2bbc14b0a7080dccee1d6b7073adabba1efaa704))
    * **noti:** Fix blank notif popups [EVO-2094] ([a62d3ee](https://github.com/Genesis-Technologies-LLC/genesis-web/commit/a62d3ee613275af4cb44626a15b6d3e45e9db179))
    * Overview fixed with populate data [EVO-2003] ([af29705](https://github.com/Genesis-Technologies-LLC/genesis-web/commit/af29705c6424ad65a65716a201ceff6f381d1465))
    * Pagination fix for the group by project [EVO-1896] ([e1bcc47](https://github.com/Genesis-Technologies-LLC/genesis-web/commit/e1bcc47b3d25b4afc0e2cb420392d95e41393847))
    * Remove the initial page and limit from the project [EVO-1790] ([bdc075c](https://github.com/Genesis-Technologies-LLC/genesis-web/commit/bdc075c9a73acdb233c7410335c4cf9a02aecff3))
    * Remove unwanted logger [EVO-2057] ([2d678e5](https://github.com/Genesis-Technologies-LLC/genesis-web/commit/2d678e57836649929f6f5f9099e7ce196dde9332))
    * Removed console.log on tiktok service [EVO-1952] ([e23051b](https://github.com/Genesis-Technologies-LLC/genesis-web/commit/e23051b252edb9b896ee13e17a58de473aebd15e))
    * Send tag details in response [EVO-1896] ([#404](https://github.com/Genesis-Technologies-LLC/genesis-web/issues/404)) ([3710a38](https://github.com/Genesis-Technologies-LLC/genesis-web/commit/3710a3883afe147f028fbfaafae5938830d7b8f1))
    * Social connected app with optional chaining issue [EVO-2038] ([d306bd7](https://github.com/Genesis-Technologies-LLC/genesis-web/commit/d306bd74da91bbe3769983e53f512f8733db5d5a))
    * **social:** Force a consistent schema for ig metrics [EVO-1131] ([90fbe4e](https://github.com/Genesis-Technologies-LLC/genesis-web/commit/90fbe4ee28d7965c44169d513d1c6df8ba954cab))
    * Store image of tiktok insta in db [EVO-2037] ([23f2af6](https://github.com/Genesis-Technologies-LLC/genesis-web/commit/23f2af66599c29b288ef35a4ebb24b976315700e))
    * Update README.md [EVO-1952] ([8f178a6](https://github.com/Genesis-Technologies-LLC/genesis-web/commit/8f178a601553d911f75597eea331e42f49ce7725))
    * Updatedat after user change password [EVO-1877]] ([#405](https://github.com/Genesis-Technologies-LLC/genesis-web/issues/405)) ([f5bff28](https://github.com/Genesis-Technologies-LLC/genesis-web/commit/f5bff280a7dcde4849ac3b92c2472321fc687f54))
    * Zod validation fix for calendar setting [EVO-2055] ([f7a54b1](https://github.com/Genesis-Technologies-LLC/genesis-web/commit/f7a54b195ae6c740e5258426f9342de2e36a4cfd))
    
    ### Features
    
    * Added activity for last login and active [EVO-2057] ([32ed713](https://github.com/Genesis-Technologies-LLC/genesis-web/commit/32ed7135b8424f1a1f048c3ca48aff2514321f08))
    * Added cron to keep record of user tiktok [EVO-1997] ([063efe8](https://github.com/Genesis-Technologies-LLC/genesis-web/commit/063efe82bb98a632d54a5952696ded951345f9ab))
    * Added progress chart api for the tiktok [EVO-2003] ([09946ea](https://github.com/Genesis-Technologies-LLC/genesis-web/commit/09946ea04b32d487e14533f6e0660741eef265ae))
    * Added remove functionality in the calendar [EVO-2057] ([39b5c2d](https://github.com/Genesis-Technologies-LLC/genesis-web/commit/39b5c2d8afceb9a19d8b839ff4718e528faa4b98))
    * Api to Unlink social account [EVO-2006] ([359b588](https://github.com/Genesis-Technologies-LLC/genesis-web/commit/359b588fabd5f0c085c62c0b82f8995137f2f3f4))
    * Connected social app fetched [EVO-2038] ([36dec02](https://github.com/Genesis-Technologies-LLC/genesis-web/commit/36dec02f00eca0275924acda87f988bd8a38edc8))
    * New api to get user answers of buzz questionnaire [EVO-2007] ([8c30d18](https://github.com/Genesis-Technologies-LLC/genesis-web/commit/8c30d18859eee588ee7b0c535228312b06a7e690))
    * **scanning-agent:** Add bridge API [EVO-1731] ([c4b0653](https://github.com/Genesis-Technologies-LLC/genesis-web/commit/c4b06535a42a07da69eea7cfc41d7aae8ccaa187))
    * Update buzz questionnaire answers [EVO-2027] ([b627277](https://github.com/Genesis-Technologies-LLC/genesis-web/commit/b627277280bdf8a2f73d24c350e2f894c8625400))
    * When the time slot shifted to next time [EVO-2057] ([#426](https://github.com/Genesis-Technologies-LLC/genesis-web/issues/426)) ([229cd61](https://github.com/Genesis-Technologies-LLC/genesis-web/commit/229cd61a23eecdc48c8e29bf1fd12873bfef0077))

CHANGELOG.md

commit 8f178a601553d911f75597eea331e42f49ce7725
Author:     Rajib Shrestha <33756765+Rajibshrestha59@users.noreply.github.com>
AuthorDate: 2025-10-09
Commit:     GitHub <noreply@github.com>
CommitDate: 2025-10-09

    fix: Update README.md [EVO-1952]

README.md

commit 3096d2d0fc8b7498bb95596b9018a2918f6189b3
Author:     semantic-release-bot <semantic-release-bot@martynus.net>
AuthorDate: 2025-10-09
Commit:     semantic-release-bot <semantic-release-bot@martynus.net>
CommitDate: 2025-10-09

    chore(release): 1.0.0-dev.51
    
    # [1.0.0-dev.51](https://github.com/Genesis-Technologies-LLC/genesis-web/compare/v1.0.0-dev.50...v1.0.0-dev.51) (2025-10-09)
    
    ### Bug Fixes
    
    * **noti:** Fix blank notif popups [EVO-2094] ([a62d3ee](https://github.com/Genesis-Technologies-LLC/genesis-web/commit/a62d3ee613275af4cb44626a15b6d3e45e9db179))

CHANGELOG.md

commit a62d3ee613275af4cb44626a15b6d3e45e9db179
Author:     Jacob Stallings <jacobcstallings@icloud.com>
AuthorDate: 2025-10-09
Commit:     GitHub <noreply@github.com>
CommitDate: 2025-10-09

    fix(noti): Fix blank notif popups [EVO-2094]

packages/server/eventsHub/eventListener.js
packages/server/services/notificationService.js

commit dd5cf3d4d3feaf3352335a2361597a862f082580
Author:     semantic-release-bot <semantic-release-bot@martynus.net>
AuthorDate: 2025-10-09
Commit:     semantic-release-bot <semantic-release-bot@martynus.net>
CommitDate: 2025-10-09

    chore(release): 1.0.0-dev.50
    
    # [1.0.0-dev.50](https://github.com/Genesis-Technologies-LLC/genesis-web/compare/v1.0.0-dev.49...v1.0.0-dev.50) (2025-10-09)
    
    ### Bug Fixes
    
    * Remove unwanted logger [EVO-2057] ([2d678e5](https://github.com/Genesis-Technologies-LLC/genesis-web/commit/2d678e57836649929f6f5f9099e7ce196dde9332))

CHANGELOG.md

commit 2d678e57836649929f6f5f9099e7ce196dde9332
Author:     Pratiush Prasain <pratiush.prasain@inicreatechnologies.com>
AuthorDate: 2025-10-09
Commit:     GitHub <noreply@github.com>
CommitDate: 2025-10-09

    fix: Remove unwanted logger [EVO-2057]
    
    * feat: Added remove functionality in the calendar [EVO-2057]
    
    * fix: Resolve the requested changes [EVO-2057]
    
    * fix: Remove unwanted logger [EVO-2057]

packages/server/services/calendarSettingsService.js

commit b9b6ac622df8318d7d035eaff74594e7f246a966
Author:     Jacob Stallings <jacobcstallings@icloud.com>
AuthorDate: 2025-10-09
Commit:     GitHub <noreply@github.com>
CommitDate: 2025-10-09

    [EVO-2086] fix(social): Implement DB Scripts Process & Fix Social Account Display Bug (#432)
    
    * fix(settings): Display social account details for Spotify [EVO-2086]
    
    * fix(social): Sync Social docs to User.socials [EVO-2086]
    
    * chore(db): DB scripts process [EVO-2086]

DATABASE_SCRIPTS_GUIDE.md
packages/server/helpers/spotifyHelper.js
packages/server/helpers/tiktokOauthHelpers.js
packages/server/models/Social.js
packages/server/scripts/MIGRATIONS.md
packages/server/scripts/maintenance/verify-social-sync.js
packages/server/scripts/migrations/2025-10-09-fix-social-sync.js
packages/server/scripts/migrations/TEMPLATE.js
packages/server/services/instagramService.js
packages/server/services/spotifyService.js
packages/server/services/tiktokService.js

commit 9fea42758a700adf8d6dd1fc42bc92d38769132e
Author:     semantic-release-bot <semantic-release-bot@martynus.net>
AuthorDate: 2025-10-09
Commit:     semantic-release-bot <semantic-release-bot@martynus.net>
CommitDate: 2025-10-09

    chore(release): 1.0.0-dev.49
    
    # [1.0.0-dev.49](https://github.com/Genesis-Technologies-LLC/genesis-web/compare/v1.0.0-dev.48...v1.0.0-dev.49) (2025-10-09)
    
    ### Features
    
    * Added activity for last login and active [EVO-2057] ([32ed713](https://github.com/Genesis-Technologies-LLC/genesis-web/commit/32ed7135b8424f1a1f048c3ca48aff2514321f08))

CHANGELOG.md

commit 32ed7135b8424f1a1f048c3ca48aff2514321f08
Author:     Pratiush Prasain <pratiush.prasain@inicreatechnologies.com>
AuthorDate: 2025-10-09
Commit:     GitHub <noreply@github.com>
CommitDate: 2025-10-09

    feat: Added activity for last login and active [EVO-2057]

packages/server/controllers/auth/login.js
packages/server/middleware/lastActive.js
packages/server/models/User.js
packages/server/routes/admin/index.js
packages/server/routes/badge/index.js
packages/server/routes/booking/index.js
packages/server/routes/buzz-factory/index.js
packages/server/routes/campaign/index.js
packages/server/routes/category/index.js
packages/server/routes/cloud-storage/index.js
packages/server/routes/content/index.js
packages/server/routes/dashboard/index.js
packages/server/routes/event/index.js
packages/server/routes/gamification/index.js
packages/server/routes/index.js
packages/server/routes/notifications/index.js
packages/server/routes/professional/index.js
packages/server/routes/services/index.js
packages/server/routes/smartCalendar/index.js
packages/server/routes/social/index.js
packages/server/routes/stripe/index.js
packages/server/routes/tag/index.js
packages/server/routes/task/task.js
packages/server/routes/timeline/index.js
packages/server/routes/user/index.js
packages/server/routes/vector/index.js
packages/server/routes/visualizations/index.js

commit 2e7b24b5a2f3bfb02ac83c0e4bd59bfe94fe7b3d
Author:     semantic-release-bot <semantic-release-bot@martynus.net>
AuthorDate: 2025-10-09
Commit:     semantic-release-bot <semantic-release-bot@martynus.net>
CommitDate: 2025-10-09

    chore(release): 1.0.0-dev.48
    
    # [1.0.0-dev.48](https://github.com/Genesis-Technologies-LLC/genesis-web/compare/v1.0.0-dev.47...v1.0.0-dev.48) (2025-10-09)
    
    ### Features
    
    * Added remove functionality in the calendar [EVO-2057] ([39b5c2d](https://github.com/Genesis-Technologies-LLC/genesis-web/commit/39b5c2d8afceb9a19d8b839ff4718e528faa4b98))

CHANGELOG.md

commit 39b5c2d8afceb9a19d8b839ff4718e528faa4b98
Author:     Pratiush Prasain <pratiush.prasain@inicreatechnologies.com>
AuthorDate: 2025-10-09
Commit:     GitHub <noreply@github.com>
CommitDate: 2025-10-09

    feat: Added remove functionality in the calendar [EVO-2057]
    
    * feat: Added remove functionality in the calendar [EVO-2057]
    
    * fix: Resolve the requested changes [EVO-2057]

packages/server/controllers/user/calendar-settings.js
packages/server/models/Event.js
packages/server/services/calendarSettingsService.js

commit a4f1891fb167c771c6b1039d02a443a708219df0
Author:     semantic-release-bot <semantic-release-bot@martynus.net>
AuthorDate: 2025-10-09
Commit:     semantic-release-bot <semantic-release-bot@martynus.net>
CommitDate: 2025-10-09

    chore(release): 1.0.0-dev.47
    
    # [1.0.0-dev.47](https://github.com/Genesis-Technologies-LLC/genesis-web/compare/v1.0.0-dev.46...v1.0.0-dev.47) (2025-10-09)
    
    ### Bug Fixes
    
    * **social:** Force a consistent schema for ig metrics [EVO-1131] ([90fbe4e](https://github.com/Genesis-Technologies-LLC/genesis-web/commit/90fbe4ee28d7965c44169d513d1c6df8ba954cab))

CHANGELOG.md

commit 90fbe4ee28d7965c44169d513d1c6df8ba954cab
Author:     Jacob Stallings <jacobcstallings@icloud.com>
AuthorDate: 2025-10-09
Commit:     GitHub <noreply@github.com>
CommitDate: 2025-10-09

    fix(social): Force a consistent schema for ig metrics [EVO-1131]

packages/server/helpers/instagram/overviewHelper.js

commit 8edcb1399508b7b90428ea1999c4d319e2c9e146
Author:     semantic-release-bot <semantic-release-bot@martynus.net>
AuthorDate: 2025-10-08
Commit:     semantic-release-bot <semantic-release-bot@martynus.net>
CommitDate: 2025-10-08

    chore(release): 1.0.0-dev.46
    
    # [1.0.0-dev.46](https://github.com/Genesis-Technologies-LLC/genesis-web/compare/v1.0.0-dev.45...v1.0.0-dev.46) (2025-10-08)
    
    ### Bug Fixes
    
    * Change the regex value to accept single name [EVO-2039] ([#428](https://github.com/Genesis-Technologies-LLC/genesis-web/issues/428)) ([bc30be0](https://github.com/Genesis-Technologies-LLC/genesis-web/commit/bc30be00bd3326dbe996e96f1243b6becf926df7))

CHANGELOG.md

commit bc30be00bd3326dbe996e96f1243b6becf926df7
Author:     Pratiush Prasain <pratiush.prasain@inicreatechnologies.com>
AuthorDate: 2025-10-08
Commit:     GitHub <noreply@github.com>
CommitDate: 2025-10-08

    fix: Change the regex value to accept single name [EVO-2039] (#428)
    
    * fix: Added regex for the fullname while sign up [EVO-2039]
    
    * fix: Resolve the request changes [EVO-2039]
    
    * fix: Change the regex value to except single name [EVO-2039]

packages/server/utils/nameUtils.js

commit 010aba61803359e0f187aee7206501d14e4f4a75
Author:     semantic-release-bot <semantic-release-bot@martynus.net>
AuthorDate: 2025-10-07
Commit:     semantic-release-bot <semantic-release-bot@martynus.net>
CommitDate: 2025-10-07

    chore(release): 1.0.0-dev.45
    
    # [1.0.0-dev.45](https://github.com/Genesis-Technologies-LLC/genesis-web/compare/v1.0.0-dev.44...v1.0.0-dev.45) (2025-10-07)
    
    ### Bug Fixes
    
    * Fix the email template for overdue and onboarding [EVO-883]([#402](https://github.com/Genesis-Technologies-LLC/genesis-web/issues/402)) ([2bbc14b](https://github.com/Genesis-Technologies-LLC/genesis-web/commit/2bbc14b0a7080dccee1d6b7073adabba1efaa704))

CHANGELOG.md

commit 2bbc14b0a7080dccee1d6b7073adabba1efaa704
Author:     Pratiush Prasain <pratiush.prasain@inicreatechnologies.com>
AuthorDate: 2025-10-07
Commit:     GitHub <noreply@github.com>
CommitDate: 2025-10-07

    fix: Fix the email template for overdue and onboarding [EVO-883](#402)
    
    * fix: Fix the email template for overdue and onboarding [EVO-883]
    
    * refactor: Email template for over due and level up [EVO-883]
    
    * refactor: Email template for over due and level up [EVO-883]
    
    * refactor: Refactor the email template for overdue/level [EVO-883]
    
    * test: Test the mobile view of email templeate [EVO-883]
    
    * fix: Font family changed to IBM Plex Sans [EVO-883]

package-lock.json
packages/server/controllers/user/profile.js
packages/server/helpers/email/templates/levelUp.template.js
packages/server/helpers/email/templates/overdueTasks.template.js
packages/server/helpers/emailHelper.js
packages/server/routes/user/index.js
packages/server/services/badgeService.js
packages/server/services/userService.js
yarn.lock

commit d6916c2f95e968ec3ddff3ba954145aaf3e3038b
Author:     semantic-release-bot <semantic-release-bot@martynus.net>
AuthorDate: 2025-10-07
Commit:     semantic-release-bot <semantic-release-bot@martynus.net>
CommitDate: 2025-10-07

    chore(release): 1.0.0-dev.44
    
    # [1.0.0-dev.44](https://github.com/Genesis-Technologies-LLC/genesis-web/compare/v1.0.0-dev.43...v1.0.0-dev.44) (2025-10-07)
    
    ### Bug Fixes
    
    * Added regex for the fullname while sign up [EVO-2039] ([#427](https://github.com/Genesis-Technologies-LLC/genesis-web/issues/427)) ([aa478d8](https://github.com/Genesis-Technologies-LLC/genesis-web/commit/aa478d8eaba4562ab9a57e585e5b282639b7cd7e))

CHANGELOG.md

commit aa478d8eaba4562ab9a57e585e5b282639b7cd7e
Author:     Pratiush Prasain <pratiush.prasain@inicreatechnologies.com>
AuthorDate: 2025-10-07
Commit:     GitHub <noreply@github.com>
CommitDate: 2025-10-07

    fix: Added regex for the fullname while sign up [EVO-2039] (#427)
    
    * fix: Added regex for the fullname while sign up [EVO-2039]
    
    * fix: Resolve the request changes [EVO-2039]

packages/server/helpers/email/templates/awardBadgev2.template.js
packages/server/helpers/email/templates/forgotPassword.template.js
packages/server/helpers/email/templates/levelUp.template.js
packages/server/helpers/email/templates/onboarding.template.js
packages/server/helpers/email/templates/otp.template.js
packages/server/helpers/email/templates/overdueTasks.template.js
packages/server/schema/signUp.js
packages/server/utils/nameUtils.js

commit e25162f00c7e6cba351821252b584ba6bfcb3513
Author:     semantic-release-bot <semantic-release-bot@martynus.net>
AuthorDate: 2025-10-06
Commit:     semantic-release-bot <semantic-release-bot@martynus.net>
CommitDate: 2025-10-06

    chore(release): 1.0.0-dev.43
    
    # [1.0.0-dev.43](https://github.com/Genesis-Technologies-LLC/genesis-web/compare/v1.0.0-dev.42...v1.0.0-dev.43) (2025-10-06)
    
    ### Features
    
    * When the time slot shifted to next time [EVO-2057] ([#426](https://github.com/Genesis-Technologies-LLC/genesis-web/issues/426)) ([229cd61](https://github.com/Genesis-Technologies-LLC/genesis-web/commit/229cd61a23eecdc48c8e29bf1fd12873bfef0077))

CHANGELOG.md

commit 229cd61a23eecdc48c8e29bf1fd12873bfef0077
Author:     Pratiush Prasain <pratiush.prasain@inicreatechnologies.com>
AuthorDate: 2025-10-06
Commit:     GitHub <noreply@github.com>
CommitDate: 2025-10-06

    feat: When the time slot shifted to next time [EVO-2057] (#426)

packages/server/controllers/user/calendar-settings.js
packages/server/models/CalendarSettings.js
packages/server/models/Event.js
packages/server/package.json
packages/server/schema/calendarSettings.js
packages/server/services/calendarSettingsService.js

commit ac69e45eee1c9b6b7eda376d121b02ddbe2d1c1f
Author:     semantic-release-bot <semantic-release-bot@martynus.net>
AuthorDate: 2025-09-29
Commit:     semantic-release-bot <semantic-release-bot@martynus.net>
CommitDate: 2025-09-29

    chore(release): 1.0.0-dev.42
    
    # [1.0.0-dev.42](https://github.com/Genesis-Technologies-LLC/genesis-web/compare/v1.0.0-dev.41...v1.0.0-dev.42) (2025-09-29)
    
    ### Bug Fixes
    
    * Zod validation fix for calendar setting [EVO-2055] ([f7a54b1](https://github.com/Genesis-Technologies-LLC/genesis-web/commit/f7a54b195ae6c740e5258426f9342de2e36a4cfd))

CHANGELOG.md

commit f7a54b195ae6c740e5258426f9342de2e36a4cfd
Author:     Pratiush Prasain <pratiush.prasain@inicreatechnologies.com>
AuthorDate: 2025-09-29
Commit:     GitHub <noreply@github.com>
CommitDate: 2025-09-29

    fix: Zod validation fix for calendar setting [EVO-2055]

packages/server/schema/calendarSettings.js
packages/server/services/calendarSettingsService.js
packages/server/services/projectService.js

commit b29e4b24bb1a555ca2d8f6069cc0661be09c050b
Author:     semantic-release-bot <semantic-release-bot@martynus.net>
AuthorDate: 2025-09-29
Commit:     semantic-release-bot <semantic-release-bot@martynus.net>
CommitDate: 2025-09-29

    chore(release): 1.0.0-dev.41
    
    # [1.0.0-dev.41](https://github.com/Genesis-Technologies-LLC/genesis-web/compare/v1.0.0-dev.40...v1.0.0-dev.41) (2025-09-29)
    
    ### Bug Fixes
    
    * Added else if condition when google calendar is false [EVO-2038] ([fa7a6ac](https://github.com/Genesis-Technologies-LLC/genesis-web/commit/fa7a6acd7368c7f107bd3b281cf3050f8b666b1b))
    * Social connected app with optional chaining issue [EVO-2038] ([d306bd7](https://github.com/Genesis-Technologies-LLC/genesis-web/commit/d306bd74da91bbe3769983e53f512f8733db5d5a))

CHANGELOG.md

commit fa7a6acd7368c7f107bd3b281cf3050f8b666b1b
Author:     Pratiush Prasain <pratiush.prasain@inicreatechnologies.com>
AuthorDate: 2025-09-29
Commit:     Pratiush Prasain <pratiush.prasain@inicreatechnologies.com>
CommitDate: 2025-09-29

    fix: Added else if condition when google calendar is false [EVO-2038]

packages/server/services/socialService.js

commit d306bd74da91bbe3769983e53f512f8733db5d5a
Author:     Pratiush Prasain <pratiush.prasain@inicreatechnologies.com>
AuthorDate: 2025-09-29
Commit:     Pratiush Prasain <pratiush.prasain@inicreatechnologies.com>
CommitDate: 2025-09-29

    fix: Social connected app with optional chaining issue [EVO-2038]

packages/server/services/socialService.js

commit 92a8ee92cf6dd6579df83d5c6b53440279a067cb
Author:     semantic-release-bot <semantic-release-bot@martynus.net>
AuthorDate: 2025-09-29
Commit:     semantic-release-bot <semantic-release-bot@martynus.net>
CommitDate: 2025-09-29

    chore(release): 1.0.0-dev.40
    
    # [1.0.0-dev.40](https://github.com/Genesis-Technologies-LLC/genesis-web/compare/v1.0.0-dev.39...v1.0.0-dev.40) (2025-09-29)
    
    ### Features
    
    * Connected social app fetched [EVO-2038] ([36dec02](https://github.com/Genesis-Technologies-LLC/genesis-web/commit/36dec02f00eca0275924acda87f988bd8a38edc8))

CHANGELOG.md

commit 36dec02f00eca0275924acda87f988bd8a38edc8
Author:     Pratiush Prasain <pratiush.prasain@inicreatechnologies.com>
AuthorDate: 2025-09-29
Commit:     GitHub <noreply@github.com>
CommitDate: 2025-09-29

    feat: Connected social app fetched [EVO-2038]
    
    * feat: Connected social app fetched [EVO-2038]
    
    * fix: Social connected app with related field [EVO-2038]

packages/server/controllers/social/index.js
packages/server/controllers/task/task.js
packages/server/routes/social/index.js
packages/server/services/projectService.js
packages/server/services/socialService.js
packages/server/services/taskService.js
packages/server/services/userService.js

commit ab92645a07a20ef92318403516530fddef349f27
Author:     Jacob Stallings <jacobcstallings@icloud.com>
AuthorDate: 2025-09-26
Commit:     GitHub <noreply@github.com>
CommitDate: 2025-09-26

    Evo 1131 new UI (#424)
    
    * fix(metrics): IG metrics standardized [EVO-1131]
    
    * feat(metrics): Live tracking/caching of todays metrics [EVO-1131]

package-lock.json
packages/server/helpers/instagram/overviewHelper.js
packages/server/utils/constants.js
yarn.lock

commit d9f4c9df73366bef95934289493db235b382b404
Author:     semantic-release-bot <semantic-release-bot@martynus.net>
AuthorDate: 2025-09-26
Commit:     semantic-release-bot <semantic-release-bot@martynus.net>
CommitDate: 2025-09-26

    chore(release): 1.0.0-dev.39
    
    # [1.0.0-dev.39](https://github.com/Genesis-Technologies-LLC/genesis-web/compare/v1.0.0-dev.38...v1.0.0-dev.39) (2025-09-26)
    
    ### Bug Fixes
    
    * Store image of tiktok insta in db [EVO-2037] ([23f2af6](https://github.com/Genesis-Technologies-LLC/genesis-web/commit/23f2af66599c29b288ef35a4ebb24b976315700e))

CHANGELOG.md

commit 23f2af66599c29b288ef35a4ebb24b976315700e
Author:     Pratiush Prasain <pratiush.prasain@inicreatechnologies.com>
AuthorDate: 2025-09-26
Commit:     GitHub <noreply@github.com>
CommitDate: 2025-09-26

    fix: Store image of tiktok insta in db [EVO-2037]

packages/server/helpers/charts/tiktokChartHelper.js
packages/server/helpers/tiktok/overviewHelper.js
packages/server/models/Social.js
packages/server/models/TikTokMetrics.js
packages/server/services/instagramService.js
packages/server/services/tiktokService.js

commit 216bdd90a033da3f194efb1d5dd3d0cb65b2af81
Author:     semantic-release-bot <semantic-release-bot@martynus.net>
AuthorDate: 2025-09-26
Commit:     semantic-release-bot <semantic-release-bot@martynus.net>
CommitDate: 2025-09-26

    chore(release): 1.0.0-dev.38
    
    # [1.0.0-dev.38](https://github.com/Genesis-Technologies-LLC/genesis-web/compare/v1.0.0-dev.37...v1.0.0-dev.38) (2025-09-26)
    
    ### Bug Fixes
    
    * Cron set to 12 hr every day [EVO-2003] ([#421](https://github.com/Genesis-Technologies-LLC/genesis-web/issues/421)) ([2b343c7](https://github.com/Genesis-Technologies-LLC/genesis-web/commit/2b343c764826d04cc89657733cbc858de10680f5))

CHANGELOG.md

commit 2b343c764826d04cc89657733cbc858de10680f5
Author:     Pratiush Prasain <pratiush.prasain@inicreatechnologies.com>
AuthorDate: 2025-09-26
Commit:     GitHub <noreply@github.com>
CommitDate: 2025-09-26

    fix: Cron set to 12 hr every day [EVO-2003] (#421)

packages/server/services/cron/tiktokCronService.js

commit 604a799a19538b9933de715efb55a1b4342d1bad
Author:     semantic-release-bot <semantic-release-bot@martynus.net>
AuthorDate: 2025-09-26
Commit:     semantic-release-bot <semantic-release-bot@martynus.net>
CommitDate: 2025-09-26

    chore(release): 1.0.0-dev.37
    
    # [1.0.0-dev.37](https://github.com/Genesis-Technologies-LLC/genesis-web/compare/v1.0.0-dev.36...v1.0.0-dev.37) (2025-09-26)
    
    ### Features
    
    * Update buzz questionnaire answers [EVO-2027] ([b627277](https://github.com/Genesis-Technologies-LLC/genesis-web/commit/b627277280bdf8a2f73d24c350e2f894c8625400))

CHANGELOG.md

commit b627277280bdf8a2f73d24c350e2f894c8625400
Author:     Pratiush Prasain <pratiush.prasain@inicreatechnologies.com>
AuthorDate: 2025-09-26
Commit:     GitHub <noreply@github.com>
CommitDate: 2025-09-26

    feat: Update buzz questionnaire answers [EVO-2027]

packages/server/controllers/buzz-factory/index.js
packages/server/routes/buzz-factory/index.js
packages/server/services/buzz-questionnaires/index.js

commit 2413aafa44816511db6c3772663f98b9b80a1fc4
Author:     semantic-release-bot <semantic-release-bot@martynus.net>
AuthorDate: 2025-09-26
Commit:     semantic-release-bot <semantic-release-bot@martynus.net>
CommitDate: 2025-09-26

    chore(release): 1.0.0-dev.36
    
    # [1.0.0-dev.36](https://github.com/Genesis-Technologies-LLC/genesis-web/compare/v1.0.0-dev.35...v1.0.0-dev.36) (2025-09-26)
    
    ### Bug Fixes
    
    * Overview fixed with populate data [EVO-2003] ([af29705](https://github.com/Genesis-Technologies-LLC/genesis-web/commit/af29705c6424ad65a65716a201ceff6f381d1465))

CHANGELOG.md

commit af29705c6424ad65a65716a201ceff6f381d1465
Author:     Pratiush Prasain <pratiush.prasain@inicreatechnologies.com>
AuthorDate: 2025-09-26
Commit:     GitHub <noreply@github.com>
CommitDate: 2025-09-26

    fix: Overview fixed with populate data [EVO-2003]
    
    * feat: Added progress chart api for the tiktok [EVO-2003]
    
    * fix: Fix the value of title [EVO-2003]
    
    * fix: Overview fixed with populate data [EVO-2003]

packages/server/helpers/tiktok/overviewHelper.js
packages/server/services/tiktokService.js

commit fb38ee98551dff7a6a620032f7474ea3dada5ca8
Author:     semantic-release-bot <semantic-release-bot@martynus.net>
AuthorDate: 2025-09-25
Commit:     semantic-release-bot <semantic-release-bot@martynus.net>
CommitDate: 2025-09-25

    chore(release): 1.0.0-dev.35
    
    # [1.0.0-dev.35](https://github.com/Genesis-Technologies-LLC/genesis-web/compare/v1.0.0-dev.34...v1.0.0-dev.35) (2025-09-25)
    
    ### Features
    
    * New api to get user answers of buzz questionnaire [EVO-2007] ([8c30d18](https://github.com/Genesis-Technologies-LLC/genesis-web/commit/8c30d18859eee588ee7b0c535228312b06a7e690))

CHANGELOG.md

commit 8c30d18859eee588ee7b0c535228312b06a7e690
Author:     Pratiush Prasain <pratiush.prasain@inicreatechnologies.com>
AuthorDate: 2025-09-25
Commit:     GitHub <noreply@github.com>
CommitDate: 2025-09-25

    feat: New api to get user answers of buzz questionnaire [EVO-2007]

packages/server/controllers/buzz-factory/index.js
packages/server/routes/buzz-factory/index.js
packages/server/services/buzz-questionnaires/index.js

commit cd2699f90cad110a48ddf38aa0cf6846e50a20a1
Author:     semantic-release-bot <semantic-release-bot@martynus.net>
AuthorDate: 2025-09-25
Commit:     semantic-release-bot <semantic-release-bot@martynus.net>
CommitDate: 2025-09-25

    chore(release): 1.0.0-dev.34
    
    # [1.0.0-dev.34](https://github.com/Genesis-Technologies-LLC/genesis-web/compare/v1.0.0-dev.33...v1.0.0-dev.34) (2025-09-25)
    
    ### Features
    
    * Api to Unlink social account [EVO-2006] ([359b588](https://github.com/Genesis-Technologies-LLC/genesis-web/commit/359b588fabd5f0c085c62c0b82f8995137f2f3f4))

CHANGELOG.md

commit 359b588fabd5f0c085c62c0b82f8995137f2f3f4
Author:     Pratiush Prasain <pratiush.prasain@inicreatechnologies.com>
AuthorDate: 2025-09-25
Commit:     GitHub <noreply@github.com>
CommitDate: 2025-09-25

    feat: Api to Unlink social account [EVO-2006]

packages/server/controllers/social/index.js
packages/server/routes/social/index.js
packages/server/services/socialService.js

commit 821f877617b810a60153bb27a9ec0bbc48803c13
Author:     semantic-release-bot <semantic-release-bot@martynus.net>
AuthorDate: 2025-09-25
Commit:     semantic-release-bot <semantic-release-bot@martynus.net>
CommitDate: 2025-09-25

    chore(release): 1.0.0-dev.33
    
    # [1.0.0-dev.33](https://github.com/Genesis-Technologies-LLC/genesis-web/compare/v1.0.0-dev.32...v1.0.0-dev.33) (2025-09-25)
    
    ### Features
    
    * Added progress chart api for the tiktok [EVO-2003] ([09946ea](https://github.com/Genesis-Technologies-LLC/genesis-web/commit/09946ea04b32d487e14533f6e0660741eef265ae))

CHANGELOG.md

commit 09946ea04b32d487e14533f6e0660741eef265ae
Author:     Pratiush Prasain <pratiush.prasain@inicreatechnologies.com>
AuthorDate: 2025-09-25
Commit:     GitHub <noreply@github.com>
CommitDate: 2025-09-25

    feat: Added progress chart api for the tiktok [EVO-2003]
    
    * feat: Added progress chart api for the tiktok [EVO-2003]
    
    * fix: Fix the value of title [EVO-2003]

packages/server/config/socials.js
packages/server/helpers/charts/tiktokChartHelper.js
packages/server/services/chartsService.js
packages/server/services/cron/tiktokCronService.js
packages/server/services/tiktokService.js

commit 687eb94fd852df1c0e06b4dde02c1d47f0bd1e70
Author:     semantic-release-bot <semantic-release-bot@martynus.net>
AuthorDate: 2025-09-24
Commit:     semantic-release-bot <semantic-release-bot@martynus.net>
CommitDate: 2025-09-24

    chore(release): 1.0.0-dev.32
    
    # [1.0.0-dev.32](https://github.com/Genesis-Technologies-LLC/genesis-web/compare/v1.0.0-dev.31...v1.0.0-dev.32) (2025-09-24)
    
    ### Bug Fixes
    
    * Added the needed field in the response [EVO-1896] ([564cf8f](https://github.com/Genesis-Technologies-LLC/genesis-web/commit/564cf8fd5e35c3c2d70e37496c4b7daea4fda229))

CHANGELOG.md

commit 564cf8fd5e35c3c2d70e37496c4b7daea4fda229
Author:     Pratiush Prasain <pratiush.prasain@inicreatechnologies.com>
AuthorDate: 2025-09-24
Commit:     GitHub <noreply@github.com>
CommitDate: 2025-09-24

    fix: Added the needed field in the response [EVO-1896]

packages/server/services/taskService.js

commit 3af3210bcc1f138941742e678d3cf601bb126b7e
Author:     semantic-release-bot <semantic-release-bot@martynus.net>
AuthorDate: 2025-09-24
Commit:     semantic-release-bot <semantic-release-bot@martynus.net>
CommitDate: 2025-09-24

    chore(release): 1.0.0-dev.31
    
    # [1.0.0-dev.31](https://github.com/Genesis-Technologies-LLC/genesis-web/compare/v1.0.0-dev.30...v1.0.0-dev.31) (2025-09-24)
    
    ### Features
    
    * Added cron to keep record of user tiktok [EVO-1997] ([063efe8](https://github.com/Genesis-Technologies-LLC/genesis-web/commit/063efe82bb98a632d54a5952696ded951345f9ab))

CHANGELOG.md

commit 063efe82bb98a632d54a5952696ded951345f9ab
Author:     Pratiush Prasain <pratiush.prasain@inicreatechnologies.com>
AuthorDate: 2025-09-24
Commit:     GitHub <noreply@github.com>
CommitDate: 2025-09-24

    feat: Added cron to keep record of user tiktok [EVO-1997]

packages/server/models/TikTokMetrics.js
packages/server/services/cron/CronJobManager.js
packages/server/services/cron/tiktokCronService.js
packages/server/services/tiktokService.js

commit 087f97826f63e89c2e49878d832b66d9d2ad7df3
Author:     semantic-release-bot <semantic-release-bot@martynus.net>
AuthorDate: 2025-09-22
Commit:     semantic-release-bot <semantic-release-bot@martynus.net>
CommitDate: 2025-09-22

    chore(release): 1.0.0-dev.30
    
    # [1.0.0-dev.30](https://github.com/Genesis-Technologies-LLC/genesis-web/compare/v1.0.0-dev.29...v1.0.0-dev.30) (2025-09-22)
    
    ### Bug Fixes
    
    * Removed console.log on tiktok service [EVO-1952] ([e23051b](https://github.com/Genesis-Technologies-LLC/genesis-web/commit/e23051b252edb9b896ee13e17a58de473aebd15e))

CHANGELOG.md

commit e23051b252edb9b896ee13e17a58de473aebd15e
Author:     Rajib Shrestha <33756765+Rajibshrestha59@users.noreply.github.com>
AuthorDate: 2025-09-22
Commit:     GitHub <noreply@github.com>
CommitDate: 2025-09-22

    fix: Removed console.log on tiktok service [EVO-1952]

packages/server/services/tiktokService.js

commit 2446804f376431f3efeabbddfe23ab969b3ea436
Author:     pratiushprasain-ict <pratiush.prasain@inicreatechnologies.com>
AuthorDate: 2025-09-22
Commit:     GitHub <noreply@github.com>
CommitDate: 2025-09-22

    refactor: Expect redirect uri from query tiktok [EVO-1992]
    
    * refactor: Expect redirect uri from query tiktok [EVO-1992]
    
    * fix: Added redirect_uri in swagger [EVO-1992]
    
    * fix: Added is link flag to true when callback hit  [EVO-1992]

packages/server/controllers/tiktok/index.js
packages/server/services/tiktokService.js

commit 64ff9f6534fe9b8958a754e0eaa657ad3444b1a9
Author:     semantic-release-bot <semantic-release-bot@martynus.net>
AuthorDate: 2025-09-22
Commit:     semantic-release-bot <semantic-release-bot@martynus.net>
CommitDate: 2025-09-22

    chore(release): 1.0.0-dev.29
    
    # [1.0.0-dev.29](https://github.com/Genesis-Technologies-LLC/genesis-web/compare/v1.0.0-dev.28...v1.0.0-dev.29) (2025-09-22)
    
    ### Bug Fixes
    
    * Pagination fix for the group by project [EVO-1896] ([e1bcc47](https://github.com/Genesis-Technologies-LLC/genesis-web/commit/e1bcc47b3d25b4afc0e2cb420392d95e41393847))

CHANGELOG.md

commit e1bcc47b3d25b4afc0e2cb420392d95e41393847
Author:     pratiushprasain-ict <pratiush.prasain@inicreatechnologies.com>
AuthorDate: 2025-09-22
Commit:     GitHub <noreply@github.com>
CommitDate: 2025-09-22

    fix: Pagination fix for the group by project [EVO-1896]

packages/server/services/taskService.js

commit 9ddfa600a1be7253ae0d13f83a09f3fd9f04470e
Author:     semantic-release-bot <semantic-release-bot@martynus.net>
AuthorDate: 2025-09-22
Commit:     semantic-release-bot <semantic-release-bot@martynus.net>
CommitDate: 2025-09-22

    chore(release): 1.0.0-dev.28
    
    # [1.0.0-dev.28](https://github.com/Genesis-Technologies-LLC/genesis-web/compare/v1.0.0-dev.27...v1.0.0-dev.28) (2025-09-22)
    
    ### Bug Fixes
    
    * **deploy:** Added axios retry to package [EVO-1991] ([755806d](https://github.com/Genesis-Technologies-LLC/genesis-web/commit/755806d6ea3d92737051b0f8768a36d37bcace18))

CHANGELOG.md

commit 755806d6ea3d92737051b0f8768a36d37bcace18
Author:     Rajib Shrestha <33756765+Rajibshrestha59@users.noreply.github.com>
AuthorDate: 2025-09-22
Commit:     GitHub <noreply@github.com>
CommitDate: 2025-09-22

    fix(deploy): Added axios retry to package [EVO-1991]

packages/server/package.json
packages/server/services/agent/backendScanningAgentService.js

commit d8a101253b3b45caf86b0b89f93344d7822249ae
Author:     semantic-release-bot <semantic-release-bot@martynus.net>
AuthorDate: 2025-09-22
Commit:     semantic-release-bot <semantic-release-bot@martynus.net>
CommitDate: 2025-09-22

    chore(release): 1.0.0-dev.27
    
    # [1.0.0-dev.27](https://github.com/Genesis-Technologies-LLC/genesis-web/compare/v1.0.0-dev.26...v1.0.0-dev.27) (2025-09-22)
    
    ### Features
    
    * **scanning-agent:** Add bridge API [EVO-1731] ([c4b0653](https://github.com/Genesis-Technologies-LLC/genesis-web/commit/c4b06535a42a07da69eea7cfc41d7aae8ccaa187))

CHANGELOG.md

commit c4b06535a42a07da69eea7cfc41d7aae8ccaa187
Author:     Henry Cikanek <cikanekhenry@gmail.com>
AuthorDate: 2025-09-21
Commit:     GitHub <noreply@github.com>
CommitDate: 2025-09-22

    feat(scanning-agent): Add bridge API [EVO-1731]
    
    * feat(scanning-agent): Add bridge API [EVO-1731]
    
    * chore(swagger): Update docs for scanning agent [EVO-1731]

packages/server/controllers/ai/backendScanningAgentController.js
packages/server/routes/ai/backendScanningAgentRouter.js
packages/server/routes/ai/index.js
packages/server/scripts/curlTestBackendAgent.sh
packages/server/scripts/smokeTestBackendAgent.js
packages/server/services/agent/backendScanningAgentService.js

commit 09fc6864f447ea81dee318903be7d6553d0fc1d4
Author:     semantic-release-bot <semantic-release-bot@martynus.net>
AuthorDate: 2025-09-22
Commit:     semantic-release-bot <semantic-release-bot@martynus.net>
CommitDate: 2025-09-22

    chore(release): 1.0.0-dev.26
    
    # [1.0.0-dev.26](https://github.com/Genesis-Technologies-LLC/genesis-web/compare/v1.0.0-dev.25...v1.0.0-dev.26) (2025-09-22)
    
    ### Bug Fixes
    
    * Added the missing routes in the index file [EVO-1990] ([671a73b](https://github.com/Genesis-Technologies-LLC/genesis-web/commit/671a73bbd82a6f917a8360ff0f67614667d8b35b))

CHANGELOG.md

commit 671a73bbd82a6f917a8360ff0f67614667d8b35b
Author:     pratiushprasain-ict <pratiush.prasain@inicreatechnologies.com>
AuthorDate: 2025-09-22
Commit:     GitHub <noreply@github.com>
CommitDate: 2025-09-22

    fix: Added the missing routes in the index file [EVO-1990]

packages/server/controllers/tiktok/index.js
packages/server/routes/index.js

commit 46f2b3ad9f146ca0cbcaa52b7d03430b60b33c67
Author:     semantic-release-bot <semantic-release-bot@martynus.net>
AuthorDate: 2025-09-22
Commit:     semantic-release-bot <semantic-release-bot@martynus.net>
CommitDate: 2025-09-22

    chore(release): 1.0.0-dev.25
    
    # [1.0.0-dev.25](https://github.com/Genesis-Technologies-LLC/genesis-web/compare/v1.0.0-dev.24...v1.0.0-dev.25) (2025-09-22)
    
    ### Bug Fixes
    
    * Remove the initial page and limit from the project [EVO-1790] ([bdc075c](https://github.com/Genesis-Technologies-LLC/genesis-web/commit/bdc075c9a73acdb233c7410335c4cf9a02aecff3))

CHANGELOG.md

commit bdc075c9a73acdb233c7410335c4cf9a02aecff3
Author:     pratiushprasain-ict <pratiush.prasain@inicreatechnologies.com>
AuthorDate: 2025-09-22
Commit:     GitHub <noreply@github.com>
CommitDate: 2025-09-22

    fix: Remove the initial page and limit from the project [EVO-1790]
    
    * fix: Fix the undefined issue in imageurl [EVO-1975]
    
    * fix: Fix the undefined issue in imageurl ori-response [EVO-1975]
    
    * fix: Fix the image url space [EVO-1975]
    
    * fix: Set optional to desc collaboraton location [EVO-1790]
    
    * fix: Added the project which donot have any task [EVO-1790]
    
    * fix: Remove the initial page and limit from the project [EVO-1790]

packages/server/controllers/task/task.js
packages/server/services/projectService.js
packages/server/services/taskService.js

commit 80021c0d9ca81362cb8c6cc9e0de8b3a22ba14be
Author:     semantic-release-bot <semantic-release-bot@martynus.net>
AuthorDate: 2025-09-19
Commit:     semantic-release-bot <semantic-release-bot@martynus.net>
CommitDate: 2025-09-19

    chore(release): 1.0.0-dev.24
    
    # [1.0.0-dev.24](https://github.com/Genesis-Technologies-LLC/genesis-web/compare/v1.0.0-dev.23...v1.0.0-dev.24) (2025-09-19)
    
    ### Bug Fixes
    
    * Send tag details in response [EVO-1896] ([#404](https://github.com/Genesis-Technologies-LLC/genesis-web/issues/404)) ([3710a38](https://github.com/Genesis-Technologies-LLC/genesis-web/commit/3710a3883afe147f028fbfaafae5938830d7b8f1))
    * syntax error fixed ([0e29312](https://github.com/Genesis-Technologies-LLC/genesis-web/commit/0e2931222dbad0eadf73be4bf1cbfab69d32535d))
    * Updatedat after user change password [EVO-1877]] ([#405](https://github.com/Genesis-Technologies-LLC/genesis-web/issues/405)) ([f5bff28](https://github.com/Genesis-Technologies-LLC/genesis-web/commit/f5bff280a7dcde4849ac3b92c2472321fc687f54))

CHANGELOG.md

commit f5bff280a7dcde4849ac3b92c2472321fc687f54
Author:     pratiushprasain-ict <pratiush.prasain@inicreatechnologies.com>
AuthorDate: 2025-09-19
Commit:     GitHub <noreply@github.com>
CommitDate: 2025-09-19

    fix: Updatedat after user change password [EVO-1877]] (#405)

packages/server/services/userService.js

commit 3710a3883afe147f028fbfaafae5938830d7b8f1
Author:     pratiushprasain-ict <pratiush.prasain@inicreatechnologies.com>
AuthorDate: 2025-09-19
Commit:     GitHub <noreply@github.com>
CommitDate: 2025-09-19

    fix: Send tag details in response [EVO-1896] (#404)
    
    * fix: new service for the get all task
    
    * fix: remove unwanted service
    
    * fix: Sending all the task when isPaginated is false [EVO-1896]
    
    * fix: Send tag details in response [EVO-1896]
    
    * fix: Remove is paginated from task [EVO-1896]

packages/server/controllers/task/task.js
packages/server/services/taskService.js

commit ca122589d207d67e77d6e30385178c24146fa877
Author:     semantic-release-bot <semantic-release-bot@martynus.net>
AuthorDate: 2025-09-18
Commit:     semantic-release-bot <semantic-release-bot@martynus.net>
CommitDate: 2025-09-18

    chore(release): 1.0.0-rc.1
    
    # 1.0.0-rc.1 (2025-09-18)
    
    ### Bug Fixes
    
    * added domain in swagger url ([7a27f6a](https://github.com/Genesis-Technologies-LLC/genesis-web/commit/7a27f6a29596d2bbb7da16af919a71da3fa57f80))
    * added eslintcache file in git ignore ([9c87b86](https://github.com/Genesis-Technologies-LLC/genesis-web/commit/9c87b86366e1d1c2e015a2876fe0cf6bdb8aa501))
    * added filter in the campaign schedule post ([a6842ca](https://github.com/Genesis-Technologies-LLC/genesis-web/commit/a6842cae8df90dd2f188735874fe6281890bf705))
    * added functionality for the tags in event ([ebbb2f5](https://github.com/Genesis-Technologies-LLC/genesis-web/commit/ebbb2f5d45b3289db19f78be1bcc7be53ffca5ad))
    * added more insights and fixed on demographics ([63138b8](https://github.com/Genesis-Technologies-LLC/genesis-web/commit/63138b8863337c0b8957144257970b40e91820e1))
    * added needed columns in the task ([e4a40de](https://github.com/Genesis-Technologies-LLC/genesis-web/commit/e4a40de5525185c0624dfc73cbee9411076723ac))
    * added new column to store event color in db with functionality ([c692fcb](https://github.com/Genesis-Technologies-LLC/genesis-web/commit/c692fcb0e2be273f119f2632a159dcf5c9e7a2a6))
    * Added pagination for project with swagger update [EVO-1783] ([5bc1e88](https://github.com/Genesis-Technologies-LLC/genesis-web/commit/5bc1e88828038b3c5fd59ab55875697e2d6bfe50))
    * added pagination in the tag get api ([d4dc8b5](https://github.com/Genesis-Technologies-LLC/genesis-web/commit/d4dc8b5cee47bd3df3b03c066fe49d07d7da5d75))
    * added rate limiter and limit in upload middlewar ([7d2e757](https://github.com/Genesis-Technologies-LLC/genesis-web/commit/7d2e757eda55dfe6834bd3a247544e6060735f80))
    * added search in tag get api ([7ecd2f2](https://github.com/Genesis-Technologies-LLC/genesis-web/commit/7ecd2f26fa733568374cf6dbb27015b993604acd))
    * added some finetuing to the response and prompt ([7a8cf1b](https://github.com/Genesis-Technologies-LLC/genesis-web/commit/7a8cf1b8154a8498bfcd141ffdb00492d2b53d6c))
    * added swagger description for page limit with its example value ([51c2496](https://github.com/Genesis-Technologies-LLC/genesis-web/commit/51c2496615afd1d7c97c7e28a617b87d97c4bc9b))
    * added swagger for dropbox ([30b4ddc](https://github.com/Genesis-Technologies-LLC/genesis-web/commit/30b4ddcc47fb2113412739d5b7577ce6787394cc))
    * added tag filter in campaign get details ([6a93702](https://github.com/Genesis-Technologies-LLC/genesis-web/commit/6a937026874a166daba4dd5f3a4e90fbba8b569c))
    * added tag if not exist then it create and update the id in content ([9bb42a6](https://github.com/Genesis-Technologies-LLC/genesis-web/commit/9bb42a6133425249dc915362030819ed3fc127b1))
    * Added task's dueDate while creating task in project [EVO-1941] ([8cf9759](https://github.com/Genesis-Technologies-LLC/genesis-web/commit/8cf97598aa74040dbeebc025bdd5384f66dcc64c))
    * aws cli fixes ([9aab902](https://github.com/Genesis-Technologies-LLC/genesis-web/commit/9aab9026cfa3247bd61622d836e44d1293187aca))
    * badges type import fix ([500e359](https://github.com/Genesis-Technologies-LLC/genesis-web/commit/500e35900ed532fcf7da1b6cd34099db3bbe8ec4))
    * change in eslintcache file ([62caa06](https://github.com/Genesis-Technologies-LLC/genesis-web/commit/62caa065c17dac08bbccfa259c2c1323d869e52a))
    * change take to limit in tag ([13e5099](https://github.com/Genesis-Technologies-LLC/genesis-web/commit/13e5099aabb47ff1ffa11f0e7254cba9d980833e))
    * change the seed tag to seed event tag ([990a135](https://github.com/Genesis-Technologies-LLC/genesis-web/commit/990a135a0eb5332ffe4029e46a9306c880c6c4e8))
    * changes in the eslintcache file ([b5e49a4](https://github.com/Genesis-Technologies-LLC/genesis-web/commit/b5e49a46f981d212103d7cc1f91d2eaa9215dc85))
    * conflict resolve ([545ee4b](https://github.com/Genesis-Technologies-LLC/genesis-web/commit/545ee4b4f46bcf02b56b66ba18e8fa0c1578b889))
    * conflict resolved ([f6f7a08](https://github.com/Genesis-Technologies-LLC/genesis-web/commit/f6f7a0869165843aecb8757266454a8f17891a19))
    * crash issue on overview helper ([85270b8](https://github.com/Genesis-Technologies-LLC/genesis-web/commit/85270b836741d08f1e91774967c515f9e96af101))
    * cross env fixed for the start script ([430f274](https://github.com/Genesis-Technologies-LLC/genesis-web/commit/430f27420a71a254c0ba422b1ea57c876b9d5cec))
    * data format changes made ([3807abe](https://github.com/Genesis-Technologies-LLC/genesis-web/commit/3807abeb64405d508169b6d204efdb8864827112))
    * default ses aws region ([4f2b948](https://github.com/Genesis-Technologies-LLC/genesis-web/commit/4f2b9486db465228d1f814701f8a297ca12a1178))
    * design fixes on email template ([3b00deb](https://github.com/Genesis-Technologies-LLC/genesis-web/commit/3b00deb3a09da6f01495a8b199104262313e54b5))
    * env updated for stage ([d583434](https://github.com/Genesis-Technologies-LLC/genesis-web/commit/d583434b1f66da00048efff210dc40cdf9836bfd))
    * error code update ([e3f4ef3](https://github.com/Genesis-Technologies-LLC/genesis-web/commit/e3f4ef370da1738ba3167c328186249727086e4a))
    * eslint cache file resolved conflcit ([c8ca70a](https://github.com/Genesis-Technologies-LLC/genesis-web/commit/c8ca70a9b77fa3a8055f81cbd98a776d0532057b))
    * eslintcache file generate newly ([a02bda3](https://github.com/Genesis-Technologies-LLC/genesis-web/commit/a02bda3c085f8d19292a27c523034ae90b27a5c8))
    * event color model created ([2b66af1](https://github.com/Genesis-Technologies-LLC/genesis-web/commit/2b66af14bf990cdfd1613c16b36a3f941edc9eca))
    * exception handling with instagram services ([0a8fe77](https://github.com/Genesis-Technologies-LLC/genesis-web/commit/0a8fe770d0f6c37ce8e0063783ed4975de399a61))
    * expecting redirect uri from query as well ([4b53b51](https://github.com/Genesis-Technologies-LLC/genesis-web/commit/4b53b51d1bdc7445b0174983dbdee25e041c91bc))
    * expires in error ([#295](https://github.com/Genesis-Technologies-LLC/genesis-web/issues/295)) ([95d00d3](https://github.com/Genesis-Technologies-LLC/genesis-web/commit/95d00d32d0d92b19318d0ac9694b5eacb0f8abcf))
    * extract color from tag and populate in event color in event post and update ([372b31d](https://github.com/Genesis-Technologies-LLC/genesis-web/commit/372b31d9f732cf7c18caf0e1c4c7bb6468e79bfa))
    * facebook updated with instagram ([eee2bfc](https://github.com/Genesis-Technologies-LLC/genesis-web/commit/eee2bfcea5fec4cbff6c75e9629445613fe9c7d7))
    * file name typo ([dc4f07b](https://github.com/Genesis-Technologies-LLC/genesis-web/commit/dc4f07be592cfe36d0387869c3737bc2ab97d47e))
    * filter tasks based on datetime range win inclusion of timezone ([#322](https://github.com/Genesis-Technologies-LLC/genesis-web/issues/322)) ([9e33027](https://github.com/Genesis-Technologies-LLC/genesis-web/commit/9e330273e87132c777a6df73ad6a434abbf919cd))
    * finetuned the model ([54f3aee](https://github.com/Genesis-Technologies-LLC/genesis-web/commit/54f3aee0836e40f3a75c68aa0fc7b1ad5ce627b1))
    * Fix swagger documentation for the patch of single task [EVO-1783] ([d2207a1](https://github.com/Genesis-Technologies-LLC/genesis-web/commit/d2207a145a8af5d7644177caa64790fe601b7078))
    * Fix the controller part while updating the profile [EVO-1897] ([d64aa27](https://github.com/Genesis-Technologies-LLC/genesis-web/commit/d64aa278c648481369809b0c78b85d5074124064))
    * Fix the develop server crash issue [EVO-1937] ([14058dd](https://github.com/Genesis-Technologies-LLC/genesis-web/commit/14058dd71edbceb06003319c42cdd96fd1abfeb7))
    * Fix the email template for overdue and onboarding [EVO-883] ([72dc44b](https://github.com/Genesis-Technologies-LLC/genesis-web/commit/72dc44b6ac8e0842e981d566332f92792e2cd457))
    * Fix the issue in update of the user profile [EVO-1974] ([1bd14cc](https://github.com/Genesis-Technologies-LLC/genesis-web/commit/1bd14cc07e16c1a7f0475ba11fe94b98ac078109))
    * Fix the level up to level 2 buzz factory [EVO-1783] ([fc9e8d7](https://github.com/Genesis-Technologies-LLC/genesis-web/commit/fc9e8d7d868a18fe55273806cf144028d52711b3))
    * Fix the onboarding status to true [EVO-1976] ([#397](https://github.com/Genesis-Technologies-LLC/genesis-web/issues/397)) ([943b41c](https://github.com/Genesis-Technologies-LLC/genesis-web/commit/943b41c29c21ad4e2d4215910499c648307de876))
    * fix the response format for the google drive ([2ab5a4d](https://github.com/Genesis-Technologies-LLC/genesis-web/commit/2ab5a4d26cd98849f9c0b5bec7e93db7ccd2b2ec))
    * fix the struture of route [EVO-1895] ([c38d0d1](https://github.com/Genesis-Technologies-LLC/genesis-web/commit/c38d0d1a47184d77e6b03a771f60bc27b87c2c63))
    * Fix the swagger response sample for task project [EVO-1783] ([0498893](https://github.com/Genesis-Technologies-LLC/genesis-web/commit/04988933dfac4ff45fab84eb0ce22799a7284ea4))
    * Fix the undefined issue in imageurl [EVO-1975] ([2a5ca02](https://github.com/Genesis-Technologies-LLC/genesis-web/commit/2a5ca02ded85208a9abe98f608e6432e39758e04))
    * fix up swagger example value ([a54985b](https://github.com/Genesis-Technologies-LLC/genesis-web/commit/a54985b81ecd916426ec0476e90e4ce5c450be74))
    * fixed missing endpoint for progress buzz factory ([3fd54bb](https://github.com/Genesis-Technologies-LLC/genesis-web/commit/3fd54bbf35b1023701d0d9acdeead36f2eeb14ee))
    * generate swagger for the google oauth ([fa78419](https://github.com/Genesis-Technologies-LLC/genesis-web/commit/fa7841928833c9ba288d50daf9d3171c91a5e007))
    * get api for scheduled post ([6962359](https://github.com/Genesis-Technologies-LLC/genesis-web/commit/69623597910ad9b178ee705a43c12c72620ba189))
    * **google callback:** userId reading in proper way ([37e1f78](https://github.com/Genesis-Technologies-LLC/genesis-web/commit/37e1f781c0f10ac3c6a5c77d05c6b70b157edab2))
    * google drive access with refresh token done ([7fa3b10](https://github.com/Genesis-Technologies-LLC/genesis-web/commit/7fa3b1045cc544cc514a2cd8a5e881fb7e3ada54))
    * insights for reach and demographics fixes done ([09c524b](https://github.com/Genesis-Technologies-LLC/genesis-web/commit/09c524bd143a0804ebc3279d1925db2e1e75b53d))
    * instagram kpi update ([fa18003](https://github.com/Genesis-Technologies-LLC/genesis-web/commit/fa18003428bc7091e558f47d46d5b25a28fb6a77))
    * is active tiktok by default ([#304](https://github.com/Genesis-Technologies-LLC/genesis-web/issues/304)) ([bea47f8](https://github.com/Genesis-Technologies-LLC/genesis-web/commit/bea47f8732f18e709431cbce513742d7bd76f038))
    * kpi helper updated for all growth agression ([53af41a](https://github.com/Genesis-Technologies-LLC/genesis-web/commit/53af41a56530703ddb427b3cbe5a487c56fc6b6f))
    * kpi update and progress bar ujpdated ([9c9ab61](https://github.com/Genesis-Technologies-LLC/genesis-web/commit/9c9ab61956922f002e56a7479fb709fd388b14f8))
    * level up trigger multiple times ([#311](https://github.com/Genesis-Technologies-LLC/genesis-web/issues/311)) ([6a298ad](https://github.com/Genesis-Technologies-LLC/genesis-web/commit/6a298ad3119ff0dd65a8adf7accdc9ae5daff659))
    * login with google check for validation ([d4389b6](https://github.com/Genesis-Technologies-LLC/genesis-web/commit/d4389b6125eee2110fdcad22be56781b9a7393e2))
    * merge conflict ([09b04fd](https://github.com/Genesis-Technologies-LLC/genesis-web/commit/09b04fd313e7983639034b889a95b4a688068071))
    * merge conflict fixed ([d145fbe](https://github.com/Genesis-Technologies-LLC/genesis-web/commit/d145fbe210b38763323f28d2867deb34dae494ee))
    * merge conflict resolved ([c5c6af2](https://github.com/Genesis-Technologies-LLC/genesis-web/commit/c5c6af2695769ffb1d3eb6248f5734265dfa2a68))
    * new access token generate from the refresh token while accesing file of drive ([9fafe3e](https://github.com/Genesis-Technologies-LLC/genesis-web/commit/9fafe3e650af11f614679a02fa549444a546a881))
    * New service for the get all task [EVO-1896] ([#372](https://github.com/Genesis-Technologies-LLC/genesis-web/issues/372)) ([cb8064d](https://github.com/Genesis-Technologies-LLC/genesis-web/commit/cb8064dcdf43b075b9e216b0d845d728d7e5324b))
    * OTP expired error message ([6fed240](https://github.com/Genesis-Technologies-LLC/genesis-web/commit/6fed240deb8c37092f9633bd867d3391894f5c77))
    * otp mismatch status code ([a1d777f](https://github.com/Genesis-Technologies-LLC/genesis-web/commit/a1d777f6a56f830c5a80f4d9af4702d000b24678))
    * overview helper updated ([7332b9f](https://github.com/Genesis-Technologies-LLC/genesis-web/commit/7332b9fd6738daa6571a7a83f427d9744a4b4d36))
    * production env typo ([13b983f](https://github.com/Genesis-Technologies-LLC/genesis-web/commit/13b983febf65ba3c98d5794d05dc07a9ebd8940f))
    * progress updated to 3 ([5e2b034](https://github.com/Genesis-Technologies-LLC/genesis-web/commit/5e2b0344ccd22137023bc86a6d1c071d01c052a6))
    * proper logger added to the response ([7ca0d04](https://github.com/Genesis-Technologies-LLC/genesis-web/commit/7ca0d04c6805d695e031f357ebff43a36fda8613))
    * quick add on main project list view ([#162](https://github.com/Genesis-Technologies-LLC/genesis-web/issues/162)) ([dba8b05](https://github.com/Genesis-Technologies-LLC/genesis-web/commit/dba8b055e28dd7a96497e34edd25e6c1f67d804e))
    * recurring event creation done ([eaa2995](https://github.com/Genesis-Technologies-LLC/genesis-web/commit/eaa2995a022beddcf7c363363a5af40edb041761))
    * redirect uri added to the dropbox callback ([0c55b16](https://github.com/Genesis-Technologies-LLC/genesis-web/commit/0c55b167cb94824abb8dd932091aacfd4ce53534))
    * redirect uri expect from query in callback ([40e9a82](https://github.com/Genesis-Technologies-LLC/genesis-web/commit/40e9a820485b9b8195c153a0628b934babe429e9))
    * remove the accesstoken and refreshtoken from body while connecting to google drive ([28a37ae](https://github.com/Genesis-Technologies-LLC/genesis-web/commit/28a37ae849c81eb07ffb8a451eca83b633d2a96d))
    * Remove the test script [EVO-1937] ([9f51b02](https://github.com/Genesis-Technologies-LLC/genesis-web/commit/9f51b02798c64f4a6477769fb850cd385b8942e7))
    * removed env copying portion ([83dd39d](https://github.com/Genesis-Technologies-LLC/genesis-web/commit/83dd39d0b80910c35c4d3a84028753ce71882461))
    * reorder routes on campagin for statistics and bulk update ([cb437c1](https://github.com/Genesis-Technologies-LLC/genesis-web/commit/cb437c1b0aa46f4b4c923577c7f3f44b44bdf702))
    * resolve conflict ([e275f73](https://github.com/Genesis-Technologies-LLC/genesis-web/commit/e275f739692da75f0a446d82dc42b74a0a5a3e80))
    * schedule content missing query fixed ([d92a3c7](https://github.com/Genesis-Technologies-LLC/genesis-web/commit/d92a3c7b8ac334b2de8497d6fcb649a819348a49))
    * Schema fix for the event schema [EVO-1783] ([077c25e](https://github.com/Genesis-Technologies-LLC/genesis-web/commit/077c25eb7054b53dfa8ad6fd2f495bc1145d2043))
    * Send page and take in the query [EVO-1783] ([44ae2b7](https://github.com/Genesis-Technologies-LLC/genesis-web/commit/44ae2b711371b180280a722cf5c6da51388213c2))
    * Sending all the task when isPaginated is false [EVO-1896] ([5602c59](https://github.com/Genesis-Technologies-LLC/genesis-web/commit/5602c599ddae1f79f46dc690e8760a9cba494d51))
    * Sent tags in array while creating project [EVO-1859] ([#373](https://github.com/Genesis-Technologies-LLC/genesis-web/issues/373)) ([1aaf944](https://github.com/Genesis-Technologies-LLC/genesis-web/commit/1aaf94465b180ea83583d6bf26127222a6fd9771))
    * ses region config changes ([4890bbd](https://github.com/Genesis-Technologies-LLC/genesis-web/commit/4890bbd181e54ed7f2a5bc86ee8adbe7816d9d59))
    * Set optional to desc collaboraton location [EVO-1790] ([1acfed7](https://github.com/Genesis-Technologies-LLC/genesis-web/commit/1acfed741429b8a42421e366444d070e09a7a491))
    * **settings:** Allow hours to be configurable for each working days [EVO-1526] ([#345](https://github.com/Genesis-Technologies-LLC/genesis-web/issues/345)) ([6731501](https://github.com/Genesis-Technologies-LLC/genesis-web/commit/673150161bf21e71f7e2dd851de752fc30fe82a2))
    * Show project newly created one [EVO-1783] ([c1f1005](https://github.com/Genesis-Technologies-LLC/genesis-web/commit/c1f100564299f42586536bcae50fe8df412939fb))
    * sorting events in desc order ([bdc2f8f](https://github.com/Genesis-Technologies-LLC/genesis-web/commit/bdc2f8f1febb1b79eef68e3fb33a7518a50adc77))
    * stop old container changes ([edb292b](https://github.com/Genesis-Technologies-LLC/genesis-web/commit/edb292b9728519ac7c327c447957907b9c21e270))
    * stop tracking .eslintcache ([6f3276c](https://github.com/Genesis-Technologies-LLC/genesis-web/commit/6f3276cf81a311f42ed92c5801db046294e83ff0))
    * swagger api end point partial fix with the logic ([3845cfc](https://github.com/Genesis-Technologies-LLC/genesis-web/commit/3845cfc408390c553e9367ea85887431441cd465))
    * Swagger fix for patch of project update with logic [EVO-1783] ([e97b251](https://github.com/Genesis-Technologies-LLC/genesis-web/commit/e97b251685668c559740fca8f7bfe9c14d6ee594))
    * swagger fixes on dev env ([3b06004](https://github.com/Genesis-Technologies-LLC/genesis-web/commit/3b060043f66c9269e3b158a800a458304f63ecd0))
    * Swagger response fix for content event gamification [EVO-1783] ([c9942aa](https://github.com/Genesis-Technologies-LLC/genesis-web/commit/c9942aaa04b016936a64ec010947860ac3fef72e))
    * Swagger sample response fix for user [EVO-1783] ([2f4e9d3](https://github.com/Genesis-Technologies-LLC/genesis-web/commit/2f4e9d37e5a6ff77d36be23e5e08533f95b8f2f1))
    * swagger url updated ([8a07b04](https://github.com/Genesis-Technologies-LLC/genesis-web/commit/8a07b045781db356b86c7b334af0823aceb8ace2))
    * syntax error fixed ([4a0a84a](https://github.com/Genesis-Technologies-LLC/genesis-web/commit/4a0a84abdf2ef3386d8b2328917a32856c28b066))
    * syntax error fixed ([0e29312](https://github.com/Genesis-Technologies-LLC/genesis-web/commit/0e2931222dbad0eadf73be4bf1cbfab69d32535d))
    * TagModel missing to import fixed in event and task [EVO-1790] ([a51a751](https://github.com/Genesis-Technologies-LLC/genesis-web/commit/a51a7514e970ae4f8699d7c12d780808317017a1))
    * test husky ([#341](https://github.com/Genesis-Technologies-LLC/genesis-web/issues/341)) ([d70e269](https://github.com/Genesis-Technologies-LLC/genesis-web/commit/d70e269ca30af3b0a9a6c7bdc4225e949316b3f4))
    * ticket issue resolved ([#338](https://github.com/Genesis-Technologies-LLC/genesis-web/issues/338)) ([cf455bb](https://github.com/Genesis-Technologies-LLC/genesis-web/commit/cf455bb951e24a5fddaa90c6146da54ee92555b0))
    * tiktok authorization completion ([#303](https://github.com/Genesis-Technologies-LLC/genesis-web/issues/303)) ([f7a031e](https://github.com/Genesis-Technologies-LLC/genesis-web/commit/f7a031e38b2bef1698e3f17d096691073c5c92f4))
    * unauthorized instagram updated with bad request ([2cbc20a](https://github.com/Genesis-Technologies-LLC/genesis-web/commit/2cbc20aa56dda12636cc212f44a93a6d96c952a0))
    * update eslintrc filr ([4b0c3fb](https://github.com/Genesis-Technologies-LLC/genesis-web/commit/4b0c3fb1367702112f52a36ccd7bb3ea71a1ba16))
    * update on deploy.yml file ([4563690](https://github.com/Genesis-Technologies-LLC/genesis-web/commit/4563690cd2bc889b50b58527478ba023eb7605f5))
    * update the details of user ([4880c7c](https://github.com/Genesis-Technologies-LLC/genesis-web/commit/4880c7c080b8c9fb454b95e200e23ff612b6685e))
    * update the swagger for the post of project ([a8a7daf](https://github.com/Genesis-Technologies-LLC/genesis-web/commit/a8a7dafbb51c3cd163e48c2f10039e09b5883deb))
    * Update the swagger with dueDate in bulk patch task [EVO-1982] ([c72f949](https://github.com/Genesis-Technologies-LLC/genesis-web/commit/c72f9493fabf463ae0f6cbc27eb5e553dc81a0d0))
    * userid is extracted from the token ([#310](https://github.com/Genesis-Technologies-LLC/genesis-web/issues/310)) ([4fad9b3](https://github.com/Genesis-Technologies-LLC/genesis-web/commit/4fad9b3e52f1a6b791d9dba15c0356a1992201cf))
    * **validation:** working hours block validation [EVO-1526] ([#347](https://github.com/Genesis-Technologies-LLC/genesis-web/issues/347)) ([b76e7ba](https://github.com/Genesis-Technologies-LLC/genesis-web/commit/b76e7ba501307566be35ead28b7c560070d42c16))
    * while register user profile image url set as optional ([4f91954](https://github.com/Genesis-Technologies-LLC/genesis-web/commit/4f919544ef18dcc707f70857956970095a83fbff))
    * worked on finetuning the response on proper format ([b6866d2](https://github.com/Genesis-Technologies-LLC/genesis-web/commit/b6866d2712d9cec95156cbf4b9bcf1eb20ad2d1d))
    
    ### Features
    
    * added event color table with seeding in it ([974d7cd](https://github.com/Genesis-Technologies-LLC/genesis-web/commit/974d7cdcc008ec10d77e9c5514c1163ba13daf14))
    * added filter for the content in the content studio ([626e56c](https://github.com/Genesis-Technologies-LLC/genesis-web/commit/626e56c3495bd6d8c8f7308d10166e26ec11dece))
    * Added google location using third party api [EVO-1897] ([cd68856](https://github.com/Genesis-Technologies-LLC/genesis-web/commit/cd6885617970e15a9dd4785da67b845d4cf058a0))
    * bulk update and delete tasks ([#321](https://github.com/Genesis-Technologies-LLC/genesis-web/issues/321)) ([2d0713a](https://github.com/Genesis-Technologies-LLC/genesis-web/commit/2d0713aaf7a3438e50280914c0f17ba96f16218a))
    * **calender:** Smart Calendar Integration ([#382](https://github.com/Genesis-Technologies-LLC/genesis-web/issues/382)) ([71011ba](https://github.com/Genesis-Technologies-LLC/genesis-web/commit/71011ba66eedb84b8952cf320e733047ebe60b3d))
    * campaign list api, fetch api, cloud storage api creation ([e0565c0](https://github.com/Genesis-Technologies-LLC/genesis-web/commit/e0565c070c7090e860c785fc20ba98fc55fea57a))
    * change password ([d586766](https://github.com/Genesis-Technologies-LLC/genesis-web/commit/d586766839d2e3d27672704988403fb1752f31a8))
    * chat gpt engine created ([1c08ccd](https://github.com/Genesis-Technologies-LLC/genesis-web/commit/1c08ccdcecdc316a5bf5acd2a2667a2d39d3f0c2))
    * **ci:** Add semantic release and tag-based deployment [EVO-456] ([dd0ce15](https://github.com/Genesis-Technologies-LLC/genesis-web/commit/dd0ce15d3e2248687e5c11803453adeb62054e22))
    * Create api to remove the task from the project [EVO-1901] ([1706fc0](https://github.com/Genesis-Technologies-LLC/genesis-web/commit/1706fc00795fd69a080e3595ba6ad157bc9a70a6))
    * created add campaign api, get campaign api ([17b3c8e](https://github.com/Genesis-Technologies-LLC/genesis-web/commit/17b3c8e56308ed8b9fefd7cfd54796051d487ed9))
    * fetch user's metric video wise [EVO-1895] ([58f680c](https://github.com/Genesis-Technologies-LLC/genesis-web/commit/58f680cefefde6486acac4d5ec681d26588481a5))
    * **fix:** Release workflow update [EVO-1782] ([35939d6](https://github.com/Genesis-Technologies-LLC/genesis-web/commit/35939d63af397957964b5ec6b46ba3ed76754a6f))
    * get access of files and folders of dropbox ([159d1a1](https://github.com/Genesis-Technologies-LLC/genesis-web/commit/159d1a1322839a785236be81691ae475e7f9c505))
    * get content by Id ([#340](https://github.com/Genesis-Technologies-LLC/genesis-web/issues/340)) ([35add1e](https://github.com/Genesis-Technologies-LLC/genesis-web/commit/35add1e0b0198d8b318d165fc9ef30f9a594c465))
    * get schedule content to post which is on draft ([#339](https://github.com/Genesis-Technologies-LLC/genesis-web/issues/339)) ([348d56a](https://github.com/Genesis-Technologies-LLC/genesis-web/commit/348d56a261ebb9679741edb1ab9e0354fdac5c18))
    * login with google oauth and generate access token from refreshtoken function created ([b75061a](https://github.com/Genesis-Technologies-LLC/genesis-web/commit/b75061a20c7bbc2a52f22a61d570b6adf03f98dc))
    * New api to fetch event tag [EVO-1916] ([9e43188](https://github.com/Genesis-Technologies-LLC/genesis-web/commit/9e43188d95a8beb2e5442c7c338a51888d9e1c22))
    * Pagination for each dueDate with swagger update [EVO-1783] ([5030091](https://github.com/Genesis-Technologies-LLC/genesis-web/commit/5030091acc01c008ca4b1311411f569acfe45cd3))
    * refresh token fetch from the google authentication ([f063470](https://github.com/Genesis-Technologies-LLC/genesis-web/commit/f06347084c7d6462108bc1b65a715a967d5f9a56))
    * refresh token fetch from the google authentication ([1140f8d](https://github.com/Genesis-Technologies-LLC/genesis-web/commit/1140f8d1548f95134e11f1991e5d19b8a02cc313))
    * Show the task details after grouping [EVO-1783] ([87b9822](https://github.com/Genesis-Technologies-LLC/genesis-web/commit/87b9822cfa31a923d45762a89a3095b6a0d0946e))
    * stats summary for tasks ([#323](https://github.com/Genesis-Technologies-LLC/genesis-web/issues/323)) ([ef686c9](https://github.com/Genesis-Technologies-LLC/genesis-web/commit/ef686c9e30a2c1a6cf1213e4dbe5a4880afe7f3b))
    * tiktok metric fetch [EVO-1895] ([46ae88f](https://github.com/Genesis-Technologies-LLC/genesis-web/commit/46ae88f575be270594c60909a5bb2ed73cf56623))
    
    ### Reverts
    
    * Revert "EVO-630 LOG - Sign Up - Prevent Users From Accessing Platform If Plan…" ([#110](https://github.com/Genesis-Technologies-LLC/genesis-web/issues/110)) ([2812fe3](https://github.com/Genesis-Technologies-LLC/genesis-web/commit/2812fe3a9d4ed24cffd769b274da86a0e92d87a2))
    * Revert "fix: Fix the level up to level 2 buzz factory [EVO-1783]" ([#395](https://github.com/Genesis-Technologies-LLC/genesis-web/issues/395)) ([6021046](https://github.com/Genesis-Technologies-LLC/genesis-web/commit/6021046d664be6abcbd63ddf33ba9d4c34d85f1a))
    * Revert "quick fix for spotify page not loading ([#248](https://github.com/Genesis-Technologies-LLC/genesis-web/issues/248))" ([#249](https://github.com/Genesis-Technologies-LLC/genesis-web/issues/249)) ([31ac578](https://github.com/Genesis-Technologies-LLC/genesis-web/commit/31ac5782d3cfdc4b9a427a65ffc0a5638ad319b9))
    * template changes revert ([fac46e0](https://github.com/Genesis-Technologies-LLC/genesis-web/commit/fac46e07f39460f5d636446c3a91b6f22e76ab40))

CHANGELOG.md

commit b2e0be699500b2ac3616bd17e90a1d2eca0506ab
Author:     semantic-release-bot <semantic-release-bot@martynus.net>
AuthorDate: 2025-09-18
Commit:     semantic-release-bot <semantic-release-bot@martynus.net>
CommitDate: 2025-09-18

    chore(release): 1.0.0-dev.23
    
    # [1.0.0-dev.23](https://github.com/Genesis-Technologies-LLC/genesis-web/compare/v1.0.0-dev.22...v1.0.0-dev.23) (2025-09-18)
    
    ### Features
    
    * **fix:** Release workflow update [EVO-1782] ([35939d6](https://github.com/Genesis-Technologies-LLC/genesis-web/commit/35939d63af397957964b5ec6b46ba3ed76754a6f))

CHANGELOG.md

commit 35939d63af397957964b5ec6b46ba3ed76754a6f
Author:     Umesh Shrestha <stha.ums@gmail.com>
AuthorDate: 2025-09-18
Commit:     Umesh Shrestha <stha.ums@gmail.com>
CommitDate: 2025-09-18

    feat(fix): Release workflow update [EVO-1782]

.github/workflows/release.yml
.github/workflows/validate-commits.yml
.github/workflows/validate-release.yml
packages/server/controllers/analytics/posthogProxy.js
packages/server/routes/index.js

commit 042cdaa424c71ad6128a7c3756d64fd8f33dcfe1
Author:     semantic-release-bot <semantic-release-bot@martynus.net>
AuthorDate: 2025-09-18
Commit:     semantic-release-bot <semantic-release-bot@martynus.net>
CommitDate: 2025-09-18

    chore(release): 1.0.0-dev.22
    
    # [1.0.0-dev.22](https://github.com/Genesis-Technologies-LLC/genesis-web/compare/v1.0.0-dev.21...v1.0.0-dev.22) (2025-09-18)
    
    ### Bug Fixes
    
    * Sending all the task when isPaginated is false [EVO-1896] ([5602c59](https://github.com/Genesis-Technologies-LLC/genesis-web/commit/5602c599ddae1f79f46dc690e8760a9cba494d51))

CHANGELOG.md

commit 5602c599ddae1f79f46dc690e8760a9cba494d51
Author:     pratiushprasain-ict <pratiush.prasain@inicreatechnologies.com>
AuthorDate: 2025-09-18
Commit:     GitHub <noreply@github.com>
CommitDate: 2025-09-18

    fix: Sending all the task when isPaginated is false [EVO-1896]
    
    * fix: new service for the get all task
    
    * fix: remove unwanted service
    
    * fix: Sending all the task when isPaginated is false [EVO-1896]

packages/server/controllers/task/task.js
packages/server/services/taskService.js

commit ed5f07aaf9ea53015f62b5bc0fed0f02a8958b80
Author:     semantic-release-bot <semantic-release-bot@martynus.net>
AuthorDate: 2025-09-16
Commit:     semantic-release-bot <semantic-release-bot@martynus.net>
CommitDate: 2025-09-16

    chore(release): 1.0.0-dev.21
    
    # [1.0.0-dev.21](https://github.com/Genesis-Technologies-LLC/genesis-web/compare/v1.0.0-dev.20...v1.0.0-dev.21) (2025-09-16)
    
    ### Bug Fixes
    
    * Update the swagger with dueDate in bulk patch task [EVO-1982] ([c72f949](https://github.com/Genesis-Technologies-LLC/genesis-web/commit/c72f9493fabf463ae0f6cbc27eb5e553dc81a0d0))

CHANGELOG.md

commit c72f9493fabf463ae0f6cbc27eb5e553dc81a0d0
Author:     pratiushprasain-ict <pratiush.prasain@inicreatechnologies.com>
AuthorDate: 2025-09-16
Commit:     GitHub <noreply@github.com>
CommitDate: 2025-09-16

    fix: Update the swagger with dueDate in bulk patch task [EVO-1982]
    
    * fix: Fix the bulk delete task issue [EVO-1983]
    
    * fix: Update the swagger with dueDate in bulk patch task [EVO-1982]

packages/server/controllers/task/task.js
packages/server/services/taskService.js

commit 9bd997c6c7be54c2fcfcd0f9c62469340879f546
Author:     semantic-release-bot <semantic-release-bot@martynus.net>
AuthorDate: 2025-09-15
Commit:     semantic-release-bot <semantic-release-bot@martynus.net>
CommitDate: 2025-09-15

    chore(release): 1.0.0-dev.20
    
    # [1.0.0-dev.20](https://github.com/Genesis-Technologies-LLC/genesis-web/compare/v1.0.0-dev.19...v1.0.0-dev.20) (2025-09-15)
    
    ### Bug Fixes
    
    * Fix the email template for overdue and onboarding [EVO-883] ([72dc44b](https://github.com/Genesis-Technologies-LLC/genesis-web/commit/72dc44b6ac8e0842e981d566332f92792e2cd457))

CHANGELOG.md

commit 72dc44b6ac8e0842e981d566332f92792e2cd457
Author:     pratiushprasain-ict <pratiush.prasain@inicreatechnologies.com>
AuthorDate: 2025-09-15
Commit:     GitHub <noreply@github.com>
CommitDate: 2025-09-15

    fix: Fix the email template for overdue and onboarding [EVO-883]

package-lock.json
packages/server/helpers/email/templates/onboarding.template.js
packages/server/helpers/email/templates/overdueTasks.template.js

commit 862fcac736e6678265da685f8d724fde826923dd
Author:     semantic-release-bot <semantic-release-bot@martynus.net>
AuthorDate: 2025-09-15
Commit:     semantic-release-bot <semantic-release-bot@martynus.net>
CommitDate: 2025-09-15

    chore(release): 1.0.0-dev.19
    
    # [1.0.0-dev.19](https://github.com/Genesis-Technologies-LLC/genesis-web/compare/v1.0.0-dev.18...v1.0.0-dev.19) (2025-09-15)
    
    ### Bug Fixes
    
    * Set optional to desc collaboraton location [EVO-1790] ([1acfed7](https://github.com/Genesis-Technologies-LLC/genesis-web/commit/1acfed741429b8a42421e366444d070e09a7a491))

CHANGELOG.md

commit 1acfed741429b8a42421e366444d070e09a7a491
Author:     pratiushprasain-ict <pratiush.prasain@inicreatechnologies.com>
AuthorDate: 2025-09-15
Commit:     GitHub <noreply@github.com>
CommitDate: 2025-09-15

    fix: Set optional to desc collaboraton location [EVO-1790]
    
    * fix: Fix the undefined issue in imageurl [EVO-1975]
    
    * fix: Fix the undefined issue in imageurl ori-response [EVO-1975]
    
    * fix: Fix the image url space [EVO-1975]
    
    * fix: Set optional to desc collaboraton location [EVO-1790]

packages/server/controllers/auth/signUp.js
packages/server/controllers/user/profile.js
packages/server/schema/event.js

commit dd57fe0b2aed7ae5a4d115239a9cc372709fe123
Author:     semantic-release-bot <semantic-release-bot@martynus.net>
AuthorDate: 2025-09-15
Commit:     semantic-release-bot <semantic-release-bot@martynus.net>
CommitDate: 2025-09-15

    chore(release): 1.0.0-dev.18
    
    # [1.0.0-dev.18](https://github.com/Genesis-Technologies-LLC/genesis-web/compare/v1.0.0-dev.17...v1.0.0-dev.18) (2025-09-15)
    
    ### Bug Fixes
    
    * Fix the onboarding status to true [EVO-1976] ([#397](https://github.com/Genesis-Technologies-LLC/genesis-web/issues/397)) ([943b41c](https://github.com/Genesis-Technologies-LLC/genesis-web/commit/943b41c29c21ad4e2d4215910499c648307de876))

CHANGELOG.md

commit 943b41c29c21ad4e2d4215910499c648307de876
Author:     pratiushprasain-ict <pratiush.prasain@inicreatechnologies.com>
AuthorDate: 2025-09-15
Commit:     GitHub <noreply@github.com>
CommitDate: 2025-09-15

    fix: Fix the onboarding status to true [EVO-1976] (#397)
    
    * fix: Fix the onboarding status to true [EVO-1976]
    
    * fix: Added slack webhoook config [EVO-1976]
    
    ---------
    
    Co-authored-by: Rajib Shresth <rajibstha059@gmail.com>

.github/workflows/deploy.yml
packages/server/services/OTPService.js
packages/server/services/onboardingService.js

commit 04c026ad1f8a16fcdb60ba909e6d85abdc906b70
Author:     semantic-release-bot <semantic-release-bot@martynus.net>
AuthorDate: 2025-09-15
Commit:     semantic-release-bot <semantic-release-bot@martynus.net>
CommitDate: 2025-09-15

    chore(release): 1.0.0-dev.17
    
    # [1.0.0-dev.17](https://github.com/Genesis-Technologies-LLC/genesis-web/compare/v1.0.0-dev.16...v1.0.0-dev.17) (2025-09-15)
    
    ### Bug Fixes
    
    * Fix the undefined issue in imageurl [EVO-1975] ([2a5ca02](https://github.com/Genesis-Technologies-LLC/genesis-web/commit/2a5ca02ded85208a9abe98f608e6432e39758e04))

CHANGELOG.md

commit 2a5ca02ded85208a9abe98f608e6432e39758e04
Author:     pratiushprasain-ict <pratiush.prasain@inicreatechnologies.com>
AuthorDate: 2025-09-15
Commit:     GitHub <noreply@github.com>
CommitDate: 2025-09-15

    fix: Fix the undefined issue in imageurl [EVO-1975]
    
    * fix: Fix the undefined issue in imageurl [EVO-1975]
    
    * fix: Fix the undefined issue in imageurl ori-response [EVO-1975]

packages/server/controllers/user/profile.js

commit e155d1989d6b604f433efd1bfb8aa27293991ea0
Author:     semantic-release-bot <semantic-release-bot@martynus.net>
AuthorDate: 2025-09-15
Commit:     semantic-release-bot <semantic-release-bot@martynus.net>
CommitDate: 2025-09-15

    chore(release): 1.0.0-dev.16
    
    # [1.0.0-dev.16](https://github.com/Genesis-Technologies-LLC/genesis-web/compare/v1.0.0-dev.15...v1.0.0-dev.16) (2025-09-15)
    
    ### Bug Fixes
    
    * Fix the issue in update of the user profile [EVO-1974] ([1bd14cc](https://github.com/Genesis-Technologies-LLC/genesis-web/commit/1bd14cc07e16c1a7f0475ba11fe94b98ac078109))
    * Fix the level up to level 2 buzz factory [EVO-1783] ([fc9e8d7](https://github.com/Genesis-Technologies-LLC/genesis-web/commit/fc9e8d7d868a18fe55273806cf144028d52711b3))
    * Show project newly created one [EVO-1783] ([c1f1005](https://github.com/Genesis-Technologies-LLC/genesis-web/commit/c1f100564299f42586536bcae50fe8df412939fb))
    * Swagger response fix for content event gamification [EVO-1783] ([c9942aa](https://github.com/Genesis-Technologies-LLC/genesis-web/commit/c9942aaa04b016936a64ec010947860ac3fef72e))
    
    ### Reverts
    
    * Revert "fix: Fix the level up to level 2 buzz factory [EVO-1783]" ([#395](https://github.com/Genesis-Technologies-LLC/genesis-web/issues/395)) ([6021046](https://github.com/Genesis-Technologies-LLC/genesis-web/commit/6021046d664be6abcbd63ddf33ba9d4c34d85f1a))

CHANGELOG.md

commit 1bd14cc07e16c1a7f0475ba11fe94b98ac078109
Author:     pratiushprasain-ict <pratiush.prasain@inicreatechnologies.com>
AuthorDate: 2025-09-15
Commit:     GitHub <noreply@github.com>
CommitDate: 2025-09-15

    fix: Fix the issue in update of the user profile [EVO-1974]

packages/server/services/userService.js

commit 6021046d664be6abcbd63ddf33ba9d4c34d85f1a
Author:     Rajib Shrestha <33756765+Rajibshrestha59@users.noreply.github.com>
AuthorDate: 2025-09-15
Commit:     GitHub <noreply@github.com>
CommitDate: 2025-09-15

    Revert "fix: Fix the level up to level 2 buzz factory [EVO-1783]" (#395)
    
    This reverts commit fc9e8d7d868a18fe55273806cf144028d52711b3.

packages/server/helpers/social/isSocialLinkedHelper.js
packages/server/services/buzz-questionnaires/getBuzzPoints.helper.js
packages/server/services/buzz-questionnaires/index.js

commit fc9e8d7d868a18fe55273806cf144028d52711b3
Author:     pratiushprasain-ict <pratiush.prasain@inicreatechnologies.com>
AuthorDate: 2025-09-15
Commit:     GitHub <noreply@github.com>
CommitDate: 2025-09-15

    fix: Fix the level up to level 2 buzz factory [EVO-1783]
    
    * fix: Level up trigger multiple times [EVO-1783]
    
    * fix: Fix the level up to level 2 buzz factory [EVO-1783]
    
    ---------
    
    Co-authored-by: Umesh Shrestha <stha.ums@gmail.com>

packages/server/helpers/social/isSocialLinkedHelper.js
packages/server/services/buzz-questionnaires/getBuzzPoints.helper.js
packages/server/services/buzz-questionnaires/index.js

commit ec4d10d66034d1cbc4daedde0d4687e78fd47001
Author:     Jacob Stallings <jacobcstallings@icloud.com>
AuthorDate: 2025-09-12
Commit:     GitHub <noreply@github.com>
CommitDate: 2025-09-12

    Group5 badges updates (#234)
    
    * group 5 part 1
    
    * group 5 monthly listeners seeds
    
    * store badge key when awarding badge
    
    * badge seed changes

packages/server/seeds/seedBadges.js

commit c1f100564299f42586536bcae50fe8df412939fb
Author:     Pratiush Prasain <pratiush.prasain@inicreatechnologies.com>
AuthorDate: 2025-09-12
Commit:     Pratiush Prasain <pratiush.prasain@inicreatechnologies.com>
CommitDate: 2025-09-12

    fix: Show project newly created one [EVO-1783]

packages/server/services/projectService.js

commit c9942aaa04b016936a64ec010947860ac3fef72e
Author:     Pratiush Prasain <pratiush.prasain@inicreatechnologies.com>
AuthorDate: 2025-09-11
Commit:     Pratiush Prasain <pratiush.prasain@inicreatechnologies.com>
CommitDate: 2025-09-11

    fix: Swagger response fix for content event gamification [EVO-1783]

packages/server/controllers/content/index.js
packages/server/controllers/event/event.js
packages/server/controllers/gamification/index.js
packages/server/controllers/google/calender/index.js
packages/server/routes/gamification/index.js
packages/server/services/content/schedulePostService.js

commit d37047105deff6ecf38d671ca0a1a2cb7054c40c
Author:     semantic-release-bot <semantic-release-bot@martynus.net>
AuthorDate: 2025-09-11
Commit:     semantic-release-bot <semantic-release-bot@martynus.net>
CommitDate: 2025-09-11

    chore(release): 1.0.0-dev.15
    
    # [1.0.0-dev.15](https://github.com/Genesis-Technologies-LLC/genesis-web/compare/v1.0.0-dev.14...v1.0.0-dev.15) (2025-09-11)
    
    ### Bug Fixes
    
    * Fix the swagger response sample for task project [EVO-1783] ([0498893](https://github.com/Genesis-Technologies-LLC/genesis-web/commit/04988933dfac4ff45fab84eb0ce22799a7284ea4))
    * Send page and take in the query [EVO-1783] ([44ae2b7](https://github.com/Genesis-Technologies-LLC/genesis-web/commit/44ae2b711371b180280a722cf5c6da51388213c2))
    * Swagger sample response fix for user [EVO-1783] ([2f4e9d3](https://github.com/Genesis-Technologies-LLC/genesis-web/commit/2f4e9d37e5a6ff77d36be23e5e08533f95b8f2f1))
    
    ### Features
    
    * Pagination for each dueDate with swagger update [EVO-1783] ([5030091](https://github.com/Genesis-Technologies-LLC/genesis-web/commit/5030091acc01c008ca4b1311411f569acfe45cd3))

CHANGELOG.md

commit 5030091acc01c008ca4b1311411f569acfe45cd3
Author:     Pratiush Prasain <pratiush.prasain@inicreatechnologies.com>
AuthorDate: 2025-09-11
Commit:     Pratiush Prasain <pratiush.prasain@inicreatechnologies.com>
CommitDate: 2025-09-11

    feat: Pagination for each dueDate with swagger update [EVO-1783]

packages/server/controllers/task/task.js
packages/server/services/taskService.js

commit 2f4e9d37e5a6ff77d36be23e5e08533f95b8f2f1
Author:     Pratiush Prasain <pratiush.prasain@inicreatechnologies.com>
AuthorDate: 2025-09-11
Commit:     Pratiush Prasain <pratiush.prasain@inicreatechnologies.com>
CommitDate: 2025-09-11

    fix: Swagger sample response fix for user [EVO-1783]

packages/server/controllers/user/profile.js

commit 04988933dfac4ff45fab84eb0ce22799a7284ea4
Author:     Pratiush Prasain <pratiush.prasain@inicreatechnologies.com>
AuthorDate: 2025-09-11
Commit:     Pratiush Prasain <pratiush.prasain@inicreatechnologies.com>
CommitDate: 2025-09-11

    fix: Fix the swagger response sample for task project [EVO-1783]

packages/server/controllers/project/index.js
packages/server/controllers/task/task.js

commit 44ae2b711371b180280a722cf5c6da51388213c2
Author:     Pratiush Prasain <pratiush.prasain@inicreatechnologies.com>
AuthorDate: 2025-09-10
Commit:     Pratiush Prasain <pratiush.prasain@inicreatechnologies.com>
CommitDate: 2025-09-10

    fix: Send page and take in the query [EVO-1783]

packages/server/controllers/task/task.js

commit 8935f2a10d4af644f40d569e9c933351a10f2245
Author:     semantic-release-bot <semantic-release-bot@martynus.net>
AuthorDate: 2025-09-10
Commit:     semantic-release-bot <semantic-release-bot@martynus.net>
CommitDate: 2025-09-10

    chore(release): 1.0.0-dev.14
    
    # [1.0.0-dev.14](https://github.com/Genesis-Technologies-LLC/genesis-web/compare/v1.0.0-dev.13...v1.0.0-dev.14) (2025-09-10)
    
    ### Features
    
    * Show the task details after grouping [EVO-1783] ([87b9822](https://github.com/Genesis-Technologies-LLC/genesis-web/commit/87b9822cfa31a923d45762a89a3095b6a0d0946e))

CHANGELOG.md

commit 87b9822cfa31a923d45762a89a3095b6a0d0946e
Author:     Pratiush Prasain <pratiush.prasain@inicreatechnologies.com>
AuthorDate: 2025-09-10
Commit:     Pratiush Prasain <pratiush.prasain@inicreatechnologies.com>
CommitDate: 2025-09-10

    feat: Show the task details after grouping [EVO-1783]

packages/server/controllers/task/task.js
packages/server/services/taskService.js

commit fe8af27c550a888f81dc62a42df4d2a1f6fdc5d5
Author:     semantic-release-bot <semantic-release-bot@martynus.net>
AuthorDate: 2025-09-10
Commit:     semantic-release-bot <semantic-release-bot@martynus.net>
CommitDate: 2025-09-10

    chore(release): 1.0.0-dev.13
    
    # [1.0.0-dev.13](https://github.com/Genesis-Technologies-LLC/genesis-web/compare/v1.0.0-dev.12...v1.0.0-dev.13) (2025-09-10)
    
    ### Bug Fixes
    
    * Swagger fix for patch of project update with logic [EVO-1783] ([e97b251](https://github.com/Genesis-Technologies-LLC/genesis-web/commit/e97b251685668c559740fca8f7bfe9c14d6ee594))

CHANGELOG.md

commit e97b251685668c559740fca8f7bfe9c14d6ee594
Author:     Pratiush Prasain <pratiush.prasain@inicreatechnologies.com>
AuthorDate: 2025-09-10
Commit:     Pratiush Prasain <pratiush.prasain@inicreatechnologies.com>
CommitDate: 2025-09-10

    fix: Swagger fix for patch of project update with logic [EVO-1783]

packages/server/controllers/project/index.js
packages/server/services/projectService.js

commit 0d27621f3c95b9403978443de94eb308ad3de0ef
Author:     semantic-release-bot <semantic-release-bot@martynus.net>
AuthorDate: 2025-09-10
Commit:     semantic-release-bot <semantic-release-bot@martynus.net>
CommitDate: 2025-09-10

    chore(release): 1.0.0-dev.12
    
    # [1.0.0-dev.12](https://github.com/Genesis-Technologies-LLC/genesis-web/compare/v1.0.0-dev.11...v1.0.0-dev.12) (2025-09-10)
    
    ### Bug Fixes
    
    * fix the struture of route [EVO-1895] ([c38d0d1](https://github.com/Genesis-Technologies-LLC/genesis-web/commit/c38d0d1a47184d77e6b03a771f60bc27b87c2c63))
    * TagModel missing to import fixed in event and task [EVO-1790] ([a51a751](https://github.com/Genesis-Technologies-LLC/genesis-web/commit/a51a7514e970ae4f8699d7c12d780808317017a1))
    
    ### Features
    
    * fetch user's metric video wise [EVO-1895] ([58f680c](https://github.com/Genesis-Technologies-LLC/genesis-web/commit/58f680cefefde6486acac4d5ec681d26588481a5))
    * tiktok metric fetch [EVO-1895] ([46ae88f](https://github.com/Genesis-Technologies-LLC/genesis-web/commit/46ae88f575be270594c60909a5bb2ed73cf56623))

CHANGELOG.md

commit ceb7dbdaeca64bda1fd87cd2c6e78fa5ec1abcf4
Author:     semantic-release-bot <semantic-release-bot@martynus.net>
AuthorDate: 2025-09-10
Commit:     semantic-release-bot <semantic-release-bot@martynus.net>
CommitDate: 2025-09-10

    chore(release): 1.0.0-dev.11
    
    # [1.0.0-dev.11](https://github.com/Genesis-Technologies-LLC/genesis-web/compare/v1.0.0-dev.10...v1.0.0-dev.11) (2025-09-10)
    
    ### Bug Fixes
    
    * Added task's dueDate while creating task in project [EVO-1941] ([8cf9759](https://github.com/Genesis-Technologies-LLC/genesis-web/commit/8cf97598aa74040dbeebc025bdd5384f66dcc64c))

CHANGELOG.md

commit a51a7514e970ae4f8699d7c12d780808317017a1
Author:     Pratiush Prasain <pratiush.prasain@inicreatechnologies.com>
AuthorDate: 2025-09-10
Commit:     Pratiush Prasain <pratiush.prasain@inicreatechnologies.com>
CommitDate: 2025-09-10

    fix: TagModel missing to import fixed in event and task [EVO-1790]

packages/server/controllers/event/event.js
packages/server/models/Event.js
packages/server/services/eventService.js
packages/server/services/taskService.js

commit 8cf97598aa74040dbeebc025bdd5384f66dcc64c
Author:     Pratiush Prasain <pratiush.prasain@inicreatechnologies.com>
AuthorDate: 2025-09-10
Commit:     Pratiush Prasain <pratiush.prasain@inicreatechnologies.com>
CommitDate: 2025-09-10

    fix: Added task's dueDate while creating task in project [EVO-1941]

packages/server/controllers/project/index.js
packages/server/services/projectService.js

commit 43455f3e66d670388b2bfa5f0ea60efd4c77ddcf
Author:     Jacob Stallings <jacobcstallings@icloud.com>
AuthorDate: 2025-09-09
Commit:     Jacob Stallings <jacobcstallings@icloud.com>
CommitDate: 2025-09-09

    chore(refactor): Migrate overdue tasks cron job [EVO-1939]

packages/server/services/cron/InstagramDailyScheduler.js
packages/server/services/cron/OverdueTaskScheduler.js
packages/server/services/cron/index.js
packages/server/services/notificationService.js

commit c38d0d1a47184d77e6b03a771f60bc27b87c2c63
Author:     Pratiush Prasain <pratiush.prasain@inicreatechnologies.com>
AuthorDate: 2025-09-09
Commit:     Pratiush Prasain <pratiush.prasain@inicreatechnologies.com>
CommitDate: 2025-09-09

    fix: fix the struture of route [EVO-1895]

packages/server/controllers/tiktok/index.js
packages/server/routes/social/index.js
packages/server/routes/tiktok/index.js

commit 58f680cefefde6486acac4d5ec681d26588481a5
Author:     Pratiush Prasain <pratiush.prasain@inicreatechnologies.com>
AuthorDate: 2025-09-09
Commit:     Pratiush Prasain <pratiush.prasain@inicreatechnologies.com>
CommitDate: 2025-09-09

    feat: fetch user's metric video wise [EVO-1895]

packages/server/controllers/tiktok/index.js
packages/server/routes/social/index.js
packages/server/routes/tiktok/index.js
packages/server/services/tiktokService.js

commit 46ae88f575be270594c60909a5bb2ed73cf56623
Author:     Pratiush Prasain <pratiush.prasain@inicreatechnologies.com>
AuthorDate: 2025-09-09
Commit:     Pratiush Prasain <pratiush.prasain@inicreatechnologies.com>
CommitDate: 2025-09-09

    feat: tiktok metric fetch [EVO-1895]

package-lock.json
packages/server/controllers/tiktok/index.js
packages/server/models/SocialTokens.js
packages/server/package.json
packages/server/routes/social/index.js
packages/server/routes/tiktok/index.js
packages/server/services/tiktokService.js
yarn.lock

commit cef7c76b783668afa51ba78a8a486a077c2e948c
Author:     semantic-release-bot <semantic-release-bot@martynus.net>
AuthorDate: 2025-09-09
Commit:     semantic-release-bot <semantic-release-bot@martynus.net>
CommitDate: 2025-09-09

    chore(release): 1.0.0-dev.10
    
    # [1.0.0-dev.10](https://github.com/Genesis-Technologies-LLC/genesis-web/compare/v1.0.0-dev.9...v1.0.0-dev.10) (2025-09-09)
    
    ### Bug Fixes
    
    * Fix the develop server crash issue [EVO-1937] ([14058dd](https://github.com/Genesis-Technologies-LLC/genesis-web/commit/14058dd71edbceb06003319c42cdd96fd1abfeb7))
    * Remove the test script [EVO-1937] ([9f51b02](https://github.com/Genesis-Technologies-LLC/genesis-web/commit/9f51b02798c64f4a6477769fb850cd385b8942e7))

CHANGELOG.md

commit 9f51b02798c64f4a6477769fb850cd385b8942e7
Author:     Pratiush Prasain <pratiush.prasain@inicreatechnologies.com>
AuthorDate: 2025-09-09
Commit:     Pratiush Prasain <pratiush.prasain@inicreatechnologies.com>
CommitDate: 2025-09-09

    fix: Remove the test script [EVO-1937]

packages/server/package.json

commit 14058dd71edbceb06003319c42cdd96fd1abfeb7
Author:     Pratiush Prasain <pratiush.prasain@inicreatechnologies.com>
AuthorDate: 2025-09-09
Commit:     Pratiush Prasain <pratiush.prasain@inicreatechnologies.com>
CommitDate: 2025-09-09

    fix: Fix the develop server crash issue [EVO-1937]

package-lock.json
packages/server/package.json
packages/server/routes/index.js
packages/server/services/taskService.js
yarn.lock

commit 573e963317c5231c7ba3db9ce626a12dcb60614b
Author:     semantic-release-bot <semantic-release-bot@martynus.net>
AuthorDate: 2025-09-09
Commit:     semantic-release-bot <semantic-release-bot@martynus.net>
CommitDate: 2025-09-09

    chore(release): 1.0.0-dev.9
    
    # [1.0.0-dev.9](https://github.com/Genesis-Technologies-LLC/genesis-web/compare/v1.0.0-dev.8...v1.0.0-dev.9) (2025-09-09)
    
    ### Features
    
    * **calender:** Smart Calendar Integration ([#382](https://github.com/Genesis-Technologies-LLC/genesis-web/issues/382)) ([71011ba](https://github.com/Genesis-Technologies-LLC/genesis-web/commit/71011ba66eedb84b8952cf320e733047ebe60b3d))

CHANGELOG.md

commit 71011ba66eedb84b8952cf320e733047ebe60b3d
Author:     Henry Cikanek <cikanekhenry@gmail.com>
AuthorDate: 2025-09-08
Commit:     GitHub <noreply@github.com>
CommitDate: 2025-09-09

    feat(calender): Smart Calendar Integration (#382)
    
    * EV0-1526; calender settings api
    
    * Smart Calendar backend: add workItems→eventProposals flow, return suggestedEvents and ready-to-post eventPayloads; normalize prefs (weekday segments + timezone). Wire FastAPI calendar base, add Zod validation, and Swagger docs for analyze, schedule, conflicts, optimize. Provide smoke script and keep smart-calendar endpoints read-only (FE accepts via existing /events).
    
    * Began building the scaffolding for scheduled tasks to event flow. That is to say the ability for the backend to place tasks that have a scheduled date into a prospective time slot within the calendar. This will be only as proposed events, leveraging functionality already built within the smart calendar feature.
    
    * Continued progress on the development of the task to event pipeline
    
    * feat: implement task-to-event auto-scheduling with microservice integration
    
    - Fix auth header passing through event emission system
    - Integrate smart-schedule microservice with proper field mapping (work_items vs tasks)
    - Add fallback to basic scheduling when microservice returns no proposals
    - Support eligibility criteria: HIGH priority OR due within 3 days
    - Add timezone sanitization for unreasonable scheduling times
    
    * Standardize scheduler payload: replace preferredDate with deadline
    Background auto-scheduler (services/taskEventSchedulerService.js)
    Work item shape now: { id, title, durationMins, deadline }
    deadline is sourced from task.endDate (frontend “Due Date”)
    Removed preferredDate from payload
    Smart calendar controller (controllers/smartCalendar/index.js)
    convertTasksToWorkItems now emits deadline instead of preferredDate
    Keeps both duration_mins and durationMins for compatibility
    No change to envelope keys (work_items vs tasks/workItems), dateRange, or existingEvents
    Rationale
    Aligns with domain terminology: “Due Date” → scheduling deadline
    Simplifies microservice input normalization; preferredDate deprecated
    
    * chore: ignore packages/server/globalConfig.json (local jest artifact)
    
    * refactor(calendar): eliminate schema duplication and add timezone support
    
    - Remove duplicated calendar schema definitions between calendarSettings and smartCalendar
    - Make calendarSettings.js the single source of truth for shared schema components
    - Add timezone field to CalendarSettings model and validation schemas
    - Update smart calendar controllers to properly handle timezone from user settings
    - Update swagger documentation to reflect timezone support
    - Fix smoke test script to include timezone in workHours
    
    JIRA: EVO-1526
    
    * feat(calendar): block unconfirmed auto-scheduled events from Google sync [EVO-1526]
    
    - Add isConfirmed field to event model
    - Prevent unconfirmed auto-scheduled events from syncing to Google Calendar
    - Add endpoint to confirm and sync proposed events
    - Update service and controller logic for SmartCalendar flow
    
    JIRA: EVO-1526
    
    ---------
    
    Co-authored-by: Umesh Shrestha <stha.ums@gmail.com>

.gitignore
packages/server/controllers/event/event.js
packages/server/controllers/smartCalendar/index.js
packages/server/controllers/user/calendar-settings.js
packages/server/models/CalendarSettings.js
packages/server/models/Event.js
packages/server/models/Task.js
packages/server/package.json
packages/server/routes/event/index.js
packages/server/routes/index.js
packages/server/routes/user/index.js
packages/server/schema/calendarSettings.js
packages/server/schema/event.js
packages/server/schema/smartCalendar.js
packages/server/scripts/smartCalendar.smoke.js
packages/server/services/calendarSettingsService.js
packages/server/services/eventService.js
packages/server/services/google/calendar/index.js
packages/server/services/taskService.js

commit c676760f706df63522ff97f598e301c35a4475b5
Author:     semantic-release-bot <semantic-release-bot@martynus.net>
AuthorDate: 2025-09-09
Commit:     semantic-release-bot <semantic-release-bot@martynus.net>
CommitDate: 2025-09-09

    chore(release): 1.0.0-dev.8
    
    # [1.0.0-dev.8](https://github.com/Genesis-Technologies-LLC/genesis-web/compare/v1.0.0-dev.7...v1.0.0-dev.8) (2025-09-09)
    
    ### Bug Fixes
    
    * Added pagination for project with swagger update [EVO-1783] ([5bc1e88](https://github.com/Genesis-Technologies-LLC/genesis-web/commit/5bc1e88828038b3c5fd59ab55875697e2d6bfe50))
    * Schema fix for the event schema [EVO-1783] ([077c25e](https://github.com/Genesis-Technologies-LLC/genesis-web/commit/077c25eb7054b53dfa8ad6fd2f495bc1145d2043))

CHANGELOG.md

commit 8059973460f01b8cd55530886f4bfdf8415aeb0e
Author:     semantic-release-bot <semantic-release-bot@martynus.net>
AuthorDate: 2025-09-09
Commit:     semantic-release-bot <semantic-release-bot@martynus.net>
CommitDate: 2025-09-09

    chore(release): 1.0.0-dev.7
    
    # [1.0.0-dev.7](https://github.com/Genesis-Technologies-LLC/genesis-web/compare/v1.0.0-dev.6...v1.0.0-dev.7) (2025-09-09)
    
    ### Bug Fixes
    
    * Fix the controller part while updating the profile [EVO-1897] ([d64aa27](https://github.com/Genesis-Technologies-LLC/genesis-web/commit/d64aa278c648481369809b0c78b85d5074124064))
    
    ### Features
    
    * Added google location using third party api [EVO-1897] ([cd68856](https://github.com/Genesis-Technologies-LLC/genesis-web/commit/cd6885617970e15a9dd4785da67b845d4cf058a0))

CHANGELOG.md

commit d64aa278c648481369809b0c78b85d5074124064
Author:     Pratiush Prasain <pratiush.prasain@inicreatechnologies.com>
AuthorDate: 2025-09-09
Commit:     Pratiush Prasain <pratiush.prasain@inicreatechnologies.com>
CommitDate: 2025-09-09

    fix: Fix the controller part while updating the profile [EVO-1897]

packages/server/controllers/user/profile.js

commit a2f46ad4d8a61817d10ae24fc1aee25b89d91c69
Author:     Jacob Stallings <jacobcstallings@icloud.com>
AuthorDate: 2025-09-08
Commit:     Jacob Stallings <jacobcstallings@icloud.com>
CommitDate: 2025-09-08

    refactor(metrics): Point all web logic to ScheduledPost [EVO-1738]

package-lock.json
packages/server/services/cron/InstagramDailyScheduler.js
packages/server/services/gamification/instagram/engagement/community-catalyst.js
packages/server/services/gamification/instagram/engagement/engagement-accelerator.js
packages/server/services/gamification/instagram/engagement/engagement-booster.js
packages/server/services/gamification/instagram/engagement/engagement-initiate.js
packages/server/services/gamification/instagram/engagement/engagement-legend.js
packages/server/services/gamification/instagram/engagement/fan-connection-pro.js
packages/server/services/gamification/instagram/engagement/interaction-improver.js
packages/server/services/gamification/instagram/engagement/viral-engagement.js
packages/server/services/gamification/instagram/posts/content-conqueror.js
packages/server/services/gamification/instagram/posts/content-starter.js
packages/server/services/gamification/instagram/posts/daily-conqueror.js
packages/server/services/gamification/instagram/posts/daily-double.js
packages/server/services/gamification/instagram/posts/digital-dynamo.js
packages/server/services/gamification/instagram/posts/fortnight-fervor.js
packages/server/services/gamification/instagram/posts/media-maven.js
packages/server/services/gamification/instagram/posts/mega-poster.js
packages/server/services/gamification/instagram/posts/post-pro.js
packages/server/services/gamification/instagram/posts/seven-day-surge.js
packages/server/services/gamification/instagram/posts/social-surge.js
packages/server/services/gamification/instagram/posts/thirty-day-streak.js
yarn.lock

commit c078dd7514d8f294d0db7c37415aa8585a47e9f8
Author:     Jacob Stallings <jacobcstallings@icloud.com>
AuthorDate: 2025-09-08
Commit:     Jacob Stallings <jacobcstallings@icloud.com>
CommitDate: 2025-09-08

    refactor(metrics): Refactor and update ig metrics handling [EVO-1738]

packages/server/models/InstagramMetrics.js
packages/server/services/cron/InstagramDailyScheduler.js
packages/server/services/cron/lambda-src/instagram-daily-scheduler/constants/awardBadge.template.js
packages/server/services/cron/lambda-src/instagram-daily-scheduler/constants/badgeTypes.js
packages/server/services/cron/lambda-src/instagram-daily-scheduler/constants/emailActions.js
packages/server/services/cron/lambda-src/instagram-daily-scheduler/db.js
packages/server/services/cron/lambda-src/instagram-daily-scheduler/gamification/ig-engagement/community-catalyst.js
packages/server/services/cron/lambda-src/instagram-daily-scheduler/gamification/ig-engagement/engagement-accelerator.js
packages/server/services/cron/lambda-src/instagram-daily-scheduler/gamification/ig-engagement/engagement-booster.js
packages/server/services/cron/lambda-src/instagram-daily-scheduler/gamification/ig-engagement/engagement-initiate.js
packages/server/services/cron/lambda-src/instagram-daily-scheduler/gamification/ig-engagement/engagement-legend.js
packages/server/services/cron/lambda-src/instagram-daily-scheduler/gamification/ig-engagement/fan-connection-pro.js
packages/server/services/cron/lambda-src/instagram-daily-scheduler/gamification/ig-engagement/interaction-improver.js
packages/server/services/cron/lambda-src/instagram-daily-scheduler/gamification/ig-engagement/viral-engagement.js
packages/server/services/cron/lambda-src/instagram-daily-scheduler/gamification/ig-followers/audience-accelerator.js
packages/server/services/cron/lambda-src/instagram-daily-scheduler/gamification/ig-followers/audience-ascender.js
packages/server/services/cron/lambda-src/instagram-daily-scheduler/gamification/ig-followers/cultural-icon.js
packages/server/services/cron/lambda-src/instagram-daily-scheduler/gamification/ig-followers/epic-expansion.js
packages/server/services/cron/lambda-src/instagram-daily-scheduler/gamification/ig-followers/exponential-expander.js
packages/server/services/cron/lambda-src/instagram-daily-scheduler/gamification/ig-followers/follower-foundation.js
packages/server/services/cron/lambda-src/instagram-daily-scheduler/gamification/ig-followers/follower-surge.js
packages/server/services/cron/lambda-src/instagram-daily-scheduler/gamification/ig-followers/growth-starter.js
packages/server/services/cron/lambda-src/instagram-daily-scheduler/gamification/ig-followers/legendary-growth.js
packages/server/services/cron/lambda-src/instagram-daily-scheduler/gamification/ig-followers/momentum-builder.js
packages/server/services/cron/lambda-src/instagram-daily-scheduler/gamification/ig-followers/rapid-surge.js
packages/server/services/cron/lambda-src/instagram-daily-scheduler/gamification/ig-followers/social-superstar.js
packages/server/services/cron/lambda-src/instagram-daily-scheduler/gamification/ig-followers/steady-climber.js
packages/server/services/cron/lambda-src/instagram-daily-scheduler/gamification/ig-followers/ultimate-amplifier.js
packages/server/services/cron/lambda-src/instagram-daily-scheduler/gamification/ig-followers/viral-visionary.js
packages/server/services/cron/lambda-src/instagram-daily-scheduler/gamification/ig-posts/content-conqueror.js
packages/server/services/cron/lambda-src/instagram-daily-scheduler/gamification/ig-posts/content-starter.js
packages/server/services/cron/lambda-src/instagram-daily-scheduler/gamification/ig-posts/daily-conqueror.js
packages/server/services/cron/lambda-src/instagram-daily-scheduler/gamification/ig-posts/daily-double.js
packages/server/services/cron/lambda-src/instagram-daily-scheduler/gamification/ig-posts/digital-dynamo.js
packages/server/services/cron/lambda-src/instagram-daily-scheduler/gamification/ig-posts/first-post.js
packages/server/services/cron/lambda-src/instagram-daily-scheduler/gamification/ig-posts/fortnight-fervor.js
packages/server/services/cron/lambda-src/instagram-daily-scheduler/gamification/ig-posts/media-maven.js
packages/server/services/cron/lambda-src/instagram-daily-scheduler/gamification/ig-posts/mega-poster.js
packages/server/services/cron/lambda-src/instagram-daily-scheduler/gamification/ig-posts/post-pro.js
packages/server/services/cron/lambda-src/instagram-daily-scheduler/gamification/ig-posts/seven-day-surge.js
packages/server/services/cron/lambda-src/instagram-daily-scheduler/gamification/ig-posts/social-surge.js
packages/server/services/cron/lambda-src/instagram-daily-scheduler/gamification/ig-posts/thirty-day-streak.js
packages/server/services/cron/lambda-src/instagram-daily-scheduler/helpers/emailHelper.js
packages/server/services/cron/lambda-src/instagram-daily-scheduler/helpers/instagramBadgeCheckerHelper.js
packages/server/services/cron/lambda-src/instagram-daily-scheduler/helpers/instagramOverviewHelper.js
packages/server/services/cron/lambda-src/instagram-daily-scheduler/helpers/language.js
packages/server/services/cron/lambda-src/instagram-daily-scheduler/helpers/mediaAssetService.js
packages/server/services/cron/lambda-src/instagram-daily-scheduler/helpers/notificationService.js
packages/server/services/cron/lambda-src/instagram-daily-scheduler/helpers/saveOverViewHelper.js
packages/server/services/cron/lambda-src/instagram-daily-scheduler/helpers/scheduledPostHelper.js
packages/server/services/cron/lambda-src/instagram-daily-scheduler/index.js
packages/server/services/cron/lambda-src/instagram-daily-scheduler/models/Badge.js
packages/server/services/cron/lambda-src/instagram-daily-scheduler/models/InstagramMetrics.js
packages/server/services/cron/lambda-src/instagram-daily-scheduler/models/MediaAsset.js
packages/server/services/cron/lambda-src/instagram-daily-scheduler/models/ScheduledPost.js
packages/server/services/cron/lambda-src/instagram-daily-scheduler/models/SocialTokens.js
packages/server/services/cron/lambda-src/instagram-daily-scheduler/models/User.js
packages/server/services/cron/lambda-src/instagram-daily-scheduler/package.json
packages/server/services/cron/lambda-src/instagram-daily-scheduler/test-scheduled-post.js
packages/server/services/cron/lambda-src/instagram-daily-scheduler/utils/language.js
packages/server/services/gamification/helpers/levelProgress/instagramPostsHelper.js
packages/server/services/gamification/helpers/metricsHelpers.js
packages/server/services/gamification/instagram/posts/first-post.js

commit 5bc1e88828038b3c5fd59ab55875697e2d6bfe50
Author:     Pratiush Prasain <pratiush.prasain@inicreatechnologies.com>
AuthorDate: 2025-09-08
Commit:     Pratiush Prasain <pratiush.prasain@inicreatechnologies.com>
CommitDate: 2025-09-08

    fix: Added pagination for project with swagger update [EVO-1783]

packages/server/controllers/project/index.js
packages/server/services/projectService.js

commit 077c25eb7054b53dfa8ad6fd2f495bc1145d2043
Author:     Pratiush Prasain <pratiush.prasain@inicreatechnologies.com>
AuthorDate: 2025-09-08
Commit:     Pratiush Prasain <pratiush.prasain@inicreatechnologies.com>
CommitDate: 2025-09-08

    fix: Schema fix for the event schema [EVO-1783]

packages/server/schema/event.js

commit cd6885617970e15a9dd4785da67b845d4cf058a0
Author:     Pratiush Prasain <pratiush.prasain@inicreatechnologies.com>
AuthorDate: 2025-09-08
Commit:     Pratiush Prasain <pratiush.prasain@inicreatechnologies.com>
CommitDate: 2025-09-08

    feat: Added google location using third party api [EVO-1897]

packages/server/controllers/google/place/index.js
packages/server/controllers/user/profile.js
packages/server/models/User.js
packages/server/routes/google/index.js
packages/server/routes/social/index.js
packages/server/services/googlePlaceService.js
packages/server/services/userService.js

commit 77b8ba6c83b1d17cae63a1c5fec12b1d6f3a9cec
Author:     semantic-release-bot <semantic-release-bot@martynus.net>
AuthorDate: 2025-09-08
Commit:     semantic-release-bot <semantic-release-bot@martynus.net>
CommitDate: 2025-09-08

    chore(release): 1.0.0-dev.6
    
    # [1.0.0-dev.6](https://github.com/Genesis-Technologies-LLC/genesis-web/compare/v1.0.0-dev.5...v1.0.0-dev.6) (2025-09-08)
    
    ### Features
    
    * New api to fetch event tag [EVO-1916] ([9e43188](https://github.com/Genesis-Technologies-LLC/genesis-web/commit/9e43188d95a8beb2e5442c7c338a51888d9e1c22))

CHANGELOG.md

commit 147a63a642b349fc8e705a54d78e8529b2fde43a
Author:     semantic-release-bot <semantic-release-bot@martynus.net>
AuthorDate: 2025-09-08
Commit:     semantic-release-bot <semantic-release-bot@martynus.net>
CommitDate: 2025-09-08

    chore(release): 1.0.0-dev.5
    
    # [1.0.0-dev.5](https://github.com/Genesis-Technologies-LLC/genesis-web/compare/v1.0.0-dev.4...v1.0.0-dev.5) (2025-09-08)
    
    ### Bug Fixes
    
    * Fix swagger documentation for the patch of single task [EVO-1783] ([d2207a1](https://github.com/Genesis-Technologies-LLC/genesis-web/commit/d2207a145a8af5d7644177caa64790fe601b7078))

CHANGELOG.md

commit 49dc944fb5ed9e65bd1e1b0889f0b3d7193964b5
Author:     semantic-release-bot <semantic-release-bot@martynus.net>
AuthorDate: 2025-09-08
Commit:     semantic-release-bot <semantic-release-bot@martynus.net>
CommitDate: 2025-09-08

    chore(release): 1.0.0-dev.4
    
    # [1.0.0-dev.4](https://github.com/Genesis-Technologies-LLC/genesis-web/compare/v1.0.0-dev.3...v1.0.0-dev.4) (2025-09-08)
    
    ### Features
    
    * Create api to remove the task from the project [EVO-1901] ([1706fc0](https://github.com/Genesis-Technologies-LLC/genesis-web/commit/1706fc00795fd69a080e3595ba6ad157bc9a70a6))

CHANGELOG.md

commit 9e43188d95a8beb2e5442c7c338a51888d9e1c22
Author:     Pratiush Prasain <pratiush.prasain@inicreatechnologies.com>
AuthorDate: 2025-09-08
Commit:     Pratiush Prasain <pratiush.prasain@inicreatechnologies.com>
CommitDate: 2025-09-08

    feat: New api to fetch event tag [EVO-1916]

packages/server/config/db.js
packages/server/controllers/tag/index.js
packages/server/models/EventTag.model.js
packages/server/routes/tag/index.js
packages/server/seeds/seedEventTag.js
packages/server/seeds/seedTags.js
packages/server/services/tagService.js

commit d2207a145a8af5d7644177caa64790fe601b7078
Author:     Pratiush Prasain <pratiush.prasain@inicreatechnologies.com>
AuthorDate: 2025-09-08
Commit:     Pratiush Prasain <pratiush.prasain@inicreatechnologies.com>
CommitDate: 2025-09-08

    fix: Fix swagger documentation for the patch of single task [EVO-1783]

packages/server/controllers/task/task.js

commit 1706fc00795fd69a080e3595ba6ad157bc9a70a6
Author:     Pratiush Prasain <pratiush.prasain@inicreatechnologies.com>
AuthorDate: 2025-09-08
Commit:     Pratiush Prasain <pratiush.prasain@inicreatechnologies.com>
CommitDate: 2025-09-08

    feat: Create api to remove the task from the project [EVO-1901]

packages/server/controllers/project/index.js
packages/server/routes/project/index.js
packages/server/services/projectService.js

commit 5fced1536300a4e878033776ca2766da17b8a35c
Author:     Umesh Shrestha <umesh@inicreatechnologies.com>
AuthorDate: 2025-09-07
Commit:     GitHub <noreply@github.com>
CommitDate: 2025-09-07

    docs(pr): Add documentation for PR template usage [EVO-1782] (#376)
    
    Co-authored-by: Umesh Shrestha <stha.ums@gmail.com>

README.md
package.json

commit cab91b2d81d8b00b8206d171e7b9cae2d0b83121
Author:     Jacob Stallings <jacobcstallings@icloud.com>
AuthorDate: 2025-09-06
Commit:     GitHub <noreply@github.com>
CommitDate: 2025-09-06

    refactor(metrics): Migrate ig-daily-scheduler from aws-services to genesis-web repo, run with node-cron (#375)
    
    * migrate instagram-daily-scheduler - all parts working
    
    * refactor: restructure Instagram badge checking logic by consolidating badge checkers into dedicated modules for posts, followers, and engagement; remove deprecated badge checkers and related files
    
    * fix: return http success if cron job runs

package.json
packages/server/__tests__/cron.test.js
packages/server/controllers/cron/cronController.js
packages/server/docs/CRON_MIGRATION_GUIDE.md
packages/server/routes/cron/cronRoutes.js
packages/server/routes/index.js
packages/server/server.js
packages/server/services/cron/BaseCronService.js
packages/server/services/cron/CalendarSyncScheduler.js
packages/server/services/cron/ChartMetricsDailyScheduler.js
packages/server/services/cron/CronJobManager.js
packages/server/services/cron/InstagramDailyScheduler.js
packages/server/services/cron/README.md
packages/server/services/cron/index.js
packages/server/services/cron/lambda-src/instagram-daily-scheduler/IMPLEMENTATION_SUMMARY.md
packages/server/services/cron/lambda-src/instagram-daily-scheduler/SCHEDULED_POST_METRICS.md
packages/server/services/cron/lambda-src/instagram-daily-scheduler/constants/awardBadge.template.js
packages/server/services/cron/lambda-src/instagram-daily-scheduler/constants/badgeTypes.js
packages/server/services/cron/lambda-src/instagram-daily-scheduler/constants/emailActions.js
packages/server/services/cron/lambda-src/instagram-daily-scheduler/db.js
packages/server/services/cron/lambda-src/instagram-daily-scheduler/gamification/ig-engagement/community-catalyst.js
packages/server/services/cron/lambda-src/instagram-daily-scheduler/gamification/ig-engagement/engagement-accelerator.js
packages/server/services/cron/lambda-src/instagram-daily-scheduler/gamification/ig-engagement/engagement-booster.js
packages/server/services/cron/lambda-src/instagram-daily-scheduler/gamification/ig-engagement/engagement-initiate.js
packages/server/services/cron/lambda-src/instagram-daily-scheduler/gamification/ig-engagement/engagement-legend.js
packages/server/services/cron/lambda-src/instagram-daily-scheduler/gamification/ig-engagement/fan-connection-pro.js
packages/server/services/cron/lambda-src/instagram-daily-scheduler/gamification/ig-engagement/interaction-improver.js
packages/server/services/cron/lambda-src/instagram-daily-scheduler/gamification/ig-engagement/viral-engagement.js
packages/server/services/cron/lambda-src/instagram-daily-scheduler/gamification/ig-followers/audience-accelerator.js
packages/server/services/cron/lambda-src/instagram-daily-scheduler/gamification/ig-followers/audience-ascender.js
packages/server/services/cron/lambda-src/instagram-daily-scheduler/gamification/ig-followers/cultural-icon.js
packages/server/services/cron/lambda-src/instagram-daily-scheduler/gamification/ig-followers/epic-expansion.js
packages/server/services/cron/lambda-src/instagram-daily-scheduler/gamification/ig-followers/exponential-expander.js
packages/server/services/cron/lambda-src/instagram-daily-scheduler/gamification/ig-followers/follower-foundation.js
packages/server/services/cron/lambda-src/instagram-daily-scheduler/gamification/ig-followers/follower-surge.js
packages/server/services/cron/lambda-src/instagram-daily-scheduler/gamification/ig-followers/growth-starter.js
packages/server/services/cron/lambda-src/instagram-daily-scheduler/gamification/ig-followers/legendary-growth.js
packages/server/services/cron/lambda-src/instagram-daily-scheduler/gamification/ig-followers/momentum-builder.js
packages/server/services/cron/lambda-src/instagram-daily-scheduler/gamification/ig-followers/rapid-surge.js
packages/server/services/cron/lambda-src/instagram-daily-scheduler/gamification/ig-followers/social-superstar.js
packages/server/services/cron/lambda-src/instagram-daily-scheduler/gamification/ig-followers/steady-climber.js
packages/server/services/cron/lambda-src/instagram-daily-scheduler/gamification/ig-followers/ultimate-amplifier.js
packages/server/services/cron/lambda-src/instagram-daily-scheduler/gamification/ig-followers/viral-visionary.js
packages/server/services/cron/lambda-src/instagram-daily-scheduler/gamification/ig-posts/content-conqueror.js
packages/server/services/cron/lambda-src/instagram-daily-scheduler/gamification/ig-posts/content-starter.js
packages/server/services/cron/lambda-src/instagram-daily-scheduler/gamification/ig-posts/daily-conqueror.js
packages/server/services/cron/lambda-src/instagram-daily-scheduler/gamification/ig-posts/daily-double.js
packages/server/services/cron/lambda-src/instagram-daily-scheduler/gamification/ig-posts/digital-dynamo.js
packages/server/services/cron/lambda-src/instagram-daily-scheduler/gamification/ig-posts/first-post.js
packages/server/services/cron/lambda-src/instagram-daily-scheduler/gamification/ig-posts/fortnight-fervor.js
packages/server/services/cron/lambda-src/instagram-daily-scheduler/gamification/ig-posts/media-maven.js
packages/server/services/cron/lambda-src/instagram-daily-scheduler/gamification/ig-posts/mega-poster.js
packages/server/services/cron/lambda-src/instagram-daily-scheduler/gamification/ig-posts/post-pro.js
packages/server/services/cron/lambda-src/instagram-daily-scheduler/gamification/ig-posts/seven-day-surge.js
packages/server/services/cron/lambda-src/instagram-daily-scheduler/gamification/ig-posts/social-surge.js
packages/server/services/cron/lambda-src/instagram-daily-scheduler/gamification/ig-posts/thirty-day-streak.js
packages/server/services/cron/lambda-src/instagram-daily-scheduler/helpers/emailHelper.js
packages/server/services/cron/lambda-src/instagram-daily-scheduler/helpers/instagramBadgeCheckerHelper.js
packages/server/services/cron/lambda-src/instagram-daily-scheduler/helpers/instagramOverviewHelper.js
packages/server/services/cron/lambda-src/instagram-daily-scheduler/helpers/language.js
packages/server/services/cron/lambda-src/instagram-daily-scheduler/helpers/mediaAssetService.js
packages/server/services/cron/lambda-src/instagram-daily-scheduler/helpers/notificationService.js
packages/server/services/cron/lambda-src/instagram-daily-scheduler/helpers/saveOverViewHelper.js
packages/server/services/cron/lambda-src/instagram-daily-scheduler/helpers/scheduledPostHelper.js
packages/server/services/cron/lambda-src/instagram-daily-scheduler/index.js
packages/server/services/cron/lambda-src/instagram-daily-scheduler/instagram-daily-scheduler-071725.zip
packages/server/services/cron/lambda-src/instagram-daily-scheduler/models/Badge.js
packages/server/services/cron/lambda-src/instagram-daily-scheduler/models/InstagramMetrics.js
packages/server/services/cron/lambda-src/instagram-daily-scheduler/models/MediaAsset.js
packages/server/services/cron/lambda-src/instagram-daily-scheduler/models/ScheduledPost.js
packages/server/services/cron/lambda-src/instagram-daily-scheduler/models/SocialTokens.js
packages/server/services/cron/lambda-src/instagram-daily-scheduler/models/User.js
packages/server/services/cron/lambda-src/instagram-daily-scheduler/package.json
packages/server/services/cron/lambda-src/instagram-daily-scheduler/test-scheduled-post.js
packages/server/services/cron/lambda-src/instagram-daily-scheduler/utils/language.js
packages/server/services/gamification/instagram/engagement/community-catalyst.js
packages/server/services/gamification/instagram/engagement/engagement-accelerator.js
packages/server/services/gamification/instagram/engagement/engagement-booster.js
packages/server/services/gamification/instagram/engagement/engagement-initiate.js
packages/server/services/gamification/instagram/engagement/engagement-legend.js
packages/server/services/gamification/instagram/engagement/fan-connection-pro.js
packages/server/services/gamification/instagram/engagement/index.js
packages/server/services/gamification/instagram/engagement/interaction-improver.js
packages/server/services/gamification/instagram/engagement/viral-engagement.js
packages/server/services/gamification/instagram/followers/audience-accelerator.js
packages/server/services/gamification/instagram/followers/audience-ascender.js
packages/server/services/gamification/instagram/followers/cultural-icon.js
packages/server/services/gamification/instagram/followers/epic-expansion.js
packages/server/services/gamification/instagram/followers/exponential-expander.js
packages/server/services/gamification/instagram/followers/follower-foundation.js
packages/server/services/gamification/instagram/followers/follower-surge.js
packages/server/services/gamification/instagram/followers/growth-starter.js
packages/server/services/gamification/instagram/followers/index.js
packages/server/services/gamification/instagram/followers/legendary-growth.js
packages/server/services/gamification/instagram/followers/momentum-builder.js
packages/server/services/gamification/instagram/followers/rapid-surge.js
packages/server/services/gamification/instagram/followers/social-superstar.js
packages/server/services/gamification/instagram/followers/steady-climber.js
packages/server/services/gamification/instagram/followers/ultimate-amplifier.js
packages/server/services/gamification/instagram/followers/viral-visionary.js
packages/server/services/gamification/instagram/posts/content-conqueror.js
packages/server/services/gamification/instagram/posts/content-starter.js
packages/server/services/gamification/instagram/posts/daily-conqueror.js
packages/server/services/gamification/instagram/posts/daily-double.js
packages/server/services/gamification/instagram/posts/digital-dynamo.js
packages/server/services/gamification/instagram/posts/first-post.js
packages/server/services/gamification/instagram/posts/fortnight-fervor.js
packages/server/services/gamification/instagram/posts/index.js
packages/server/services/gamification/instagram/posts/media-maven.js
packages/server/services/gamification/instagram/posts/mega-poster.js
packages/server/services/gamification/instagram/posts/post-pro.js
packages/server/services/gamification/instagram/posts/seven-day-surge.js
packages/server/services/gamification/instagram/posts/social-surge.js
packages/server/services/gamification/instagram/posts/thirty-day-streak.js
yarn.lock

commit 5edd93934cc7df0c00f0387f00e9a492c448cba7
Author:     Umesh Shrestha <umesh@inicreatechnologies.com>
AuthorDate: 2025-09-05
Commit:     GitHub <noreply@github.com>
CommitDate: 2025-09-05

    docs(pr): Added PR template for different kind of PR [EVO-1782]
    
    * docs(pr): Added PR template for different kind of PR [EVO-1782]
    
    * docs(pr): Change links to Jira with actual [EVO-1782]
    
    ---------
    
    Co-authored-by: Umesh Shrestha <stha.ums@gmail.com>

.github/PULL_REQUEST_TEMPLATE/bug_fix.md
.github/PULL_REQUEST_TEMPLATE/chore.md
.github/PULL_REQUEST_TEMPLATE/feature.md
.github/PULL_REQUEST_TEMPLATE/hotfix.md
.github/pull_request_template.md

commit 442e775b9018c1f6d61109e838bd685c47a6beaf
Author:     semantic-release-bot <semantic-release-bot@martynus.net>
AuthorDate: 2025-09-05
Commit:     semantic-release-bot <semantic-release-bot@martynus.net>
CommitDate: 2025-09-05

    chore(release): 1.0.0-dev.3
    
    # [1.0.0-dev.3](https://github.com/Genesis-Technologies-LLC/genesis-web/compare/v1.0.0-dev.2...v1.0.0-dev.3) (2025-09-05)
    
    ### Bug Fixes
    
    * Sent tags in array while creating project [EVO-1859] ([#373](https://github.com/Genesis-Technologies-LLC/genesis-web/issues/373)) ([1aaf944](https://github.com/Genesis-Technologies-LLC/genesis-web/commit/1aaf94465b180ea83583d6bf26127222a6fd9771))

CHANGELOG.md

commit 1aaf94465b180ea83583d6bf26127222a6fd9771
Author:     pratiushprasain-ict <pratiush.prasain@inicreatechnologies.com>
AuthorDate: 2025-09-05
Commit:     GitHub <noreply@github.com>
CommitDate: 2025-09-05

    fix: Sent tags in array while creating project [EVO-1859] (#373)

packages/server/controllers/project/index.js
packages/server/helpers/consts/email.consts.js
packages/server/helpers/emailHelper.js
packages/server/models/Project.js
packages/server/services/projectService.js

commit 00bd08809411b99b21b4809d26cfb542491e2ca5
Author:     semantic-release-bot <semantic-release-bot@martynus.net>
AuthorDate: 2025-09-05
Commit:     semantic-release-bot <semantic-release-bot@martynus.net>
CommitDate: 2025-09-05

    chore(release): 1.0.0-dev.2
    
    # [1.0.0-dev.2](https://github.com/Genesis-Technologies-LLC/genesis-web/compare/v1.0.0-dev.1...v1.0.0-dev.2) (2025-09-05)
    
    ### Bug Fixes
    
    * New service for the get all task [EVO-1896] ([#372](https://github.com/Genesis-Technologies-LLC/genesis-web/issues/372)) ([cb8064d](https://github.com/Genesis-Technologies-LLC/genesis-web/commit/cb8064dcdf43b075b9e216b0d845d728d7e5324b))

CHANGELOG.md

commit cb8064dcdf43b075b9e216b0d845d728d7e5324b
Author:     pratiushprasain-ict <pratiush.prasain@inicreatechnologies.com>
AuthorDate: 2025-09-05
Commit:     GitHub <noreply@github.com>
CommitDate: 2025-09-05

    fix: New service for the get all task [EVO-1896] (#372)
    
    * fix: new service for the get all task
    
    * fix: remove unwanted service

packages/server/controllers/task/task.js
packages/server/services/taskService.js

commit d6d8fdd1e5d1202aaeeef2980688f88f9259977f
Author:     semantic-release-bot <semantic-release-bot@martynus.net>
AuthorDate: 2025-09-05
Commit:     semantic-release-bot <semantic-release-bot@martynus.net>
CommitDate: 2025-09-05

    chore(release): 1.0.0-dev.1
    
    # 1.0.0-dev.1 (2025-09-05)
    
    ### Bug Fixes
    
    * added domain in swagger url ([7a27f6a](https://github.com/Genesis-Technologies-LLC/genesis-web/commit/7a27f6a29596d2bbb7da16af919a71da3fa57f80))
    * added eslintcache file in git ignore ([9c87b86](https://github.com/Genesis-Technologies-LLC/genesis-web/commit/9c87b86366e1d1c2e015a2876fe0cf6bdb8aa501))
    * added filter in the campaign schedule post ([a6842ca](https://github.com/Genesis-Technologies-LLC/genesis-web/commit/a6842cae8df90dd2f188735874fe6281890bf705))
    * added functionality for the tags in event ([ebbb2f5](https://github.com/Genesis-Technologies-LLC/genesis-web/commit/ebbb2f5d45b3289db19f78be1bcc7be53ffca5ad))
    * added more insights and fixed on demographics ([63138b8](https://github.com/Genesis-Technologies-LLC/genesis-web/commit/63138b8863337c0b8957144257970b40e91820e1))
    * added needed columns in the task ([e4a40de](https://github.com/Genesis-Technologies-LLC/genesis-web/commit/e4a40de5525185c0624dfc73cbee9411076723ac))
    * added new column to store event color in db with functionality ([c692fcb](https://github.com/Genesis-Technologies-LLC/genesis-web/commit/c692fcb0e2be273f119f2632a159dcf5c9e7a2a6))
    * added pagination in the tag get api ([d4dc8b5](https://github.com/Genesis-Technologies-LLC/genesis-web/commit/d4dc8b5cee47bd3df3b03c066fe49d07d7da5d75))
    * added rate limiter and limit in upload middlewar ([7d2e757](https://github.com/Genesis-Technologies-LLC/genesis-web/commit/7d2e757eda55dfe6834bd3a247544e6060735f80))
    * added search in tag get api ([7ecd2f2](https://github.com/Genesis-Technologies-LLC/genesis-web/commit/7ecd2f26fa733568374cf6dbb27015b993604acd))
    * added some finetuing to the response and prompt ([7a8cf1b](https://github.com/Genesis-Technologies-LLC/genesis-web/commit/7a8cf1b8154a8498bfcd141ffdb00492d2b53d6c))
    * added swagger description for page limit with its example value ([51c2496](https://github.com/Genesis-Technologies-LLC/genesis-web/commit/51c2496615afd1d7c97c7e28a617b87d97c4bc9b))
    * added swagger for dropbox ([30b4ddc](https://github.com/Genesis-Technologies-LLC/genesis-web/commit/30b4ddcc47fb2113412739d5b7577ce6787394cc))
    * added tag filter in campaign get details ([6a93702](https://github.com/Genesis-Technologies-LLC/genesis-web/commit/6a937026874a166daba4dd5f3a4e90fbba8b569c))
    * added tag if not exist then it create and update the id in content ([9bb42a6](https://github.com/Genesis-Technologies-LLC/genesis-web/commit/9bb42a6133425249dc915362030819ed3fc127b1))
    * aws cli fixes ([9aab902](https://github.com/Genesis-Technologies-LLC/genesis-web/commit/9aab9026cfa3247bd61622d836e44d1293187aca))
    * badges type import fix ([500e359](https://github.com/Genesis-Technologies-LLC/genesis-web/commit/500e35900ed532fcf7da1b6cd34099db3bbe8ec4))
    * change in eslintcache file ([62caa06](https://github.com/Genesis-Technologies-LLC/genesis-web/commit/62caa065c17dac08bbccfa259c2c1323d869e52a))
    * change take to limit in tag ([13e5099](https://github.com/Genesis-Technologies-LLC/genesis-web/commit/13e5099aabb47ff1ffa11f0e7254cba9d980833e))
    * change the seed tag to seed event tag ([990a135](https://github.com/Genesis-Technologies-LLC/genesis-web/commit/990a135a0eb5332ffe4029e46a9306c880c6c4e8))
    * changes in the eslintcache file ([b5e49a4](https://github.com/Genesis-Technologies-LLC/genesis-web/commit/b5e49a46f981d212103d7cc1f91d2eaa9215dc85))
    * conflict resolve ([545ee4b](https://github.com/Genesis-Technologies-LLC/genesis-web/commit/545ee4b4f46bcf02b56b66ba18e8fa0c1578b889))
    * conflict resolved ([f6f7a08](https://github.com/Genesis-Technologies-LLC/genesis-web/commit/f6f7a0869165843aecb8757266454a8f17891a19))
    * crash issue on overview helper ([85270b8](https://github.com/Genesis-Technologies-LLC/genesis-web/commit/85270b836741d08f1e91774967c515f9e96af101))
    * cross env fixed for the start script ([430f274](https://github.com/Genesis-Technologies-LLC/genesis-web/commit/430f27420a71a254c0ba422b1ea57c876b9d5cec))
    * data format changes made ([3807abe](https://github.com/Genesis-Technologies-LLC/genesis-web/commit/3807abeb64405d508169b6d204efdb8864827112))
    * default ses aws region ([4f2b948](https://github.com/Genesis-Technologies-LLC/genesis-web/commit/4f2b9486db465228d1f814701f8a297ca12a1178))
    * design fixes on email template ([3b00deb](https://github.com/Genesis-Technologies-LLC/genesis-web/commit/3b00deb3a09da6f01495a8b199104262313e54b5))
    * env updated for stage ([d583434](https://github.com/Genesis-Technologies-LLC/genesis-web/commit/d583434b1f66da00048efff210dc40cdf9836bfd))
    * error code update ([e3f4ef3](https://github.com/Genesis-Technologies-LLC/genesis-web/commit/e3f4ef370da1738ba3167c328186249727086e4a))
    * eslint cache file resolved conflcit ([c8ca70a](https://github.com/Genesis-Technologies-LLC/genesis-web/commit/c8ca70a9b77fa3a8055f81cbd98a776d0532057b))
    * eslintcache file generate newly ([a02bda3](https://github.com/Genesis-Technologies-LLC/genesis-web/commit/a02bda3c085f8d19292a27c523034ae90b27a5c8))
    * event color model created ([2b66af1](https://github.com/Genesis-Technologies-LLC/genesis-web/commit/2b66af14bf990cdfd1613c16b36a3f941edc9eca))
    * exception handling with instagram services ([0a8fe77](https://github.com/Genesis-Technologies-LLC/genesis-web/commit/0a8fe770d0f6c37ce8e0063783ed4975de399a61))
    * expecting redirect uri from query as well ([4b53b51](https://github.com/Genesis-Technologies-LLC/genesis-web/commit/4b53b51d1bdc7445b0174983dbdee25e041c91bc))
    * expires in error ([#295](https://github.com/Genesis-Technologies-LLC/genesis-web/issues/295)) ([95d00d3](https://github.com/Genesis-Technologies-LLC/genesis-web/commit/95d00d32d0d92b19318d0ac9694b5eacb0f8abcf))
    * extract color from tag and populate in event color in event post and update ([372b31d](https://github.com/Genesis-Technologies-LLC/genesis-web/commit/372b31d9f732cf7c18caf0e1c4c7bb6468e79bfa))
    * facebook updated with instagram ([eee2bfc](https://github.com/Genesis-Technologies-LLC/genesis-web/commit/eee2bfcea5fec4cbff6c75e9629445613fe9c7d7))
    * file name typo ([dc4f07b](https://github.com/Genesis-Technologies-LLC/genesis-web/commit/dc4f07be592cfe36d0387869c3737bc2ab97d47e))
    * filter tasks based on datetime range win inclusion of timezone ([#322](https://github.com/Genesis-Technologies-LLC/genesis-web/issues/322)) ([9e33027](https://github.com/Genesis-Technologies-LLC/genesis-web/commit/9e330273e87132c777a6df73ad6a434abbf919cd))
    * finetuned the model ([54f3aee](https://github.com/Genesis-Technologies-LLC/genesis-web/commit/54f3aee0836e40f3a75c68aa0fc7b1ad5ce627b1))
    * fix the response format for the google drive ([2ab5a4d](https://github.com/Genesis-Technologies-LLC/genesis-web/commit/2ab5a4d26cd98849f9c0b5bec7e93db7ccd2b2ec))
    * fix up swagger example value ([a54985b](https://github.com/Genesis-Technologies-LLC/genesis-web/commit/a54985b81ecd916426ec0476e90e4ce5c450be74))
    * fixed missing endpoint for progress buzz factory ([3fd54bb](https://github.com/Genesis-Technologies-LLC/genesis-web/commit/3fd54bbf35b1023701d0d9acdeead36f2eeb14ee))
    * generate swagger for the google oauth ([fa78419](https://github.com/Genesis-Technologies-LLC/genesis-web/commit/fa7841928833c9ba288d50daf9d3171c91a5e007))
    * get api for scheduled post ([6962359](https://github.com/Genesis-Technologies-LLC/genesis-web/commit/69623597910ad9b178ee705a43c12c72620ba189))
    * **google callback:** userId reading in proper way ([37e1f78](https://github.com/Genesis-Technologies-LLC/genesis-web/commit/37e1f781c0f10ac3c6a5c77d05c6b70b157edab2))
    * google drive access with refresh token done ([7fa3b10](https://github.com/Genesis-Technologies-LLC/genesis-web/commit/7fa3b1045cc544cc514a2cd8a5e881fb7e3ada54))
    * insights for reach and demographics fixes done ([09c524b](https://github.com/Genesis-Technologies-LLC/genesis-web/commit/09c524bd143a0804ebc3279d1925db2e1e75b53d))
    * instagram kpi update ([fa18003](https://github.com/Genesis-Technologies-LLC/genesis-web/commit/fa18003428bc7091e558f47d46d5b25a28fb6a77))
    * is active tiktok by default ([#304](https://github.com/Genesis-Technologies-LLC/genesis-web/issues/304)) ([bea47f8](https://github.com/Genesis-Technologies-LLC/genesis-web/commit/bea47f8732f18e709431cbce513742d7bd76f038))
    * kpi helper updated for all growth agression ([53af41a](https://github.com/Genesis-Technologies-LLC/genesis-web/commit/53af41a56530703ddb427b3cbe5a487c56fc6b6f))
    * kpi update and progress bar ujpdated ([9c9ab61](https://github.com/Genesis-Technologies-LLC/genesis-web/commit/9c9ab61956922f002e56a7479fb709fd388b14f8))
    * level up trigger multiple times ([#311](https://github.com/Genesis-Technologies-LLC/genesis-web/issues/311)) ([6a298ad](https://github.com/Genesis-Technologies-LLC/genesis-web/commit/6a298ad3119ff0dd65a8adf7accdc9ae5daff659))
    * login with google check for validation ([d4389b6](https://github.com/Genesis-Technologies-LLC/genesis-web/commit/d4389b6125eee2110fdcad22be56781b9a7393e2))
    * merge conflict ([09b04fd](https://github.com/Genesis-Technologies-LLC/genesis-web/commit/09b04fd313e7983639034b889a95b4a688068071))
    * merge conflict fixed ([d145fbe](https://github.com/Genesis-Technologies-LLC/genesis-web/commit/d145fbe210b38763323f28d2867deb34dae494ee))
    * merge conflict resolved ([c5c6af2](https://github.com/Genesis-Technologies-LLC/genesis-web/commit/c5c6af2695769ffb1d3eb6248f5734265dfa2a68))
    * new access token generate from the refresh token while accesing file of drive ([9fafe3e](https://github.com/Genesis-Technologies-LLC/genesis-web/commit/9fafe3e650af11f614679a02fa549444a546a881))
    * OTP expired error message ([6fed240](https://github.com/Genesis-Technologies-LLC/genesis-web/commit/6fed240deb8c37092f9633bd867d3391894f5c77))
    * otp mismatch status code ([a1d777f](https://github.com/Genesis-Technologies-LLC/genesis-web/commit/a1d777f6a56f830c5a80f4d9af4702d000b24678))
    * overview helper updated ([7332b9f](https://github.com/Genesis-Technologies-LLC/genesis-web/commit/7332b9fd6738daa6571a7a83f427d9744a4b4d36))
    * production env typo ([13b983f](https://github.com/Genesis-Technologies-LLC/genesis-web/commit/13b983febf65ba3c98d5794d05dc07a9ebd8940f))
    * progress updated to 3 ([5e2b034](https://github.com/Genesis-Technologies-LLC/genesis-web/commit/5e2b0344ccd22137023bc86a6d1c071d01c052a6))
    * proper logger added to the response ([7ca0d04](https://github.com/Genesis-Technologies-LLC/genesis-web/commit/7ca0d04c6805d695e031f357ebff43a36fda8613))
    * quick add on main project list view ([#162](https://github.com/Genesis-Technologies-LLC/genesis-web/issues/162)) ([dba8b05](https://github.com/Genesis-Technologies-LLC/genesis-web/commit/dba8b055e28dd7a96497e34edd25e6c1f67d804e))
    * recurring event creation done ([eaa2995](https://github.com/Genesis-Technologies-LLC/genesis-web/commit/eaa2995a022beddcf7c363363a5af40edb041761))
    * redirect uri added to the dropbox callback ([0c55b16](https://github.com/Genesis-Technologies-LLC/genesis-web/commit/0c55b167cb94824abb8dd932091aacfd4ce53534))
    * redirect uri expect from query in callback ([40e9a82](https://github.com/Genesis-Technologies-LLC/genesis-web/commit/40e9a820485b9b8195c153a0628b934babe429e9))
    * remove the accesstoken and refreshtoken from body while connecting to google drive ([28a37ae](https://github.com/Genesis-Technologies-LLC/genesis-web/commit/28a37ae849c81eb07ffb8a451eca83b633d2a96d))
    * removed env copying portion ([83dd39d](https://github.com/Genesis-Technologies-LLC/genesis-web/commit/83dd39d0b80910c35c4d3a84028753ce71882461))
    * reorder routes on campagin for statistics and bulk update ([cb437c1](https://github.com/Genesis-Technologies-LLC/genesis-web/commit/cb437c1b0aa46f4b4c923577c7f3f44b44bdf702))
    * resolve conflict ([e275f73](https://github.com/Genesis-Technologies-LLC/genesis-web/commit/e275f739692da75f0a446d82dc42b74a0a5a3e80))
    * schedule content missing query fixed ([d92a3c7](https://github.com/Genesis-Technologies-LLC/genesis-web/commit/d92a3c7b8ac334b2de8497d6fcb649a819348a49))
    * ses region config changes ([4890bbd](https://github.com/Genesis-Technologies-LLC/genesis-web/commit/4890bbd181e54ed7f2a5bc86ee8adbe7816d9d59))
    * **settings:** Allow hours to be configurable for each working days [EVO-1526] ([#345](https://github.com/Genesis-Technologies-LLC/genesis-web/issues/345)) ([6731501](https://github.com/Genesis-Technologies-LLC/genesis-web/commit/673150161bf21e71f7e2dd851de752fc30fe82a2))
    * sorting events in desc order ([bdc2f8f](https://github.com/Genesis-Technologies-LLC/genesis-web/commit/bdc2f8f1febb1b79eef68e3fb33a7518a50adc77))
    * stop old container changes ([edb292b](https://github.com/Genesis-Technologies-LLC/genesis-web/commit/edb292b9728519ac7c327c447957907b9c21e270))
    * stop tracking .eslintcache ([6f3276c](https://github.com/Genesis-Technologies-LLC/genesis-web/commit/6f3276cf81a311f42ed92c5801db046294e83ff0))
    * swagger api end point partial fix with the logic ([3845cfc](https://github.com/Genesis-Technologies-LLC/genesis-web/commit/3845cfc408390c553e9367ea85887431441cd465))
    * swagger fixes on dev env ([3b06004](https://github.com/Genesis-Technologies-LLC/genesis-web/commit/3b060043f66c9269e3b158a800a458304f63ecd0))
    * swagger url updated ([8a07b04](https://github.com/Genesis-Technologies-LLC/genesis-web/commit/8a07b045781db356b86c7b334af0823aceb8ace2))
    * syntax error fixed ([4a0a84a](https://github.com/Genesis-Technologies-LLC/genesis-web/commit/4a0a84abdf2ef3386d8b2328917a32856c28b066))
    * test husky ([#341](https://github.com/Genesis-Technologies-LLC/genesis-web/issues/341)) ([d70e269](https://github.com/Genesis-Technologies-LLC/genesis-web/commit/d70e269ca30af3b0a9a6c7bdc4225e949316b3f4))
    * ticket issue resolved ([#338](https://github.com/Genesis-Technologies-LLC/genesis-web/issues/338)) ([cf455bb](https://github.com/Genesis-Technologies-LLC/genesis-web/commit/cf455bb951e24a5fddaa90c6146da54ee92555b0))
    * tiktok authorization completion ([#303](https://github.com/Genesis-Technologies-LLC/genesis-web/issues/303)) ([f7a031e](https://github.com/Genesis-Technologies-LLC/genesis-web/commit/f7a031e38b2bef1698e3f17d096691073c5c92f4))
    * unauthorized instagram updated with bad request ([2cbc20a](https://github.com/Genesis-Technologies-LLC/genesis-web/commit/2cbc20aa56dda12636cc212f44a93a6d96c952a0))
    * update eslintrc filr ([4b0c3fb](https://github.com/Genesis-Technologies-LLC/genesis-web/commit/4b0c3fb1367702112f52a36ccd7bb3ea71a1ba16))
    * update on deploy.yml file ([4563690](https://github.com/Genesis-Technologies-LLC/genesis-web/commit/4563690cd2bc889b50b58527478ba023eb7605f5))
    * update the details of user ([4880c7c](https://github.com/Genesis-Technologies-LLC/genesis-web/commit/4880c7c080b8c9fb454b95e200e23ff612b6685e))
    * update the swagger for the post of project ([a8a7daf](https://github.com/Genesis-Technologies-LLC/genesis-web/commit/a8a7dafbb51c3cd163e48c2f10039e09b5883deb))
    * userid is extracted from the token ([#310](https://github.com/Genesis-Technologies-LLC/genesis-web/issues/310)) ([4fad9b3](https://github.com/Genesis-Technologies-LLC/genesis-web/commit/4fad9b3e52f1a6b791d9dba15c0356a1992201cf))
    * **validation:** working hours block validation [EVO-1526] ([#347](https://github.com/Genesis-Technologies-LLC/genesis-web/issues/347)) ([b76e7ba](https://github.com/Genesis-Technologies-LLC/genesis-web/commit/b76e7ba501307566be35ead28b7c560070d42c16))
    * while register user profile image url set as optional ([4f91954](https://github.com/Genesis-Technologies-LLC/genesis-web/commit/4f919544ef18dcc707f70857956970095a83fbff))
    * worked on finetuning the response on proper format ([b6866d2](https://github.com/Genesis-Technologies-LLC/genesis-web/commit/b6866d2712d9cec95156cbf4b9bcf1eb20ad2d1d))
    
    ### Features
    
    * added event color table with seeding in it ([974d7cd](https://github.com/Genesis-Technologies-LLC/genesis-web/commit/974d7cdcc008ec10d77e9c5514c1163ba13daf14))
    * added filter for the content in the content studio ([626e56c](https://github.com/Genesis-Technologies-LLC/genesis-web/commit/626e56c3495bd6d8c8f7308d10166e26ec11dece))
    * bulk update and delete tasks ([#321](https://github.com/Genesis-Technologies-LLC/genesis-web/issues/321)) ([2d0713a](https://github.com/Genesis-Technologies-LLC/genesis-web/commit/2d0713aaf7a3438e50280914c0f17ba96f16218a))
    * campaign list api, fetch api, cloud storage api creation ([e0565c0](https://github.com/Genesis-Technologies-LLC/genesis-web/commit/e0565c070c7090e860c785fc20ba98fc55fea57a))
    * change password ([d586766](https://github.com/Genesis-Technologies-LLC/genesis-web/commit/d586766839d2e3d27672704988403fb1752f31a8))
    * chat gpt engine created ([1c08ccd](https://github.com/Genesis-Technologies-LLC/genesis-web/commit/1c08ccdcecdc316a5bf5acd2a2667a2d39d3f0c2))
    * **ci:** Add semantic release and tag-based deployment [EVO-456] ([dd0ce15](https://github.com/Genesis-Technologies-LLC/genesis-web/commit/dd0ce15d3e2248687e5c11803453adeb62054e22))
    * created add campaign api, get campaign api ([17b3c8e](https://github.com/Genesis-Technologies-LLC/genesis-web/commit/17b3c8e56308ed8b9fefd7cfd54796051d487ed9))
    * get access of files and folders of dropbox ([159d1a1](https://github.com/Genesis-Technologies-LLC/genesis-web/commit/159d1a1322839a785236be81691ae475e7f9c505))
    * get content by Id ([#340](https://github.com/Genesis-Technologies-LLC/genesis-web/issues/340)) ([35add1e](https://github.com/Genesis-Technologies-LLC/genesis-web/commit/35add1e0b0198d8b318d165fc9ef30f9a594c465))
    * get schedule content to post which is on draft ([#339](https://github.com/Genesis-Technologies-LLC/genesis-web/issues/339)) ([348d56a](https://github.com/Genesis-Technologies-LLC/genesis-web/commit/348d56a261ebb9679741edb1ab9e0354fdac5c18))
    * login with google oauth and generate access token from refreshtoken function created ([b75061a](https://github.com/Genesis-Technologies-LLC/genesis-web/commit/b75061a20c7bbc2a52f22a61d570b6adf03f98dc))
    * refresh token fetch from the google authentication ([f063470](https://github.com/Genesis-Technologies-LLC/genesis-web/commit/f06347084c7d6462108bc1b65a715a967d5f9a56))
    * refresh token fetch from the google authentication ([1140f8d](https://github.com/Genesis-Technologies-LLC/genesis-web/commit/1140f8d1548f95134e11f1991e5d19b8a02cc313))
    * stats summary for tasks ([#323](https://github.com/Genesis-Technologies-LLC/genesis-web/issues/323)) ([ef686c9](https://github.com/Genesis-Technologies-LLC/genesis-web/commit/ef686c9e30a2c1a6cf1213e4dbe5a4880afe7f3b))
    
    ### Reverts
    
    * Revert "EVO-630 LOG - Sign Up - Prevent Users From Accessing Platform If Plan…" ([#110](https://github.com/Genesis-Technologies-LLC/genesis-web/issues/110)) ([2812fe3](https://github.com/Genesis-Technologies-LLC/genesis-web/commit/2812fe3a9d4ed24cffd769b274da86a0e92d87a2))
    * Revert "quick fix for spotify page not loading ([#248](https://github.com/Genesis-Technologies-LLC/genesis-web/issues/248))" ([#249](https://github.com/Genesis-Technologies-LLC/genesis-web/issues/249)) ([31ac578](https://github.com/Genesis-Technologies-LLC/genesis-web/commit/31ac5782d3cfdc4b9a427a65ffc0a5638ad319b9))
    * template changes revert ([fac46e0](https://github.com/Genesis-Technologies-LLC/genesis-web/commit/fac46e07f39460f5d636446c3a91b6f22e76ab40))

CHANGELOG.md

commit dd0ce15d3e2248687e5c11803453adeb62054e22
Author:     Umesh Shrestha <stha.ums@gmail.com>
AuthorDate: 2025-09-05
Commit:     Umesh Shrestha <stha.ums@gmail.com>
CommitDate: 2025-09-05

    feat(ci): Add semantic release and tag-based deployment [EVO-456]
    
    Add complete CI/CD pipeline with automated versioning:
    - semantic-release configuration for dev/stage/prod environments
    - validate-commits workflow with conventional commit validation
    - release workflow triggered on successful validation
    - deploy workflow updated to use tags instead of branches
    - tag-based environment detection (dev: v*-dev.*, stage: v*-rc.*, prod: v*)
    - automated changelog generation and GitHub releases
    
    Pipeline flow: validate-commits → release → deploy

.github/workflows/deploy.yml
.github/workflows/release.yml
.github/workflows/validate-commits.yml
.releaserc.json
package-lock.json
package.json
yarn.lock

commit a36855b8f9befa4da719b9afdc2c4747b72ee5a1
Author:     Umesh Shrestha <stha.ums@gmail.com>
AuthorDate: 2025-09-05
Commit:     Umesh Shrestha <stha.ums@gmail.com>
CommitDate: 2025-09-05

    chore(commitlint): Updated commitlint rule [EVO-1782]

.commitlintrc.json
.husky/commit-msg
commitlint.config.js
package.json

commit 990a135a0eb5332ffe4029e46a9306c880c6c4e8
Author:     Pratiush Prasain <pratiush.prasain@inicreatechnologies.com>
AuthorDate: 2025-09-05
Commit:     Pratiush Prasain <pratiush.prasain@inicreatechnologies.com>
CommitDate: 2025-09-05

    fix: change the seed tag to seed event tag

packages/server/config/db.js
packages/server/seeds/seedEventTags.js

commit 545ee4b4f46bcf02b56b66ba18e8fa0c1578b889
Author:     Pratiush Prasain <pratiush.prasain@inicreatechnologies.com>
AuthorDate: 2025-09-05
Commit:     Pratiush Prasain <pratiush.prasain@inicreatechnologies.com>
CommitDate: 2025-09-05

    fix: conflict resolve

packages/server/config/db.js
packages/server/models/EventColor.js
packages/server/seeds/seedEventColor.js

commit 372b31d9f732cf7c18caf0e1c4c7bb6468e79bfa
Author:     Pratiush Prasain <pratiush.prasain@inicreatechnologies.com>
AuthorDate: 2025-09-05
Commit:     Pratiush Prasain <pratiush.prasain@inicreatechnologies.com>
CommitDate: 2025-09-05

    fix: extract color from tag and populate in event color in event post and update

packages/server/controllers/event/event.js
packages/server/models/Event.js
packages/server/schema/event.js
packages/server/services/eventService.js

commit 0c55b167cb94824abb8dd932091aacfd4ce53534
Author:     Rajib Shresth <rajibstha059@gmail.com>
AuthorDate: 2025-09-05
Commit:     Rajib Shresth <rajibstha059@gmail.com>
CommitDate: 2025-09-05

    fix: redirect uri added to the dropbox callback

packages/server/controllers/cloud-storage/index.js
packages/server/services/consent/dropbox.service.js

commit 37e1f781c0f10ac3c6a5c77d05c6b70b157edab2
Author:     Rajib Shresth <rajibstha059@gmail.com>
AuthorDate: 2025-09-05
Commit:     Rajib Shresth <rajibstha059@gmail.com>
CommitDate: 2025-09-05

    fix(google callback): userId reading in proper way

packages/server/controllers/cloud-storage/index.js

commit 51c2496615afd1d7c97c7e28a617b87d97c4bc9b
Author:     Pratiush Prasain <pratiush.prasain@inicreatechnologies.com>
AuthorDate: 2025-09-05
Commit:     Pratiush Prasain <pratiush.prasain@inicreatechnologies.com>
CommitDate: 2025-09-05

    fix: added swagger description for page limit with its example value

packages/server/controllers/tag/index.js

commit 974d7cdcc008ec10d77e9c5514c1163ba13daf14
Author:     Pratiush Prasain <pratiush.prasain@inicreatechnologies.com>
AuthorDate: 2025-09-05
Commit:     Pratiush Prasain <pratiush.prasain@inicreatechnologies.com>
CommitDate: 2025-09-05

    feat: added event color table with seeding in it

packages/server/config/db.js
packages/server/controllers/event/event.js
packages/server/models/Event.js
packages/server/models/EventColor.js
packages/server/routes/event/index.js
packages/server/seeds/seedEventColor.js
packages/server/seeds/seedTags.js
packages/server/services/eventService.js

commit a8a7dafbb51c3cd163e48c2f10039e09b5883deb
Author:     Pratiush Prasain <pratiush.prasain@inicreatechnologies.com>
AuthorDate: 2025-09-05
Commit:     Pratiush Prasain <pratiush.prasain@inicreatechnologies.com>
CommitDate: 2025-09-05

    fix: update the swagger for the post of project

packages/server/controllers/project/index.js

commit 2b66af14bf990cdfd1613c16b36a3f941edc9eca
Author:     Pratiush Prasain <pratiush.prasain@inicreatechnologies.com>
AuthorDate: 2025-09-05
Commit:     Pratiush Prasain <pratiush.prasain@inicreatechnologies.com>
CommitDate: 2025-09-05

    fix: event color model created

packages/server/models/EventColor.js
packages/server/models/Project.js

commit 13e5099aabb47ff1ffa11f0e7254cba9d980833e
Author:     Pratiush Prasain <pratiush.prasain@inicreatechnologies.com>
AuthorDate: 2025-09-05
Commit:     Pratiush Prasain <pratiush.prasain@inicreatechnologies.com>
CommitDate: 2025-09-05

    fix: change take to limit in tag

packages/server/controllers/tag/index.js
packages/server/services/tagService.js

commit e30f87390e619a74a1a8f79b6fea3c1b5fc2f7ce
Author:     Jacob Stallings <jacobcstallings@icloud.com>
AuthorDate: 2025-09-04
Commit:     GitHub <noreply@github.com>
CommitDate: 2025-09-04

    deprecate upcomingTasks email (#366)

packages/server/helpers/consts/email.consts.js
packages/server/helpers/email/templates/upcomingTasks.template.js
packages/server/helpers/emailHelper.js

commit d4dc8b5cee47bd3df3b03c066fe49d07d7da5d75
Author:     Pratiush Prasain <pratiush.prasain@inicreatechnologies.com>
AuthorDate: 2025-09-04
Commit:     Pratiush Prasain <pratiush.prasain@inicreatechnologies.com>
CommitDate: 2025-09-04

    fix: added pagination in the tag get api

packages/server/controllers/tag/index.js
packages/server/services/tagService.js

commit d586766839d2e3d27672704988403fb1752f31a8
Author:     Pratiush Prasain <pratiush.prasain@inicreatechnologies.com>
AuthorDate: 2025-09-04
Commit:     Pratiush Prasain <pratiush.prasain@inicreatechnologies.com>
CommitDate: 2025-09-04

    feat: change password

packages/server/controllers/user/profile.js
packages/server/routes/user/index.js
packages/server/services/userService.js

commit 4880c7c080b8c9fb454b95e200e23ff612b6685e
Author:     Pratiush Prasain <pratiush.prasain@inicreatechnologies.com>
AuthorDate: 2025-09-04
Commit:     Pratiush Prasain <pratiush.prasain@inicreatechnologies.com>
CommitDate: 2025-09-04

    fix: update the details of user

packages/server/controllers/user/profile.js
packages/server/services/userService.js

commit 40e9a820485b9b8195c153a0628b934babe429e9
Author:     Pratiush Prasain <pratiush.prasain@inicreatechnologies.com>
AuthorDate: 2025-09-04
Commit:     Pratiush Prasain <pratiush.prasain@inicreatechnologies.com>
CommitDate: 2025-09-04

    fix: redirect uri expect from query in callback

packages/server/controllers/cloud-storage/index.js
packages/server/services/consent/google.service.js

commit a6842cae8df90dd2f188735874fe6281890bf705
Author:     Pratiush Prasain <pratiush.prasain@inicreatechnologies.com>
AuthorDate: 2025-09-04
Commit:     Pratiush Prasain <pratiush.prasain@inicreatechnologies.com>
CommitDate: 2025-09-04

    fix: added filter in the campaign schedule post

packages/server/controllers/campaign/index.js
packages/server/controllers/tag/index.js
packages/server/services/campaignService.js
packages/server/services/postTrackingService.js

commit 7ca0d04c6805d695e031f357ebff43a36fda8613
Author:     Rajib Shresth <rajibstha059@gmail.com>
AuthorDate: 2025-09-04
Commit:     Rajib Shresth <rajibstha059@gmail.com>
CommitDate: 2025-09-04

    fix: proper logger added to the response

packages/server/services/consent/dropbox.service.js

commit 3807abeb64405d508169b6d204efdb8864827112
Author:     Rajib Shresth <rajibstha059@gmail.com>
AuthorDate: 2025-09-04
Commit:     Rajib Shresth <rajibstha059@gmail.com>
CommitDate: 2025-09-04

    fix: data format changes made

packages/server/services/consent/dropbox.service.js
packages/server/services/consent/google.service.js

commit 6a937026874a166daba4dd5f3a4e90fbba8b569c
Author:     Pratiush Prasain <pratiush.prasain@inicreatechnologies.com>
AuthorDate: 2025-09-04
Commit:     Pratiush Prasain <pratiush.prasain@inicreatechnologies.com>
CommitDate: 2025-09-04

    fix: added tag filter in campaign get details

packages/server/controllers/campaign/index.js
packages/server/services/campaignService.js

commit 7ecd2f26fa733568374cf6dbb27015b993604acd
Author:     Pratiush Prasain <pratiush.prasain@inicreatechnologies.com>
AuthorDate: 2025-09-04
Commit:     Pratiush Prasain <pratiush.prasain@inicreatechnologies.com>
CommitDate: 2025-09-04

    fix: added search in tag get api

packages/server/controllers/tag/index.js
packages/server/routes/tag/index.js
packages/server/services/tagService.js

commit 9bb42a6133425249dc915362030819ed3fc127b1
Author:     Pratiush Prasain <pratiush.prasain@inicreatechnologies.com>
AuthorDate: 2025-09-04
Commit:     Pratiush Prasain <pratiush.prasain@inicreatechnologies.com>
CommitDate: 2025-09-04

    fix: added tag if not exist then it create and update the id in content

packages/server/controllers/content/index.js
packages/server/services/content/schedulePostService.js

commit 4b53b51d1bdc7445b0174983dbdee25e041c91bc
Author:     Pratiush Prasain <pratiush.prasain@inicreatechnologies.com>
AuthorDate: 2025-09-04
Commit:     Pratiush Prasain <pratiush.prasain@inicreatechnologies.com>
CommitDate: 2025-09-04

    fix: expecting redirect uri from query as well

packages/server/controllers/cloud-storage/index.js
packages/server/routes/cloud-storage/index.js
packages/server/services/consent/dropbox.service.js
packages/server/services/consent/google.service.js

commit b3bed2a627219e7c7106a34b0b9c97a71f918a72
Author:     Pratiush Prasain <pratiush.prasain@inicreatechnologies.com>
AuthorDate: 2025-09-04
Commit:     Pratiush Prasain <pratiush.prasain@inicreatechnologies.com>
CommitDate: 2025-09-04

    refactor: refactor code create a separate service file for dropbox logic part

.eslintrc.js
package-lock.json
packages/server/controllers/cloud-storage/index.js
packages/server/routes/cloud-storage/index.js
packages/server/services/cloud-storage/providers/DropboxProvider.js
packages/server/services/consent/dropbox.service.js
packages/server/utils/constants.js
packages/server/utils/encyptAndDecrypt.js
yarn.lock

commit 30b4ddcc47fb2113412739d5b7577ce6787394cc
Author:     Pratiush Prasain <pratiush.prasain@inicreatechnologies.com>
AuthorDate: 2025-09-03
Commit:     Pratiush Prasain <pratiush.prasain@inicreatechnologies.com>
CommitDate: 2025-09-03

    fix: added swagger for dropbox

packages/server/controllers/cloud-storage/index.js

commit 159d1a1322839a785236be81691ae475e7f9c505
Author:     Pratiush Prasain <pratiush.prasain@inicreatechnologies.com>
AuthorDate: 2025-09-03
Commit:     Pratiush Prasain <pratiush.prasain@inicreatechnologies.com>
CommitDate: 2025-09-03

    feat: get access of files and folders of dropbox

packages/server/app.js
packages/server/controllers/cloud-storage/index.js
packages/server/models/CloudStorage.js
packages/server/package.json
packages/server/routes/cloud-storage/index.js
packages/server/services/cloud-storage/providers/DropboxProvider.js

commit 2ab5a4d26cd98849f9c0b5bec7e93db7ccd2b2ec
Author:     Pratiush Prasain <pratiush.prasain@inicreatechnologies.com>
AuthorDate: 2025-09-03
Commit:     Pratiush Prasain <pratiush.prasain@inicreatechnologies.com>
CommitDate: 2025-09-03

    fix: fix the response format for the google drive

packages/server/controllers/cloud-storage/index.js
packages/server/services/cloud-storage/CloudStorageService.js

commit 28a37ae849c81eb07ffb8a451eca83b633d2a96d
Author:     Pratiush Prasain <pratiush.prasain@inicreatechnologies.com>
AuthorDate: 2025-09-03
Commit:     Pratiush Prasain <pratiush.prasain@inicreatechnologies.com>
CommitDate: 2025-09-03

    fix: remove the accesstoken and refreshtoken from body while connecting to google drive

packages/server/controllers/cloud-storage/index.js

commit 3fd54bbf35b1023701d0d9acdeead36f2eeb14ee
Author:     Pratiush Prasain <pratiush.prasain@inicreatechnologies.com>
AuthorDate: 2025-09-03
Commit:     Pratiush Prasain <pratiush.prasain@inicreatechnologies.com>
CommitDate: 2025-09-03

    fix: fixed missing endpoint for progress buzz factory

packages/server/routes/buzz-factory/index.js

commit a54985b81ecd916426ec0476e90e4ce5c450be74
Author:     Pratiush Prasain <pratiush.prasain@inicreatechnologies.com>
AuthorDate: 2025-09-03
Commit:     Pratiush Prasain <pratiush.prasain@inicreatechnologies.com>
CommitDate: 2025-09-03

    fix: fix up swagger example value

packages/server/controllers/event/event.js

commit c692fcb0e2be273f119f2632a159dcf5c9e7a2a6
Author:     Pratiush Prasain <pratiush.prasain@inicreatechnologies.com>
AuthorDate: 2025-09-03
Commit:     Pratiush Prasain <pratiush.prasain@inicreatechnologies.com>
CommitDate: 2025-09-03

    fix: added new column to store event color in db with functionality

packages/server/controllers/event/event.js
packages/server/models/Event.js
packages/server/routes/event/index.js
packages/server/schema/event.js
packages/server/services/eventService.js

commit ebbb2f5d45b3289db19f78be1bcc7be53ffca5ad
Author:     Pratiush Prasain <pratiush.prasain@inicreatechnologies.com>
AuthorDate: 2025-09-03
Commit:     Pratiush Prasain <pratiush.prasain@inicreatechnologies.com>
CommitDate: 2025-09-03

    fix: added functionality for the tags in event

packages/server/controllers/event/event.js
packages/server/models/Event.js
packages/server/schema/event.js
packages/server/services/eventService.js

commit 7fa3b1045cc544cc514a2cd8a5e881fb7e3ada54
Author:     Pratiush Prasain <pratiush.prasain@inicreatechnologies.com>
AuthorDate: 2025-09-02
Commit:     Pratiush Prasain <pratiush.prasain@inicreatechnologies.com>
CommitDate: 2025-09-02

    fix: google drive access with refresh token done

package-lock.json
packages/server/controllers/auth/googleSignIn.js
packages/server/controllers/cloud-storage/index.js
packages/server/helper.js
packages/server/models/CloudStorage.js
packages/server/models/Token.model.js
packages/server/routes/cloud-storage/index.js
packages/server/services/cloud-storage/CloudStorageService.js
packages/server/services/cloud-storage/StorageProviderFactory.js
packages/server/services/cloud-storage/providers/GoogleDriveProvider.js
yarn.lock

commit 9fafe3e650af11f614679a02fa549444a546a881
Author:     Pratiush Prasain <pratiush.prasain@inicreatechnologies.com>
AuthorDate: 2025-09-02
Commit:     Pratiush Prasain <pratiush.prasain@inicreatechnologies.com>
CommitDate: 2025-09-02

    fix: new access token generate from the refresh token while accesing file of drive

packages/server/services/cloud-storage/CloudStorageService.js
packages/server/services/cloud-storage/providers/GoogleDriveProvider.js

commit d4389b6125eee2110fdcad22be56781b9a7393e2
Author:     Pratiush Prasain <pratiush.prasain@inicreatechnologies.com>
AuthorDate: 2025-09-02
Commit:     Pratiush Prasain <pratiush.prasain@inicreatechnologies.com>
CommitDate: 2025-09-02

    fix: login with google check for validation

packages/server/controllers/auth/googleSignIn.js

commit d92a3c7b8ac334b2de8497d6fcb649a819348a49
Author:     Pratiush Prasain <pratiush.prasain@inicreatechnologies.com>
AuthorDate: 2025-09-02
Commit:     Pratiush Prasain <pratiush.prasain@inicreatechnologies.com>
CommitDate: 2025-09-02

    fix: schedule content missing query fixed

packages/server/controllers/content/index.js
packages/server/services/content/schedulePostService.js

commit fa7841928833c9ba288d50daf9d3171c91a5e007
Author:     Pratiush Prasain <pratiush.prasain@inicreatechnologies.com>
AuthorDate: 2025-09-02
Commit:     Pratiush Prasain <pratiush.prasain@inicreatechnologies.com>
CommitDate: 2025-09-02

    fix: generate swagger for the google oauth

packages/server/controllers/auth/googleSignIn.js

commit 9c87b86366e1d1c2e015a2876fe0cf6bdb8aa501
Author:     Pratiush Prasain <pratiush.prasain@inicreatechnologies.com>
AuthorDate: 2025-09-02
Commit:     Pratiush Prasain <pratiush.prasain@inicreatechnologies.com>
CommitDate: 2025-09-02

    fix: added eslintcache file in git ignore

.gitignore

commit 6f3276cf81a311f42ed92c5801db046294e83ff0
Author:     Pratiush Prasain <pratiush.prasain@inicreatechnologies.com>
AuthorDate: 2025-09-02
Commit:     Pratiush Prasain <pratiush.prasain@inicreatechnologies.com>
CommitDate: 2025-09-02

    fix: stop tracking .eslintcache

.eslintcache

commit b5e49a46f981d212103d7cc1f91d2eaa9215dc85
Author:     Pratiush Prasain <pratiush.prasain@inicreatechnologies.com>
AuthorDate: 2025-09-02
Commit:     Pratiush Prasain <pratiush.prasain@inicreatechnologies.com>
CommitDate: 2025-09-02

    fix: changes in the eslintcache file

.eslintcache

commit c8ca70a9b77fa3a8055f81cbd98a776d0532057b
Author:     Pratiush Prasain <pratiush.prasain@inicreatechnologies.com>
AuthorDate: 2025-09-01
Commit:     Pratiush Prasain <pratiush.prasain@inicreatechnologies.com>
CommitDate: 2025-09-01

    fix: eslint cache file resolved conflcit

.eslintcache

commit a02bda3c085f8d19292a27c523034ae90b27a5c8
Author:     Pratiush Prasain <pratiush.prasain@inicreatechnologies.com>
AuthorDate: 2025-09-01
Commit:     Pratiush Prasain <pratiush.prasain@inicreatechnologies.com>
CommitDate: 2025-09-01

    fix: eslintcache file generate newly

.eslintcache

commit b75061a20c7bbc2a52f22a61d570b6adf03f98dc
Author:     Pratiush Prasain <pratiush.prasain@inicreatechnologies.com>
AuthorDate: 2025-09-01
Commit:     Pratiush Prasain <pratiush.prasain@inicreatechnologies.com>
CommitDate: 2025-09-01

    feat: login with google oauth and generate access token from refreshtoken function created

.eslintrc.js
packages/server/app.js
packages/server/controllers/auth/googleSignIn.js
packages/server/models/Token.model.js
packages/server/models/User.js
packages/server/routes/auth/index.js
packages/server/services/cloud-storage/providers/GoogleDriveProvider.js
yarn.lock

commit 62caa065c17dac08bbccfa259c2c1323d869e52a
Author:     Pratiush Prasain <pratiush.prasain@inicreatechnologies.com>
AuthorDate: 2025-09-01
Commit:     Pratiush Prasain <pratiush.prasain@inicreatechnologies.com>
CommitDate: 2025-09-01

    fix: change in eslintcache file

.eslintcache

commit 3845cfc408390c553e9367ea85887431441cd465
Author:     Pratiush Prasain <pratiush.prasain@inicreatechnologies.com>
AuthorDate: 2025-09-01
Commit:     Pratiush Prasain <pratiush.prasain@inicreatechnologies.com>
CommitDate: 2025-09-01

    fix: swagger api end point partial fix with the logic

.eslintcache
.eslintrc.js
package-lock.json
packages/server/app.js
packages/server/config/activityTypes.js
packages/server/controllers/ai/chatController.js
packages/server/controllers/ai/contextController.js
packages/server/controllers/ai/taskGenerationController.js
packages/server/controllers/auth/login.js
packages/server/controllers/auth/otpController.js
packages/server/controllers/auth/signUp.js
packages/server/controllers/badge/index.js
packages/server/controllers/booking/index.js
packages/server/controllers/buzz-factory/index.js
packages/server/controllers/campaign/index.js
packages/server/controllers/campaign/postTrackingController.js
packages/server/controllers/content/index.js
packages/server/controllers/event/event.js
packages/server/controllers/onboarding/index.js
packages/server/controllers/project/index.js
packages/server/controllers/services/booking/index.js
packages/server/controllers/task/task.js
packages/server/controllers/user/profile.js
packages/server/helpers/addSocialDetailsHelper.js
packages/server/helpers/bookingHelper.js
packages/server/helpers/language.js
packages/server/middleware/profileUpload.js
packages/server/models/Badge.js
packages/server/models/ScheduledPost.js
packages/server/models/Tag.js
packages/server/models/Task.js
packages/server/routes/ai/chat.js
packages/server/routes/ai/index.js
packages/server/routes/ai/tasks.js
packages/server/routes/auth/index.js
packages/server/routes/badge/index.js
packages/server/routes/booking/index.js
packages/server/routes/buzz-factory/index.js
packages/server/routes/campaign/index.js
packages/server/routes/content/index.js
packages/server/routes/index.js
packages/server/routes/project/index.js
packages/server/routes/task/task.js
packages/server/routes/user/index.js
packages/server/schema/calendarSettings.js
packages/server/schema/onboardingQuestionnaires.js
packages/server/schema/task.js
packages/server/services/agent/aiService.js
packages/server/services/badgeService.js
packages/server/services/buzz-questionnaires/index.js
packages/server/services/campaignService.js
packages/server/services/content/mediaAssetService.js
packages/server/services/content/schedulePostService.js
packages/server/services/eventService.js
packages/server/services/gamification/tasks/efficient-executor.js
packages/server/services/onboardingService.js
packages/server/services/postTrackingService.js
packages/server/services/projectService.js
packages/server/services/taskService.js
packages/server/services/userService.js
packages/server/utils/httpStatusCode.js
packages/server/utils/limiter.js
yarn.lock

commit b76e7ba501307566be35ead28b7c560070d42c16
Author:     Umesh Shrestha <34161121+stha-ums@users.noreply.github.com>
AuthorDate: 2025-09-01
Commit:     GitHub <noreply@github.com>
CommitDate: 2025-09-01

    fix(validation): working hours block validation [EVO-1526] (#347)

packages/server/models/CalendarSettings.js
packages/server/schema/calendarSettings.js
packages/server/services/calendarSettingsService.js

commit e4a40de5525185c0624dfc73cbee9411076723ac
Author:     Pratiush Prasain <pratiush.prasain@inicreatechnologies.com>
AuthorDate: 2025-09-01
Commit:     Pratiush Prasain <pratiush.prasain@inicreatechnologies.com>
CommitDate: 2025-09-01

    fix: added needed columns in the task

packages/server/controllers/task/task.js
packages/server/models/Task.js
packages/server/services/taskService.js

commit 673150161bf21e71f7e2dd851de752fc30fe82a2
Author:     Umesh Shrestha <34161121+stha-ums@users.noreply.github.com>
AuthorDate: 2025-09-01
Commit:     GitHub <noreply@github.com>
CommitDate: 2025-09-01

    fix(settings): Allow hours to be configurable for each working days [EVO-1526] (#345)
    
    * docs(git commit guide): added doc on how to create commits messages
    
    * fix(settings): configure working hour for each day on calender [EVO-1526]
    
    * fix(settings): configure migration on calender settings [EVO-1526]
    
    * fix(settings): remove migration and fix update api [EVO-1526]

.eslintcache
README.md
git-commit.md
package-lock.json
packages/server/controllers/user/calendar-settings.js
packages/server/models/CalendarSettings.js
packages/server/schema/calendarSettings.js
packages/server/services/calendarSettingsService.js
yarn.lock

commit 4b0c3fb1367702112f52a36ccd7bb3ea71a1ba16
Author:     Pratiush Prasain <pratiush.prasain@inicreatechnologies.com>
AuthorDate: 2025-08-29
Commit:     Pratiush Prasain <pratiush.prasain@inicreatechnologies.com>
CommitDate: 2025-08-29

    fix: update eslintrc filr

.eslintcache

commit d70e269ca30af3b0a9a6c7bdc4225e949316b3f4
Author:     pratiushprasain-ict <pratiush.prasain@inicreatechnologies.com>
AuthorDate: 2025-08-29
Commit:     GitHub <noreply@github.com>
CommitDate: 2025-08-29

    fix: test husky (#341)
    
    * fix: test husky
    
    * fix: trigger husky setup
    
    ---------
    
    Co-authored-by: Pratiush Prasain <pratiushprasain@gmail.com>

.commitlintrc.json
.eslintrc.js
.husky/commit-msg
.husky/pre-commit
.prettierrc
package-lock.json
package.json
packages/server/package.json
yarn.lock

commit 35add1e0b0198d8b318d165fc9ef30f9a594c465
Author:     pratiushprasain-ict <pratiush.prasain@inicreatechnologies.com>
AuthorDate: 2025-08-29
Commit:     GitHub <noreply@github.com>
CommitDate: 2025-08-29

    feat: get content by Id (#340)
    
    Co-authored-by: Pratiush Prasain <pratiushprasain@gmail.com>

packages/server/controllers/content/index.js
packages/server/routes/content/index.js
packages/server/services/content/schedulePostService.js

commit 7a27f6a29596d2bbb7da16af919a71da3fa57f80
Author:     Pratiush Prasain <pratiush.prasain@inicreatechnologies.com>
AuthorDate: 2025-08-29
Commit:     Pratiush Prasain <pratiush.prasain@inicreatechnologies.com>
CommitDate: 2025-08-29

    fix: added domain in swagger url

packages/server/swagger.js

commit 8a07b045781db356b86c7b334af0823aceb8ace2
Author:     Pratiush Prasain <pratiush.prasain@inicreatechnologies.com>
AuthorDate: 2025-08-29
Commit:     Pratiush Prasain <pratiush.prasain@inicreatechnologies.com>
CommitDate: 2025-08-29

    fix: swagger url updated

packages/server/swagger.js

commit 626e56c3495bd6d8c8f7308d10166e26ec11dece
Author:     Pratiush Prasain <pratiush.prasain@inicreatechnologies.com>
AuthorDate: 2025-08-29
Commit:     Pratiush Prasain <pratiush.prasain@inicreatechnologies.com>
CommitDate: 2025-08-29

    feat: added filter for the content in the content studio

packages/server/controllers/content/index.js
packages/server/services/content/schedulePostService.js

commit 348d56a261ebb9679741edb1ab9e0354fdac5c18
Author:     pratiushprasain-ict <pratiush.prasain@inicreatechnologies.com>
AuthorDate: 2025-08-28
Commit:     GitHub <noreply@github.com>
CommitDate: 2025-08-28

    feat: get schedule content to post which is on draft (#339)
    
    * feat: get schedule content to post which is on draft
    
    * fix: fetch scheduled post based on the platform
    
    * fix: swagger set to query from path
    
    ---------
    
    Co-authored-by: Pratiush Prasain <pratiushprasain@gmail.com>

packages/server/controllers/content/index.js
packages/server/routes/content/index.js
packages/server/services/content/schedulePostService.js

commit cf455bb951e24a5fddaa90c6146da54ee92555b0
Author:     pratiushprasain-ict <pratiush.prasain@inicreatechnologies.com>
AuthorDate: 2025-08-27
Commit:     GitHub <noreply@github.com>
CommitDate: 2025-08-27

    fix: ticket issue resolved (#338)
    
    Co-authored-by: Pratiush Prasain <pratiushprasain@gmail.com>

package-lock.json
packages/server/controllers/campaign/index.js
packages/server/services/campaignService.js

commit 7d2e757eda55dfe6834bd3a247544e6060735f80
Author:     Pratiush Prasain <pratiushprasain@gmail.com>
AuthorDate: 2025-08-26
Commit:     Pratiush Prasain <pratiushprasain@gmail.com>
CommitDate: 2025-08-26

    fix: added rate limiter and limit in upload middlewar

packages/server/app.js
packages/server/middleware/profileUpload.js
packages/server/routes/user/index.js
packages/server/utils/limiter.js

commit 4f919544ef18dcc707f70857956970095a83fbff
Author:     Pratiush Prasain <pratiushprasain@gmail.com>
AuthorDate: 2025-08-26
Commit:     Pratiush Prasain <pratiushprasain@gmail.com>
CommitDate: 2025-08-26

    fix: while register user profile image url set as optional

package-lock.json
packages/server/controllers/auth/signUp.js
packages/server/controllers/user/profile.js
packages/server/helpers/emailHelper.js
packages/server/package.json
packages/server/routes/user/index.js
yarn.lock

commit 82058675b0790ca4ac34463f28bbc29b5011be74
Author:     Umesh Shrestha <34161121+stha-ums@users.noreply.github.com>
AuthorDate: 2025-08-25
Commit:     GitHub <noreply@github.com>
CommitDate: 2025-08-25

    chore:delete frontend code (#336)

packages/frontend/.DS_Store
packages/frontend/README.md
packages/frontend/build/asset-manifest.json
packages/frontend/build/favicon.ico
packages/frontend/build/fonts.css
packages/frontend/build/fonts/OFL.txt
packages/frontend/build/fonts/Poppins-Black.ttf
packages/frontend/build/fonts/Poppins-BlackItalic.ttf
packages/frontend/build/fonts/Poppins-Bold.ttf
packages/frontend/build/fonts/Poppins-BoldItalic.ttf
packages/frontend/build/fonts/Poppins-ExtraBold.ttf
packages/frontend/build/fonts/Poppins-ExtraBoldItalic.ttf
packages/frontend/build/fonts/Poppins-ExtraLight.ttf
packages/frontend/build/fonts/Poppins-ExtraLightItalic.ttf
packages/frontend/build/fonts/Poppins-Italic.ttf
packages/frontend/build/fonts/Poppins-Light.ttf
packages/frontend/build/fonts/Poppins-LightItalic.ttf
packages/frontend/build/fonts/Poppins-Medium.ttf
packages/frontend/build/fonts/Poppins-MediumItalic.ttf
packages/frontend/build/fonts/Poppins-Regular.ttf
packages/frontend/build/fonts/Poppins-SemiBold.ttf
packages/frontend/build/fonts/Poppins-SemiBoldItalic.ttf
packages/frontend/build/fonts/Poppins-Thin.ttf
packages/frontend/build/fonts/Poppins-ThinItalic.ttf
packages/frontend/build/index.html
packages/frontend/build/logo192.png
packages/frontend/build/logo512.png
packages/frontend/build/manifest.json
packages/frontend/build/robots.txt
packages/frontend/build/static/css/137.8611952c.chunk.css
packages/frontend/build/static/css/137.8611952c.chunk.css.map
packages/frontend/build/static/css/1437.cbee159a.chunk.css
packages/frontend/build/static/css/1437.cbee159a.chunk.css.map
packages/frontend/build/static/css/1439.638ba565.chunk.css
packages/frontend/build/static/css/1439.638ba565.chunk.css.map
packages/frontend/build/static/css/148.a9b43264.chunk.css
packages/frontend/build/static/css/148.a9b43264.chunk.css.map
packages/frontend/build/static/css/1745.cbee159a.chunk.css
packages/frontend/build/static/css/1745.cbee159a.chunk.css.map
packages/frontend/build/static/css/1753.638ba565.chunk.css
packages/frontend/build/static/css/1753.638ba565.chunk.css.map
packages/frontend/build/static/css/191.00a2118d.chunk.css
packages/frontend/build/static/css/191.00a2118d.chunk.css.map
packages/frontend/build/static/css/3686.67cd1fe4.chunk.css
packages/frontend/build/static/css/3686.67cd1fe4.chunk.css.map
packages/frontend/build/static/css/4450.00a2118d.chunk.css
packages/frontend/build/static/css/4450.00a2118d.chunk.css.map
packages/frontend/build/static/css/4564.00a2118d.chunk.css
packages/frontend/build/static/css/4564.00a2118d.chunk.css.map
packages/frontend/build/static/css/5150.cbee159a.chunk.css
packages/frontend/build/static/css/5150.cbee159a.chunk.css.map
packages/frontend/build/static/css/5478.67cd1fe4.chunk.css
packages/frontend/build/static/css/5478.67cd1fe4.chunk.css.map
packages/frontend/build/static/css/5733.cbee159a.chunk.css
packages/frontend/build/static/css/5733.cbee159a.chunk.css.map
packages/frontend/build/static/css/6263.a9b43264.chunk.css
packages/frontend/build/static/css/6263.a9b43264.chunk.css.map
packages/frontend/build/static/css/669.8a618a86.chunk.css
packages/frontend/build/static/css/669.8a618a86.chunk.css.map
packages/frontend/build/static/css/6929.cbee159a.chunk.css
packages/frontend/build/static/css/6929.cbee159a.chunk.css.map
packages/frontend/build/static/css/7063.8611952c.chunk.css
packages/frontend/build/static/css/7063.8611952c.chunk.css.map
packages/frontend/build/static/css/7106.00a2118d.chunk.css
packages/frontend/build/static/css/7106.00a2118d.chunk.css.map
packages/frontend/build/static/css/7124.8a618a86.chunk.css
packages/frontend/build/static/css/7124.8a618a86.chunk.css.map
packages/frontend/build/static/css/7666.638ba565.chunk.css
packages/frontend/build/static/css/7666.638ba565.chunk.css.map
packages/frontend/build/static/css/7822.da225ca0.chunk.css
packages/frontend/build/static/css/7822.da225ca0.chunk.css.map
packages/frontend/build/static/css/8131.cbee159a.chunk.css
packages/frontend/build/static/css/8131.cbee159a.chunk.css.map
packages/frontend/build/static/css/822.da225ca0.chunk.css
packages/frontend/build/static/css/822.da225ca0.chunk.css.map
packages/frontend/build/static/css/9108.00a2118d.chunk.css
packages/frontend/build/static/css/9108.00a2118d.chunk.css.map
packages/frontend/build/static/css/9502.de515292.chunk.css
packages/frontend/build/static/css/9502.de515292.chunk.css.map
packages/frontend/build/static/css/main.cecf4878.css
packages/frontend/build/static/css/main.cecf4878.css.map
packages/frontend/build/static/js/100.b6de9e58.chunk.js
packages/frontend/build/static/js/100.b6de9e58.chunk.js.map
packages/frontend/build/static/js/1276.e4e0a1c0.chunk.js
packages/frontend/build/static/js/1276.e4e0a1c0.chunk.js.map
packages/frontend/build/static/js/1365.3fa40bd7.chunk.js
packages/frontend/build/static/js/1365.3fa40bd7.chunk.js.LICENSE.txt
packages/frontend/build/static/js/1365.3fa40bd7.chunk.js.map
packages/frontend/build/static/js/1437.c10ce32a.chunk.js
packages/frontend/build/static/js/1437.c10ce32a.chunk.js.map
packages/frontend/build/static/js/1439.ef0cc2b6.chunk.js
packages/frontend/build/static/js/1439.ef0cc2b6.chunk.js.map
packages/frontend/build/static/js/148.649a9efb.chunk.js
packages/frontend/build/static/js/148.649a9efb.chunk.js.map
packages/frontend/build/static/js/1497.3032eb47.chunk.js
packages/frontend/build/static/js/1497.3032eb47.chunk.js.LICENSE.txt
packages/frontend/build/static/js/1497.3032eb47.chunk.js.map
packages/frontend/build/static/js/1678.5849bb9e.chunk.js
packages/frontend/build/static/js/1678.5849bb9e.chunk.js.map
packages/frontend/build/static/js/1745.4fb0f241.chunk.js
packages/frontend/build/static/js/1745.4fb0f241.chunk.js.map
packages/frontend/build/static/js/1753.bab3a4e8.chunk.js
packages/frontend/build/static/js/1753.bab3a4e8.chunk.js.map
packages/frontend/build/static/js/191.ac4ca20a.chunk.js
packages/frontend/build/static/js/191.ac4ca20a.chunk.js.map
packages/frontend/build/static/js/2086.91c6dd0d.chunk.js
packages/frontend/build/static/js/2086.91c6dd0d.chunk.js.map
packages/frontend/build/static/js/2720.f1c32f7b.chunk.js
packages/frontend/build/static/js/2720.f1c32f7b.chunk.js.LICENSE.txt
packages/frontend/build/static/js/2720.f1c32f7b.chunk.js.map
packages/frontend/build/static/js/2806.6dd40467.chunk.js
packages/frontend/build/static/js/2806.6dd40467.chunk.js.map
packages/frontend/build/static/js/3045.de06c9a8.chunk.js
packages/frontend/build/static/js/3045.de06c9a8.chunk.js.map
packages/frontend/build/static/js/3148.aaaeee9a.chunk.js
packages/frontend/build/static/js/3148.aaaeee9a.chunk.js.map
packages/frontend/build/static/js/3152.f0a652d1.chunk.js
packages/frontend/build/static/js/3152.f0a652d1.chunk.js.map
packages/frontend/build/static/js/3167.d897f90c.chunk.js
packages/frontend/build/static/js/3167.d897f90c.chunk.js.map
packages/frontend/build/static/js/3686.5425765c.chunk.js
packages/frontend/build/static/js/3686.5425765c.chunk.js.map
packages/frontend/build/static/js/3785.9efa68a4.chunk.js
packages/frontend/build/static/js/3785.9efa68a4.chunk.js.LICENSE.txt
packages/frontend/build/static/js/3785.9efa68a4.chunk.js.map
packages/frontend/build/static/js/3842.28df3211.chunk.js
packages/frontend/build/static/js/3842.28df3211.chunk.js.map
packages/frontend/build/static/js/3903.8abb373a.chunk.js
packages/frontend/build/static/js/3903.8abb373a.chunk.js.map
packages/frontend/build/static/js/4406.418455fa.chunk.js
packages/frontend/build/static/js/4406.418455fa.chunk.js.map
packages/frontend/build/static/js/4450.71b8b7e1.chunk.js
packages/frontend/build/static/js/4450.71b8b7e1.chunk.js.map
packages/frontend/build/static/js/450.6c9b84f2.chunk.js
packages/frontend/build/static/js/450.6c9b84f2.chunk.js.map
packages/frontend/build/static/js/4564.8dff77f7.chunk.js
packages/frontend/build/static/js/4564.8dff77f7.chunk.js.map
packages/frontend/build/static/js/4672.b88edbb5.chunk.js
packages/frontend/build/static/js/4672.b88edbb5.chunk.js.map
packages/frontend/build/static/js/4939.145b4279.chunk.js
packages/frontend/build/static/js/4939.145b4279.chunk.js.map
packages/frontend/build/static/js/5150.3be33224.chunk.js
packages/frontend/build/static/js/5150.3be33224.chunk.js.map
packages/frontend/build/static/js/5188.8bcde9aa.chunk.js
packages/frontend/build/static/js/5188.8bcde9aa.chunk.js.map
packages/frontend/build/static/js/5436.73d362a2.chunk.js
packages/frontend/build/static/js/5436.73d362a2.chunk.js.map
packages/frontend/build/static/js/5478.9055966b.chunk.js
packages/frontend/build/static/js/5478.9055966b.chunk.js.map
packages/frontend/build/static/js/5733.2c1ad214.chunk.js
packages/frontend/build/static/js/5733.2c1ad214.chunk.js.map
packages/frontend/build/static/js/6263.2979ab57.chunk.js
packages/frontend/build/static/js/6263.2979ab57.chunk.js.map
packages/frontend/build/static/js/6354.d46c6220.chunk.js
packages/frontend/build/static/js/6354.d46c6220.chunk.js.map
packages/frontend/build/static/js/6929.a5b21a13.chunk.js
packages/frontend/build/static/js/6929.a5b21a13.chunk.js.map
packages/frontend/build/static/js/7063.d7d2073c.chunk.js
packages/frontend/build/static/js/7063.d7d2073c.chunk.js.map
packages/frontend/build/static/js/7106.aa745c0d.chunk.js
packages/frontend/build/static/js/7106.aa745c0d.chunk.js.map
packages/frontend/build/static/js/7124.81ffe82e.chunk.js
packages/frontend/build/static/js/7124.81ffe82e.chunk.js.map
packages/frontend/build/static/js/746.1d279dbc.chunk.js
packages/frontend/build/static/js/746.1d279dbc.chunk.js.map
packages/frontend/build/static/js/7666.f137b84d.chunk.js
packages/frontend/build/static/js/7666.f137b84d.chunk.js.map
packages/frontend/build/static/js/7667.242af45e.chunk.js
packages/frontend/build/static/js/7667.242af45e.chunk.js.LICENSE.txt
packages/frontend/build/static/js/7667.242af45e.chunk.js.map
packages/frontend/build/static/js/7795.4665aa4e.chunk.js
packages/frontend/build/static/js/7795.4665aa4e.chunk.js.map
packages/frontend/build/static/js/7822.487b9e3d.chunk.js
packages/frontend/build/static/js/7822.487b9e3d.chunk.js.map
packages/frontend/build/static/js/7866.fbbc6b73.chunk.js
packages/frontend/build/static/js/7866.fbbc6b73.chunk.js.map
packages/frontend/build/static/js/8131.c208d8c8.chunk.js
packages/frontend/build/static/js/8131.c208d8c8.chunk.js.map
packages/frontend/build/static/js/8189.34c31e23.chunk.js
packages/frontend/build/static/js/8189.34c31e23.chunk.js.map
packages/frontend/build/static/js/822.21a577e2.chunk.js
packages/frontend/build/static/js/822.21a577e2.chunk.js.map
packages/frontend/build/static/js/8453.d77eab9c.chunk.js
packages/frontend/build/static/js/8453.d77eab9c.chunk.js.map
packages/frontend/build/static/js/8463.59bb57a4.chunk.js
packages/frontend/build/static/js/8463.59bb57a4.chunk.js.map
packages/frontend/build/static/js/8595.627bd3c8.chunk.js
packages/frontend/build/static/js/8595.627bd3c8.chunk.js.map
packages/frontend/build/static/js/9108.46c7954a.chunk.js
packages/frontend/build/static/js/9108.46c7954a.chunk.js.map
packages/frontend/build/static/js/9251.ebed7d0e.chunk.js
packages/frontend/build/static/js/9251.ebed7d0e.chunk.js.map
packages/frontend/build/static/js/9331.86842e8c.chunk.js
packages/frontend/build/static/js/9331.86842e8c.chunk.js.map
packages/frontend/build/static/js/9502.b387bcb6.chunk.js
packages/frontend/build/static/js/9502.b387bcb6.chunk.js.map
packages/frontend/build/static/js/9665.b9c481a2.chunk.js
packages/frontend/build/static/js/9665.b9c481a2.chunk.js.map
packages/frontend/build/static/js/9982.fc9a2571.chunk.js
packages/frontend/build/static/js/9982.fc9a2571.chunk.js.map
packages/frontend/build/static/js/main.0e1dccac.js
packages/frontend/build/static/js/main.0e1dccac.js.LICENSE.txt
packages/frontend/build/static/js/main.0e1dccac.js.map
packages/frontend/build/static/media/AppleIcon.60aee89200f0f2d37ed3e862cb7463ce.svg
packages/frontend/build/static/media/BackIcon.d2b2228b92b6adadf06babe54a9b31bc.svg
packages/frontend/build/static/media/BadgeIcon.46ea99484be836516d20e3bef2415050.svg
packages/frontend/build/static/media/Badges.b4bf3fd118708326d9023666c8b50af3.svg
packages/frontend/build/static/media/CalendarIcon.0c891d58b22d9f9fb8ffc5e8e7520285.svg
packages/frontend/build/static/media/CardIcon.84edd2fa9113117aa9c093e22057b63e.svg
packages/frontend/build/static/media/ClockIcon.a8aa9faae261b88025a33b8dfad1d357.svg
packages/frontend/build/static/media/CollaboratorIcon.a562e53ed1a3995aa2875d8afe701028.svg
packages/frontend/build/static/media/ConnectIcon.ceea0f09cdced5726f2410d4088c16c7.svg
packages/frontend/build/static/media/CrossIcon.d08b0184b2b09a962f61d7d3b3d82d52.svg
packages/frontend/build/static/media/DeleteIcon.97566b16bcce3766543cb90dadb113d9.svg
packages/frontend/build/static/media/EditIcon.4ff6d4e66fdff7db2afe4a2f81628508.svg
packages/frontend/build/static/media/EnterprisePlan.20d63c44b1a8788eca7988e21ff8ff49.svg
packages/frontend/build/static/media/EventIcon.f822dcbc69f12fb01e34e8d40ba164ed.svg
packages/frontend/build/static/media/FilterIcon.bed3d77fe0e0e65afbc444e955978424.svg
packages/frontend/build/static/media/GoalIcon.88e36c2a1c9e6e2068a528a1ba56b0c8.svg
packages/frontend/build/static/media/LeftArrow.cf52087deeadea789453dda26609f5dd.svg
packages/frontend/build/static/media/Level1.8d508de695a80288710633a1163fb04c.svg
packages/frontend/build/static/media/Level3Badge.f11bf51666f382e19d335fe8c0a67bb3.svg
packages/frontend/build/static/media/LocationIcon.282ca28966cb87041e23567de143ddc3.svg
packages/frontend/build/static/media/LoginBanner.4bfc43313bffb7451fd7.png
packages/frontend/build/static/media/LogoutIcon.18106d72aa760bd9de3f123aad23d00e.svg
packages/frontend/build/static/media/MixingIcon.eef7ea8cc0a9f06cecde68c5caa445e7.svg
packages/frontend/build/static/media/NotificationIcon.6d6738c796c948a2b6f5cf473afcbea8.svg
packages/frontend/build/static/media/PhotoshootIcon.3a7bb4065da4041e6d15ae5272910dc5.svg
packages/frontend/build/static/media/PlusIcon.799d17da52a4ad4c71e3fe8627d1008e.svg
packages/frontend/build/static/media/PlusIconPrimaryColor.839215872d8fa569ea54022b02863f91.svg
packages/frontend/build/static/media/Poppins-Black.c78fe16aec75b2fc38d0.ttf
packages/frontend/build/static/media/Price.8a16c8441a35788ac0315e0a19e7d830.svg
packages/frontend/build/static/media/ProPlan.d80a553a11e9aeea3a08ce3dbc758487.svg
packages/frontend/build/static/media/RightArrow.3769cf8cce00d47c9052c4ffd33e65a8.svg
packages/frontend/build/static/media/ServicesIcon.a5ab30349b9830fc1cdfacab3426203d.svg
packages/frontend/build/static/media/SettingsIcon.378bcf4dc6aad3800abba268cdc513af.svg
packages/frontend/build/static/media/SignupBanner.cce3057f39e44d695a7d.png
packages/frontend/build/static/media/SocialIcon.aa074b56d1b3db2bbcbf87a96e85e548.svg
packages/frontend/build/static/media/StudioTimeIcon.8bf3d0a0fbc72be342ba002882e9dab7.svg
packages/frontend/build/static/media/TagIcon.548c3e234200c1e6d4feda539d86ddd7.svg
packages/frontend/build/static/media/ThankyouIcon.2384e99b8e50cc5b0a38f8a5c4d34861.svg
packages/frontend/build/static/media/booking-banner.c55ed6c421064cd02eca.png
packages/frontend/build/static/media/dripicons-v2.09c9c870ef8f9cffcc8f.ttf
packages/frontend/build/static/media/dripicons-v2.4cecedd188b606da855d.svg
packages/frontend/build/static/media/dripicons-v2.7f392f1e4787b46b3e8b.eot
packages/frontend/build/static/media/dripicons-v2.f19dcc0358afed69d277.woff
packages/frontend/build/static/media/fontawesome-webfont.1e59d2330b4c6deb84b3.ttf
packages/frontend/build/static/media/fontawesome-webfont.20fd1704ea223900efa9.woff2
packages/frontend/build/static/media/fontawesome-webfont.8b43027f47b20503057d.eot
packages/frontend/build/static/media/fontawesome-webfont.c1e38fd9e0e74ba58f7a.svg
packages/frontend/build/static/media/fontawesome-webfont.f691f37e57f04c152e23.woff
packages/frontend/build/static/media/instagramIcon.1f9ef894bd18972d43bd77fd6f3a57e6.svg
packages/frontend/build/static/media/materialdesignicons-webfont.3bc134ab46073ceeec53.svg
packages/frontend/build/static/media/materialdesignicons-webfont.63c876ae4d870014b228.woff
packages/frontend/build/static/media/materialdesignicons-webfont.93ba1198dd07efc2e2e7.woff2
packages/frontend/build/static/media/materialdesignicons-webfont.f016085c0b5c05f344cd.eot
packages/frontend/build/static/media/materialdesignicons-webfont.f829d51c3eb688c72f03.ttf
packages/frontend/build/static/media/soundCloudIcon.f0cff1a6e2ca37347fb2abeb18c5014e.svg
packages/frontend/build/static/media/spotifyIcon.fcd58663fae779752b351b72d79e6215.svg
packages/frontend/build/static/media/themify.29b39089170885ae2967.woff
packages/frontend/build/static/media/themify.9bad94440d49256265a5.eot
packages/frontend/build/static/media/themify.eda8b94308c6f538f04a.ttf
packages/frontend/build/static/media/themify.f0fc8c798eac5636249c.svg
packages/frontend/build/static/media/tiktokIcon.683a727b4dc1704162ec8e6525d74103.svg
packages/frontend/build/static/media/twitterIcon.d5895a59cd0f139a531695201b128800.svg
packages/frontend/build/static/media/youtubeIcon.88a2971c5e1456fc900e3d47a92b4120.svg
packages/frontend/craco.config.js
packages/frontend/package.json
packages/frontend/postcss.config.js
packages/frontend/public/favicon.ico
packages/frontend/public/fonts.css
packages/frontend/public/fonts/OFL.txt
packages/frontend/public/fonts/Poppins-Black.ttf
packages/frontend/public/fonts/Poppins-BlackItalic.ttf
packages/frontend/public/fonts/Poppins-Bold.ttf
packages/frontend/public/fonts/Poppins-BoldItalic.ttf
packages/frontend/public/fonts/Poppins-ExtraBold.ttf
packages/frontend/public/fonts/Poppins-ExtraBoldItalic.ttf
packages/frontend/public/fonts/Poppins-ExtraLight.ttf
packages/frontend/public/fonts/Poppins-ExtraLightItalic.ttf
packages/frontend/public/fonts/Poppins-Italic.ttf
packages/frontend/public/fonts/Poppins-Light.ttf
packages/frontend/public/fonts/Poppins-LightItalic.ttf
packages/frontend/public/fonts/Poppins-Medium.ttf
packages/frontend/public/fonts/Poppins-MediumItalic.ttf
packages/frontend/public/fonts/Poppins-Regular.ttf
packages/frontend/public/fonts/Poppins-SemiBold.ttf
packages/frontend/public/fonts/Poppins-SemiBoldItalic.ttf
packages/frontend/public/fonts/Poppins-Thin.ttf
packages/frontend/public/fonts/Poppins-ThinItalic.ttf
packages/frontend/public/index.html
packages/frontend/public/logo192.png
packages/frontend/public/logo512.png
packages/frontend/public/manifest.json
packages/frontend/public/robots.txt
packages/frontend/src/.DS_Store
packages/frontend/src/actions/reducerToolsAction.js
packages/frontend/src/assets/css/icons.css
packages/frontend/src/assets/fonts/AvenirNextFont.ttf
packages/frontend/src/assets/fonts/FontAwesome.otf
packages/frontend/src/assets/fonts/OFL.txt
packages/frontend/src/assets/fonts/Poppins-Black.ttf
packages/frontend/src/assets/fonts/Poppins-BlackItalic.ttf
packages/frontend/src/assets/fonts/Poppins-Bold.ttf
packages/frontend/src/assets/fonts/Poppins-BoldItalic.ttf
packages/frontend/src/assets/fonts/Poppins-ExtraBold.ttf
packages/frontend/src/assets/fonts/Poppins-ExtraBoldItalic.ttf
packages/frontend/src/assets/fonts/Poppins-ExtraLight.ttf
packages/frontend/src/assets/fonts/Poppins-ExtraLightItalic.ttf
packages/frontend/src/assets/fonts/Poppins-Italic.ttf
packages/frontend/src/assets/fonts/Poppins-Light.ttf
packages/frontend/src/assets/fonts/Poppins-LightItalic.ttf
packages/frontend/src/assets/fonts/Poppins-Medium.ttf
packages/frontend/src/assets/fonts/Poppins-MediumItalic.ttf
packages/frontend/src/assets/fonts/Poppins-Regular.ttf
packages/frontend/src/assets/fonts/Poppins-SemiBold.ttf
packages/frontend/src/assets/fonts/Poppins-SemiBoldItalic.ttf
packages/frontend/src/assets/fonts/Poppins-Thin.ttf
packages/frontend/src/assets/fonts/Poppins-ThinItalic.ttf
packages/frontend/src/assets/fonts/dripicons-v2.eot
packages/frontend/src/assets/fonts/dripicons-v2.svg
packages/frontend/src/assets/fonts/dripicons-v2.ttf
packages/frontend/src/assets/fonts/dripicons-v2.woff
packages/frontend/src/assets/fonts/fontawesome-webfont.eot
packages/frontend/src/assets/fonts/fontawesome-webfont.svg
packages/frontend/src/assets/fonts/fontawesome-webfont.ttf
packages/frontend/src/assets/fonts/fontawesome-webfont.woff
packages/frontend/src/assets/fonts/fontawesome-webfont.woff2
packages/frontend/src/assets/fonts/materialdesignicons-webfont.eot
packages/frontend/src/assets/fonts/materialdesignicons-webfont.svg
packages/frontend/src/assets/fonts/materialdesignicons-webfont.ttf
packages/frontend/src/assets/fonts/materialdesignicons-webfont.woff
packages/frontend/src/assets/fonts/materialdesignicons-webfont.woff2
packages/frontend/src/assets/fonts/themify.eot
packages/frontend/src/assets/fonts/themify.svg
packages/frontend/src/assets/fonts/themify.ttf
packages/frontend/src/assets/fonts/themify.woff
packages/frontend/src/assets/images/Avatar.png
packages/frontend/src/assets/images/LoginBanner.png
packages/frontend/src/assets/images/ServiceBanner.png
packages/frontend/src/assets/images/SignupBanner.png
packages/frontend/src/assets/images/booking-banner.png
packages/frontend/src/assets/images/icon-image/AppleIcon.svg
packages/frontend/src/assets/images/icon-image/BackIcon.svg
packages/frontend/src/assets/images/icon-image/BadgeIcon.svg
packages/frontend/src/assets/images/icon-image/Badges.svg
packages/frontend/src/assets/images/icon-image/CalendarIcon.svg
packages/frontend/src/assets/images/icon-image/CardIcon.svg
packages/frontend/src/assets/images/icon-image/ClockIcon.svg
packages/frontend/src/assets/images/icon-image/CollaboratorIcon.svg
packages/frontend/src/assets/images/icon-image/ConnectIcon.svg
packages/frontend/src/assets/images/icon-image/CrossIcon.svg
packages/frontend/src/assets/images/icon-image/DashboardIcon.png
packages/frontend/src/assets/images/icon-image/DeleteIcon.svg
packages/frontend/src/assets/images/icon-image/EditIcon.svg
packages/frontend/src/assets/images/icon-image/EnterprisePlan.svg
packages/frontend/src/assets/images/icon-image/EventIcon.svg
packages/frontend/src/assets/images/icon-image/FilterIcon.svg
packages/frontend/src/assets/images/icon-image/GoalIcon.svg
packages/frontend/src/assets/images/icon-image/LeftArrow.svg
packages/frontend/src/assets/images/icon-image/Level1.svg
packages/frontend/src/assets/images/icon-image/Level3Badge.svg
packages/frontend/src/assets/images/icon-image/LocationIcon.svg
packages/frontend/src/assets/images/icon-image/LogoutIcon.svg
packages/frontend/src/assets/images/icon-image/MixingIcon.svg
packages/frontend/src/assets/images/icon-image/NotificationIcon.svg
packages/frontend/src/assets/images/icon-image/PhotoshootIcon.svg
packages/frontend/src/assets/images/icon-image/PlusIcon.svg
packages/frontend/src/assets/images/icon-image/PlusIconPrimaryColor.svg
packages/frontend/src/assets/images/icon-image/Price.svg
packages/frontend/src/assets/images/icon-image/ProPlan.svg
packages/frontend/src/assets/images/icon-image/RightArrow.svg
packages/frontend/src/assets/images/icon-image/ServicesIcon.svg
packages/frontend/src/assets/images/icon-image/SettingsIcon.svg
packages/frontend/src/assets/images/icon-image/SocialIcon.svg
packages/frontend/src/assets/images/icon-image/StudioTimeIcon.svg
packages/frontend/src/assets/images/icon-image/TagIcon.svg
packages/frontend/src/assets/images/icon-image/ThankyouIcon.svg
packages/frontend/src/assets/images/icon-image/instagramIcon.svg
packages/frontend/src/assets/images/icon-image/soundCloudIcon.svg
packages/frontend/src/assets/images/icon-image/spotifyIcon.svg
packages/frontend/src/assets/images/icon-image/tiktokIcon.svg
packages/frontend/src/assets/images/icon-image/twitterIcon.svg
packages/frontend/src/assets/images/icon-image/youtubeIcon.svg
packages/frontend/src/assets/images/logo.png
packages/frontend/src/assets/svg/booking-icons.js
packages/frontend/src/assets/svg/payment-completed.js
packages/frontend/src/components/Auth/ForgotPasswordForm.js
packages/frontend/src/components/Auth/LoginForm.js
packages/frontend/src/components/Auth/OTPInput.js
packages/frontend/src/components/Auth/OTPVerificationForm.js
packages/frontend/src/components/Auth/ResetLinkSent.js
packages/frontend/src/components/Auth/ResetPasswordForm.js
packages/frontend/src/components/Auth/SignUpForm.js
packages/frontend/src/components/Auth/VerifyEmail.js
packages/frontend/src/components/Auth/index.css
packages/frontend/src/components/AuthLayout/index.css
packages/frontend/src/components/AuthLayout/index.js
packages/frontend/src/components/Badges/DATA.js
packages/frontend/src/components/Badges/List.js
packages/frontend/src/components/Booking/CheckoutForm.js
packages/frontend/src/components/Booking/ChooseEventTime.js
packages/frontend/src/components/Booking/ChooseProfessionalStep.js
packages/frontend/src/components/Booking/DATA.js
packages/frontend/src/components/Booking/List.js
packages/frontend/src/components/Booking/MiniCalendar.js
packages/frontend/src/components/Booking/Payment.js
packages/frontend/src/components/Booking/PaymentSuccess.js
packages/frontend/src/components/Booking/ServiceStep.js
packages/frontend/src/components/Booking/Stepper.js
packages/frontend/src/components/Booking/StepperComponent.js
packages/frontend/src/components/Booking/index.css
packages/frontend/src/components/BookingHistory/List.js
packages/frontend/src/components/BookingHistory/Popup.js
packages/frontend/src/components/Calendar/CustomTooltip.js
packages/frontend/src/components/Calendar/DATA.js
packages/frontend/src/components/Calendar/Event.js
packages/frontend/src/components/Calendar/MyCalendar.js
packages/frontend/src/components/Calendar/Task.js
packages/frontend/src/components/Chart/DATA.js
packages/frontend/src/components/Chart/LineChart.js
packages/frontend/src/components/Common/AntdComponents/index.js
packages/frontend/src/components/Common/AntdComponents/normalize.css
packages/frontend/src/components/Common/PDFCustomNavigation/index.css
packages/frontend/src/components/Common/PDFCustomNavigation/index.js
packages/frontend/src/components/Common/ReactDatePicker/index.js
packages/frontend/src/components/Common/ReactPdf/index.js
packages/frontend/src/components/Context/AuthContext.js
packages/frontend/src/components/Dashboard/List.js
packages/frontend/src/components/Drawer/Drawer.js
packages/frontend/src/components/Drawer/drawer.css
packages/frontend/src/components/Event/Accordion.js
packages/frontend/src/components/Event/CreateEventComponent.js
packages/frontend/src/components/Event/DATA.js
packages/frontend/src/components/Event/EditTableRow.js
packages/frontend/src/components/Event/List.js
packages/frontend/src/components/Event/index.css
packages/frontend/src/components/Exceptions/403Unauthorized.js
packages/frontend/src/components/Exceptions/404NotFound.js
packages/frontend/src/components/Layout/Header/index.js
packages/frontend/src/components/Layout/SideNav/NavMenuItem.js
packages/frontend/src/components/Layout/SideNav/index.js
packages/frontend/src/components/Layout/index.css
packages/frontend/src/components/Layout/index.js
packages/frontend/src/components/Loading/Loader.js
packages/frontend/src/components/Loading/index.js
packages/frontend/src/components/LoginLayout/Header/index.js
packages/frontend/src/components/LoginLayout/index.js
packages/frontend/src/components/Metrics/MetricsCard.js
packages/frontend/src/components/Onboarding/DATA.js
packages/frontend/src/components/Onboarding/List.js
packages/frontend/src/components/Onboarding/index.css
packages/frontend/src/components/PaymentPage/List.js
packages/frontend/src/components/PaymentPage/data.js
packages/frontend/src/components/PaymentPage/index.css
packages/frontend/src/components/ProfileImage/List.js
packages/frontend/src/components/ProfileImage/index.css
packages/frontend/src/components/Services/DATA.js
packages/frontend/src/components/Services/List.js
packages/frontend/src/components/Services/MiniCalendar.js
packages/frontend/src/components/Services/index.css
packages/frontend/src/components/Social/List.js
packages/frontend/src/components/Social/ViewPage.js
packages/frontend/src/components/Stripe/CheckoutForm.js
packages/frontend/src/components/Stripe/checkoutForm.css
packages/frontend/src/components/Table/EditingTable.js
packages/frontend/src/components/Task/CreateTaskComponent.js
packages/frontend/src/components/Task/DATA.js
packages/frontend/src/components/Task/index.css
packages/frontend/src/components/Thankyou/ThankyouScreen.js
packages/frontend/src/index.css
packages/frontend/src/index.js
packages/frontend/src/pages/App/AsyncComponent.js
packages/frontend/src/pages/App/index.js
packages/frontend/src/pages/Auth/ForgotPasswordPage.js
packages/frontend/src/pages/Auth/LoginPage.js
packages/frontend/src/pages/Auth/OTPVerificationPage.js
packages/frontend/src/pages/Auth/ResetPasswordPage.js
packages/frontend/src/pages/Auth/SignUpPage.js
packages/frontend/src/pages/Auth/index.js
packages/frontend/src/pages/Badges/ListPage.js
packages/frontend/src/pages/Badges/index.js
packages/frontend/src/pages/Booking/ListPage.js
packages/frontend/src/pages/Booking/PaymentSuccess.js
packages/frontend/src/pages/Booking/index.js
packages/frontend/src/pages/BookingHistory/ListPage.js
packages/frontend/src/pages/BookingHistory/index.js
packages/frontend/src/pages/Callback/Callback.js
packages/frontend/src/pages/Callback/InstagramCallback.js
packages/frontend/src/pages/Callback/index.js
packages/frontend/src/pages/Dashboard/ListPage.js
packages/frontend/src/pages/Dashboard/index.js
packages/frontend/src/pages/Event/ListPage.js
packages/frontend/src/pages/Event/index.js
packages/frontend/src/pages/Goals/ListPage.js
packages/frontend/src/pages/Goals/index.js
packages/frontend/src/pages/MakePayment/ListPage.js
packages/frontend/src/pages/MakePayment/index.js
packages/frontend/src/pages/Onboarding/OnboardingPage.js
packages/frontend/src/pages/Onboarding/index.js
packages/frontend/src/pages/ProfilePicture/ProfilePicture.js
packages/frontend/src/pages/ProfilePicture/index.js
packages/frontend/src/pages/Services/ListPage.js
packages/frontend/src/pages/Services/index.js
packages/frontend/src/pages/Settings/ListPage.js
packages/frontend/src/pages/Settings/index.js
packages/frontend/src/pages/Social/Callback.js
packages/frontend/src/pages/Social/ListPage.js
packages/frontend/src/pages/Social/ViewPage.js
packages/frontend/src/pages/Social/index.js
packages/frontend/src/reducers/authReducer.js
packages/frontend/src/reducers/bookingSlotReducer.js
packages/frontend/src/reducers/dashboardReducer.js
packages/frontend/src/reducers/eventReducer.js
packages/frontend/src/reducers/index.js
packages/frontend/src/reducers/professionalReducer.js
packages/frontend/src/reducers/serviceReducer.js
packages/frontend/src/reducers/taskReducer.js
packages/frontend/src/routes/Authorization.js
packages/frontend/src/routes/ChildRoutes.js
packages/frontend/src/routes/PrivateRoute.js
packages/frontend/src/routes/PublicRoute.js
packages/frontend/src/routes/RestrictRoute.js
packages/frontend/src/serviceWorker.js
packages/frontend/src/services/AuthService.js
packages/frontend/src/services/BookingService.js
packages/frontend/src/services/DashboardService.js
packages/frontend/src/services/EventService.js
packages/frontend/src/services/ProfessionalService.js
packages/frontend/src/services/ServiceService.js
packages/frontend/src/services/SocialService.js
packages/frontend/src/services/TaskService.js
packages/frontend/src/services/commonServices.js
packages/frontend/src/services/userService.js
packages/frontend/src/setupTests.js
packages/frontend/src/store/configureStore.js
packages/frontend/src/styles/normalize.css
packages/frontend/src/utils/apiUtil.js
packages/frontend/src/utils/authUtil.js
packages/frontend/src/utils/commonUtils.js
packages/frontend/src/utils/constants/actionTypes.js
packages/frontend/src/utils/constants/appConfigs.js
packages/frontend/src/utils/constants/navMenu.js
packages/frontend/src/utils/dataSource/spotify.js
packages/frontend/src/utils/history.js
packages/frontend/src/utils/httpUtil.js
packages/frontend/src/utils/permissionUtil.js
packages/frontend/src/utils/storageUtil.js
packages/frontend/src/windowSize.js
packages/frontend/tailwind.config.js
packages/frontend/yarn-error.log

commit 28865d756646a78beb0115b60f7ee5b36a04e69b
Author:     Umesh Shrestha <34161121+stha-ums@users.noreply.github.com>
AuthorDate: 2025-08-25
Commit:     GitHub <noreply@github.com>
CommitDate: 2025-08-25

    EVO-1653; Enhanced Campaign Posts Filtering System (#335)
    
    * feat: filter posts from champaign
    
    * fix: allow to save posts for schedule as draft and api to make draft post to scheduled post

packages/server/controllers/campaign/index.js
packages/server/controllers/content/index.js
packages/server/models/ScheduledPost.js
packages/server/routes/content/index.js
packages/server/services/campaignService.js
packages/server/services/content/schedulePostService.js
packages/server/services/postTrackingService.js

commit 535d207fbe98188d1bac2d2b589b3f749193ddb0
Author:     Umesh Shrestha <34161121+stha-ums@users.noreply.github.com>
AuthorDate: 2025-08-25
Commit:     GitHub <noreply@github.com>
CommitDate: 2025-08-25

    Evo 1532 (#334)
    
    * EV0-1526; calender settings api
    
    * Smart Calendar backend: add workItems→eventProposals flow, return suggestedEvents and ready-to-post eventPayloads; normalize prefs (weekday segments + timezone). Wire FastAPI calendar base, add Zod validation, and Swagger docs for analyze, schedule, conflicts, optimize. Provide smoke script and keep smart-calendar endpoints read-only (FE accepts via existing /events).
    
    * Began building the scaffolding for scheduled tasks to event flow. That is to say the ability for the backend to place tasks that have a scheduled date into a prospective time slot within the calendar. This will be only as proposed events, leveraging functionality already built within the smart calendar feature.
    
    * Continued progress on the development of the task to event pipeline
    
    * feat: implement task-to-event auto-scheduling with microservice integration
    
    - Fix auth header passing through event emission system
    - Integrate smart-schedule microservice with proper field mapping (work_items vs tasks)
    - Add fallback to basic scheduling when microservice returns no proposals
    - Support eligibility criteria: HIGH priority OR due within 3 days
    - Add timezone sanitization for unreasonable scheduling times
    
    * feat: filter events
    
    * feat: sync and cron job
    
    * feat: add documentation on calender apis and setup cron job to run every 15 min
    
    * fix: use primary calender instead of using all calendar if not specified
    
    ---------
    
    Co-authored-by: Henry Cikanek <cikanekhenry@gmail.com>

.gitignore
package-lock.json
packages/server/app.js
packages/server/controllers/event/event.js
packages/server/controllers/google/calender/index.js
packages/server/models/Event.js
packages/server/models/GoogleCalender.js
packages/server/package.json
packages/server/routes/google/index.js
packages/server/server.js
packages/server/services/calendarSyncCronService.js
packages/server/services/eventService.js
packages/server/services/google/calendar/index.js
yarn.lock

commit d71f3da65297e80a6d03c813818b989338d5762f
Author:     Umesh Shrestha <34161121+stha-ums@users.noreply.github.com>
AuthorDate: 2025-08-25
Commit:     GitHub <noreply@github.com>
CommitDate: 2025-08-25

    EV0-1526; calender settings api (#328)
    
    * EV0-1526; calender settings api
    
    * Smart Calendar backend: add workItems→eventProposals flow, return suggestedEvents and ready-to-post eventPayloads; normalize prefs (weekday segments + timezone). Wire FastAPI calendar base, add Zod validation, and Swagger docs for analyze, schedule, conflicts, optimize. Provide smoke script and keep smart-calendar endpoints read-only (FE accepts via existing /events).
    
    * Began building the scaffolding for scheduled tasks to event flow. That is to say the ability for the backend to place tasks that have a scheduled date into a prospective time slot within the calendar. This will be only as proposed events, leveraging functionality already built within the smart calendar feature.
    
    * Continued progress on the development of the task to event pipeline
    
    * feat: implement task-to-event auto-scheduling with microservice integration
    
    - Fix auth header passing through event emission system
    - Integrate smart-schedule microservice with proper field mapping (work_items vs tasks)
    - Add fallback to basic scheduling when microservice returns no proposals
    - Support eligibility criteria: HIGH priority OR due within 3 days
    - Add timezone sanitization for unreasonable scheduling times
    
    * Standardize scheduler payload: replace preferredDate with deadline
    Background auto-scheduler (services/taskEventSchedulerService.js)
    Work item shape now: { id, title, durationMins, deadline }
    deadline is sourced from task.endDate (frontend “Due Date”)
    Removed preferredDate from payload
    Smart calendar controller (controllers/smartCalendar/index.js)
    convertTasksToWorkItems now emits deadline instead of preferredDate
    Keeps both duration_mins and durationMins for compatibility
    No change to envelope keys (work_items vs tasks/workItems), dateRange, or existingEvents
    Rationale
    Aligns with domain terminology: “Due Date” → scheduling deadline
    Simplifies microservice input normalization; preferredDate deprecated
    
    * chore: ignore packages/server/globalConfig.json (local jest artifact)
    
    ---------
    
    Co-authored-by: Henry Cikanek <cikanekhenry@gmail.com>

.gitignore
packages/server/__tests__/smartCalendar.test.js
packages/server/__tests__/taskEventIntegration.test.js
packages/server/__tests__/taskEventScheduler.test.js
packages/server/controllers/smartCalendar/index.js
packages/server/controllers/user/calendar-settings.js
packages/server/eventsHub/eventListener.js
packages/server/models/CalendarPreferences.js
packages/server/models/CalendarSettings.js
packages/server/models/Event.js
packages/server/models/Task.js
packages/server/package.json
packages/server/routes/index.js
packages/server/routes/smartCalendar/index.js
packages/server/routes/user/index.js
packages/server/schema/calendarSettings.js
packages/server/schema/smartCalendar.js
packages/server/scripts/runTaskEventTests.sh
packages/server/scripts/smartCalendar.smoke.js
packages/server/services/calendarSettingsService.js
packages/server/services/google/chatSchedulerService.js
packages/server/services/taskEventSchedulerService.js
packages/server/services/taskService.js
packages/server/setupTests.js

commit 430f27420a71a254c0ba422b1ea57c876b9d5cec
Author:     Pratiush Prasain <pratiushprasain@gmail.com>
AuthorDate: 2025-08-25
Commit:     Pratiush Prasain <pratiushprasain@gmail.com>
CommitDate: 2025-08-25

    fix: cross env fixed for the start script

package-lock.json
packages/server/package.json
packages/server/run-dev.js
yarn.lock

commit cb437c1b0aa46f4b4c923577c7f3f44b44bdf702
Author:     Umesh Shrestha <stha.ums@gmail.com>
AuthorDate: 2025-08-22
Commit:     Umesh Shrestha <stha.ums@gmail.com>
CommitDate: 2025-08-22

    fix: reorder routes on campagin for statistics and bulk update

packages/server/routes/campaign/index.js

commit dd8cfe317c8fc08da02f95e3a76f49078c51f679
Author:     Umesh Shrestha <34161121+stha-ums@users.noreply.github.com>
AuthorDate: 2025-08-22
Commit:     GitHub <noreply@github.com>
CommitDate: 2025-08-22

    Evo 1440 (#327)
    
    * fix: task effeicentcy
    
    * EVO-1439; project data progress analytics

packages/server/app.js
packages/server/controllers/task/task.js
packages/server/models/Task.js
packages/server/routes/task/task.js
packages/server/services/taskService.js
packages/server/swagger.js

commit 259f28c29428b2da74ab1b9043a79dbcc42017bf
Author:     Jacob Stallings <jacobcstallings@icloud.com>
AuthorDate: 2025-08-19
Commit:     GitHub <noreply@github.com>
CommitDate: 2025-08-19

    Evo 1414 pt. 2 - Top Performing Posts API - filter by date & platform (#333)
    
    * filter posts by platform and sort by performance test
    
    * exclude external platform assets from assets list by default
    
    * schema changes - top performing posts api

packages/server/models/MediaAsset.js
packages/server/models/ScheduledPost.js
packages/server/services/content/mediaAssetService.js
packages/server/utils/apiFeatures.js

commit e0565c070c7090e860c785fc20ba98fc55fea57a
Author:     Rajib Shresth <rajibstha059@gmail.com>
AuthorDate: 2025-08-19
Commit:     Rajib Shresth <rajibstha059@gmail.com>
CommitDate: 2025-08-19

    feat: campaign list api, fetch api, cloud storage api creation

packages/server/controllers/campaign/index.js
packages/server/controllers/campaign/postTrackingController.js
packages/server/controllers/cloud-storage/index.js
packages/server/docs/CAMPAIGN_POST_TRACKING.md
packages/server/docs/cloud-storage-status-example.json
packages/server/helpers/language.js
packages/server/models/CloudStorage.js
packages/server/models/ScheduledPost.js
packages/server/routes/campaign/index.js
packages/server/routes/cloud-storage/index.js
packages/server/routes/google/index.js
packages/server/routes/index.js
packages/server/services/campaignService.js
packages/server/services/cloud-storage/CloudStorageService.js
packages/server/services/cloud-storage/StorageProviderFactory.js
packages/server/services/cloud-storage/providers/BaseStorageProvider.js
packages/server/services/cloud-storage/providers/DropboxProvider.js
packages/server/services/cloud-storage/providers/GoogleDriveProvider.js
packages/server/services/content/schedulePostService.js
packages/server/services/postTrackingService.js

commit 69623597910ad9b178ee705a43c12c72620ba189
Author:     Rajib Shresth <rajibstha059@gmail.com>
AuthorDate: 2025-08-14
Commit:     Rajib Shresth <rajibstha059@gmail.com>
CommitDate: 2025-08-14

    fix: get api for scheduled post

packages/server/services/content/schedulePostService.js
packages/server/utils/apiFeatures.js

commit aec9e4df62bb9b5cfc24c07144ffe8e50a1b0730
Author:     Jacob Stallings <jacobcstallings@icloud.com>
AuthorDate: 2025-08-13
Commit:     GitHub <noreply@github.com>
CommitDate: 2025-08-13

    add tag filter to tasks (#331)

packages/server/utils/apiFeatures.js

commit f15d27c0fc83c679660c15bde38178e13a455321
Author:     Jacob Stallings <jacobcstallings@icloud.com>
AuthorDate: 2025-08-13
Commit:     GitHub <noreply@github.com>
CommitDate: 2025-08-13

    schema changes for task tags, add social media tag (#330)

packages/server/models/Task.js
packages/server/seeds/seedTags.js

commit 17b3c8e56308ed8b9fefd7cfd54796051d487ed9
Author:     Rajib Shresth <rajibstha059@gmail.com>
AuthorDate: 2025-08-13
Commit:     Rajib Shresth <rajibstha059@gmail.com>
CommitDate: 2025-08-13

    feat: created add campaign api, get campaign api

packages/server/controllers/campaign/index.js
packages/server/docs/CAMPAIGN_API.md
packages/server/models/Campaign.js
packages/server/models/ScheduledPost.js
packages/server/routes/campaign/index.js
packages/server/routes/index.js
packages/server/services/campaignService.js

commit 4a0a84abdf2ef3386d8b2328917a32856c28b066
Author:     Rajib Shresth <rajibstha059@gmail.com>
AuthorDate: 2025-08-08
Commit:     Rajib Shresth <rajibstha059@gmail.com>
CommitDate: 2025-08-08

    fix: syntax error fixed

packages/server/controllers/ai/chatController.js

commit 65f2eb10045af3356860fd8b1213d098140e0ec9
Author:     Rajib Shrestha <33756765+Rajibshrestha59@users.noreply.github.com>
AuthorDate: 2025-08-08
Commit:     GitHub <noreply@github.com>
CommitDate: 2025-08-08

    removed console.log

packages/server/controllers/ai/chatController.js

commit ef686c9e30a2c1a6cf1213e4dbe5a4880afe7f3b
Author:     Umesh Shrestha <34161121+stha-ums@users.noreply.github.com>
AuthorDate: 2025-08-08
Commit:     GitHub <noreply@github.com>
CommitDate: 2025-08-08

    feat: stats summary for tasks (#323)

packages/server/controllers/task/task.js
packages/server/models/Task.js
packages/server/routes/task/task.js
packages/server/services/taskService.js

commit 0f04a4f55fc17c35bc129d66f5175cb12745524b
Author:     Jacob Stallings <jacobcstallings@icloud.com>
AuthorDate: 2025-08-07
Commit:     GitHub <noreply@github.com>
CommitDate: 2025-08-07

    EVO-1415 GET all posts, filtering options (#326)
    
    * get all scheduled posts api with filters
    
    * initial scheduled posts filtering works
    
    * refactor apiFeatures class
    
    * feat: bulk update and delete tasks (#321)
    
    * fix: filter tasks based on datetime range win inclusion of timezone (#322)
    
    * EVO-1491 Post Metrics & Content details API (#325)
    
    * add notes and tags to content schema
    
    * seedBadges fix
    
    * GET /scheduled-post
    
    * creatorInfo got left out of schedulePost schema
    
    * mark scheduledpost as internal or external for insights pipeline
    
    ---------
    
    Co-authored-by: Umesh Shrestha <34161121+stha-ums@users.noreply.github.com>

commit c910c734731fc0c437eccaa78cc02cbc8b0f6683
Author:     Jacob Stallings <jacobcstallings@icloud.com>
AuthorDate: 2025-08-07
Commit:     GitHub <noreply@github.com>
CommitDate: 2025-08-07

    EVO-1491 Post Metrics & Content details API (#325)
    
    * add notes and tags to content schema
    
    * seedBadges fix
    
    * GET /scheduled-post
    
    * creatorInfo got left out of schedulePost schema
    
    * mark scheduledpost as internal or external for insights pipeline

packages/server/controllers/content/index.js
packages/server/models/ScheduledPost.js
packages/server/services/content/schedulePostService.js

commit 9e330273e87132c777a6df73ad6a434abbf919cd
Author:     Umesh Shrestha <34161121+stha-ums@users.noreply.github.com>
AuthorDate: 2025-08-07
Commit:     GitHub <noreply@github.com>
CommitDate: 2025-08-07

    fix: filter tasks based on datetime range win inclusion of timezone (#322)

packages/server/controllers/task/task.js
packages/server/utils/apiFeatures.js
yarn.lock

commit 2d0713aaf7a3438e50280914c0f17ba96f16218a
Author:     Umesh Shrestha <34161121+stha-ums@users.noreply.github.com>
AuthorDate: 2025-08-07
Commit:     GitHub <noreply@github.com>
CommitDate: 2025-08-07

    feat: bulk update and delete tasks (#321)

packages/server/controllers/task/task.js
packages/server/models/Task.js
packages/server/routes/project/index.js
packages/server/routes/task/task.js
packages/server/schema/task.js
packages/server/services/taskService.js

commit 3b8f7f0ebb94d2d763a62ecb4d329f35dbc6f158
Author:     Henry Cikanek <cikanekhenry@gmail.com>
AuthorDate: 2025-08-05
Commit:     Henry Cikanek <cikanekhenry@gmail.com>
CommitDate: 2025-08-05

    Updated backend to support task updating. Made it so if a user edits their task list to a task message it updates in the database so that if they make an edit it persists.

packages/server/controllers/ai/chatController.js

commit 76ea3ae146cfc4b5cd7580f099b5e5100002b8c0
Author:     Jacob Stallings <jacobcstallings@icloud.com>
AuthorDate: 2025-08-05
Commit:     GitHub <noreply@github.com>
CommitDate: 2025-08-05

    EVO-1415 Get All Scheduled Posts API w/ Filters (#320)
    
    * get all scheduled posts api with filters
    
    * initial scheduled posts filtering works
    
    * refactor apiFeatures class

packages/server/controllers/content/index.js
packages/server/routes/content/index.js
packages/server/services/content/schedulePostService.js
packages/server/services/taskService.js
packages/server/utils/apiFeatures.js

commit cf91891908d5d7dbf0ac4304a6c902a214988311
Author:     Jacob Stallings <jacobcstallings@icloud.com>
AuthorDate: 2025-08-05
Commit:     GitHub <noreply@github.com>
CommitDate: 2025-08-05

    EVO-1355 api to add notes to scheduledPost (#319)
    
    * api to add notes to scheduledPost
    
    * notes schema fix

packages/server/controllers/content/index.js
packages/server/models/ScheduledPost.js
packages/server/routes/content/index.js
packages/server/services/content/schedulePostService.js

commit 070de6cec243b3c40d17fa00b0a525ca4b1822b7
Author:     Jacob Stallings <jacobcstallings@icloud.com>
AuthorDate: 2025-08-05
Commit:     GitHub <noreply@github.com>
CommitDate: 2025-08-05

    EVO-1355 Edit & Delete Scheduled Post API (#317)
    
    * add notes and tags to content schema
    
    * seedBadges fix
    
    * GET /scheduled-post
    
    * creatorInfo got left out of schedulePost schema
    
    * patch and delete api for scheduledpost

packages/server/controllers/content/index.js
packages/server/routes/content/index.js
packages/server/services/content/schedulePostService.js

commit be86d0eb33f00f60f38cf92f05a5e484cfabbcff
Author:     Jacob Stallings <jacobcstallings@icloud.com>
AuthorDate: 2025-08-05
Commit:     GitHub <noreply@github.com>
CommitDate: 2025-08-05

    Evo 1407 api content details preview api (#316)
    
    * add notes and tags to content schema
    
    * seedBadges fix
    
    * GET /scheduled-post
    
    * creatorInfo got left out of schedulePost schema

packages/server/controllers/content/index.js
packages/server/models/ScheduledPost.js
packages/server/routes/content/index.js
packages/server/seeds/seedBadges.js
packages/server/services/content/schedulePostService.js

commit 0e2931222dbad0eadf73be4bf1cbfab69d32535d
Author:     Rajib Shresth <rajibstha059@gmail.com>
AuthorDate: 2025-08-04
Commit:     Rajib Shresth <rajibstha059@gmail.com>
CommitDate: 2025-08-04

    fix: syntax error fixed

packages/server/seeds/seedBadges.js

commit 4563690cd2bc889b50b58527478ba023eb7605f5
Author:     Rajib Shresth <rajibstha059@gmail.com>
AuthorDate: 2025-08-01
Commit:     Rajib Shresth <rajibstha059@gmail.com>
CommitDate: 2025-08-01

    fix: update on deploy.yml file

.github/workflows/deploy.yml

commit a116d14b39764cb34b83eeea0b607dc6a77ea31d
Author:     Jacob Stallings <jacobcstallings@icloud.com>
AuthorDate: 2025-07-31
Commit:     GitHub <noreply@github.com>
CommitDate: 2025-07-31

    save eventbridge schedule name for easy deletion later (#314)

packages/server/models/ScheduledPost.js
packages/server/services/content/schedulePostService.js

commit e17489ce04f14ee4a4e297a5cd6919c85247b9b5
Author:     Jacob Stallings <jacobcstallings@icloud.com>
AuthorDate: 2025-07-31
Commit:     GitHub <noreply@github.com>
CommitDate: 2025-07-31

    EVO-1329 Content Publishing - TikTok Support initial [web] (#312)
    
    * update tiktok docs
    
    * unlink social - only clear out platform-specific fields & tokens on SocialToken

packages/server/docs/TIKTOK_INTEGRATION.md
packages/server/services/socialService.js

commit 6a298ad3119ff0dd65a8adf7accdc9ae5daff659
Author:     Umesh Shrestha <34161121+stha-ums@users.noreply.github.com>
AuthorDate: 2025-07-31
Commit:     GitHub <noreply@github.com>
CommitDate: 2025-07-31

    fix: level up trigger multiple times (#311)

packages/server/services/gamification/index.js

commit 4fad9b3e52f1a6b791d9dba15c0356a1992201cf
Author:     Rajib Shrestha <33756765+Rajibshrestha59@users.noreply.github.com>
AuthorDate: 2025-07-31
Commit:     GitHub <noreply@github.com>
CommitDate: 2025-07-31

    fix: userid is extracted from the token (#310)

packages/server/services/content/schedulePostService.js

commit 5cc93f245be89714ec8f0d6fc1fac6d84ec78a88
Author:     Jacob Stallings <jacobcstallings@icloud.com>
AuthorDate: 2025-07-30
Commit:     GitHub <noreply@github.com>
CommitDate: 2025-07-30

    eventbridge lambda successfully published to ig (#309)

package-lock.json
packages/server/models/ScheduledPost.js
packages/server/package.json
packages/server/services/content/schedulePostService.js
yarn.lock

commit 46224157be710280c8c7e00bb5adc90b5be6846c
Author:     Umesh Shrestha <34161121+stha-ums@users.noreply.github.com>
AuthorDate: 2025-07-30
Commit:     GitHub <noreply@github.com>
CommitDate: 2025-07-30

    Merge pull request #302 from Genesis-Technologies-LLC/EVO-1214-b
    
    fix: level 2 upgrade issue on recalibration fix

packages/server/controllers/gamification/index.js
packages/server/models/User.js
packages/server/services/gamification/helpers/levelProgress/levelFourProgressHelper.js
packages/server/services/gamification/helpers/levelProgress/levelOneProgressHelper.js
packages/server/services/gamification/helpers/metricsHelpers.js
packages/server/services/gamification/index.js

commit 75c71e9880bda9c9db3622f74f70a6d74c8e4614
Author:     Jacob Stallings <jacobcstallings@icloud.com>
AuthorDate: 2025-07-30
Commit:     GitHub <noreply@github.com>
CommitDate: 2025-07-30

    carousel / multiple asset posts (#308)

packages/server/controllers/content/index.js
packages/server/models/ScheduledPost.js
packages/server/services/content/schedulePostService.js

commit 4c8ee1968bc25f9d0c9666281dc3e668c419fc45
Author:     Jacob Stallings <jacobcstallings@icloud.com>
AuthorDate: 2025-07-30
Commit:     GitHub <noreply@github.com>
CommitDate: 2025-07-30

    successful video asset upload (#307)

packages/server/controllers/content/index.js
packages/server/helpers/language.js
packages/server/middleware/mediaAssetUpload.js

commit 0f884dbe369511e1df353a6a8da36cf00123986e
Author:     Jacob Stallings <jacobcstallings@icloud.com>
AuthorDate: 2025-07-29
Commit:     GitHub <noreply@github.com>
CommitDate: 2025-07-29

    [EVO-1258] Content Publishing - Upload Assets & Schedule Post (#306)
    
    * upload media asset controller pt. 1
    
    * upload media asset API working
    
    * schedule will go here
    
    * schedule post service saves post to mongo
    
    * Got a container from IG media
    
    * change schema to grab publishedMediaId
    
    * add swagger for upload and schedule

packages/server/controllers/content/index.js
packages/server/middleware/mediaAssetUpload.js
packages/server/models/MediaAsset.js
packages/server/models/ScheduledPost.js
packages/server/routes/content/index.js
packages/server/routes/index.js
packages/server/services/content/mediaAssetService.js
packages/server/services/content/schedulePostService.js

commit 82f0d03a3edfad8d45908e03c7b3fdff539795f7
Author:     Rajib Shrestha <33756765+Rajibshrestha59@users.noreply.github.com>
AuthorDate: 2025-07-29
Commit:     GitHub <noreply@github.com>
CommitDate: 2025-07-29

    Fix/tiktok (#305)
    
    * fix: is active tiktok by default
    
    * fix: tiktok saving token and fetching demographics data

packages/server/services/tiktokService.js

commit bea47f8732f18e709431cbce513742d7bd76f038
Author:     Rajib Shrestha <33756765+Rajibshrestha59@users.noreply.github.com>
AuthorDate: 2025-07-29
Commit:     GitHub <noreply@github.com>
CommitDate: 2025-07-29

    fix: is active tiktok by default (#304)

packages/server/helpers/addSocialDetailsHelper.js
packages/server/schema/socialUnlink.js
packages/server/services/socialService.js

commit f7a031e38b2bef1698e3f17d096691073c5c92f4
Author:     Rajib Shrestha <33756765+Rajibshrestha59@users.noreply.github.com>
AuthorDate: 2025-07-29
Commit:     GitHub <noreply@github.com>
CommitDate: 2025-07-29

    fix: tiktok authorization completion (#303)

packages/server/controllers/tiktok/index.js
packages/server/docs/ENVIRONMENT_SETUP.md
packages/server/docs/TIKTOK_INTEGRATION.md
packages/server/helpers/social/isSocialLinkedHelper.js
packages/server/helpers/tiktok/overviewHelper.js
packages/server/helpers/tiktokOauthHelpers.js
packages/server/models/SocialTokens.js
packages/server/models/TikTokMetrics.js
packages/server/routes/social/index.js
packages/server/routes/tiktok/index.js
packages/server/schema/tiktok/accessToken.js
packages/server/services/socialService.js
packages/server/services/tiktokService.js

commit ed2b827c4dc83ea39a50182c30ad73738ead630c
Author:     Jacob Stallings <jacobcstallings@icloud.com>
AuthorDate: 2025-07-24
Commit:     GitHub <noreply@github.com>
CommitDate: 2025-07-24

    Maintenance 7 22 25 (#301)
    
    * add a few spotify badges to seed badges
    
    * fix dup key in seed badges

packages/server/seeds/seedBadges.js
packages/server/services/badgeService.js

commit 311997708d02642e6a5093a9c3a6fc7f7a3dd60f
Author:     Umesh Shrestha <34161121+stha-ums@users.noreply.github.com>
AuthorDate: 2025-07-22
Commit:     GitHub <noreply@github.com>
CommitDate: 2025-07-22

    EVO-1214; feat: introduce new buzz level and update related methods (#300)
    
    * EVO-1214; feat: introduce new buzz level and update related methods
    
    * fix: update the percentage calculation
    
    * fix; recalibrate the user levels if there is newer version of level systems and also add flag on end point to force recalibrate those
    
    * fix: typo on seedlevels
    
    * fix: update level version

packages/server/config/db.js
packages/server/config/levelNames.js
packages/server/controllers/gamification/index.js
packages/server/models/Level.js
packages/server/models/User.js
packages/server/seeds/seedLevels.js
packages/server/services/gamification/constants/levelThreshold.js
packages/server/services/gamification/helpers/kpis/kpiHelper.js
packages/server/services/gamification/helpers/levelProgress/levelFiveProgressHelper.js
packages/server/services/gamification/helpers/levelProgress/levelFourProgressHelper.js
packages/server/services/gamification/helpers/levelProgress/levelThreeProgressHelper.js
packages/server/services/gamification/helpers/levelProgress/levelTwoProgressHelper.js
packages/server/services/gamification/index.js
packages/server/services/taskGenerationService.js

commit 9f351ed3d0cc08f2cd6f7b32eab195b45fb85323
Author:     Rajib Shrestha <33756765+Rajibshrestha59@users.noreply.github.com>
AuthorDate: 2025-07-19
Commit:     GitHub <noreply@github.com>
CommitDate: 2025-07-19

    Feat/calendar integration (#299)
    
    * add: able to fetch events from the selected calendars
    
    * fix: styling fixed

packages/server/controllers/event/event.js
packages/server/routes/google/index.js
packages/server/services/eventService.js
packages/server/services/google/calendar/index.js
yarn.lock

commit 0330557aa0e17e0d0d6b6687bd0f472c1b2d4746
Author:     Jacob Stallings <jacobcstallings@icloud.com>
AuthorDate: 2025-07-17
Commit:     GitHub <noreply@github.com>
CommitDate: 2025-07-17

    EVO-1040 Notifications - Bell / List Component (#298)
    
    * initial get api
    
    * mark as read api
    
    * remove comment
    
    * template updates, onboarding working, add redirect path
    
    * update level up with full notification
    
    * level icons

packages/server/config/emailActions.js
packages/server/controllers/notification/index.js
packages/server/controllers/onboarding/index.js
packages/server/helpers/email/templates/awardBadgev2.template.js
packages/server/helpers/email/templates/levelUp.template.js
packages/server/helpers/email/templates/onboarding.template.js
packages/server/models/Notification.js
packages/server/routes/index.js
packages/server/routes/notifications/index.js
packages/server/services/agent/notificationContentService.js
packages/server/services/badgeService.js
packages/server/services/buzz-questionnaires/index.js
packages/server/services/gamification/index.js
packages/server/services/notificationService.js

commit 1e277ea8eeaea14407d1ce1235ad60ca6b52bb95
Author:     Jacob Stallings <jacobcstallings@icloud.com>
AuthorDate: 2025-07-12
Commit:     GitHub <noreply@github.com>
CommitDate: 2025-07-12

    add png to seedBadges (#297)

packages/server/models/Badge.js
packages/server/seeds/seedBadges.js

commit 1cf37858e6786d6be85150be231572db29b96c7c
Author:     Jacob Stallings <jacobcstallings@icloud.com>
AuthorDate: 2025-07-07
Commit:     Jacob Stallings <jacobcstallings@icloud.com>
CommitDate: 2025-07-07

    enable LLM message generation for badge award notification

packages/server/services/badgeService.js

commit 6fe40788a98c161f83eb06544b8cfaac394ce674
Author:     Rajib Shrestha <33756765+Rajibshrestha59@users.noreply.github.com>
AuthorDate: 2025-07-06
Commit:     GitHub <noreply@github.com>
CommitDate: 2025-07-06

    Development to staging (#296)
    
    * fix: kpi helper updated for all growth agression
    
    * wipe user spotify data when spotify unlinked (#292)
    
    * Evo 1057 Weekly Digest Email - API (#293)
    
    * store IG token expiry date for later refresh logic
    
    * fix: kpi update and progress bar ujpdated
    
    * [EVO-1131] IG Data-Fetching Maintenance (#285)
    
    * engagement fix
    
    * adjust day by 1 to avoid querying for today when we haven't scraped yet
    
    * remove follows unfollows and show follower change
    
    * fix reverse issue for instagram chart
    
    * remove hardcoded
    
    * add badgeprogress collection & model, task initiator working
    
    * 3-02 Badge Progress API - I Have a Plan
    
    * badge progress all group 3 (tasks)
    
    * initial badge progress api
    
    * add swimlanes to badges
    
    * swimlane logic only send 3 sections, one or two badges
    
    * finish group 3 progress trackers
    
    * group 1 tracking
    
    ---------
    
    Co-authored-by: Rajib Shresth <rajibstha059@gmail.com>
    
    * fix: expires in error (#295)
    
    ---------
    
    Co-authored-by: Jacob Stallings <jacobcstallings@icloud.com>

packages/server/controllers/badge/index.js
packages/server/models/Badge.js
packages/server/models/BadgeProgress.js
packages/server/routes/badge/index.js
packages/server/seeds/seedBadges.js
packages/server/services/badgeService.js
packages/server/services/gamification/bio-and-links/bio-and-links.js
packages/server/services/gamification/constants/levelThreshold.js
packages/server/services/gamification/events/calendar-initiate.js
packages/server/services/gamification/helpers/levelProgress/spotifyReleasesHelper.js
packages/server/services/gamification/login/check-in-champ.js
packages/server/services/gamification/login/consistent-cruiser.js
packages/server/services/gamification/login/daily-devotee.js
packages/server/services/gamification/login/frequent-flyer.js
packages/server/services/gamification/login/login-legend.js
packages/server/services/gamification/login/tapped-in.js
packages/server/services/gamification/projects/song-concept.js
packages/server/services/gamification/sign-up-questionnnaires/brand-definer.js
packages/server/services/gamification/sign-up-questionnnaires/brand-explorer.js
packages/server/services/gamification/sign-up-questionnnaires/data-driven-decision-maker.js
packages/server/services/gamification/sign-up-questionnnaires/goal-getter.js
packages/server/services/gamification/sign-up-questionnnaires/intentional-creator.js
packages/server/services/gamification/sign-up-questionnnaires/time-is-money.js
packages/server/services/gamification/sign-up-questionnnaires/we-will-do-it-live.js
packages/server/services/gamification/tasks/calendar-conqueror.js
packages/server/services/gamification/tasks/consistency-king-queen.js
packages/server/services/gamification/tasks/daily-dynamo.js
packages/server/services/gamification/tasks/demo-done.js
packages/server/services/gamification/tasks/efficient-executor.js
packages/server/services/gamification/tasks/first-week-fully-planned.js
packages/server/services/gamification/tasks/focus-frenzy.js
packages/server/services/gamification/tasks/fortnight-finisher.js
packages/server/services/gamification/tasks/half-month-hustler.js
packages/server/services/gamification/tasks/i-have-a-plan.js
packages/server/services/gamification/tasks/lightning-round.js
packages/server/services/gamification/tasks/monthly-marathon.js
packages/server/services/gamification/tasks/peak-planner.js
packages/server/services/gamification/tasks/proactive-planner.js
packages/server/services/gamification/tasks/swift-scheduler.js
packages/server/services/gamification/tasks/task-achiever.js
packages/server/services/gamification/tasks/task-champion.js
packages/server/services/gamification/tasks/task-conqueror.js
packages/server/services/gamification/tasks/task-finisher.js
packages/server/services/gamification/tasks/task-initiator.js
packages/server/services/gamification/tasks/task-marathoner.js
packages/server/services/gamification/tasks/task-master.js
packages/server/services/gamification/tasks/task-tackler.js
packages/server/services/gamification/tasks/weekly-warrior-ii.js
packages/server/services/gamification/tasks/weekly-warrior.js
packages/server/services/instagramService.js
packages/server/services/socialService.js

commit 95d00d32d0d92b19318d0ac9694b5eacb0f8abcf
Author:     Rajib Shrestha <33756765+Rajibshrestha59@users.noreply.github.com>
AuthorDate: 2025-07-04
Commit:     GitHub <noreply@github.com>
CommitDate: 2025-07-04

    fix: expires in error (#295)

packages/server/services/instagramService.js

commit e891b9346a6bce665db2d7358653f58c1e18522f
Author:     Jacob Stallings <jacobcstallings@icloud.com>
AuthorDate: 2025-07-02
Commit:     GitHub <noreply@github.com>
CommitDate: 2025-07-02

    Evo 1057 Weekly Digest Email - API (#293)
    
    * store IG token expiry date for later refresh logic
    
    * fix: kpi update and progress bar ujpdated
    
    * [EVO-1131] IG Data-Fetching Maintenance (#285)
    
    * engagement fix
    
    * adjust day by 1 to avoid querying for today when we haven't scraped yet
    
    * remove follows unfollows and show follower change
    
    * fix reverse issue for instagram chart
    
    * remove hardcoded
    
    * add badgeprogress collection & model, task initiator working
    
    * 3-02 Badge Progress API - I Have a Plan
    
    * badge progress all group 3 (tasks)
    
    * initial badge progress api
    
    * add swimlanes to badges
    
    * swimlane logic only send 3 sections, one or two badges
    
    * finish group 3 progress trackers
    
    * group 1 tracking
    
    ---------
    
    Co-authored-by: Rajib Shresth <rajibstha059@gmail.com>

packages/server/controllers/badge/index.js
packages/server/models/Badge.js
packages/server/models/BadgeProgress.js
packages/server/routes/badge/index.js
packages/server/seeds/seedBadges.js
packages/server/services/badgeService.js
packages/server/services/gamification/bio-and-links/bio-and-links.js
packages/server/services/gamification/events/calendar-initiate.js
packages/server/services/gamification/login/check-in-champ.js
packages/server/services/gamification/login/consistent-cruiser.js
packages/server/services/gamification/login/daily-devotee.js
packages/server/services/gamification/login/frequent-flyer.js
packages/server/services/gamification/login/login-legend.js
packages/server/services/gamification/login/tapped-in.js
packages/server/services/gamification/projects/song-concept.js
packages/server/services/gamification/sign-up-questionnnaires/brand-definer.js
packages/server/services/gamification/sign-up-questionnnaires/brand-explorer.js
packages/server/services/gamification/sign-up-questionnnaires/data-driven-decision-maker.js
packages/server/services/gamification/sign-up-questionnnaires/goal-getter.js
packages/server/services/gamification/sign-up-questionnnaires/intentional-creator.js
packages/server/services/gamification/sign-up-questionnnaires/time-is-money.js
packages/server/services/gamification/sign-up-questionnnaires/we-will-do-it-live.js
packages/server/services/gamification/tasks/calendar-conqueror.js
packages/server/services/gamification/tasks/consistency-king-queen.js
packages/server/services/gamification/tasks/daily-dynamo.js
packages/server/services/gamification/tasks/demo-done.js
packages/server/services/gamification/tasks/efficient-executor.js
packages/server/services/gamification/tasks/first-week-fully-planned.js
packages/server/services/gamification/tasks/focus-frenzy.js
packages/server/services/gamification/tasks/fortnight-finisher.js
packages/server/services/gamification/tasks/half-month-hustler.js
packages/server/services/gamification/tasks/i-have-a-plan.js
packages/server/services/gamification/tasks/lightning-round.js
packages/server/services/gamification/tasks/monthly-marathon.js
packages/server/services/gamification/tasks/peak-planner.js
packages/server/services/gamification/tasks/proactive-planner.js
packages/server/services/gamification/tasks/swift-scheduler.js
packages/server/services/gamification/tasks/task-achiever.js
packages/server/services/gamification/tasks/task-champion.js
packages/server/services/gamification/tasks/task-conqueror.js
packages/server/services/gamification/tasks/task-finisher.js
packages/server/services/gamification/tasks/task-initiator.js
packages/server/services/gamification/tasks/task-marathoner.js
packages/server/services/gamification/tasks/task-master.js
packages/server/services/gamification/tasks/task-tackler.js
packages/server/services/gamification/tasks/weekly-warrior-ii.js
packages/server/services/gamification/tasks/weekly-warrior.js
packages/server/services/instagramService.js

commit 9c1224b0672b40847a90ec203a72deccd84d11d4
Author:     Henry Cikanek <henrycikanek@Henrys-MBP-2.lan>
AuthorDate: 2025-07-02
Commit:     Henry Cikanek <henrycikanek@Henrys-MBP-2.lan>
CommitDate: 2025-07-02

    Tested communication between backend and microservice for notifications and is looking good at least locally with mock data for the various scenarios for different notifications. AI is successfully generating specific context driven content that is unique for each situation geared towards the user. A little emoji heavy right now, so we can talk a bit about styling. Fundementals and the networking is working now though.

packages/server/services/agent/notificationContentService.js

commit 4e0acca1f55132897d4d3fbcc93d9aa1ecf59fa5
Author:     Henry Cikanek <henrycikanek@Henrys-MacBook-Pro-2.local>
AuthorDate: 2025-07-01
Commit:     Henry Cikanek <henrycikanek@Henrys-MacBook-Pro-2.local>
CommitDate: 2025-07-01

    Today built a simple proxy layer to host internal API bridge between the backend and the microservice specifically for the notification content generation service. Tried to be very minimal and additive with changes. Basically just inserting the content generation step into the notification service before constructing the notification. Then created the proxy layer within the agent folder. All that does is call the microservice for content, passing the notification schema to it, and receiving it back with the filled in content section.

packages/server/services/agent/notificationContentService.js
packages/server/services/notificationService.js

commit ac3a8c5dd2234b4d0094e26b98e0f27ec42f5b22
Author:     Jacob Stallings <jacobcstallings@icloud.com>
AuthorDate: 2025-06-23
Commit:     GitHub <noreply@github.com>
CommitDate: 2025-06-23

    wipe user spotify data when spotify unlinked (#292)

packages/server/services/socialService.js

commit 53af41a56530703ddb427b3cbe5a487c56fc6b6f
Author:     Rajib Shresth <rajibstha059@gmail.com>
AuthorDate: 2025-06-22
Commit:     Rajib Shresth <rajibstha059@gmail.com>
CommitDate: 2025-06-22

    fix: kpi helper updated for all growth agression

packages/server/services/gamification/constants/levelThreshold.js
packages/server/services/gamification/helpers/levelProgress/spotifyReleasesHelper.js

commit d583434b1f66da00048efff210dc40cdf9836bfd
Author:     Rajib Shresth <rajibstha059@gmail.com>
AuthorDate: 2025-06-20
Commit:     Rajib Shresth <rajibstha059@gmail.com>
CommitDate: 2025-06-20

    fix: env updated for stage

packages/server/services/instagramService.js

commit ccdf60cbfff385f66764c3afd3662ef009ad532d
Author:     Henry Cikanek <henrycikanek@Henrys-MacBook-Pro-2.local>
AuthorDate: 2025-06-18
Commit:     Henry Cikanek <henrycikanek@Henrys-MacBook-Pro-2.local>
CommitDate: 2025-06-18

    Fix: Backend now receives and uses smart titles from microservice
    
    - Updated chatController to use title/description from microservice response
    - Fixed import error in taskGenerationController (ConversationModel)
    - Added .DS_Store and yarn.lock to .gitignore

.DS_Store
.gitignore
packages/.DS_Store
packages/server/controllers/ai/chatController.js
packages/server/controllers/task/taskGenerationController.js

commit 8c28077368e1d741c577a44d7f9ae1c84972bdf9
Author:     Rajib Shresth <rajibstha059@gmail.com>
AuthorDate: 2025-06-12
Commit:     Rajib Shresth <rajibstha059@gmail.com>
CommitDate: 2025-06-12

    add: pagination added on the event api

packages/server/controllers/event/event.js
packages/server/services/eventService.js

commit 198a048de7b2b1f5c2192f735633d76d57b5b772
Author:     Rajib Shresth <rajibstha059@gmail.com>
AuthorDate: 2025-06-12
Commit:     Rajib Shresth <rajibstha059@gmail.com>
CommitDate: 2025-06-12

    add: logger added

packages/server/services/instagramService.js

commit 1e2d5d13a6a2acb6df5e9c0ab56ffec76cb93f6b
Author:     Jacob Stallings <jacobcstallings@icloud.com>
AuthorDate: 2025-06-10
Commit:     GitHub <noreply@github.com>
CommitDate: 2025-06-10

    [EVO-1131] IG Data-Fetching Maintenance (#285)
    
    * engagement fix
    
    * adjust day by 1 to avoid querying for today when we haven't scraped yet
    
    * remove follows unfollows and show follower change
    
    * fix reverse issue for instagram chart
    
    * remove hardcoded

packages/server/helpers/charts/instagramChartsHelper.js
packages/server/helpers/instagram/overviewHelper.js
packages/server/services/instagramService.js

commit 9c9ab61956922f002e56a7479fb709fd388b14f8
Author:     Rajib Shresth <rajibstha059@gmail.com>
AuthorDate: 2025-06-08
Commit:     Rajib Shresth <rajibstha059@gmail.com>
CommitDate: 2025-06-08

    fix: kpi update and progress bar ujpdated

packages/server/services/gamification/constants/levelThreshold.js
packages/server/services/gamification/helpers/kpis/kpiHelper.js
packages/server/services/gamification/helpers/levelProgress/levelTwoProgressHelper.js
packages/server/services/gamification/index.js

commit fa18003428bc7091e558f47d46d5b25a28fb6a77
Author:     Rajib Shresth <rajibstha059@gmail.com>
AuthorDate: 2025-06-01
Commit:     Rajib Shresth <rajibstha059@gmail.com>
CommitDate: 2025-06-01

    fix: instagram kpi update

packages/server/services/gamification/helpers/levelProgress/instagramPostsHelper.js

commit 5e66249d47fefa766f1b5f70ea955ec490d5b38b
Author:     Jacob Stallings <jacobcstallings@icloud.com>
AuthorDate: 2025-05-29
Commit:     GitHub <noreply@github.com>
CommitDate: 2025-05-29

    In-App Instant Push Notifications (Backend) (#281)
    
    * add schema
    
    * can send emails and save to db
    
    * hooked up backend to AppSync for realtime push nots
    
    * supply user id to local storage when logging in
    
    * pass user id in notifications
    
    * pass actual data to push notification
    
    * log errors silently
    
    * always pass content as JSON
    
    * log the notification debug
    
    * add data to notification graphql schema

packages/server/controllers/auth/login.js
packages/server/helpers/email/templates/awardBadgev2.template.js
packages/server/helpers/emailHelper.js
packages/server/helpers/notification/appSyncNotificationHelper.js
packages/server/models/Notification.js
packages/server/services/badgeService.js
packages/server/services/notificationService.js

commit cad35eeb94f4210cd1691fe4fc8c1d2c39db3271
Author:     Rajib Shresth <rajibstha059@gmail.com>
AuthorDate: 2025-05-22
Commit:     Rajib Shresth <rajibstha059@gmail.com>
CommitDate: 2025-05-22

    update: updated base url

packages/server/services/agent/aiService.js

commit fac46e07f39460f5d636446c3a91b6f22e76ab40
Author:     Rajib Shresth <rajibstha059@gmail.com>
AuthorDate: 2025-05-10
Commit:     Rajib Shresth <rajibstha059@gmail.com>
CommitDate: 2025-05-10

    revert: template changes revert

packages/server/helpers/email/templates/otp.template.js

commit 6000d0bb94264f0567cb56df9b5c60501cd61ffd
Author:     Rajib Shresth <rajibstha059@gmail.com>
AuthorDate: 2025-05-10
Commit:     Rajib Shresth <rajibstha059@gmail.com>
CommitDate: 2025-05-10

    update: otp template and slack notification updated on cicd

.github/workflows/deploy.yml
packages/server/helpers/email/templates/otp.template.js

commit 3b00deb3a09da6f01495a8b199104262313e54b5
Author:     Rajib Shresth <rajibstha059@gmail.com>
AuthorDate: 2025-05-10
Commit:     Rajib Shresth <rajibstha059@gmail.com>
CommitDate: 2025-05-10

    fix: design fixes on email template

packages/server/helpers/email/templates/otp.template.js

commit accca6baa35c2724c08a83676fab7b41183b650f
Author:     Rajib Shresth <rajibstha059@gmail.com>
AuthorDate: 2025-05-10
Commit:     Rajib Shresth <rajibstha059@gmail.com>
CommitDate: 2025-05-10

    update: otp email template updated

packages/server/helpers/email/templates/otp.template.js

commit 83cb4091bd53f8a8b52befb7c97d0c27fa553b2b
Author:     Henry Cikanek <cikanek@usc.edu>
AuthorDate: 2025-05-09
Commit:     Henry Cikanek <cikanek@usc.edu>
CommitDate: 2025-05-09

    Fixed chatController in V2 to make sure it is correctly saving tasks when they accompany messagtes received from the microservice

packages/server/controllers/ai/chatController.js

commit ed7bd3cffba6eebf65b3d7f28e83d6dae54d5dbe
Author:     sd3871 <soohra.dabadi@gmail.com>
AuthorDate: 2025-05-09
Commit:     sd3871 <soohra.dabadi@gmail.com>
CommitDate: 2025-05-09

    level 3 helper functions added

packages/server/services/gamification/helpers/levelProgress/levelThreeProgressHelper.js
packages/server/services/gamification/index.js

commit ce91f899e6a0d247807c14447968bb70b152261d
Author:     sd3871 <soohra.dabadi@gmail.com>
AuthorDate: 2025-05-09
Commit:     sd3871 <soohra.dabadi@gmail.com>
CommitDate: 2025-05-09

    dynamic levelValues added

packages/server/services/gamification/helpers/kpis/kpiHelper.js

commit ebdbdf8fdec1d749449fa2a4f720a76d86406b67
Author:     sd3871 <soohra.dabadi@gmail.com>
AuthorDate: 2025-05-09
Commit:     sd3871 <soohra.dabadi@gmail.com>
CommitDate: 2025-05-09

    level 3 thresholds added

packages/server/services/gamification/constants/levelThreshold.js

commit 4f2b9486db465228d1f814701f8a297ca12a1178
Author:     sd3871 <soohra.dabadi@gmail.com>
AuthorDate: 2025-05-09
Commit:     sd3871 <soohra.dabadi@gmail.com>
CommitDate: 2025-05-09

    fix: default ses aws region

packages/server/helpers/emailHelper.js

commit 63138b8863337c0b8957144257970b40e91820e1
Author:     Rajib Shresth <rajibstha059@gmail.com>
AuthorDate: 2025-05-07
Commit:     Rajib Shresth <rajibstha059@gmail.com>
CommitDate: 2025-05-07

    fix: added more insights and fixed on demographics

packages/server/helpers/instagram/overviewHelper.js

commit 09c524bd143a0804ebc3279d1925db2e1e75b53d
Author:     Rajib Shresth <rajibstha059@gmail.com>
AuthorDate: 2025-05-07
Commit:     Rajib Shresth <rajibstha059@gmail.com>
CommitDate: 2025-05-07

    fix: insights for reach and demographics fixes done

packages/server/helpers/instagram/overviewHelper.js
packages/server/services/socialService.js

commit 4890bbd181e54ed7f2a5bc86ee8adbe7816d9d59
Author:     sd3871 <soohra.dabadi@gmail.com>
AuthorDate: 2025-05-07
Commit:     sd3871 <soohra.dabadi@gmail.com>
CommitDate: 2025-05-07

    fix: ses region config changes

packages/server/helpers/emailHelper.js

commit afb3ad42b56c7686c91060f012e457d52c29ecf6
Author:     Henry Cikanek <cikanek@usc.edu>
AuthorDate: 2025-05-06
Commit:     Henry Cikanek <cikanek@usc.edu>
CommitDate: 2025-05-06

    Today I made necessary changes to the backend in order to provide conversation management abilities to the microservice. Was a bit tricky as at first I was scoping incorrectly and trying to give too much functionality microservice. Fixed aiService and chatController to pass usercontext as its own variable to the microservice, making sure it wasn't erroneously saved in the user messages. Also, refactored the internal API calls so conversation ID's were created in the microservice and passed correctly to the backend with messages so chat message memory is persistent on the frontend and seamless

packages/server/controllers/ai/chatController.js
packages/server/routes/ai/chat.js
packages/server/services/agent/aiService.js

commit d5dd82d776737ccc4323161a9ff6533e60d37d63
Author:     sd3871 <soohra.dabadi@gmail.com>
AuthorDate: 2025-05-07
Commit:     sd3871 <soohra.dabadi@gmail.com>
CommitDate: 2025-05-07

    stage error handling updates

packages/server/controllers/error/index.js

commit 773581e409d4bc42ecd7e91aff4764a0ddcf1f24
Author:     sooraz3871 <soohra.dabadi@gmail.com>
AuthorDate: 2025-05-07
Commit:     GitHub <noreply@github.com>
CommitDate: 2025-05-07

    Update deploy.yml
    
    notificaiton commented out

.github/workflows/deploy.yml

commit 67a40b1b47cb9edae0b25925e2b4755566fa2275
Author:     sd3871 <soohra.dabadi@gmail.com>
AuthorDate: 2025-05-07
Commit:     sd3871 <soohra.dabadi@gmail.com>
CommitDate: 2025-05-07

    pm2 changes

Dockerfile
packages/server/package.json

commit f201ebf2750966bc3bc1573b6552468392a8a538
Author:     sd3871 <soohra.dabadi@gmail.com>
AuthorDate: 2025-05-06
Commit:     sd3871 <soohra.dabadi@gmail.com>
CommitDate: 2025-05-06

    docker file changes

Dockerfile

commit f8d69c8753d0f00d6048962ef87fbe24984ed775
Author:     sd3871 <soohra.dabadi@gmail.com>
AuthorDate: 2025-05-06
Commit:     sd3871 <soohra.dabadi@gmail.com>
CommitDate: 2025-05-06

    build fixes

.github/workflows/deploy.yml
Dockerfile
packages/server/package.json

commit f3df61cd983e98fa5a50b771b8871174172049c6
Author:     sd3871 <soohra.dabadi@gmail.com>
AuthorDate: 2025-05-06
Commit:     sd3871 <soohra.dabadi@gmail.com>
CommitDate: 2025-05-06

    env file location changes

.github/workflows/deploy.yml
Dockerfile

commit 2d3ce92fe4a19633a264c450c8518af1cd284630
Author:     sd3871 <soohra.dabadi@gmail.com>
AuthorDate: 2025-05-06
Commit:     sd3871 <soohra.dabadi@gmail.com>
CommitDate: 2025-05-06

    conf folder added

Dockerfile

commit a2ca6385d2a9b498f4b8fd9fc5763f3cc911a7cc
Author:     sd3871 <soohra.dabadi@gmail.com>
AuthorDate: 2025-05-06
Commit:     sd3871 <soohra.dabadi@gmail.com>
CommitDate: 2025-05-06

    fi:env file location fixes

.github/workflows/deploy.yml

commit edb292b9728519ac7c327c447957907b9c21e270
Author:     sd3871 <soohra.dabadi@gmail.com>
AuthorDate: 2025-05-06
Commit:     sd3871 <soohra.dabadi@gmail.com>
CommitDate: 2025-05-06

    fix: stop old container changes

.github/workflows/deploy.yml

commit 9aab9026cfa3247bd61622d836e44d1293187aca
Author:     sd3871 <soohra.dabadi@gmail.com>
AuthorDate: 2025-05-06
Commit:     sd3871 <soohra.dabadi@gmail.com>
CommitDate: 2025-05-06

    fix: aws cli fixes

.github/workflows/deploy.yml
Dockerfile

commit b03d0286e113eb0c20dd73962cf9c7acb1c183e3
Author:     sd3871 <soohra.dabadi@gmail.com>
AuthorDate: 2025-05-06
Commit:     sd3871 <soohra.dabadi@gmail.com>
CommitDate: 2025-05-06

    removed duplicate cli installation

.github/workflows/deploy.yml

commit 4d37be83d7123f71c7e6c76b2f645ab3f88296c6
Author:     sd3871 <soohra.dabadi@gmail.com>
AuthorDate: 2025-05-06
Commit:     sd3871 <soohra.dabadi@gmail.com>
CommitDate: 2025-05-06

    aws cli update changes

.github/workflows/deploy.yml

commit 9998023dd8aa89a286429b767018b4bb2018abc0
Author:     sd3871 <soohra.dabadi@gmail.com>
AuthorDate: 2025-05-06
Commit:     sd3871 <soohra.dabadi@gmail.com>
CommitDate: 2025-05-06

    aws cli installation added

.github/workflows/deploy.yml

commit a42be8e803f943ab51ad57506e7d6a5750a1509a
Author:     sd3871 <soohra.dabadi@gmail.com>
AuthorDate: 2025-05-06
Commit:     sd3871 <soohra.dabadi@gmail.com>
CommitDate: 2025-05-06

    deployment slack webhook changes

.github/workflows/deploy.yml

commit 2de7e500f5678ca83e1d1daedcb3466fceca8ec8
Author:     sd3871 <soohra.dabadi@gmail.com>
AuthorDate: 2025-05-06
Commit:     sd3871 <soohra.dabadi@gmail.com>
CommitDate: 2025-05-06

    notification changes

.github/workflows/deploy.yml

commit 83dd39d0b80910c35c4d3a84028753ce71882461
Author:     sd3871 <soohra.dabadi@gmail.com>
AuthorDate: 2025-05-06
Commit:     sd3871 <soohra.dabadi@gmail.com>
CommitDate: 2025-05-06

    fix: removed env copying portion

Dockerfile

commit ad588eaa3530011507e858de06d78cc81fa59e80
Author:     sd3871 <soohra.dabadi@gmail.com>
AuthorDate: 2025-05-06
Commit:     sd3871 <soohra.dabadi@gmail.com>
CommitDate: 2025-05-06

    s3 configuration changes

.github/workflows/deploy.yml

commit 02166e8521eea0dc55014ed7fbaef616348c1908
Author:     sd3871 <soohra.dabadi@gmail.com>
AuthorDate: 2025-05-06
Commit:     sd3871 <soohra.dabadi@gmail.com>
CommitDate: 2025-05-06

    s3 and ecr order change

.github/workflows/deploy.yml

commit 7631e7990f0a35d01ed8e1d795068ef45a2bed2c
Author:     Henry Cikanek <cikanek@usc.edu>
AuthorDate: 2025-05-05
Commit:     Henry Cikanek <cikanek@usc.edu>
CommitDate: 2025-05-05

    Continued work on API bridge between microservice and backend. Today fully built and tested the necessary API flow for the user context to be able to pass cleanly from the DB to the backend and to the microservice when called upon by the parent agent.

packages/server/controllers/ai/contextController.js
packages/server/routes/ai/chat.js
packages/server/services/agent/contextService.js

commit 9a8e5aedace6c0ece994d0dee0bfc4804361fabb
Author:     sd3871 <soohra.dabadi@gmail.com>
AuthorDate: 2025-05-04
Commit:     sd3871 <soohra.dabadi@gmail.com>
CommitDate: 2025-05-04

    aws region env secret updated

.github/workflows/deploy.yml

commit 2472a0b9b1a203c82537e11acf633c32e64444f2
Author:     Rajib Shresth <rajibstha059@gmail.com>
AuthorDate: 2025-05-04
Commit:     Rajib Shresth <rajibstha059@gmail.com>
CommitDate: 2025-05-04

    update: overview helper updated with necesary changs

packages/server/helpers/instagram/overviewHelper.js

commit 7332b9fd6738daa6571a7a83f427d9744a4b4d36
Author:     Rajib Shresth <rajibstha059@gmail.com>
AuthorDate: 2025-05-04
Commit:     Rajib Shresth <rajibstha059@gmail.com>
CommitDate: 2025-05-04

    fix: overview helper updated

packages/server/helpers/instagram/overviewHelper.js

commit 3e0e5eae993c1ac5908fe8d93604c6c956e70f6d
Author:     Rajib Shresth <rajibstha059@gmail.com>
AuthorDate: 2025-05-04
Commit:     Rajib Shresth <rajibstha059@gmail.com>
CommitDate: 2025-05-04

    add: image url broken changes

packages/server/helpers/instagram/overviewHelper.js

commit eee2bfcea5fec4cbff6c75e9629445613fe9c7d7
Author:     Rajib Shresth <rajibstha059@gmail.com>
AuthorDate: 2025-05-04
Commit:     Rajib Shresth <rajibstha059@gmail.com>
CommitDate: 2025-05-04

    fix: facebook updated with instagram

packages/server/helpers/instagramOauthHelpers.js

commit 6054915d0fe476f380b1e2f39f92b87b3546b88c
Author:     Rajib Shresth <rajibstha059@gmail.com>
AuthorDate: 2025-05-04
Commit:     Rajib Shresth <rajibstha059@gmail.com>
CommitDate: 2025-05-04

    add: token schema updated

packages/server/schema/instagram/accessToken.js
packages/server/services/instagramService.js

commit 85270b836741d08f1e91774967c515f9e96af101
Author:     Rajib Shresth <rajibstha059@gmail.com>
AuthorDate: 2025-05-04
Commit:     Rajib Shresth <rajibstha059@gmail.com>
CommitDate: 2025-05-04

    fix: crash issue on overview helper

packages/server/helpers/instagram/overviewHelper.js

commit d2c7e2bee728c241fa8faf0345a0d4fde17e3ece
Author:     Rajib Shresth <rajibstha059@gmail.com>
AuthorDate: 2025-05-04
Commit:     Rajib Shresth <rajibstha059@gmail.com>
CommitDate: 2025-05-04

    limit throtteling

packages/server/controllers/ai/taskGenerationController.js
packages/server/controllers/task/taskGenerationController.js
packages/server/helpers/instagram/overviewHelper.js
packages/server/models/InstagramMetrics.js
packages/server/services/instagramService.js
packages/server/services/taskGenerationService.js

commit 289178fa8bc51bbd7fdb15fd5cd781fe4e6e370e
Author:     sd3871 <soohra.dabadi@gmail.com>
AuthorDate: 2025-05-04
Commit:     sd3871 <soohra.dabadi@gmail.com>
CommitDate: 2025-05-04

    stage script updated

packages/server/package.json

commit 7e3126be5ff3f43d497bf4d34dfd83b1a198e094
Author:     sd3871 <soohra.dabadi@gmail.com>
AuthorDate: 2025-05-04
Commit:     sd3871 <soohra.dabadi@gmail.com>
CommitDate: 2025-05-04

    stage deployemnet updates

.github/workflows/deploy.yml

commit af5c6194301065ae19fd7b6b106ae1761f896892
Author:     Rajib Shrestha <33756765+Rajibshrestha59@users.noreply.github.com>
AuthorDate: 2025-04-29
Commit:     GitHub <noreply@github.com>
CommitDate: 2025-04-29

    Revert "meta changes to instagram login flow"

packages/server/helpers/instagram/overviewHelper.js
packages/server/helpers/instagramOauthHelpers.js
packages/server/models/InstagramMetrics.js
packages/server/routes/instagram/index.js
packages/server/schema/instagram/accessToken.js
packages/server/services/instagramService.js

commit e99c3f9b4a235889056f7f82b78cdb6ee40053e8
Author:     Rajib Shresth <rajibstha059@gmail.com>
AuthorDate: 2025-04-29
Commit:     Rajib Shresth <rajibstha059@gmail.com>
CommitDate: 2025-04-29

    meta changes to instagram login flow

packages/server/helpers/instagram/overviewHelper.js
packages/server/helpers/instagramOauthHelpers.js
packages/server/models/InstagramMetrics.js
packages/server/routes/instagram/index.js
packages/server/schema/instagram/accessToken.js
packages/server/services/instagramService.js

commit 51419819784e218fa8bed8651bb834f30cbdcb1e
Author:     Henry Cikanek <cikanek@usc.edu>
AuthorDate: 2025-04-28
Commit:     Henry Cikanek <cikanek@usc.edu>
CommitDate: 2025-04-28

    Refactored Express AI proxy to improve modularity and authentication handling
    
    • Introduced services/agent/aiService.js to encapsulate HTTP proxy logic for /chat and /tasks/generate endpoints using Axios.
    • Updated Chat and Task controllers to delegate to the new AI service, decoupling business logic from HTTP handling.
    • Normalized JWT extraction by preserving full Authorization header through Express and forwarding it unchanged to the FastAPI microservice.
    • Added header‐logging middleware to diagnose auth flow and ensure compatibility with existing isLogged guard.

packages/server/controllers/ai/chatController.js
packages/server/controllers/ai/taskGenerationController.js
packages/server/routes/ai/chat.js
packages/server/routes/index.js
packages/server/services/agent/aiService.js

commit c351033236f46df94fb5b371419d6ada14f48c86
Author:     sd3871 <soohra.dabadi@gmail.com>
AuthorDate: 2025-04-27
Commit:     sd3871 <soohra.dabadi@gmail.com>
CommitDate: 2025-04-27

    reverted back spotify changes

packages/server/helpers/spotify/overviewHelper.js

commit 7acbd35dff9d63ac98195daf0873420e20f6f006
Author:     Henry Cikanek <cikanek@usc.edu>
AuthorDate: 2025-04-25
Commit:     Henry Cikanek <cikanek@usc.edu>
CommitDate: 2025-04-25

    Remove unused frontend .env file and update .gitignore to exclude .DS_Store files

.gitignore
packages/frontend/.env

commit 31ac5782d3cfdc4b9a427a65ffc0a5638ad319b9
Author:     Jacob Stallings <jacobcstallings@icloud.com>
AuthorDate: 2025-04-25
Commit:     GitHub <noreply@github.com>
CommitDate: 2025-04-25

    Revert "quick fix for spotify page not loading (#248)" (#249)
    
    This reverts commit 1245ad4be5dd56a8518f12c3bd5dac32f253db21.

packages/server/helpers/spotify/overviewHelper.js

commit 1245ad4be5dd56a8518f12c3bd5dac32f253db21
Author:     Jacob Stallings <jacobcstallings@icloud.com>
AuthorDate: 2025-04-25
Commit:     GitHub <noreply@github.com>
CommitDate: 2025-04-25

    quick fix for spotify page not loading (#248)

packages/server/helpers/spotify/overviewHelper.js

commit 5f81105620537f3834358896caeea0bebb0058a1
Author:     Jacob Stallings <jacobcstallings@icloud.com>
AuthorDate: 2025-04-25
Commit:     GitHub <noreply@github.com>
CommitDate: 2025-04-25

    remove impressions from api (#247)

packages/server/helpers/instagram/overviewHelper.js

commit 65f23923706170e0dd69f4d813e15c191b20f523
Author:     sd3871 <soohra.dabadi@gmail.com>
AuthorDate: 2025-04-24
Commit:     sd3871 <soohra.dabadi@gmail.com>
CommitDate: 2025-04-24

    updated buzz threshold

packages/server/services/buzz-questionnaires/index.js

commit 9e03c920ceac6a98af2eb9c6880f81f26b993653
Author:     sd3871 <soohra.dabadi@gmail.com>
AuthorDate: 2025-04-24
Commit:     sd3871 <soohra.dabadi@gmail.com>
CommitDate: 2025-04-24

    updated seed buzz questions

packages/server/seeds/seedBuzzQuestionnaires.js

commit 5e2b0344ccd22137023bc86a6d1c071d01c052a6
Author:     Rajib Shresth <rajibstha059@gmail.com>
AuthorDate: 2025-04-24
Commit:     Rajib Shresth <rajibstha059@gmail.com>
CommitDate: 2025-04-24

    fix: progress updated to 3

packages/server/services/buzz-questionnaires/index.js

commit c2693c0a9961656a8a6132e5d5681dc381df2b29
Author:     sd3871 <soohra.dabadi@gmail.com>
AuthorDate: 2025-04-20
Commit:     sd3871 <soohra.dabadi@gmail.com>
CommitDate: 2025-04-20

    spotify releaes helper changes

packages/server/services/gamification/helpers/levelProgress/spotifyReleasesHelper.js

commit f58f2b3603ba3a4583419176b84be5e75b21cd0d
Author:     sd3871 <soohra.dabadi@gmail.com>
AuthorDate: 2025-04-20
Commit:     sd3871 <soohra.dabadi@gmail.com>
CommitDate: 2025-04-20

    instagram posts helper added

packages/server/services/gamification/helpers/levelProgress/instagramPostsHelper.js

commit 592f62dd3a57a770c5539860dfb63b8c28d51817
Author:     sd3871 <soohra.dabadi@gmail.com>
AuthorDate: 2025-04-20
Commit:     sd3871 <soohra.dabadi@gmail.com>
CommitDate: 2025-04-20

    level KPI helper added

packages/server/services/gamification/helpers/kpis/kpiHelper.js
packages/server/services/gamification/index.js

commit be55c64bc34d1bb121d8d24ea266d53e10a3080f
Author:     sd3871 <soohra.dabadi@gmail.com>
AuthorDate: 2025-04-20
Commit:     sd3871 <soohra.dabadi@gmail.com>
CommitDate: 2025-04-20

    level progress helper updates

packages/server/services/gamification/helpers/levelProgress/levelTwoProgressHelper.js

commit cad302805c254ed6ebb45626d518bb0027506f98
Author:     sd3871 <soohra.dabadi@gmail.com>
AuthorDate: 2025-04-20
Commit:     sd3871 <soohra.dabadi@gmail.com>
CommitDate: 2025-04-20

    target aggression helper function added

packages/server/services/gamification/helpers/getTargetAggressionHelper.js

commit 31f6f79d2e0cc875d1dcaf64ca1ed0f8252b0a31
Author:     sd3871 <soohra.dabadi@gmail.com>
AuthorDate: 2025-04-20
Commit:     sd3871 <soohra.dabadi@gmail.com>
CommitDate: 2025-04-20

    updated key required flag

packages/server/models/User.js

commit dbc24e615b3fb519518ad68fea399af0b7f2e39a
Author:     sd3871 <soohra.dabadi@gmail.com>
AuthorDate: 2025-04-19
Commit:     sd3871 <soohra.dabadi@gmail.com>
CommitDate: 2025-04-19

    spofity releases helper funciton added

packages/server/services/gamification/helpers/levelProgress/spotifyReleasesHelper.js

commit 581560f0b8a87195299a2bcfafe81324f05e6c4f
Author:     sd3871 <soohra.dabadi@gmail.com>
AuthorDate: 2025-04-19
Commit:     sd3871 <soohra.dabadi@gmail.com>
CommitDate: 2025-04-19

    level two progress helper funciton  added

packages/server/services/gamification/helpers/levelProgress/levelTwoProgressHelper.js

commit 43c924834d1871612af95cd8a38ba2a5b9465193
Author:     sd3871 <soohra.dabadi@gmail.com>
AuthorDate: 2025-04-19
Commit:     sd3871 <soohra.dabadi@gmail.com>
CommitDate: 2025-04-19

    leve 2 threshhold constant added

packages/server/services/gamification/constants/levelThreshold.js

commit f9c67617c47876ab3e58878cd098e6a0080ce6bb
Author:     sd3871 <soohra.dabadi@gmail.com>
AuthorDate: 2025-04-19
Commit:     sd3871 <soohra.dabadi@gmail.com>
CommitDate: 2025-04-19

    level progress helper above level 2 added

packages/server/services/gamification/index.js

commit bc581ce4009438e8bf823723b085d156d1836e89
Author:     Jacob Stallings <jacobcstallings@icloud.com>
AuthorDate: 2025-04-17
Commit:     GitHub <noreply@github.com>
CommitDate: 2025-04-17

    Upload badge icons dev (#243)
    
    * put relative paths for all badges
    
    * added base urls need to test
    
    * from installing openai
    
    * updated icon urls

package-lock.json
packages/server/seeds/seedBadges.js
yarn.lock

commit 54f3aee0836e40f3a75c68aa0fc7b1ad5ce627b1
Author:     Rajib Shresth <rajibstha059@gmail.com>
AuthorDate: 2025-04-17
Commit:     Rajib Shresth <rajibstha059@gmail.com>
CommitDate: 2025-04-17

    fix: finetuned the model

packages/server/controllers/ai/chatController.js
packages/server/services/taskGenerationService.js

commit e3e519c7b6de525106642f31418cfcc05b7056b7
Author:     Jacob Stallings <jacobcstallings@icloud.com>
AuthorDate: 2025-04-14
Commit:     GitHub <noreply@github.com>
CommitDate: 2025-04-14

    Jest setup and first few tests (#236)
    
    * init jest
    
    * test test
    
    * user test works with copying schema into test file
    
    * refactor
    
    * fixed ESM issue
    
    * use ESM
    
    * added first test but failing
    
    * daily devotee test passed. env setup for tests
    
    * 1-10 tested, delete and readd user between tests to clear badges
    
    * all login tests base functionality
    
    * first task group3 badge
    
    * 3-06 Task Tackler
    
    * 3-07 Task Conqueror and 3-02 I have a plan
    
    * 3-08 daily dynamo
    
    * peak planner, fortnight finisher
    
    * proactive planner
    
    * efficient executor
    
    * calendar conqueror
    
    * demo done, song concept

.gitignore
packages/server/__tests__/badges.test.js
packages/server/config/activityTypes.js
packages/server/helpers/emailHelper.js
packages/server/models/User.js
packages/server/package.json
packages/server/services/gamification/login/check-in-champ.js
packages/server/services/gamification/login/daily-devotee.js
packages/server/services/gamification/login/frequent-flyer.js
packages/server/services/gamification/login/login-legend.js
packages/server/services/gamification/login/tapped-in.js
packages/server/services/gamification/tasks/calendar-conqueror.js
packages/server/services/gamification/tasks/daily-dynamo.js
packages/server/services/gamification/tasks/efficient-executor.js
packages/server/services/gamification/tasks/fortnight-finisher.js
packages/server/services/gamification/tasks/i-have-a-plan.js
packages/server/services/gamification/tasks/peak-planner.js
packages/server/services/gamification/tasks/task-conqueror.js
packages/server/services/gamification/tasks/task-tackler.js
packages/server/services/sum.js

commit f67e3cfc3c6a411f6562d65d8c6114d00b7b5f8b
Author:     Rajib Shresth <rajibstha059@gmail.com>
AuthorDate: 2025-04-13
Commit:     Rajib Shresth <rajibstha059@gmail.com>
CommitDate: 2025-04-13

    add: conversation module added and conversations are getting retained now

packages/server/controllers/ai/chatController.js
packages/server/controllers/ai/taskGenerationController.js
packages/server/controllers/social/index.js
packages/server/controllers/task/taskGenerationController.js
packages/server/models/Conversation.js
packages/server/routes/ai/chat.js
packages/server/routes/ai/index.js
packages/server/routes/ai/tasks.js
packages/server/routes/index.js
packages/server/routes/task/task.js
packages/server/services/taskGenerationService.js

commit deeb2e454e677fe47295a9a9607af95dbbe5d393
Author:     sd3871 <soohra.dabadi@gmail.com>
AuthorDate: 2025-04-12
Commit:     sd3871 <soohra.dabadi@gmail.com>
CommitDate: 2025-04-12

    current goals to target helper funciton added

packages/server/services/buzz-questionnaires/helpers/curentToGoalsMetricsComparisonHelper.js

commit 73ffd9f1e301f41baa3496f999159da0f9dd862e
Author:     sd3871 <soohra.dabadi@gmail.com>
AuthorDate: 2025-04-12
Commit:     sd3871 <soohra.dabadi@gmail.com>
CommitDate: 2025-04-12

    updated respose to include goals

packages/server/services/gamification/index.js

commit c34f4675c8ae7a7147a7dc86e83b94c5b3fc21d2
Author:     sd3871 <soohra.dabadi@gmail.com>
AuthorDate: 2025-04-12
Commit:     sd3871 <soohra.dabadi@gmail.com>
CommitDate: 2025-04-12

    set goals for KPI helper function added

packages/server/services/buzz-questionnaires/helpers/setGoalsForKPIHelper.js
packages/server/services/buzz-questionnaires/index.js

commit e85be34529d9587399f42cdeddf7ea40b88680e5
Author:     sd3871 <soohra.dabadi@gmail.com>
AuthorDate: 2025-04-12
Commit:     sd3871 <soohra.dabadi@gmail.com>
CommitDate: 2025-04-12

    code cleanup

packages/server/routes/buzz-factory/index.js

commit 7e48d7e5cc54576a1779340cb4fd0960e7be385f
Author:     sd3871 <soohra.dabadi@gmail.com>
AuthorDate: 2025-04-12
Commit:     sd3871 <soohra.dabadi@gmail.com>
CommitDate: 2025-04-12

    artists goals schema added

packages/server/models/ArtistGoals.js

commit 765d136ef8cc214ba605378b261ef6b577e23b80
Author:     sd3871 <soohra.dabadi@gmail.com>
AuthorDate: 2025-04-12
Commit:     sd3871 <soohra.dabadi@gmail.com>
CommitDate: 2025-04-12

    function name changes

packages/server/controllers/buzz-factory/index.js

commit 95c9a87f1ecfbe3b5ab43ddb769ccfdc323cc7e9
Author:     sd3871 <soohra.dabadi@gmail.com>
AuthorDate: 2025-04-12
Commit:     sd3871 <soohra.dabadi@gmail.com>
CommitDate: 2025-04-12

    upcoming level gamification route added

packages/server/routes/gamification/index.js

commit 766e3496ca69a80fc32bd2a03618e9a9479e5ac3
Author:     sd3871 <soohra.dabadi@gmail.com>
AuthorDate: 2025-04-12
Commit:     sd3871 <soohra.dabadi@gmail.com>
CommitDate: 2025-04-12

    upcoming levels conroller added

packages/server/controllers/gamification/index.js

commit e7d562524f9fc5b518838cfd4836e7043164d5d3
Author:     sd3871 <soohra.dabadi@gmail.com>
AuthorDate: 2025-04-12
Commit:     sd3871 <soohra.dabadi@gmail.com>
CommitDate: 2025-04-12

    levels model added

packages/server/models/Level.js

commit 0bacac48c92d6c78f9dd1432e87dd96d4e4dcc19
Author:     sd3871 <soohra.dabadi@gmail.com>
AuthorDate: 2025-04-12
Commit:     sd3871 <soohra.dabadi@gmail.com>
CommitDate: 2025-04-12

    level up service added

packages/server/services/gamification/index.js

commit 3e8861903093f24ea49c52786b6f577268243080
Author:     sd3871 <soohra.dabadi@gmail.com>
AuthorDate: 2025-04-12
Commit:     sd3871 <soohra.dabadi@gmail.com>
CommitDate: 2025-04-12

    levels seeders added on db init

packages/server/config/db.js

commit b2644d992200aba8216bd24f928f44fd12eeabc8
Author:     sd3871 <soohra.dabadi@gmail.com>
AuthorDate: 2025-04-12
Commit:     sd3871 <soohra.dabadi@gmail.com>
CommitDate: 2025-04-12

    swift scheduler icon url updated

packages/server/seeds/seedBadges.js

commit 342b89c961703398c0478ed9c7e94b618dfaec32
Author:     sd3871 <soohra.dabadi@gmail.com>
AuthorDate: 2025-04-12
Commit:     sd3871 <soohra.dabadi@gmail.com>
CommitDate: 2025-04-12

    level seeder list added

packages/server/seeds/seedLevels.js

commit 9966dff6faaa8654211238622c8f6c1bddefae74
Author:     sd3871 <soohra.dabadi@gmail.com>
AuthorDate: 2025-04-08
Commit:     sd3871 <soohra.dabadi@gmail.com>
CommitDate: 2025-04-08

    default level info updated

packages/server/services/gamification/index.js

commit 263b30b46473bb5a5e2c5e15101fd7a14e06f490
Author:     sd3871 <soohra.dabadi@gmail.com>
AuthorDate: 2025-04-08
Commit:     sd3871 <soohra.dabadi@gmail.com>
CommitDate: 2025-04-08

    ackknowldge new level up put api added

packages/server/routes/gamification/index.js

commit 77f8664bd540370ac23470a5cdfbca2549e1ab84
Author:     sd3871 <soohra.dabadi@gmail.com>
AuthorDate: 2025-04-08
Commit:     sd3871 <soohra.dabadi@gmail.com>
CommitDate: 2025-04-08

    ackknowldge new level up controller added

packages/server/controllers/gamification/index.js

commit 9bf7609eedc0741cd8f735c963bc234011a4c593
Author:     sd3871 <soohra.dabadi@gmail.com>
AuthorDate: 2025-04-08
Commit:     sd3871 <soohra.dabadi@gmail.com>
CommitDate: 2025-04-08

    removed progress api

packages/server/routes/buzz-factory/index.js

commit f92b8546198c71ba5c1cf2e2cab2672d58fd9e23
Author:     sd3871 <soohra.dabadi@gmail.com>
AuthorDate: 2025-04-08
Commit:     sd3871 <soohra.dabadi@gmail.com>
CommitDate: 2025-04-08

    ackknowldge new level flag added

packages/server/models/User.js

commit 31f6bd0aed42cd4a836753e305ecde18e076ad2a
Author:     sd3871 <soohra.dabadi@gmail.com>
AuthorDate: 2025-04-08
Commit:     sd3871 <soohra.dabadi@gmail.com>
CommitDate: 2025-04-08

    ackknowldge new level set to true on level up

packages/server/services/buzz-questionnaires/index.js

commit 639614b07cc10722587944ad527e1fe19fda146d
Author:     Rajib Shresth <rajibstha059@gmail.com>
AuthorDate: 2025-04-08
Commit:     Rajib Shresth <rajibstha059@gmail.com>
CommitDate: 2025-04-08

    update: open ai key moved to env files

packages/server/config/openai.js
packages/server/server.js

commit 9f7be9bd60ce8bf5e418e5461fa278efd14f648c
Author:     Rajib Shresth <rajibstha059@gmail.com>
AuthorDate: 2025-04-08
Commit:     Rajib Shresth <rajibstha059@gmail.com>
CommitDate: 2025-04-08

    update: updated with the history of caching it

packages/server/services/taskGenerationService.js

commit 00b1f33198fc4fba4d218f1fff467ac3251d7bf4
Author:     sd3871 <soohra.dabadi@gmail.com>
AuthorDate: 2025-04-06
Commit:     sd3871 <soohra.dabadi@gmail.com>
CommitDate: 2025-04-06

    activity type property value fixes

packages/server/seeds/seedBadges.js

commit ed775a8ef62824eb2c243b416850a9516de65fe7
Author:     sd3871 <soohra.dabadi@gmail.com>
AuthorDate: 2025-04-04
Commit:     sd3871 <soohra.dabadi@gmail.com>
CommitDate: 2025-04-04

    merge fix

packages/server/config/activityTypes.js

commit cb16ff8dcdb6e2ddaaf01e91544d59a266b165df
Author:     sd3871 <soohra.dabadi@gmail.com>
AuthorDate: 2025-04-04
Commit:     sd3871 <soohra.dabadi@gmail.com>
CommitDate: 2025-04-04

    activity types badges merge fix

packages/server/config/activityTypes.js
packages/server/config/badgeTypes.js
packages/server/models/SpotifyMetrics.js
packages/server/seeds/seedBadges.js
packages/server/services/badgeService.js

commit daf18f536fd8598c6ca26a2310cb0d74cac9e530
Author:     sd3871 <soohra.dabadi@gmail.com>
AuthorDate: 2025-04-04
Commit:     sd3871 <soohra.dabadi@gmail.com>
CommitDate: 2025-04-04

    buzz questionnaire order changes

packages/server/services/buzz-questionnaires/index.js

commit bd54b21fd8732881c426900cd8d3f29b923ccf27
Author:     sd3871 <soohra.dabadi@gmail.com>
AuthorDate: 2025-04-04
Commit:     sd3871 <soohra.dabadi@gmail.com>
CommitDate: 2025-04-04

    removed brand explorere badge award on signup

packages/server/controllers/onboarding/index.js

commit 57cf3e07216a496ab4381576e2012aab9c112827
Author:     sd3871 <soohra.dabadi@gmail.com>
AuthorDate: 2025-04-04
Commit:     sd3871 <soohra.dabadi@gmail.com>
CommitDate: 2025-04-04

    badge image url constants added

packages/server/config/badgeImageUrls.js
packages/server/seeds/seedBadges.js

commit 590ac7db94d2cb52b1f4eb0922f0fe15965a32ac
Author:     sd3871 <soohra.dabadi@gmail.com>
AuthorDate: 2025-04-04
Commit:     sd3871 <soohra.dabadi@gmail.com>
CommitDate: 2025-04-04

    added kpi viewed constant

packages/server/config/activityTypes.js

commit 6e2d44f396b1032f3e6ad0357cf028f0cd804efc
Author:     Jacob Stallings <jacobcstallings@icloud.com>
AuthorDate: 2025-03-31
Commit:     GitHub <noreply@github.com>
CommitDate: 2025-03-31

    Spotify Badges (Group 5) - Web Backend & Seeding (#229)
    
    * group 5 part 1
    
    * group 5 monthly listeners seeds
    
    * store badge key when awarding badge

packages/server/config/activityTypes.js
packages/server/config/badgeTypes.js
packages/server/models/SpotifyMetrics.js
packages/server/seeds/seedBadges.js
packages/server/services/badgeService.js

commit 8e2d1f0b342e5e0025af3774c208d9dc2d6e7cb2
Author:     sd3871 <soohra.dabadi@gmail.com>
AuthorDate: 2025-03-29
Commit:     sd3871 <soohra.dabadi@gmail.com>
CommitDate: 2025-03-29

    updated slack webhook notification messages

.github/workflows/deploy.yml

commit 0cf56262b6f425bc7bd8d6ad98fc3911c140aedc
Author:     sd3871 <soohra.dabadi@gmail.com>
AuthorDate: 2025-03-28
Commit:     sd3871 <soohra.dabadi@gmail.com>
CommitDate: 2025-03-28

    level name changes

packages/server/services/buzz-questionnaires/index.js

commit 5808173ff0d51195e1d80dad5596f76d3b78ea0d
Author:     sd3871 <soohra.dabadi@gmail.com>
AuthorDate: 2025-03-28
Commit:     sd3871 <soohra.dabadi@gmail.com>
CommitDate: 2025-03-28

    current level progress value added

packages/server/services/gamification/index.js

commit c2c578f6a3497d4c66d96375f76a3d5e3305248c
Author:     sd3871 <soohra.dabadi@gmail.com>
AuthorDate: 2025-03-28
Commit:     sd3871 <soohra.dabadi@gmail.com>
CommitDate: 2025-03-28

    email action updated

packages/server/services/buzz-questionnaires/helpers/levelUpgradeEmailHelper.js

commit 007e5f161357dee48d94a3a73b4a72f48acda0b9
Author:     sd3871 <soohra.dabadi@gmail.com>
AuthorDate: 2025-03-28
Commit:     sd3871 <soohra.dabadi@gmail.com>
CommitDate: 2025-03-28

    updated email template import

packages/server/helpers/emailHelper.js

commit 2b76770c9cd312a934545cf9b9e68a84b0261f4a
Author:     sd3871 <soohra.dabadi@gmail.com>
AuthorDate: 2025-03-28
Commit:     sd3871 <soohra.dabadi@gmail.com>
CommitDate: 2025-03-28

    post buzz questionnaire req body update

packages/server/controllers/buzz-factory/index.js

commit b08c3441a26a939dbd67c20b423ab1203a9df01c
Author:     sd3871 <soohra.dabadi@gmail.com>
AuthorDate: 2025-03-27
Commit:     sd3871 <soohra.dabadi@gmail.com>
CommitDate: 2025-03-27

    images uploaded to s3 and s3 url being passed from the db

packages/server/routes/gamification/index.js
packages/server/seeds/seedBuzzQuestionnaires.js
packages/server/services/buzz-questionnaires/helpers/levelUpgradeEmailHelper.js
packages/server/services/buzz-questionnaires/index.js
packages/server/services/gamification/index.js

commit 3edb3b04177934096d8fc54516d6f3ad6c8c6d6c
Author:     sd3871 <soohra.dabadi@gmail.com>
AuthorDate: 2025-03-27
Commit:     sd3871 <soohra.dabadi@gmail.com>
CommitDate: 2025-03-27

    current level  detection on the user modal and response

packages/server/helpers/social/isSocialLinkedHelper.js
packages/server/models/User.js
packages/server/routes/index.js

commit 0c0523aa4f1204e2ff747218156d1c1f4cf6f459
Author:     sd3871 <soohra.dabadi@gmail.com>
AuthorDate: 2025-03-27
Commit:     sd3871 <soohra.dabadi@gmail.com>
CommitDate: 2025-03-27

    email template for level up

packages/server/helpers/consts/email.consts.js
packages/server/helpers/email/templates/levelUp.template.js
packages/server/helpers/language.js

commit bfe838591973f6adadf23287e7bfcdbde6b7cf7f
Author:     sd3871 <soohra.dabadi@gmail.com>
AuthorDate: 2025-03-27
Commit:     sd3871 <soohra.dabadi@gmail.com>
CommitDate: 2025-03-27

    email helper for level up

packages/server/helpers/emailHelper.js

commit a99b265db8f1c66ebfd06eced8037337d2f8ffee
Author:     sd3871 <soohra.dabadi@gmail.com>
AuthorDate: 2025-03-27
Commit:     sd3871 <soohra.dabadi@gmail.com>
CommitDate: 2025-03-27

    commented code

packages/server/controllers/buzz-factory/index.js
packages/server/controllers/gamification/index.js

commit 1e05ea69023a1b8ac4eca24ddf5679145b6116b4
Author:     sd3871 <soohra.dabadi@gmail.com>
AuthorDate: 2025-03-27
Commit:     sd3871 <soohra.dabadi@gmail.com>
CommitDate: 2025-03-27

    defined levels name on the db and passed in the api

packages/server/config/levelNames.js

commit 4270d138119985dce23b770c1ebf4c7de97df9d9
Author:     sd3871 <soohra.dabadi@gmail.com>
AuthorDate: 2025-03-27
Commit:     sd3871 <soohra.dabadi@gmail.com>
CommitDate: 2025-03-27

    added badge images in s3

packages/server/config/badgeImageUrls.js

commit e50ebbc6e877ed5450cb7dc1d68b18c3bbe5a408
Author:     sd3871 <soohra.dabadi@gmail.com>
AuthorDate: 2025-03-21
Commit:     sd3871 <soohra.dabadi@gmail.com>
CommitDate: 2025-03-21

    added hashtags in answertype enum

packages/server/models/BuzzQuestionnaireAnswers.js

commit 2417a30d9c9981a9009d04439a64423a2dbd0abb
Author:     sd3871 <soohra.dabadi@gmail.com>
AuthorDate: 2025-03-21
Commit:     sd3871 <soohra.dabadi@gmail.com>
CommitDate: 2025-03-21

    removed sectionend

packages/server/seeds/seedBuzzQuestionnaires.js

commit 113261bd0edd89dddd5ea2fa38d1304d1d6b0d75
Author:     sd3871 <soohra.dabadi@gmail.com>
AuthorDate: 2025-03-21
Commit:     sd3871 <soohra.dabadi@gmail.com>
CommitDate: 2025-03-21

    title typo fix

packages/server/models/BuzzQuestionnaire.js

commit b152777af69c5e5238c9a841f97f9aabacb96002
Author:     sd3871 <soohra.dabadi@gmail.com>
AuthorDate: 2025-03-21
Commit:     sd3871 <soohra.dabadi@gmail.com>
CommitDate: 2025-03-21

    badge name merge fix

packages/server/config/activityTypes.js

commit 26bc2bda4ab458ae3db0980d6485c632e2eb4ada
Author:     sd3871 <soohra.dabadi@gmail.com>
AuthorDate: 2025-03-21
Commit:     sd3871 <soohra.dabadi@gmail.com>
CommitDate: 2025-03-21

    seed questionnaires schema changes

packages/server/seeds/seedBuzzQuestionnaires.js

commit 0ee5646b2a6e5a0420dd9a05cd47a5d7938c0620
Author:     sd3871 <soohra.dabadi@gmail.com>
AuthorDate: 2025-03-21
Commit:     sd3871 <soohra.dabadi@gmail.com>
CommitDate: 2025-03-21

    buzz schema update

packages/server/models/BuzzQuestionnaire.js

commit 6f2b1a771fe12932185db6341ae13dc7743a76b6
Author:     sd3871 <soohra.dabadi@gmail.com>
AuthorDate: 2025-03-21
Commit:     sd3871 <soohra.dabadi@gmail.com>
CommitDate: 2025-03-21

    buzz response update

packages/server/controllers/buzz-factory/index.js

commit f508ae2127c8c31a1e6a7a0b67984b9bee835537
Author:     sd3871 <soohra.dabadi@gmail.com>
AuthorDate: 2025-03-19
Commit:     sd3871 <soohra.dabadi@gmail.com>
CommitDate: 2025-03-19

    social link check validation helper added

packages/server/helpers/social/isSocialLinkedHelper.js

commit b69fc186c322032f6a150be931212dcffcb4503f
Author:     sd3871 <soohra.dabadi@gmail.com>
AuthorDate: 2025-03-19
Commit:     sd3871 <soohra.dabadi@gmail.com>
CommitDate: 2025-03-19

    social linked validation added for buzz questionnaires

packages/server/services/buzz-questionnaires/index.js

commit ea473eb070faaff4c9c32344df3ea85e3723a6d5
Author:     sd3871 <soohra.dabadi@gmail.com>
AuthorDate: 2025-03-19
Commit:     sd3871 <soohra.dabadi@gmail.com>
CommitDate: 2025-03-19

    dynamic buzz points helper added

packages/server/services/buzz-questionnaires/getBuzzPoints.helper.js

commit 55c1c884c677286d3247b8da09a8263789d0101e
Author:     sd3871 <soohra.dabadi@gmail.com>
AuthorDate: 2025-03-19
Commit:     sd3871 <soohra.dabadi@gmail.com>
CommitDate: 2025-03-19

    added dynamic buzz points handler

packages/server/services/buzz-questionnaires/index.js

commit 70e8e9addc77a8cb55c2eb772128fcd543e92996
Author:     Jacob Stallings <jacobcstallings@icloud.com>
AuthorDate: 2025-03-17
Commit:     GitHub <noreply@github.com>
CommitDate: 2025-03-17

    Group4 badges rename web (#223)
    
    * add timestamp to /media request
    
    * engagement badges done
    
    * followers badges added to seed
    
    * seed ig posts badges
    
    * edit weekly warrior to be unique
    
    * rename and reseed some badges

packages/server/config/activityTypes.js
packages/server/config/badgeTypes.js
packages/server/seeds/seedBadges.js
packages/server/services/badgeService.js
packages/server/services/gamification/login/tapped-in.js

commit 358bc4e00e60958a92a2df0f71125f6f62293ea9
Author:     sd3871 <soohra.dabadi@gmail.com>
AuthorDate: 2025-03-17
Commit:     sd3871 <soohra.dabadi@gmail.com>
CommitDate: 2025-03-17

    user level update on buzz answers updates

packages/server/services/buzz-questionnaires/index.js

commit 1820894bc3ff6c46dc5d521c1514120c8a7eb9e0
Author:     sd3871 <soohra.dabadi@gmail.com>
AuthorDate: 2025-03-17
Commit:     sd3871 <soohra.dabadi@gmail.com>
CommitDate: 2025-03-17

    email action consts added

packages/server/helpers/consts/email.consts.js
packages/server/helpers/emailHelper.js

commit c476ccd180fe09a4683115e458801f84f448973b
Author:     sd3871 <soohra.dabadi@gmail.com>
AuthorDate: 2025-03-17
Commit:     sd3871 <soohra.dabadi@gmail.com>
CommitDate: 2025-03-17

    award badge template added

packages/server/controllers/user/profile.js
packages/server/helpers/email/templates/awardBadgev2.template.js

commit fd9e8f6261dbcd93974e9667d8c1ee3e133665db
Author:     sd3871 <soohra.dabadi@gmail.com>
AuthorDate: 2025-03-17
Commit:     sd3871 <soohra.dabadi@gmail.com>
CommitDate: 2025-03-17

    buzz answere schema changes

packages/server/models/BuzzQuestionnaireAnswers.js

commit bff198481b03c62d2aa9dc7d7b876018a48e3414
Author:     sd3871 <soohra.dabadi@gmail.com>
AuthorDate: 2025-03-17
Commit:     sd3871 <soohra.dabadi@gmail.com>
CommitDate: 2025-03-17

    level attributes added

packages/server/models/User.js

commit ac88130382d7255c7f21f5708e7ea0c671320770
Author:     sd3871 <soohra.dabadi@gmail.com>
AuthorDate: 2025-03-15
Commit:     sd3871 <soohra.dabadi@gmail.com>
CommitDate: 2025-03-17

    fix:questionnaires constatns

packages/server/seeds/seedBadges.js

commit e8cb97db626a20596cfec2dc51a5866897fa757e
Author:     sd3871 <soohra.dabadi@gmail.com>
AuthorDate: 2025-03-15
Commit:     sd3871 <soohra.dabadi@gmail.com>
CommitDate: 2025-03-17

    comment changes

packages/server/services/badgeService.js

commit e17de5abcede8bf9f82a0ae7465c665c39ffc066
Author:     sd3871 <soohra.dabadi@gmail.com>
AuthorDate: 2025-03-15
Commit:     sd3871 <soohra.dabadi@gmail.com>
CommitDate: 2025-03-17

    fix:questionnaires section badges order

packages/server/services/gamification/sign-up-questionnnaires/config/constants.js

commit 2222b451aafe62752d934a8f58e498361b683c13
Author:     sd3871 <soohra.dabadi@gmail.com>
AuthorDate: 2025-03-15
Commit:     sd3871 <soohra.dabadi@gmail.com>
CommitDate: 2025-03-15

    POST buzz questionnaires swagger updated

packages/server/controllers/buzz-factory/index.js

commit efab8de8834859f9478c1b3e4551be5d51ddf0db
Author:     sd3871 <soohra.dabadi@gmail.com>
AuthorDate: 2025-03-15
Commit:     sd3871 <soohra.dabadi@gmail.com>
CommitDate: 2025-03-15

    buzz quetionnaire fetch from db added

packages/server/services/buzz-questionnaires/index.js

commit 4b6dd487876bd2d9c69ed3bef3305bf8b05894a7
Author:     sd3871 <soohra.dabadi@gmail.com>
AuthorDate: 2025-03-15
Commit:     sd3871 <soohra.dabadi@gmail.com>
CommitDate: 2025-03-15

    quesitons order fixes

packages/server/services/buzz-questionnaires/questionnaires.js

commit 47cdd5d243a85e616f8f85f542f3c5a70fd0dd29
Author:     sd3871 <soohra.dabadi@gmail.com>
AuthorDate: 2025-03-15
Commit:     sd3871 <soohra.dabadi@gmail.com>
CommitDate: 2025-03-15

    typo fix

packages/server/services/activity-logs/activitylogsService.js

commit f659334c781842746c7f68ab4ecbceba6c814839
Author:     sd3871 <soohra.dabadi@gmail.com>
AuthorDate: 2025-03-15
Commit:     sd3871 <soohra.dabadi@gmail.com>
CommitDate: 2025-03-15

    buzz questions added

packages/server/seeds/seedBuzzQuestionnaires.js

commit 3cedeece498c9d6a45ef628a163210885fa19876
Author:     sd3871 <soohra.dabadi@gmail.com>
AuthorDate: 2025-03-15
Commit:     sd3871 <soohra.dabadi@gmail.com>
CommitDate: 2025-03-15

    removed old schema

packages/server/models/BuzzQuestionnaires.js

commit 0c3f36ba29b15fadda84d2cd2a888aa5d35ac8a6
Author:     sd3871 <soohra.dabadi@gmail.com>
AuthorDate: 2025-03-15
Commit:     sd3871 <soohra.dabadi@gmail.com>
CommitDate: 2025-03-15

    buzz questionnaires answers schema added

packages/server/models/BuzzQuestionnaireAnswers.js

commit 9d2e74950bfcfb93a067f5f7f5f73874f626dc92
Author:     sd3871 <soohra.dabadi@gmail.com>
AuthorDate: 2025-03-15
Commit:     sd3871 <soohra.dabadi@gmail.com>
CommitDate: 2025-03-15

    buzz questions schema added

packages/server/models/BuzzQuestionnaire.js

commit 200ae0e23d73dc7aafd50a7b3249411353a5367a
Author:     sd3871 <soohra.dabadi@gmail.com>
AuthorDate: 2025-03-15
Commit:     sd3871 <soohra.dabadi@gmail.com>
CommitDate: 2025-03-15

    added buzz questionnaires seeds

packages/server/config/buzzQuestionnaires.js
packages/server/config/db.js

commit ce7150c4bfb40eed310e608dee85da386a6807ab
Author:     sd3871 <soohra.dabadi@gmail.com>
AuthorDate: 2025-03-15
Commit:     sd3871 <soohra.dabadi@gmail.com>
CommitDate: 2025-03-15

    actiity types merge fix

packages/server/config/activityTypes.js

commit 681a9148800486601f6afe2f6ebfb44dafcf6caa
Author:     Jacob Stallings <jacobcstallings@icloud.com>
AuthorDate: 2025-03-14
Commit:     GitHub <noreply@github.com>
CommitDate: 2025-03-14

    Group4 badges ig engagement (#219)
    
    * add timestamp to /media request
    
    * engagement badges done
    
    * followers badges added to seed
    
    * seed ig posts badges
    
    * edit weekly warrior to be unique

packages/server/config/activityTypes.js
packages/server/config/badgeTypes.js
packages/server/helpers/instagram/overviewHelper.js
packages/server/models/Social.js
packages/server/seeds/seedBadges.js

commit 2d474e4715506492942c737cfc45c8fc55283b93
Author:     sd3871 <soohra.dabadi@gmail.com>
AuthorDate: 2025-03-12
Commit:     sd3871 <soohra.dabadi@gmail.com>
CommitDate: 2025-03-12

    update: buzz-questionnaires progress changes

packages/server/services/buzz-questionnaires/index.js

commit a7d943a6913efe77307d039362b6a87500dc2570
Author:     sd3871 <soohra.dabadi@gmail.com>
AuthorDate: 2025-03-12
Commit:     sd3871 <soohra.dabadi@gmail.com>
CommitDate: 2025-03-12

    response update: added isCompleted flag

packages/server/controllers/buzz-factory/index.js

commit 24b65e5aca8635adf17cb42105027836ed5dd32e
Author:     sd3871 <soohra.dabadi@gmail.com>
AuthorDate: 2025-03-12
Commit:     sd3871 <soohra.dabadi@gmail.com>
CommitDate: 2025-03-12

    buzz questionnaires progress service added

packages/server/services/buzz-questionnaires/index.js

commit 14f280d61fcaa19929e0747107461f37b492149c
Author:     sd3871 <soohra.dabadi@gmail.com>
AuthorDate: 2025-03-12
Commit:     sd3871 <soohra.dabadi@gmail.com>
CommitDate: 2025-03-12

    buzz questionnaires progress route added

packages/server/routes/buzz-factory/index.js

commit af96824b120000691b44cf308b7299a43e788c5d
Author:     sd3871 <soohra.dabadi@gmail.com>
AuthorDate: 2025-03-12
Commit:     sd3871 <soohra.dabadi@gmail.com>
CommitDate: 2025-03-12

    buzz questionnaires progress controlleer added

packages/server/controllers/buzz-factory/index.js

commit 6bf9110092fcee9933fa0a24cad3c8409065a8fb
Author:     sd3871 <soohra.dabadi@gmail.com>
AuthorDate: 2025-03-11
Commit:     sd3871 <soohra.dabadi@gmail.com>
CommitDate: 2025-03-11

    changed schema to number

packages/server/services/buzz-questionnaires/index.js
packages/server/services/gamification/sign-up-questionnnaires/brand-definer.js
packages/server/services/gamification/sign-up-questionnnaires/goal-getter.js
packages/server/services/gamification/sign-up-questionnnaires/intentional-creator.js
packages/server/services/gamification/sign-up-questionnnaires/time-is-money.js
packages/server/services/gamification/sign-up-questionnnaires/we-will-do-it-live.js

commit 6970f190f2d0151714c246d2c83783fdb24dad69
Author:     sd3871 <soohra.dabadi@gmail.com>
AuthorDate: 2025-03-11
Commit:     sd3871 <soohra.dabadi@gmail.com>
CommitDate: 2025-03-11

    questionnaires schema updated

packages/server/services/buzz-questionnaires/questionnaires.js

commit bba9d5c23f510203e4e3b8e82c830fc2a0d32146
Author:     sd3871 <soohra.dabadi@gmail.com>
AuthorDate: 2025-03-11
Commit:     sd3871 <soohra.dabadi@gmail.com>
CommitDate: 2025-03-11

    attributes fixes

packages/server/models/BuzzQuestionnaires.js

commit 2aa7c5df99b61b5af43a35afb82f5b2745550062
Author:     sd3871 <soohra.dabadi@gmail.com>
AuthorDate: 2025-03-11
Commit:     sd3871 <soohra.dabadi@gmail.com>
CommitDate: 2025-03-11

    removed schema validation

packages/server/routes/buzz-factory/index.js

commit 500e35900ed532fcf7da1b6cd34099db3bbe8ec4
Author:     sd3871 <soohra.dabadi@gmail.com>
AuthorDate: 2025-03-09
Commit:     sd3871 <soohra.dabadi@gmail.com>
CommitDate: 2025-03-09

    fix: badges type import fix

packages/server/services/buzz-questionnaires/questionnaires.js

commit 9ea2529ebc71a08333a863b8d7cc07d76d905238
Author:     sd3871 <soohra.dabadi@gmail.com>
AuthorDate: 2025-03-07
Commit:     sd3871 <soohra.dabadi@gmail.com>
CommitDate: 2025-03-07

    availabled badges property added

packages/server/services/buzz-questionnaires/questionnaires.js

commit 3cd0d7b21d948949991a67017447959de75f62bb
Author:     sd3871 <soohra.dabadi@gmail.com>
AuthorDate: 2025-03-07
Commit:     sd3871 <soohra.dabadi@gmail.com>
CommitDate: 2025-03-07

    question type enum updates

packages/server/models/BuzzQuestionnaires.js
packages/server/schema/buzzQuestionnaires.js

commit 73d9740b706d16a1808bc24eee72ca669dfb9eb1
Author:     sd3871 <soohra.dabadi@gmail.com>
AuthorDate: 2025-03-06
Commit:     sd3871 <soohra.dabadi@gmail.com>
CommitDate: 2025-03-06

    buzz questionnaires schema changes

packages/server/models/BuzzQuestionnaires.js

commit b28d11d296c4db047ddd1345cb805edd8f56f132
Author:     sd3871 <soohra.dabadi@gmail.com>
AuthorDate: 2025-03-06
Commit:     sd3871 <soohra.dabadi@gmail.com>
CommitDate: 2025-03-06

    dummy questionnaires added

packages/server/services/buzz-questionnaires/questionnaires.js

commit a248e1bedd900ec30b952c4bb40a37672936d313
Author:     sd3871 <soohra.dabadi@gmail.com>
AuthorDate: 2025-03-06
Commit:     sd3871 <soohra.dabadi@gmail.com>
CommitDate: 2025-03-06

    buzz questionnaires schema changes

packages/server/models/BuzzQuestionnaires.js

commit 6c71e0beb6bb5000b5cf5307a8c9d2fa6acb9854
Author:     sd3871 <soohra.dabadi@gmail.com>
AuthorDate: 2025-03-06
Commit:     sd3871 <soohra.dabadi@gmail.com>
CommitDate: 2025-03-06

    get buzz questionnaires API added

packages/server/controllers/buzz-factory/index.js
packages/server/routes/buzz-factory/index.js
packages/server/services/buzz-questionnaires/index.js

commit b9a6d6152b7fbc26730a07f680610dee723e45ae
Author:     Jacob Stallings <jacobcstallings@icloud.com>
AuthorDate: 2025-03-02
Commit:     GitHub <noreply@github.com>
CommitDate: 2025-03-02

    Group1 login badges (#209)
    
    * add back 3-31 badge
    
    * activityThreshold not required in Badges
    
    * 1-09 Daily Devotee & rename activityTypes enum
    
    * 1-10 thru 1-14 and 1-01 added
    
    * emit SOCIAL_LINKED activity when user links socials
    
    * remove BADGE_AWARDED activities
    
    * missed this file
    
    * fix merge issues

packages/server/config/activityModels.js
packages/server/config/activityTypes.js
packages/server/config/badgeTypes.js
packages/server/eventsHub/eventListener.js
packages/server/models/ActivityLog.js
packages/server/models/Badge.js
packages/server/seeds/seedBadges.js
packages/server/services/activity-logs/activitylogsService.js
packages/server/services/badgeService.js
packages/server/services/buzz-questionnaires/index.js
packages/server/services/eventService.js
packages/server/services/gamification/bio-and-links/bio-and-links.js
packages/server/services/gamification/events/calendar-initiate.js
packages/server/services/gamification/login/1-11-placeholder.js
packages/server/services/gamification/login/check-in-champ.js
packages/server/services/gamification/login/consistent-cruiser.js
packages/server/services/gamification/login/daily-devotee.js
packages/server/services/gamification/login/frequent-flyer.js
packages/server/services/gamification/login/login-legend.js
packages/server/services/gamification/tasks/calendar-conqueror.js
packages/server/services/gamification/tasks/consistency-king-queen.js
packages/server/services/gamification/tasks/daily-dynamo.js
packages/server/services/gamification/tasks/efficient-executor.js
packages/server/services/gamification/tasks/focus-frenzy.js
packages/server/services/gamification/tasks/fortnight-finisher.js
packages/server/services/gamification/tasks/half-month-hustler.js
packages/server/services/gamification/tasks/lightning-round.js
packages/server/services/gamification/tasks/monthly-marathon.js
packages/server/services/gamification/tasks/peak-planner.js
packages/server/services/gamification/tasks/proactive-planner.js
packages/server/services/gamification/tasks/swift-scheduler.js
packages/server/services/gamification/tasks/task-achiever.js
packages/server/services/gamification/tasks/task-champion.js
packages/server/services/gamification/tasks/task-conqueror.js
packages/server/services/gamification/tasks/task-finisher.js
packages/server/services/gamification/tasks/task-initiator.js
packages/server/services/gamification/tasks/task-marathoner.js
packages/server/services/gamification/tasks/task-master.js
packages/server/services/gamification/tasks/task-tackler.js
packages/server/services/gamification/tasks/weekly-warrior-ii.js
packages/server/services/gamification/tasks/weekly-warrior.js
packages/server/services/projectService.js
packages/server/services/spotifyService.js
packages/server/services/taskService.js

commit 4297f3276dc9d3478b191e50d9ecf702cf790b4d
Author:     sd3871 <soohra.dabadi@gmail.com>
AuthorDate: 2025-03-02
Commit:     sd3871 <soohra.dabadi@gmail.com>
CommitDate: 2025-03-02

    buzz factory Swagger doc updates

packages/server/controllers/buzz-factory/index.js

commit cc528780a1386068d3249d652521c43e911860f6
Author:     sd3871 <soohra.dabadi@gmail.com>
AuthorDate: 2025-03-02
Commit:     sd3871 <soohra.dabadi@gmail.com>
CommitDate: 2025-03-02

    activity log changes

packages/server/services/buzz-questionnaires/index.js

commit c091165c6c39a65257d24b4b38bcb776c273c9a3
Author:     sd3871 <soohra.dabadi@gmail.com>
AuthorDate: 2025-03-02
Commit:     sd3871 <soohra.dabadi@gmail.com>
CommitDate: 2025-03-02

    added flag for tooltip

packages/server/models/User.js

commit 9882fc31908bc6dc531017b42b6922cd00d43162
Author:     sd3871 <soohra.dabadi@gmail.com>
AuthorDate: 2025-03-02
Commit:     sd3871 <soohra.dabadi@gmail.com>
CommitDate: 2025-03-02

    buzz questionannaires flow added

packages/server/config/activityModels.js
packages/server/config/activityTypes.js
packages/server/controllers/buzz-factory/index.js
packages/server/models/BuzzQuestionnaires.js
packages/server/routes/buzz-factory/index.js
packages/server/routes/index.js
packages/server/schema/buzzQuestionnaires.js
packages/server/schema/onboardingQuestionnaires.js
packages/server/seeds/seedBadges.js
packages/server/services/activity-logs/activitylogsService.js
packages/server/services/badgeService.js
packages/server/services/gamification/sign-up-questionnnaires/brand-definer.js
packages/server/services/gamification/sign-up-questionnnaires/brand-explorer.js
packages/server/services/gamification/sign-up-questionnnaires/config/constants.js
packages/server/services/gamification/sign-up-questionnnaires/data-driven-decision-maker.js
packages/server/services/gamification/sign-up-questionnnaires/goal-getter.js
packages/server/services/gamification/sign-up-questionnnaires/intentional-creator.js
packages/server/services/gamification/sign-up-questionnnaires/time-is-money.js
packages/server/services/gamification/sign-up-questionnnaires/we-will-do-it-live.js
packages/server/services/onboardingService.js

commit 7a8cf1b8154a8498bfcd141ffdb00492d2b53d6c
Author:     Rajib Shresth <rajibstha059@gmail.com>
AuthorDate: 2025-02-25
Commit:     Rajib Shresth <rajibstha059@gmail.com>
CommitDate: 2025-02-25

    fix: added some finetuing to the response and prompt

packages/server/config/openai.js
packages/server/services/taskGenerationService.js

commit d5ba5bff12b558db42992fb4ed35744f877b5e4c
Author:     sd3871 <soohra.dabadi@gmail.com>
AuthorDate: 2025-02-24
Commit:     sd3871 <soohra.dabadi@gmail.com>
CommitDate: 2025-02-24

    activity logs object changes

packages/server/services/activity-logs/activitylogsService.js
packages/server/services/badgeService.js
packages/server/services/onboardingService.js

commit 3ed4400cf5353015235f1a3957e28b806417fc67
Author:     sd3871 <soohra.dabadi@gmail.com>
AuthorDate: 2025-02-24
Commit:     sd3871 <soohra.dabadi@gmail.com>
CommitDate: 2025-02-24

    group 1 gamification logic added

packages/server/services/gamification/sign-up-questionnnaires/brand-definer.js
packages/server/services/gamification/sign-up-questionnnaires/config/constants.js
packages/server/services/gamification/sign-up-questionnnaires/goal-getter.js
packages/server/services/gamification/sign-up-questionnnaires/intentional-creator.js
packages/server/services/gamification/sign-up-questionnnaires/time-is-money.js
packages/server/services/gamification/sign-up-questionnnaires/we-will-do-it-live.js

commit ecaf247a8c15315ebfb303dab82bc369ce556d7b
Author:     sd3871 <soohra.dabadi@gmail.com>
AuthorDate: 2025-02-24
Commit:     sd3871 <soohra.dabadi@gmail.com>
CommitDate: 2025-02-24

    questionnaires request body changes

packages/server/controllers/onboarding/index.js

commit da56e3c9dad9fa6e769fd65db17d7b4cea3636c3
Author:     sd3871 <soohra.dabadi@gmail.com>
AuthorDate: 2025-02-24
Commit:     sd3871 <soohra.dabadi@gmail.com>
CommitDate: 2025-02-24

    event emitter added

packages/server/services/onboardingService.js

commit 2ed141ac0372b0ae74afad47f7279adb278567e8
Author:     sd3871 <soohra.dabadi@gmail.com>
AuthorDate: 2025-02-24
Commit:     sd3871 <soohra.dabadi@gmail.com>
CommitDate: 2025-02-24

    badges service  merge fix

packages/server/services/badgeService.js

commit ebe2c5d0056956eb2acd3998901d83d7cb7596d0
Author:     sd3871 <soohra.dabadi@gmail.com>
AuthorDate: 2025-02-24
Commit:     sd3871 <soohra.dabadi@gmail.com>
CommitDate: 2025-02-24

    badges type merge fix

packages/server/config/badgeTypes.js

commit c98b9e8811092dfc24a8d592589791e9e0a707ab
Author:     sd3871 <soohra.dabadi@gmail.com>
AuthorDate: 2025-02-24
Commit:     sd3871 <soohra.dabadi@gmail.com>
CommitDate: 2025-02-24

    activity model merge fix

packages/server/config/activityModels.js

commit 874264709838ce5f7948f9d048902ff87c35cb1a
Author:     sd3871 <soohra.dabadi@gmail.com>
AuthorDate: 2025-02-24
Commit:     sd3871 <soohra.dabadi@gmail.com>
CommitDate: 2025-02-24

    badges seeder merge fix

packages/server/seeds/seedBadges.js

commit 86fc140fd3100ffaa04c55ca187f0d814f65e06d
Author:     sd3871 <soohra.dabadi@gmail.com>
AuthorDate: 2025-02-24
Commit:     sd3871 <soohra.dabadi@gmail.com>
CommitDate: 2025-02-24

    onboarding questionnaire request schema fix

packages/server/schema/onboardingQuestionnaires.js

commit f69c30dc80a716e652032855db16a02d45d17f1a
Author:     Jacob Stallings <jacobcstallings@icloud.com>
AuthorDate: 2025-02-23
Commit:     GitHub <noreply@github.com>
CommitDate: 2025-02-23

    Evo 791 group3 badges (#205)
    
    * Add badge 3-03 "First Week Fully Planned"
    
    * 3-04 Calendar Initiate
    
    * 3-08 Daily Dynamo
    
    * 3-06 Task Tackler
    
    * 3-07 and 3-05 Task Conqueror & Weekly Warrior
    
    * badges 3-17 thru 3-22
    
    * badges 3-23 thru 3-29
    
    * badges 3-30 and 3-31 Demo Done and Song Concept
    
    * Focus frenzy seeder added
    
    * Focus frenzy badge flow added
    
    * fortnight finisher gamification flow added
    
    * monthly marathon seeder badge added
    
    * monthly marathon gamification added
    
    * hasDue return fixes
    
    * minor fix
    
    * Add badge 3-03 "First Week Fully Planned"
    
    * 3-04 Calendar Initiate
    
    * 3-08 Daily Dynamo
    
    * badges re-seeded after group3 merge
    
    ---------
    
    Co-authored-by: sd3871 <soohra.dabadi@gmail.com>

packages/server/config/activityModels.js
packages/server/config/activityTypes.js
packages/server/config/badgeTypes.js
packages/server/seeds/seedBadges.js
packages/server/services/activity-logs/activitylogsService.js
packages/server/services/badgeService.js
packages/server/services/eventService.js
packages/server/services/gamification/events/calendar-initiate.js
packages/server/services/gamification/projects/song-concept.js
packages/server/services/gamification/tasks/calendar-conqueror.js
packages/server/services/gamification/tasks/consistency-king-queen.js
packages/server/services/gamification/tasks/daily-dynamo.js
packages/server/services/gamification/tasks/demo-done.js
packages/server/services/gamification/tasks/efficient-executor.js
packages/server/services/gamification/tasks/first-week-fully-planned.js
packages/server/services/gamification/tasks/half-month-hustler.js
packages/server/services/gamification/tasks/peak-planner.js
packages/server/services/gamification/tasks/proactive-planner.js
packages/server/services/gamification/tasks/task-achiever.js
packages/server/services/gamification/tasks/task-champion.js
packages/server/services/gamification/tasks/task-conqueror.js
packages/server/services/gamification/tasks/task-finisher.js
packages/server/services/gamification/tasks/task-marathoner.js
packages/server/services/gamification/tasks/task-master.js
packages/server/services/gamification/tasks/task-tackler.js
packages/server/services/gamification/tasks/weekly-warrior-ii.js
packages/server/services/gamification/tasks/weekly-warrior.js
packages/server/services/projectService.js
packages/server/services/taskService.js

commit 3629e1488bb9c6288a9c11712964deb68e59095f
Author:     sd3871 <soohra.dabadi@gmail.com>
AuthorDate: 2025-02-23
Commit:     sd3871 <soohra.dabadi@gmail.com>
CommitDate: 2025-02-23

    minor fix

packages/server/services/gamification/tasks/fortnight-finisher.js

commit 450c98616002d0c51eacb3f438627ae004c80e7a
Author:     sd3871 <soohra.dabadi@gmail.com>
AuthorDate: 2025-02-23
Commit:     sd3871 <soohra.dabadi@gmail.com>
CommitDate: 2025-02-23

    hasDue return fixes

packages/server/services/gamification/tasks/focus-frenzy.js
packages/server/services/gamification/tasks/fortnight-finisher.js
packages/server/services/gamification/tasks/lightning-round.js
packages/server/services/gamification/tasks/monthly-marathon.js
packages/server/services/gamification/tasks/swift-scheduler.js

commit 2c35d63a610ec13ce3c6ecb0b389d707949e9765
Author:     sd3871 <soohra.dabadi@gmail.com>
AuthorDate: 2025-02-23
Commit:     sd3871 <soohra.dabadi@gmail.com>
CommitDate: 2025-02-23

    monthly marathon gamification added

packages/server/services/badgeService.js
packages/server/services/gamification/tasks/fortnight-finisher.js
packages/server/services/gamification/tasks/monthly-marathon.js

commit a5adff514ef0595c2b378db038f92469c3f5f232
Author:     sd3871 <soohra.dabadi@gmail.com>
AuthorDate: 2025-02-23
Commit:     sd3871 <soohra.dabadi@gmail.com>
CommitDate: 2025-02-23

    monthly marathon seeder badge added

packages/server/seeds/seedBadges.js

commit cfbd7c2a06593db15689e1f8c68298c02e173231
Author:     sd3871 <soohra.dabadi@gmail.com>
AuthorDate: 2025-02-22
Commit:     sd3871 <soohra.dabadi@gmail.com>
CommitDate: 2025-02-22

    fortnight finisher gamification flow added

packages/server/seeds/seedBadges.js
packages/server/services/badgeService.js
packages/server/services/gamification/tasks/fortnight-finisher.js
packages/server/services/gamification/tasks/lightning-round.js

commit 86ae4c5328a6f6cae59f390363d3c2725c5ea9eb
Author:     sd3871 <soohra.dabadi@gmail.com>
AuthorDate: 2025-02-21
Commit:     sd3871 <soohra.dabadi@gmail.com>
CommitDate: 2025-02-22

    activity log query fixes

packages/server/services/activity-logs/activitylogsService.js

commit 9f71479a2585aa6e89d8c3c21f879591e466cbfa
Author:     sd3871 <soohra.dabadi@gmail.com>
AuthorDate: 2025-02-21
Commit:     sd3871 <soohra.dabadi@gmail.com>
CommitDate: 2025-02-22

    Focus frenzy badge flow added

packages/server/services/badgeService.js
packages/server/services/gamification/tasks/focus-frenzy.js

commit 7baca1369bf24b922faece9eadf800c8bd806937
Author:     sd3871 <soohra.dabadi@gmail.com>
AuthorDate: 2025-02-21
Commit:     sd3871 <soohra.dabadi@gmail.com>
CommitDate: 2025-02-22

    Focus frenzy seeder added

packages/server/seeds/seedBadges.js

commit b6866d2712d9cec95156cbf4b9bcf1eb20ad2d1d
Author:     Rajib Shresth <rajibstha059@gmail.com>
AuthorDate: 2025-02-22
Commit:     Rajib Shresth <rajibstha059@gmail.com>
CommitDate: 2025-02-22

    fix: worked on finetuning the response on proper format

packages/server/controllers/task/taskGenerationController.js
packages/server/services/taskGenerationService.js

commit 1c08ccdcecdc316a5bf5acd2a2667a2d39d3f0c2
Author:     Rajib Shresth <rajibstha059@gmail.com>
AuthorDate: 2025-02-22
Commit:     Rajib Shresth <rajibstha059@gmail.com>
CommitDate: 2025-02-22

    feat: chat gpt engine created

packages/server/config/openai.js
packages/server/controllers/task/taskGenerationController.js
packages/server/controllers/vector/index.js
packages/server/helper.js
packages/server/models/Vector.js
packages/server/package.json
packages/server/routes/index.js
packages/server/routes/task/task.js
packages/server/routes/vector/index.js
packages/server/services/taskGenerationService.js
packages/server/services/vectorService.js
yarn.lock

commit 40dd0aee5612b4d94f43c8a5c43e582ffc2687c2
Author:     sooraz3871 <soohra.dabadi@gmail.com>
AuthorDate: 2025-02-22
Commit:     GitHub <noreply@github.com>
CommitDate: 2025-02-21

    Evo 801 api 3 10 swift scheduler (#202)
    
    * added badge types constants
    
    * activity logs messages added
    
    * tasks status enums added
    
    * swift scheduler badge flow updated
    
    * duplicate activity log validation added
    
    * swift scheduler badge added
    
    * task status enum update
    
    * badge exists check removed
    
    * swift scheduler badge award logic added
    
    * logger added

packages/server/config/badgeTypes.js
packages/server/eventsHub/eventListener.js
packages/server/helpers/language.js
packages/server/models/Task.js
packages/server/seeds/seedBadges.js
packages/server/services/activity-logs/activitylogsService.js
packages/server/services/badgeService.js
packages/server/services/gamification/tasks/lightning-round.js
packages/server/services/gamification/tasks/swift-scheduler.js
packages/server/services/taskService.js

commit 85248eaf9b6e7fc108ae1875ae5b71a67f3f15af
Author:     Jacob Stallings <jacobcstallings@icloud.com>
AuthorDate: 2025-02-17
Commit:     GitHub <noreply@github.com>
CommitDate: 2025-02-17

    Feat metrics badges event emitter refactor (#201)
    
    * added event emitters and listeners for task completion
    
    * merge confict fix
    
    * fix: file name typo
    
    * updated profile image controller to work with update profile image
    
    * fix:docker port mapping
    
    * fix:environment variable during during build step
    
    * EVO-792 [Badge API] 3-01: Task Initiator (#197)
    
    * able to pass badge titles to refresh badges function
    
    * update seed badges
    
    * set up badge checking functions
    
    * tested and works to db
    
    * update schema
    
    * merge fix
    
    * Event Listener location fix
    
    * added due date
    
    * global event emitter added
    
    * tasks complete gamification changes
    
    * merge confict fix
    
    * refactor and test Lightning Round
    
    * 3-01 Task Initiator working
    
    * 3-02 I Have A Plan working
    
    * keep it as endDate but lets discuss
    
    * refactor
    
    ---------
    
    Co-authored-by: sd3871 <soohra.dabadi@gmail.com>

packages/server/app.js
packages/server/config/activityModels.js
packages/server/config/activityTypes.js
packages/server/config/emailActions.js
packages/server/eventsHub/eventEmitter.js
packages/server/eventsHub/eventListener.js
packages/server/eventsHub/eventTypes.ts
packages/server/models/ActivityLog.js
packages/server/models/Badge.js
packages/server/seeds/seedBadges.js
packages/server/server.js
packages/server/services/activity-logs/activitylogsService.js
packages/server/services/badgeService.js
packages/server/services/gamification/tasks/i-have-a-plan.js
packages/server/services/gamification/tasks/lightning-round.js
packages/server/services/gamification/tasks/task-initiator.js
packages/server/services/gamification/tasks/weekly-warrior.js
packages/server/services/taskService.js

commit 2cd5c09dd8d17c842fb8807776bc84712b74b01a
Author:     Jacob Stallings <jacobcstallings@icloud.com>
AuthorDate: 2025-02-14
Commit:     GitHub <noreply@github.com>
CommitDate: 2025-02-14

    EVO-792 [Badge API] 3-01: Task Initiator (#197)
    
    * able to pass badge titles to refresh badges function
    
    * update seed badges
    
    * set up badge checking functions
    
    * tested and works to db
    
    * update schema

packages/server/config/db.js
packages/server/controllers/badge/index.js
packages/server/controllers/onboarding/index.js
packages/server/models/Badge.js
packages/server/seeds/seedBadges.js
packages/server/services/badgeService.js
packages/server/services/taskService.js
packages/server/services/userService.js

commit 3b060043f66c9269e3b158a800a458304f63ecd0
Author:     Rajib Shresth <rajibstha059@gmail.com>
AuthorDate: 2025-02-13
Commit:     Rajib Shresth <rajibstha059@gmail.com>
CommitDate: 2025-02-13

    fix: swagger fixes on dev env

packages/server/app.js

commit f94a801660b213bd9d689acc6568223afc687ac7
Author:     sd3871 <soohra.dabadi@gmail.com>
AuthorDate: 2025-02-11
Commit:     sd3871 <soohra.dabadi@gmail.com>
CommitDate: 2025-02-11

    fix:environment variable during during build step

.github/workflows/deploy.yml

commit d2663cabb267efd05cfdd181fc0868207a256402
Author:     sd3871 <soohra.dabadi@gmail.com>
AuthorDate: 2025-02-11
Commit:     sd3871 <soohra.dabadi@gmail.com>
CommitDate: 2025-02-11

    fix:docker port mapping

Dockerfile

commit f06347084c7d6462108bc1b65a715a967d5f9a56
Author:     Rajib Shresth <rajibstha059@gmail.com>
AuthorDate: 2025-02-06
Commit:     sd3871 <soohra.dabadi@gmail.com>
CommitDate: 2025-02-09

    feat: refresh token fetch from the google authentication

packages/server/models/GoogleCalender.js
packages/server/services/google/calendar/index.js

commit f73846dc6dfc6d43837c96f966d85e9f8575049b
Author:     sd3871 <soohra.dabadi@gmail.com>
AuthorDate: 2025-02-09
Commit:     sd3871 <soohra.dabadi@gmail.com>
CommitDate: 2025-02-09

    updated profile image controller to work with update profile image

packages/server/controllers/user/profile.js

commit dc4f07be592cfe36d0387869c3737bc2ab97d47e
Author:     sd3871 <soohra.dabadi@gmail.com>
AuthorDate: 2025-02-09
Commit:     sd3871 <soohra.dabadi@gmail.com>
CommitDate: 2025-02-09

    fix: file name typo

packages/server/config/merticsIcon.js

commit 1140f8d1548f95134e11f1991e5d19b8a02cc313
Author:     Rajib Shresth <rajibstha059@gmail.com>
AuthorDate: 2025-02-06
Commit:     Rajib Shresth <rajibstha059@gmail.com>
CommitDate: 2025-02-06

    feat: refresh token fetch from the google authentication

packages/server/models/GoogleCalender.js
packages/server/services/google/calendar/index.js

commit c72124069ed33727e3f6060edce97195bc248ee5
Author:     sd3871 <soohra.dabadi@gmail.com>
AuthorDate: 2025-02-02
Commit:     sd3871 <soohra.dabadi@gmail.com>
CommitDate: 2025-02-02

    added engagement rate icon url

packages/server/config/merticsIcon.js

commit 35ec3617361d723170b4c3feaba85c282d22db97
Author:     sd3871 <soohra.dabadi@gmail.com>
AuthorDate: 2025-02-02
Commit:     sd3871 <soohra.dabadi@gmail.com>
CommitDate: 2025-02-02

    Slack Notification changes

.github/workflows/deploy.yml

commit 4907c885dfa25d9e2c857bc16f4b0852be504f41
Author:     Jacob Stallings <jacobcstallings@icloud.com>
AuthorDate: 2025-01-31
Commit:     GitHub <noreply@github.com>
CommitDate: 2025-01-31

    get track details (#187)

packages/server/controllers/spotify/index.js
packages/server/models/SpotifyMetrics.js
packages/server/routes/spotify/index.js
packages/server/services/spotifyService.js

commit 84a0271e6b7cafe2835d0f241b943ae797145de9
Author:     Jacob Stallings <jacobcstallings@icloud.com>
AuthorDate: 2025-01-31
Commit:     GitHub <noreply@github.com>
CommitDate: 2025-01-31

    EVO-770 Metrics Page - Instagram Engagement (#181)
    
    * show engagement initial
    
    * add query period to get total posts
    
    * show engagement by period
    
    * report all-time engagement opt 1
    
    * calc engagement per interactions post only
    
    * get older than 100 posts if needed

packages/server/helpers/instagram/overviewHelper.js

commit f419cdc703b181a508ca78f9685ef0f438d0466d
Author:     sd3871 <soohra.dabadi@gmail.com>
AuthorDate: 2025-01-31
Commit:     sd3871 <soohra.dabadi@gmail.com>
CommitDate: 2025-01-31

    updated messages

.github/workflows/deploy.yml

commit ffd30018d37b6343022f5cc38d296c06ad45472f
Author:     sd3871 <soohra.dabadi@gmail.com>
AuthorDate: 2025-01-31
Commit:     sd3871 <soohra.dabadi@gmail.com>
CommitDate: 2025-01-31

    updated slack notifications for differnt jobs

.github/workflows/deploy.yml

commit f76715aeb620599b82a43d10bb0ecb7181b6f91f
Author:     sd3871 <soohra.dabadi@gmail.com>
AuthorDate: 2025-01-31
Commit:     sd3871 <soohra.dabadi@gmail.com>
CommitDate: 2025-01-31

    notificatoins and branch name fixes

.github/workflows/deploy.yml

commit 1864eeddb0fa0cd24099f7e36a7a3883ee48c8f0
Author:     sd3871 <soohra.dabadi@gmail.com>
AuthorDate: 2025-01-31
Commit:     sd3871 <soohra.dabadi@gmail.com>
CommitDate: 2025-01-31

    minor fix

.github/workflows/deploy.yml

commit 5829c6c66240d5191a84a1447295e82bd07a54a3
Author:     sd3871 <soohra.dabadi@gmail.com>
AuthorDate: 2025-01-31
Commit:     sd3871 <soohra.dabadi@gmail.com>
CommitDate: 2025-01-31

    fix:environment name and dynamic slack title

.github/workflows/deploy.yml

commit 40ae6b80cb8d9d04bad629c738775e2ff000913c
Author:     sd3871 <soohra.dabadi@gmail.com>
AuthorDate: 2025-01-31
Commit:     sd3871 <soohra.dabadi@gmail.com>
CommitDate: 2025-01-31

    OIDC connect and dynamic github environment changes

.github/workflows/deploy.yml

commit 648e8c0ea29c1e0829dfd547b0dc3b4b1f4f90b1
Author:     sd3871 <soohra.dabadi@gmail.com>
AuthorDate: 2025-01-31
Commit:     sd3871 <soohra.dabadi@gmail.com>
CommitDate: 2025-01-31

    dynamic envriont variables argument added

Dockerfile

commit 13b983febf65ba3c98d5794d05dc07a9ebd8940f
Author:     sd3871 <soohra.dabadi@gmail.com>
AuthorDate: 2025-01-31
Commit:     sd3871 <soohra.dabadi@gmail.com>
CommitDate: 2025-01-31

    fix: production env typo

packages/server/app.js

commit 1759afec742de256ba3bfc37147533cfdee71aa7
Author:     Jacob Stallings <jacobcstallings@icloud.com>
AuthorDate: 2025-01-18
Commit:     GitHub <noreply@github.com>
CommitDate: 2025-01-18

    add release date to track schema (#167)

packages/server/models/SpotifyMetrics.js

commit 8f12623d42c349fd5a7eb4cd7c637e645abf409e
Author:     Jacob Stallings <jacobcstallings@icloud.com>
AuthorDate: 2025-01-16
Commit:     GitHub <noreply@github.com>
CommitDate: 2025-01-16

    include tracks in spotify overview, use today's data if available (#166)

packages/server/helpers/spotify/overviewHelper.js
packages/server/models/SpotifyMetrics.js

commit eaa2995a022beddcf7c363363a5af40edb041761
Author:     Rajib Shresth <rajibstha059@gmail.com>
AuthorDate: 2025-01-15
Commit:     Rajib Shresth <rajibstha059@gmail.com>
CommitDate: 2025-01-15

    fix: recurring event creation done

packages/server/controllers/dashboard/index.js
packages/server/services/OTPService.js
packages/server/services/eventService.js

commit 6cc9292e36502d993515663315be4aa58df8c528
Author:     Jacob Stallings <jacobcstallings@icloud.com>
AuthorDate: 2025-01-11
Commit:     GitHub <noreply@github.com>
CommitDate: 2025-01-11

    updates for initial data pull when linking spotify (#163)
    
    * npm scripts to nodemon
    
    * link artist by URL
    
    * fix mismatch sqs message key name
    
    * pm2 package.json
    
    * updates for data pulling on artist profile link via URL
    
    * send null response if no data so client side can hide chart
    
    * npm scripts to nodemon

packages/server/helpers/spotify/overviewHelper.js
packages/server/helpers/spotifyHelper.js
packages/server/services/chartsService.js
packages/server/services/spotifyService.js

commit dba8b055e28dd7a96497e34edd25e6c1f67d804e
Author:     Jacob Stallings <jacobcstallings@icloud.com>
AuthorDate: 2025-01-10
Commit:     GitHub <noreply@github.com>
CommitDate: 2025-01-10

    fix: quick add on main project list view (#162)
    
    * npm scripts to nodemon
    
    * increment display index when create task

packages/server/package.json
packages/server/services/taskService.js

commit 45b2d4c8c505ec31bc2f0b8f1fc6b32757c9268b
Author:     Jacob Stallings <jacobcstallings@icloud.com>
AuthorDate: 2025-01-10
Commit:     GitHub <noreply@github.com>
CommitDate: 2025-01-10

    Spotify artist search part 1: Link account by paste Spotify URL (#161)
    
    * npm scripts to nodemon
    
    * link artist by URL
    
    * fix mismatch sqs message key name
    
    * pm2 package.json

packages/server/controllers/spotify/index.js
packages/server/routes/spotify/index.js
packages/server/schema/spotify.js
packages/server/services/spotifyService.js

commit fc0672e3705f54fffcbd262c240f2e495283cd06
Author:     Jacob Stallings <jacobcstallings@icloud.com>
AuthorDate: 2025-01-09
Commit:     GitHub <noreply@github.com>
CommitDate: 2025-01-09

    EVO-755 error logging (#159)
    
    * tmp error logging spotify EVO-755
    
    * update package.json with nodemon dev & prod
    
    * pm2
    
    ---------
    
    Co-authored-by: sooraz3871 <soohra.dabadi@gmail.com>
    Co-authored-by: Rajib Shrestha <33756765+Rajibshrestha59@users.noreply.github.com>

packages/server/controllers/error/index.js
packages/server/helpers/spotifyHelper.js

commit f45dff9ac44e2e7a1271bebf512714ef637d1ee7
Author:     Rajib Shresth <rajibstha059@gmail.com>
AuthorDate: 2025-01-09
Commit:     Rajib Shresth <rajibstha059@gmail.com>
CommitDate: 2025-01-09

    update:added number of posts from the meta api

packages/server/controllers/social/index.js
packages/server/helpers/instagram/overviewHelper.js

commit 7ab23ba7c683d2133ba45ce3ebb2d65338dddd53
Author:     sd3871 <soohra.dabadi@gmail.com>
AuthorDate: 2025-01-09
Commit:     sd3871 <soohra.dabadi@gmail.com>
CommitDate: 2025-01-09

    import fix

packages/server/services/spotifyService.js

commit 69fb5d007d8d25bf58ccfc706b0b6cc397718d20
Author:     sd3871 <soohra.dabadi@gmail.com>
AuthorDate: 2025-01-09
Commit:     sd3871 <soohra.dabadi@gmail.com>
CommitDate: 2025-01-09

    updated profile image size limit

packages/server/middleware/profileUpload.js

commit 5c036bae0e9255879014bd95ff114b33eef7ebc9
Author:     sd3871 <soohra.dabadi@gmail.com>
AuthorDate: 2025-01-09
Commit:     sd3871 <soohra.dabadi@gmail.com>
CommitDate: 2025-01-09

    removed error stack trace

packages/server/controllers/error/index.js

commit dacd0df666f3c2df34cf6f41c29f0c93863cb095
Author:     Rajib Shresth <rajibstha059@gmail.com>
AuthorDate: 2025-01-08
Commit:     Rajib Shresth <rajibstha059@gmail.com>
CommitDate: 2025-01-08

    add: update event api created

packages/server/controllers/event/event.js
packages/server/routes/event/index.js
packages/server/services/eventService.js

commit c54711646375fce89ca64a54fdd7196dd60960d0
Author:     Jacob Stallings <jacobcstallings@icloud.com>
AuthorDate: 2025-01-07
Commit:     GitHub <noreply@github.com>
CommitDate: 2025-01-07

    fix broken link in onboarding email (#151)

packages/server/helpers/email/templates/onboarding.template.js
packages/server/helpers/emailHelper.js

commit 6f1ca6910cfd72873c8070679326b40a996f1ccc
Author:     sooraz3871 <soohra.dabadi@gmail.com>
AuthorDate: 2025-01-07
Commit:     GitHub <noreply@github.com>
CommitDate: 2025-01-07

    Revert "git hub cicd updates with dev environment"

.github/workflows/deploy.yml

commit 701eb9cb41cfa30741be93269a4da0515b17304d
Author:     sd3871 <soohra.dabadi@gmail.com>
AuthorDate: 2025-01-07
Commit:     sd3871 <soohra.dabadi@gmail.com>
CommitDate: 2025-01-07

    git hub cicd updates with dev environment

.github/workflows/deploy.yml

commit 1d2be42d0971c8924b49da53f5d0661323cc8e3e
Author:     Jacob Stallings <jacobcstallings@icloud.com>
AuthorDate: 2025-01-06
Commit:     GitHub <noreply@github.com>
CommitDate: 2025-01-06

    fix SES region dev (#149)

packages/server/helpers/emailHelper.js

commit 30c59ef79638ad8fa9fa88b37c55f5632b46f644
Author:     sd3871 <soohra.dabadi@gmail.com>
AuthorDate: 2025-01-06
Commit:     sd3871 <soohra.dabadi@gmail.com>
CommitDate: 2025-01-06

    temporary aws region for SES

packages/server/helpers/emailHelper.js

commit de18fa11811e16057503deab8b9c673ab4103c39
Author:     Jacob Stallings <jacobcstallings@icloud.com>
AuthorDate: 2025-01-06
Commit:     GitHub <noreply@github.com>
CommitDate: 2025-01-06

    Prod deployment onboarding changes (#146)
    
    * onboarding: remove payment verification step (for prod)
    
    * onboarding: change questionnaire length to 1

packages/frontend/src/components/Auth/LoginForm.js
packages/server/controllers/auth/login.js
packages/server/controllers/dashboard/index.js
packages/server/models/User.js
packages/server/services/onboardingService.js

commit a335eda9f4d300ba305f1c8625b46aef75a6bfea
Author:     sd3871 <soohra.dabadi@gmail.com>
AuthorDate: 2025-01-06
Commit:     sd3871 <soohra.dabadi@gmail.com>
CommitDate: 2025-01-06

    updated error formatting for logger

packages/server/controllers/error/index.js

commit b56f751f6c275ca94c4ba6b82f218dd71bb6041e
Author:     sd3871 <soohra.dabadi@gmail.com>
AuthorDate: 2025-01-06
Commit:     sd3871 <soohra.dabadi@gmail.com>
CommitDate: 2025-01-06

    updated ratelimiter for prod

packages/server/app.js

commit d3e5b47422f7477902f1ff9310919333d6fbb492
Author:     sd3871 <soohra.dabadi@gmail.com>
AuthorDate: 2025-01-06
Commit:     sd3871 <soohra.dabadi@gmail.com>
CommitDate: 2025-01-06

    updated logger transport for prod

packages/server/utils/logger.js

commit f5e1f3f5eb757ee4b1b8123c32c945003852fe8e
Author:     Jacob Stallings <jacobcstallings@icloud.com>
AuthorDate: 2025-01-05
Commit:     GitHub <noreply@github.com>
CommitDate: 2025-01-05

    Spotify metrics jan5 (#143)
    
    * use yesterday's values as most recent, adjust calculations. Return same # in overview no matter the period
    
    * show change for followers

packages/server/helpers/spotify/overviewHelper.js

commit c5411874441137d6c4636fa6bbb227910e92e6e8
Author:     Jacob Stallings <jacobcstallings@icloud.com>
AuthorDate: 2025-01-03
Commit:     GitHub <noreply@github.com>
CommitDate: 2025-01-03

    spotify: calculate change in listeners over period (#142)

packages/server/helpers/spotify/overviewHelper.js

commit c2218a056368f973739071a6b16c2726bb3c421b
Author:     Jacob Stallings <jacobcstallings@icloud.com>
AuthorDate: 2025-01-03
Commit:     GitHub <noreply@github.com>
CommitDate: 2025-01-03

    Evo 719 project task list drag drop api (#141)
    
    * add index to default sort for projects
    
    * separate ordering for task and project list
    
    * task list reorder working not project
    
    * project list update api for task reorder
    
    * fix mongo transaction error on reorder
    
    * make mongo transactions more resilient
    
    * dependency updates

package-lock.json
packages/server/config/db.js
packages/server/controllers/project/index.js
packages/server/models/Task.js
packages/server/routes/project/index.js
packages/server/services/projectService.js
packages/server/services/taskService.js
yarn.lock

commit 0a6bd3c437b0d1da07c1ba5c4493d1799b8d7ff5
Author:     Rajib Shresth <rajibstha059@gmail.com>
AuthorDate: 2024-12-28
Commit:     Rajib Shresth <rajibstha059@gmail.com>
CommitDate: 2024-12-28

    add: unlink calendar api created

packages/server/controllers/google/calender/index.js
packages/server/helpers/language.js
packages/server/routes/social/index.js
packages/server/services/google/calendar/index.js

commit 37962b6819aeafc49c9198b896498760d824cc65
Author:     Jacob Stallings <jacobcstallings@icloud.com>
AuthorDate: 2024-12-26
Commit:     GitHub <noreply@github.com>
CommitDate: 2024-12-26

    calc pct change values based on a query param for progress chart (#138)

packages/server/helpers/charts/instagramChartsHelper.js
packages/server/helpers/charts/spotifyChartsHelper.js

commit fb7b799ef085904e15f5df110dd1e7b9782bc7d2
Author:     Jacob Stallings <jacobcstallings@icloud.com>
AuthorDate: 2024-12-26
Commit:     GitHub <noreply@github.com>
CommitDate: 2024-12-26

    backfill null values for chart continuity (#137)

packages/server/helpers/charts/socialChartsHelper.js
packages/server/helpers/charts/spotifyChartsHelper.js
packages/server/services/chartsService.js

commit 6fa40e04f2ac2bed1459291ce03bcba7ed77ffa0
Author:     Rajib Shresth <rajibstha059@gmail.com>
AuthorDate: 2024-12-25
Commit:     Rajib Shresth <rajibstha059@gmail.com>
CommitDate: 2024-12-25

    fetch from linked calendar

package.json
packages/server/services/google/calendar/index.js

commit 0a8fe770d0f6c37ce8e0063783ed4975de399a61
Author:     Rajib Shresth <rajibstha059@gmail.com>
AuthorDate: 2024-12-24
Commit:     Rajib Shresth <rajibstha059@gmail.com>
CommitDate: 2024-12-24

    fix: exception handling with instagram services

packages/server/helpers/instagramOauthHelpers.js
packages/server/services/instagramService.js
yarn.lock

commit 7c4c3f5379ea987e4292cf4185a3a2cfdb909f56
Author:     Jacob Stallings <jacobcstallings@icloud.com>
AuthorDate: 2024-12-09
Commit:     GitHub <noreply@github.com>
CommitDate: 2024-12-09

    api for drag and drop update task list works (#134)

packages/server/controllers/task/task.js
packages/server/models/Task.js
packages/server/routes/task/task.js
packages/server/services/taskService.js
packages/server/utils/apiFeatures.js

commit 9a627f1c4948ea016336755041f5a483c114341a
Author:     Jacob Stallings <jacobcstallings@icloud.com>
AuthorDate: 2024-12-03
Commit:     GitHub <noreply@github.com>
CommitDate: 2024-12-03

    add dates to project schema (#133)

packages/server/models/Project.js

commit 0fdba387b2da5f5ff0da5f37ba31637d0397912b
Author:     Jacob Stallings <jacobcstallings@icloud.com>
AuthorDate: 2024-11-20
Commit:     GitHub <noreply@github.com>
CommitDate: 2024-11-20

    EVO-715 Tags API (#132)
    
    * add tags schema to db
    
    * add tag list in db for projects only
    
    * add api - GET list of available tags
    
    * populate tag data when getting and updating project details

packages/server/config/db.js
packages/server/controllers/tag/index.js
packages/server/models/Project.js
packages/server/models/Tag.js
packages/server/routes/index.js
packages/server/routes/tag/index.js
packages/server/seeds/seedTags.js
packages/server/services/projectService.js
packages/server/services/tagService.js

commit b27e45bdf97a91d7fcd44979409751c4fdb0a87d
Author:     Jacob Stallings <jacobcstallings@icloud.com>
AuthorDate: 2024-11-20
Commit:     GitHub <noreply@github.com>
CommitDate: 2024-11-20

    Manage Account backend - Edit Profile (#131)
    
    * add location and artistBio to User schema
    
    * add endpoint for getting subscription details
    
    * get additional details from stripe like payment method an nextPaymentDate
    
    * add swagger for subscription-details

packages/server/controllers/stripe/subscription.js
packages/server/models/User.js
packages/server/routes/stripe/index.js

commit 58f01433913b7e9a4aa25acc96ca45cf34db251f
Author:     Jacob Stallings <jacobcstallings@icloud.com>
AuthorDate: 2024-11-20
Commit:     GitHub <noreply@github.com>
CommitDate: 2024-11-20

    OTP Email Template: hard code expiration to 10 mins for now (#130)
    
    * hard code expiration to 10 mins for now
    
    * add email name as Genesis Studio

packages/server/helpers/email/templates/otp.template.js
packages/server/helpers/emailHelper.js

commit 9eccbb80c5c2e83be5f6390faf87aee92364cfb0
Author:     Jacob Stallings <jacobcstallings@icloud.com>
AuthorDate: 2024-11-04
Commit:     GitHub <noreply@github.com>
CommitDate: 2024-11-04

    add status field to Task schema (#129)

packages/server/models/Task.js

commit a1d777f6a56f830c5a80f4d9af4702d000b24678
Author:     sd3871 <soohra.dabadi@gmail.com>
AuthorDate: 2024-11-04
Commit:     sd3871 <soohra.dabadi@gmail.com>
CommitDate: 2024-11-04

    fix: otp mismatch status code

packages/server/services/OTPService.js

commit 5f28a6c2073c02dc2a0cfc7fd4904cd95ea8c3b6
Author:     sd3871 <soohra.dabadi@gmail.com>
AuthorDate: 2024-11-04
Commit:     sd3871 <soohra.dabadi@gmail.com>
CommitDate: 2024-11-04

    logs added

packages/server/controllers/error/index.js
packages/server/helpers/emailHelper.js
packages/server/services/OTPService.js

commit 46e56d1a083a9f91a4f04aeb8c86795aa9ab6430
Author:     sd3871 <soohra.dabadi@gmail.com>
AuthorDate: 2024-11-04
Commit:     sd3871 <soohra.dabadi@gmail.com>
CommitDate: 2024-11-04

    rever: docker deploy

.github/workflows/deploy.yml

commit c90dc48a7c7bbb9a105fb2742f318d8c1d2000aa
Author:     sd3871 <soohra.dabadi@gmail.com>
AuthorDate: 2024-11-04
Commit:     sd3871 <soohra.dabadi@gmail.com>
CommitDate: 2024-11-04

    docker deployment changes

.github/workflows/deploy.yml

commit 6fed240deb8c37092f9633bd867d3391894f5c77
Author:     sd3871 <soohra.dabadi@gmail.com>
AuthorDate: 2024-11-04
Commit:     sd3871 <soohra.dabadi@gmail.com>
CommitDate: 2024-11-04

    fix: OTP expired error message

packages/server/helpers/language.js

commit e3f4ef370da1738ba3167c328186249727086e4a
Author:     sd3871 <soohra.dabadi@gmail.com>
AuthorDate: 2024-11-04
Commit:     sd3871 <soohra.dabadi@gmail.com>
CommitDate: 2024-11-04

    fix: error code update

packages/server/services/OTPService.js

commit a2b387b0ab4505181c5650bec68020494af63cdc
Author:     sd3871 <soohra.dabadi@gmail.com>
AuthorDate: 2024-11-03
Commit:     sd3871 <soohra.dabadi@gmail.com>
CommitDate: 2024-11-03

    OTP expiration validation added

packages/server/helpers/saveUserOTP.js
packages/server/services/OTPService.js

commit e9571545e703db8af87f1de8c8d4ab5cf804a523
Author:     sd3871 <soohra.dabadi@gmail.com>
AuthorDate: 2024-11-03
Commit:     sd3871 <soohra.dabadi@gmail.com>
CommitDate: 2024-11-03

    OTP expiration time added to the email template

packages/server/helpers/email/templates/otp.template.js

commit 9128da81bf9ae8d7857b078826d5a83231209f5b
Author:     sd3871 <soohra.dabadi@gmail.com>
AuthorDate: 2024-11-03
Commit:     sd3871 <soohra.dabadi@gmail.com>
CommitDate: 2024-11-03

    OTP generated time added

packages/server/models/AuthenticatoinToken.js

commit 2b40d742f3963573ffbbb63e197a16feff6c5a96
Author:     sd3871 <soohra.dabadi@gmail.com>
AuthorDate: 2024-11-03
Commit:     sd3871 <soohra.dabadi@gmail.com>
CommitDate: 2024-11-03

    OTP validity period added

packages/server/utils/constants.js

commit 0eb755e7c7daaab0888420b8a7e050080ff18f2b
Author:     sd3871 <soohra.dabadi@gmail.com>
AuthorDate: 2024-11-03
Commit:     sd3871 <soohra.dabadi@gmail.com>
CommitDate: 2024-11-03

    OTP expired message added

packages/server/helpers/language.js

commit 2cbc20aa56dda12636cc212f44a93a6d96c952a0
Author:     Rajib Shresth <rajibstha059@gmail.com>
AuthorDate: 2024-11-03
Commit:     Rajib Shresth <rajibstha059@gmail.com>
CommitDate: 2024-11-03

    fix: unauthorized instagram updated with bad request

packages/server/services/instagramService.js

commit 1e743c749f7d9e49c31b638e8aacb8bd48781caf
Author:     Rajib Shresth <rajibstha059@gmail.com>
AuthorDate: 2024-10-24
Commit:     Rajib Shresth <rajibstha059@gmail.com>
CommitDate: 2024-10-24

    indendation corrected on readme fike

README.md

commit 41a7b3c323398459a82cba8e92ab99bbdfd3aa9c
Author:     Rajibshrestha59 <33756765+Rajibshrestha59@users.noreply.github.com>
AuthorDate: 2024-10-24
Commit:     GitHub <noreply@github.com>
CommitDate: 2024-10-24

    Readmefile (#119)
    
    
    
    * updated readme file
    
    * update: readme inline code support
    
    * update: updated controllers and helpers
    
    * update: updated controllers and helpers
    
    * updated readme fle

README.md
packages/server/seeds/dummyCategories.js
yarn.lock

commit 922c6518a90f063ce9784307ffc6f8d88152bcfc
Author:     Jacob Stallings <jacobcstallings@icloud.com>
AuthorDate: 2024-10-15
Commit:     GitHub <noreply@github.com>
CommitDate: 2024-10-15

    Evo 703 Take user to dashboard, do not make them re-auth after completing questionnaire (#118)
    
    * EVO-703 send token with signup
    
    * Update toast message on OTP email send

packages/server/controllers/auth/signUp.js
packages/server/helpers/language.js

commit 8003f91d38516cdb08b279ca04d98d46faaff631
Author:     Jacob Stallings <jacobcstallings@icloud.com>
AuthorDate: 2024-10-15
Commit:     Jacob Stallings <jacobcstallings@icloud.com>
CommitDate: 2024-10-15

    Update toast message on OTP email send

packages/server/controllers/auth/signUp.js
packages/server/helpers/language.js

commit 743687892d4d6f53c0460d872421008131e76c71
Author:     Jacob Stallings <jacobcstallings@icloud.com>
AuthorDate: 2024-10-15
Commit:     Jacob Stallings <jacobcstallings@icloud.com>
CommitDate: 2024-10-15

    EVO-703 send token with signup

packages/server/controllers/auth/signUp.js

commit 38df4c100ca24733169ebe99173db4c563dce395
Author:     Jacob Stallings <jacobcstallings@icloud.com>
AuthorDate: 2024-10-04
Commit:     GitHub <noreply@github.com>
CommitDate: 2024-10-04

    EVO-257 LOG - Login - Sign Up - Email and OTP Code - Email Template Update (#117)
    
    * sent email, but css not applied
    
    * css applied inline, Arial is fallback font, tested locally
    
    * storing html with style tag, for easier editing later
    
    * placeholder comment
    
    * change template to comply with gmail mobile dark mode
    
    * increase letter spacing, remove spaces from string so its easily copyable
    
    * remove commented code
    
    * goodbye extra files

packages/server/helpers/email/templates/otp.template.js
packages/server/helpers/emailHelper.js
packages/server/services/OTPService.js

commit bdc2f8f1febb1b79eef68e3fb33a7518a50adc77
Author:     sd3871 <soohra.dabadi@gmail.com>
AuthorDate: 2024-10-04
Commit:     sd3871 <soohra.dabadi@gmail.com>
CommitDate: 2024-10-04

    fix: sorting events in desc order

packages/server/services/dashboardServices.js

commit bce9ec4d6f75a32fc7002e9992ddeaebd6e89501
Author:     Rajibshrestha59 <33756765+Rajibshrestha59@users.noreply.github.com>
AuthorDate: 2024-10-04
Commit:     GitHub <noreply@github.com>
CommitDate: 2024-10-04

    Revert "Revert "Evo 694 be sync push in google calendar""

packages/server/controllers/event/event.js
packages/server/models/GoogleCalender.js
packages/server/schema/event.js
packages/server/services/google/calendar/index.js
packages/server/utils/encyptAndDecrypt.js

commit a1c3d0c278de7610a77ae99d7df77ac3838b4d9d
Author:     Jacob Stallings <jacobcstallings@icloud.com>
AuthorDate: 2024-10-03
Commit:     GitHub <noreply@github.com>
CommitDate: 2024-10-03

    test (#114)
    
    deploy this dummy change

packages/server/controllers/user/data.txt

commit 14acb3ebbb9bde20e7570dbfb380fc7a838a2678
Author:     Rajibshrestha59 <33756765+Rajibshrestha59@users.noreply.github.com>
AuthorDate: 2024-10-04
Commit:     GitHub <noreply@github.com>
CommitDate: 2024-10-04

    Revert "Evo 694 be sync push in google calendar"

packages/server/controllers/event/event.js
packages/server/models/GoogleCalender.js
packages/server/schema/event.js
packages/server/services/google/calendar/index.js
packages/server/utils/encyptAndDecrypt.js

commit 1f6e92a1cd582f76d19d33f7c8fb4fdcc33bbb8c
Author:     sd3871 <soohra.dabadi@gmail.com>
AuthorDate: 2024-10-03
Commit:     sd3871 <soohra.dabadi@gmail.com>
CommitDate: 2024-10-03

    fix:startdate and enddate

packages/server/services/google/calendar/index.js

commit e9c99e7dc633d23ea110114bb3767be927e8f489
Author:     sd3871 <soohra.dabadi@gmail.com>
AuthorDate: 2024-10-03
Commit:     sd3871 <soohra.dabadi@gmail.com>
CommitDate: 2024-10-03

    encryption decryption update

packages/server/utils/encyptAndDecrypt.js

commit ed135be2891f262d7c54dc0536b1f9024a0ade76
Author:     sd3871 <soohra.dabadi@gmail.com>
AuthorDate: 2024-10-03
Commit:     sd3871 <soohra.dabadi@gmail.com>
CommitDate: 2024-10-03

    added timestamps

packages/server/models/GoogleCalender.js

commit 0db986e7f420a040c1c64a1e999a35f21e8ed2f6
Author:     sd3871 <soohra.dabadi@gmail.com>
AuthorDate: 2024-10-03
Commit:     sd3871 <soohra.dabadi@gmail.com>
CommitDate: 2024-10-03

    swagger schema update

packages/server/controllers/event/event.js

commit 856b58d39c7506376fa36f36dfb87e75d4d97b19
Author:     sd3871 <soohra.dabadi@gmail.com>
AuthorDate: 2024-10-03
Commit:     sd3871 <soohra.dabadi@gmail.com>
CommitDate: 2024-10-03

    event body schema update

packages/server/schema/event.js

commit c9f86bdea148e2f489a0e4017b3bf5ade3ef4309
Author:     Jacob Stallings <jacobcstallings@icloud.com>
AuthorDate: 2024-10-03
Commit:     GitHub <noreply@github.com>
CommitDate: 2024-10-03

    Evo 630 log sign up prevent users from accessing platform if plan selection payment or profile photo questions aren t complete (#111)
    
    * resend OTP if user has not been validated
    
    * profile image / onboarding working
    
    * return number of completed onboarding questions for restoring progress
    
    * save progress in onboarding questions, protect dashboard from un-onboarded users
    
    * checking isSocialLogin to handle google auth instead of OTP
    
    * fix issue with blocking existing logins

packages/server/controllers/auth/login.js
packages/server/controllers/dashboard/index.js
packages/server/services/onboardingService.js

commit 2812fe3a9d4ed24cffd769b274da86a0e92d87a2
Author:     Jacob Stallings <jacobcstallings@icloud.com>
AuthorDate: 2024-10-03
Commit:     GitHub <noreply@github.com>
CommitDate: 2024-10-03

    Revert "EVO-630 LOG - Sign Up - Prevent Users From Accessing Platform If Plan…" (#110)
    
    This reverts commit d6bc5438db198b3d501140defe44354ddaacb95c.

packages/server/controllers/auth/login.js
packages/server/controllers/dashboard/index.js
packages/server/services/onboardingService.js

commit d6bc5438db198b3d501140defe44354ddaacb95c
Author:     Jacob Stallings <jacobcstallings@icloud.com>
AuthorDate: 2024-10-03
Commit:     GitHub <noreply@github.com>
CommitDate: 2024-10-03

    EVO-630 LOG - Sign Up - Prevent Users From Accessing Platform If Plan Selection, Payment, Or Profile Photo/Questions Aren't Complete (#107)
    
    * resend OTP if user has not been validated
    
    * profile image / onboarding working
    
    * return number of completed onboarding questions for restoring progress
    
    * save progress in onboarding questions, protect dashboard from un-onboarded users
    
    * checking isSocialLogin to handle google auth instead of OTP

packages/server/controllers/auth/login.js
packages/server/controllers/dashboard/index.js
packages/server/services/onboardingService.js

commit 708a0e893cdc4e41507fe37f7157ccdfe8b26f55
Author:     sd3871 <soohra.dabadi@gmail.com>
AuthorDate: 2024-10-03
Commit:     sd3871 <soohra.dabadi@gmail.com>
CommitDate: 2024-10-03

    added google sync api on creating events

packages/server/services/google/calendar/index.js

commit c082695643d8505a5e09cee0c5e87c147493874d
Author:     sd3871 <soohra.dabadi@gmail.com>
AuthorDate: 2024-10-03
Commit:     sd3871 <soohra.dabadi@gmail.com>
CommitDate: 2024-10-03

    added google sync push function  on event addition

packages/server/services/eventService.js

commit a38e095f53492703d7d47bf68a0c99d6dd26a672
Author:     sd3871 <soohra.dabadi@gmail.com>
AuthorDate: 2024-10-03
Commit:     sd3871 <soohra.dabadi@gmail.com>
CommitDate: 2024-10-03

    FIX:authorization code changed

packages/server/services/instagramService.js

commit fea7dd87815683d20ebcfdc10b9d284b2943ad23
Author:     sd3871 <soohra.dabadi@gmail.com>
AuthorDate: 2024-10-03
Commit:     sd3871 <soohra.dabadi@gmail.com>
CommitDate: 2024-10-03

    added sorting to get events

packages/server/services/eventService.js

commit 5bb22f1aabbe5d6967d56525959a458bf2fe5144
Author:     Jacob Stallings <jacobcstallings@icloud.com>
AuthorDate: 2024-09-28
Commit:     GitHub <noreply@github.com>
CommitDate: 2024-09-28

    update questionnaire length (#106)

packages/server/services/onboardingService.js

commit b4fc87b6bed792ecc5609ba88d4c390cb41436e0
Author:     Jacob Stallings <jacobcstallings@icloud.com>
AuthorDate: 2024-09-27
Commit:     GitHub <noreply@github.com>
CommitDate: 2024-09-27

    Onboarding badge awarded, fix questionnaire length (#105)

packages/server/controllers/onboarding/index.js
packages/server/helpers/email/templates/awardBadge.template.js
packages/server/helpers/emailHelper.js
packages/server/services/onboardingService.js
packages/server/services/userService.js

commit 1c2b06b07a26fbd9f250ca7226acbcb25ae3cf41
Author:     Jacob Stallings <jacobcstallings@icloud.com>
AuthorDate: 2024-09-26
Commit:     GitHub <noreply@github.com>
CommitDate: 2024-09-26

    backend changes - UTC for events (#104)
    
    * backend changes - UTC for events
    
    * startDate endDate are now startDateTime endDateTime

packages/server/models/Event.js
packages/server/services/eventService.js

commit 5aea63dfb5765d8705910f6cc4137d60fb3dc41a
Author:     sd3871 <soohra.dabadi@gmail.com>
AuthorDate: 2024-09-27
Commit:     sd3871 <soohra.dabadi@gmail.com>
CommitDate: 2024-09-27

    updated not linked response

packages/server/services/google/calendar/index.js

commit 18bf52cb869140a39341a3631b2dab62a10146f4
Author:     sd3871 <soohra.dabadi@gmail.com>
AuthorDate: 2024-09-27
Commit:     sd3871 <soohra.dabadi@gmail.com>
CommitDate: 2024-09-27

    addeed google calender notlinked Message

packages/server/helpers/language.js

commit 0a0db62ec37fc5f9ffba0b5ae4615d0d6453eb97
Author:     sd3871 <soohra.dabadi@gmail.com>
AuthorDate: 2024-09-26
Commit:     sd3871 <soohra.dabadi@gmail.com>
CommitDate: 2024-09-26

    added googleapis

packages/server/package.json

commit 65aac00fcc91d892699a13d4a6827f416ad21692
Author:     sd3871 <soohra.dabadi@gmail.com>
AuthorDate: 2024-09-26
Commit:     sd3871 <soohra.dabadi@gmail.com>
CommitDate: 2024-09-26

    added googleapis oattuh file

packages/server/utils/googleapis.js

commit cc60dda112f6275d3def661ed52bf4cc23fe6279
Author:     sd3871 <soohra.dabadi@gmail.com>
AuthorDate: 2024-09-26
Commit:     sd3871 <soohra.dabadi@gmail.com>
CommitDate: 2024-09-26

    added encrryption for access token

packages/server/utils/encyptAndDecrypt.js

commit fbbe57bd68d2407b71e1911ffd920df0bb0fe2ad
Author:     sd3871 <soohra.dabadi@gmail.com>
AuthorDate: 2024-09-26
Commit:     sd3871 <soohra.dabadi@gmail.com>
CommitDate: 2024-09-26

    added google calendars API endpoints

packages/server/controllers/google/calender/index.js
packages/server/services/google/calendar/index.js

commit 4fba62e4db1f4b5baff397805bddada1afa89ae5
Author:     sd3871 <soohra.dabadi@gmail.com>
AuthorDate: 2024-09-26
Commit:     sd3871 <soohra.dabadi@gmail.com>
CommitDate: 2024-09-26

    added google calendars rouuets

packages/server/routes/google/index.js
packages/server/routes/social/index.js

commit 1f85791fe9e453cc86b95208647ad9088e5b6fe9
Author:     sd3871 <soohra.dabadi@gmail.com>
AuthorDate: 2024-09-26
Commit:     sd3871 <soohra.dabadi@gmail.com>
CommitDate: 2024-09-26

    added google calendars attributes

packages/server/models/Event.js

commit f416107bc7dc1a3c9f217a17a337e573bb657dbf
Author:     sd3871 <soohra.dabadi@gmail.com>
AuthorDate: 2024-09-26
Commit:     sd3871 <soohra.dabadi@gmail.com>
CommitDate: 2024-09-26

    added google calendar model

packages/server/models/GoogleCalender.js

commit beb75d6af636483efcac00a5f17638baffddbe0f
Author:     Jacob Stallings <jacobcstallings@icloud.com>
AuthorDate: 2024-09-19
Commit:     GitHub <noreply@github.com>
CommitDate: 2024-09-19

    Badges API Development Part 1 (#69)
    
    * add swagger for get all badges
    
    * add required title field, level is no longer required, add GET all badges
    
    * added ability to get and award users badges
    
    * refresh endpoint ready to test
    
    * badge successfuly awarded using fudged spotifymetrics document
    
    * remove commented code
    
    * remove comment
    
    * remove comments in badgeService.js

packages/server/controllers/badge/index.js
packages/server/controllers/user/profile.js
packages/server/helpers/language.js
packages/server/models/Badge.js
packages/server/routes/badge/index.js
packages/server/routes/user/index.js
packages/server/services/badgeService.js
packages/server/services/userService.js

commit df1938641e180a69483f23076aa20bd4c87a5414
Author:     sd3871 <soohra.dabadi@gmail.com>
AuthorDate: 2024-09-15
Commit:     sd3871 <soohra.dabadi@gmail.com>
CommitDate: 2024-09-15

    error handling added for email error

packages/server/helpers/emailHelper.js

commit 340da57d3b05e59eef17f2f6ae07bba383996cca
Author:     sd3871 <soohra.dabadi@gmail.com>
AuthorDate: 2024-09-15
Commit:     sd3871 <soohra.dabadi@gmail.com>
CommitDate: 2024-09-15

    promisified email and db update

packages/server/services/forgotPasswordService.js

commit 44f34743ed3b01dc9560d9ead2804a6d2475fcf0
Author:     sd3871 <soohra.dabadi@gmail.com>
AuthorDate: 2024-09-15
Commit:     sd3871 <soohra.dabadi@gmail.com>
CommitDate: 2024-09-15

    project delete access updates

packages/server/services/projectService.js

commit 618febeacf7ce3ed64263fda73b2628ee544bfad
Author:     sd3871 <soohra.dabadi@gmail.com>
AuthorDate: 2024-09-15
Commit:     sd3871 <soohra.dabadi@gmail.com>
CommitDate: 2024-09-15

    added path param

packages/server/controllers/project/index.js

commit fa2493fc4a3da485b628cbce2d094dc9dff104cb
Author:     sd3871 <soohra.dabadi@gmail.com>
AuthorDate: 2024-09-15
Commit:     sd3871 <soohra.dabadi@gmail.com>
CommitDate: 2024-09-15

    reset password creation and verification APIs added

packages/server/controllers/auth/resetPassword.js
packages/server/services/forgotPasswordService.js
packages/server/services/resetPasswordService.js

commit 6f5d9980d5d0086a11e5fd500ca1826be3e3b2a6
Author:     sd3871 <soohra.dabadi@gmail.com>
AuthorDate: 2024-09-15
Commit:     sd3871 <soohra.dabadi@gmail.com>
CommitDate: 2024-09-15

    updated timestamps

packages/server/models/AuthenticatoinToken.js

commit 6be75a1f51fc5dcd078300919b86b699216cf6e6
Author:     sd3871 <soohra.dabadi@gmail.com>
AuthorDate: 2024-09-15
Commit:     sd3871 <soohra.dabadi@gmail.com>
CommitDate: 2024-09-15

    added password reset token verification API

packages/server/routes/auth/index.js

commit 3035df2ef31b32a742d90419508f14a1d71cfdda
Author:     sd3871 <soohra.dabadi@gmail.com>
AuthorDate: 2024-09-15
Commit:     sd3871 <soohra.dabadi@gmail.com>
CommitDate: 2024-09-15

    added delete event service

packages/server/controllers/event/event.js
packages/server/services/eventService.js

commit 438e593118d272fe9c0954f6ecbb07e32c5c8298
Author:     sd3871 <soohra.dabadi@gmail.com>
AuthorDate: 2024-09-15
Commit:     sd3871 <soohra.dabadi@gmail.com>
CommitDate: 2024-09-15

    added delete event route

packages/server/routes/event/index.js

commit 7ece775f42f67ad9a4cb79fad671209650fe5088
Author:     sd3871 <soohra.dabadi@gmail.com>
AuthorDate: 2024-09-15
Commit:     sd3871 <soohra.dabadi@gmail.com>
CommitDate: 2024-09-15

    updated error messages

packages/server/services/resetPasswordService.js

commit 13bdb7ba02f3348d76eefab9226e1e4ffe49d1d7
Author:     sd3871 <soohra.dabadi@gmail.com>
AuthorDate: 2024-09-15
Commit:     sd3871 <soohra.dabadi@gmail.com>
CommitDate: 2024-09-15

    added token messages

packages/server/helpers/language.js

commit 35f65137b4bdfb49c3b924551b72d4154ca24282
Author:     sd3871 <soohra.dabadi@gmail.com>
AuthorDate: 2024-09-15
Commit:     sd3871 <soohra.dabadi@gmail.com>
CommitDate: 2024-09-15

    changed password reset link to otp code

packages/server/helpers/email/templates/forgotPassword.template.js
packages/server/services/forgotPasswordService.js

commit e8c69e8315e0cb842858823c2244f09bdde034c5
Author:     sd3871 <soohra.dabadi@gmail.com>
AuthorDate: 2024-09-15
Commit:     sd3871 <soohra.dabadi@gmail.com>
CommitDate: 2024-09-15

    template variable destructuring added

packages/server/helpers/emailHelper.js

commit 53e3bd8f2f57dad3de9d2a2c978a27d65d553417
Author:     sd3871 <soohra.dabadi@gmail.com>
AuthorDate: 2024-09-11
Commit:     sd3871 <soohra.dabadi@gmail.com>
CommitDate: 2024-09-11

    seperated template for overdue and upcoming tasks

packages/server/helpers/email/templates/overdueTasks.template.js
packages/server/helpers/email/templates/upcomingTasks.template.js
packages/server/helpers/emailHelper.js

commit ca6361843b37b7265b5cb67032d36b65786ec0df
Author:     sd3871 <soohra.dabadi@gmail.com>
AuthorDate: 2024-09-11
Commit:     sd3871 <soohra.dabadi@gmail.com>
CommitDate: 2024-09-11

    onboarding template file added

packages/server/helpers/email/templates/onboarding.template.js

commit 59534da6f7acdf30e40343ef3b0167ddc2d47d3b
Author:     sd3871 <soohra.dabadi@gmail.com>
AuthorDate: 2024-09-11
Commit:     sd3871 <soohra.dabadi@gmail.com>
CommitDate: 2024-09-11

    forgot password template added

packages/server/helpers/email/templates/forgotPassword.template.js

commit 03320b2277b6097d9f4e5d5be7e02db14df74956
Author:     sd3871 <soohra.dabadi@gmail.com>
AuthorDate: 2024-09-11
Commit:     sd3871 <soohra.dabadi@gmail.com>
CommitDate: 2024-09-11

    token expiration added in the token object

packages/server/services/forgotPasswordService.js

commit 067f4e05882b77fca7b471fbddb6b9ae82bca5a9
Author:     sd3871 <soohra.dabadi@gmail.com>
AuthorDate: 2024-09-11
Commit:     sd3871 <soohra.dabadi@gmail.com>
CommitDate: 2024-09-11

    invitation template file added

packages/server/helpers/email/templates/invitation.template.js

commit 04a15a9d280a4ae3f4c237a23a5b5b625988e1bd
Author:     sd3871 <soohra.dabadi@gmail.com>
AuthorDate: 2024-09-11
Commit:     sd3871 <soohra.dabadi@gmail.com>
CommitDate: 2024-09-11

    added language for user not found

packages/server/helpers/language.js

commit 70ee70592431b56c1c989a993fe861778c9fb8bf
Author:     sd3871 <soohra.dabadi@gmail.com>
AuthorDate: 2024-09-11
Commit:     sd3871 <soohra.dabadi@gmail.com>
CommitDate: 2024-09-11

    OTP template added

packages/server/helpers/email/templates/otp.template.js

commit 7866faa90d98ec92345ce550065c0709fb9d600f
Author:     sd3871 <soohra.dabadi@gmail.com>
AuthorDate: 2024-09-11
Commit:     sd3871 <soohra.dabadi@gmail.com>
CommitDate: 2024-09-11

    error message update

packages/server/controllers/auth/forgotPassword.js

commit fa4727d4f7f593a407257ee6bb73f62324062123
Author:     Jacob Stallings <jacobcstallings@icloud.com>
AuthorDate: 2024-09-10
Commit:     GitHub <noreply@github.com>
CommitDate: 2024-09-10

    init template (#95)

packages/server/helpers/emailHelper.js

commit 17d852e61471deeba02a68778a21b344c33f3440
Author:     Jacob Stallings <jacobcstallings@icloud.com>
AuthorDate: 2024-09-10
Commit:     GitHub <noreply@github.com>
CommitDate: 2024-09-10

    EVO-506 email notification overdue tasks update template (#94)
    
    * EVO-506 Keep email template in sync with aws repo
    
    * re-add credentials for backend calls to SES client not on lambda
    
    * comment out credentials line to match remote develop branch

packages/server/helpers/emailHelper.js

commit 3a1acd117ed935d125168724ae12312c6098e281
Author:     sd3871 <soohra.dabadi@gmail.com>
AuthorDate: 2024-09-05
Commit:     sd3871 <soohra.dabadi@gmail.com>
CommitDate: 2024-09-05

    added demographics to the response

packages/server/helpers/spotify/overviewHelper.js

commit 6b755063fd82632a9c58030f8d2763123cce6258
Author:     sd3871 <soohra.dabadi@gmail.com>
AuthorDate: 2024-09-05
Commit:     sd3871 <soohra.dabadi@gmail.com>
CommitDate: 2024-09-05

    added demographics attribute

packages/server/models/SpotifyMetrics.js

commit 673c8e5b333ed9d3cb8f004ff5ab9ed914bb94f8
Author:     Jacob Stallings <jacobcstallings@icloud.com>
AuthorDate: 2024-08-27
Commit:     GitHub <noreply@github.com>
CommitDate: 2024-08-27

    EVO-636 (2) Seed Categories for DB (#92)
    
    * add api get category by id
    
    * add relativeDate field to categories "single song" seed data (need to do for all), add optional date query parameter and return tasks with calculated dates if provided by client
    
    * add "music video" relative dates, handle case where no description present (copy the project title)
    
    * update swagger for get category
    
    * update swagger
    
    * remove todo comment
    
    * seed categories DB mvp final

packages/server/seeds/dummyCategories.js

commit e3721c97f29744f6290d3ca02fb07da53012cad4
Author:     Jacob Stallings <jacobcstallings@icloud.com>
AuthorDate: 2024-08-27
Commit:     GitHub <noreply@github.com>
CommitDate: 2024-08-27

    EVO-636-API-PRJ-Projects-Suggested-Custom-Suggested (#91)
    
    * add api get category by id
    
    * add relativeDate field to categories "single song" seed data (need to do for all), add optional date query parameter and return tasks with calculated dates if provided by client
    
    * add "music video" relative dates, handle case where no description present (copy the project title)
    
    * update swagger for get category
    
    * update swagger
    
    * remove todo comment

packages/server/controllers/category/index.js
packages/server/routes/category/index.js
packages/server/seeds/dummyCategories.js
packages/server/services/categoryService.js
packages/server/services/projectService.js

commit d8886f86787e3ff6efab730c82eba6ea17ef87a1
Author:     sd3871 <soohra.dabadi@gmail.com>
AuthorDate: 2024-08-26
Commit:     sd3871 <soohra.dabadi@gmail.com>
CommitDate: 2024-08-26

    removed --watch

packages/server/package.json

commit 5f669a78459cf5f9e82db595159af81bc912081b
Author:     sd3871 <soohra.dabadi@gmail.com>
AuthorDate: 2024-08-26
Commit:     sd3871 <soohra.dabadi@gmail.com>
CommitDate: 2024-08-26

    environment name fix

packages/server/controllers/error/index.js

commit b81b0dabb1b161241cfe012e3b363ad6bb47e51f
Author:     sd3871 <soohra.dabadi@gmail.com>
AuthorDate: 2024-08-04
Commit:     sd3871 <soohra.dabadi@gmail.com>
CommitDate: 2024-08-04

    timeline API

packages/server/controllers/task/task.js
packages/server/controllers/timeline/index.js
packages/server/models/Project.js
packages/server/models/Task.js
packages/server/routes/index.js
packages/server/routes/timeline/index.js
packages/server/schema/task.js

commit 509bd6bf46392a86b89510cd1c916efedd48077b
Author:     sd3871 <soohra.dabadi@gmail.com>
AuthorDate: 2024-08-04
Commit:     sd3871 <soohra.dabadi@gmail.com>
CommitDate: 2024-08-04

    removed creds for dev

packages/server/helpers/emailHelper.js

commit 939d3b067b25a60552a3e6a98abfc2faf0dc91db
Author:     sd3871 <soohra.dabadi@gmail.com>
AuthorDate: 2024-08-03
Commit:     sd3871 <soohra.dabadi@gmail.com>
CommitDate: 2024-08-04

    port mapping fixess

.github/workflows/deploy.yml

commit 5dbefc7433e7e156c015aad499a7fa71cf564d33
Author:     sd3871 <soohra.dabadi@gmail.com>
AuthorDate: 2024-08-03
Commit:     sd3871 <soohra.dabadi@gmail.com>
CommitDate: 2024-08-04

    port fixes

.github/workflows/deploy.yml

commit 44a5f09f02f1a396ec6f8a9adfe39c132ac6fa09
Author:     sooraz3871 <soohra.dabadi@gmail.com>
AuthorDate: 2024-08-03
Commit:     sd3871 <soohra.dabadi@gmail.com>
CommitDate: 2024-08-04

    Update deploy.yml

.github/workflows/deploy.yml

commit e1889fcc6d544edc77da855d5232b4aef5eee726
Author:     Jacob Stallings <jacobcstallings@icloud.com>
AuthorDate: 2024-08-02
Commit:     sd3871 <soohra.dabadi@gmail.com>
CommitDate: 2024-08-04

    GEN-601 Send welcome email on successful onboarding (#76)
    
    * Correctly sends one email with subject, placeholder text, when onboarding form returns
    
    * Use nice HTML formatted message from onboarding template

packages/server/helpers/emailHelper.js

commit 8e01b444a5cac4ca0e8e673aa4eed774636b8e6b
Author:     sd3871 <soohra.dabadi@gmail.com>
AuthorDate: 2024-08-04
Commit:     sd3871 <soohra.dabadi@gmail.com>
CommitDate: 2024-08-04

    empty project taskslist error fix

packages/server/services/timelineService.js

commit e7583750e805c4f15537a560a6feac3744970c8b
Author:     Rajibshrestha59 <33756765+Rajibshrestha59@users.noreply.github.com>
AuthorDate: 2024-08-04
Commit:     GitHub <noreply@github.com>
CommitDate: 2024-08-04

    Revert "Gen 636 create api for timeline view"

packages/server/controllers/task/task.js
packages/server/controllers/timeline/index.js
packages/server/models/Project.js
packages/server/models/Task.js
packages/server/routes/index.js
packages/server/routes/timeline/index.js
packages/server/schema/task.js
packages/server/services/timelineService.js

commit f5501839aca6af41c0e54e2b0baa8b07282a9b6b
Author:     sd3871 <soohra.dabadi@gmail.com>
AuthorDate: 2024-08-03
Commit:     sd3871 <soohra.dabadi@gmail.com>
CommitDate: 2024-08-03

    date format fixes

packages/server/services/timelineService.js

commit 4deb50c297008b6f9bebc19a2d14c70c0b6ca6f9
Author:     sd3871 <soohra.dabadi@gmail.com>
AuthorDate: 2024-08-03
Commit:     sd3871 <soohra.dabadi@gmail.com>
CommitDate: 2024-08-03

    removed filter logic

packages/server/services/timelineService.js

commit 8cc0e93ec02c0fc4b6f6e3e360c7f9c77477fafd
Author:     sd3871 <soohra.dabadi@gmail.com>
AuthorDate: 2024-08-03
Commit:     sd3871 <soohra.dabadi@gmail.com>
CommitDate: 2024-08-03

    commented out creds in params

packages/server/helpers/emailHelper.js

commit c5c1bfbaec00c75e440e7f7a3cf84af02cd8b4ed
Author:     sd3871 <soohra.dabadi@gmail.com>
AuthorDate: 2024-08-03
Commit:     sd3871 <soohra.dabadi@gmail.com>
CommitDate: 2024-08-03

    priod logic fixes

packages/server/services/timelineService.js

commit fcb59f171281c11f77274c0b6836e96268012f6d
Author:     sd3871 <soohra.dabadi@gmail.com>
AuthorDate: 2024-08-03
Commit:     sd3871 <soohra.dabadi@gmail.com>
CommitDate: 2024-08-03

    Task Schema keyword fix

packages/server/models/Project.js

commit 2d08fc013f184b2b903ef6fad006b1d8c7b3ae3e
Author:     sd3871 <soohra.dabadi@gmail.com>
AuthorDate: 2024-08-03
Commit:     sd3871 <soohra.dabadi@gmail.com>
CommitDate: 2024-08-03

    updated slack notification depnendency

.github/workflows/deploy.yml

commit 01382a8a0f84066f3e7ff5e16da872db8bdd2e6b
Author:     sd3871 <soohra.dabadi@gmail.com>
AuthorDate: 2024-08-03
Commit:     sd3871 <soohra.dabadi@gmail.com>
CommitDate: 2024-08-03

    updated to dev port mappings

.github/workflows/deploy.yml
Dockerfile

commit 9716481a4d335b8452b2ea4cb303f4be678035bc
Author:     sd3871 <soohra.dabadi@gmail.com>
AuthorDate: 2024-08-03
Commit:     sd3871 <soohra.dabadi@gmail.com>
CommitDate: 2024-08-03

    port mapping fixess

.github/workflows/deploy.yml

commit 2b0683f88b9f83bad70e1c88814c2f1e9e261e24
Author:     sd3871 <soohra.dabadi@gmail.com>
AuthorDate: 2024-08-03
Commit:     sd3871 <soohra.dabadi@gmail.com>
CommitDate: 2024-08-03

    port fixes

.github/workflows/deploy.yml
Dockerfile

commit a68d5e075d7d8bd907ca9548ba495b2380de7d1a
Author:     sooraz3871 <soohra.dabadi@gmail.com>
AuthorDate: 2024-08-03
Commit:     sd3871 <soohra.dabadi@gmail.com>
CommitDate: 2024-08-03

    Update deploy.yml

.github/workflows/deploy.yml

commit 9396f01819a474c8799b2d36a012b3a39f3928ab
Author:     Jacob Stallings <jacobcstallings@icloud.com>
AuthorDate: 2024-08-02
Commit:     sd3871 <soohra.dabadi@gmail.com>
CommitDate: 2024-08-03

    GEN-601 Send welcome email on successful onboarding (#76)
    
    * Correctly sends one email with subject, placeholder text, when onboarding form returns
    
    * Use nice HTML formatted message from onboarding template

packages/server/controllers/onboarding/index.js
packages/server/helpers/emailHelper.js

commit ba090469df803e740c219a1c9a63e082fc37cf42
Author:     sd3871 <soohra.dabadi@gmail.com>
AuthorDate: 2024-08-03
Commit:     sd3871 <soohra.dabadi@gmail.com>
CommitDate: 2024-08-03

    updated slack notification depnendency

.github/workflows/deploy.yml

commit f4dcf0d07963ed4d944c18a142ff338435a64bf0
Author:     sd3871 <soohra.dabadi@gmail.com>
AuthorDate: 2024-08-03
Commit:     sd3871 <soohra.dabadi@gmail.com>
CommitDate: 2024-08-03

    updated to dev port mappings

.github/workflows/deploy.yml
Dockerfile

commit e98c589ade2c531923bce10dab0b67a0c083a4c1
Author:     sd3871 <soohra.dabadi@gmail.com>
AuthorDate: 2024-08-03
Commit:     sd3871 <soohra.dabadi@gmail.com>
CommitDate: 2024-08-03

    port mapping fixess

.github/workflows/deploy.yml

commit 1bf206e9f2a167bb03bc39b02759d4f994cf6f4f
Author:     sd3871 <soohra.dabadi@gmail.com>
AuthorDate: 2024-08-03
Commit:     sd3871 <soohra.dabadi@gmail.com>
CommitDate: 2024-08-03

    port fixes

.github/workflows/deploy.yml
Dockerfile

commit 975e1466952314b59d5a9c4dabbe2e5e2836a671
Author:     sooraz3871 <soohra.dabadi@gmail.com>
AuthorDate: 2024-08-03
Commit:     GitHub <noreply@github.com>
CommitDate: 2024-08-03

    Update deploy.yml

.github/workflows/deploy.yml

commit 0099ed25b28ccca01bc91927b7d71388aa13b2c4
Author:     Jacob Stallings <jacobcstallings@icloud.com>
AuthorDate: 2024-08-02
Commit:     GitHub <noreply@github.com>
CommitDate: 2024-08-02

    GEN-601 Send welcome email on successful onboarding (#76)
    
    * Correctly sends one email with subject, placeholder text, when onboarding form returns
    
    * Use nice HTML formatted message from onboarding template

packages/server/controllers/onboarding/index.js
packages/server/helpers/emailHelper.js

commit cfa57fd87b7b1333238295a2cc0ff2cdfd443b32
Author:     sd3871 <soohra.dabadi@gmail.com>
AuthorDate: 2024-08-02
Commit:     sd3871 <soohra.dabadi@gmail.com>
CommitDate: 2024-08-02

    added startDate and endDate

packages/server/controllers/task/task.js

commit df7e93ec1ecf235d9a007dfbd9ac41e63b8a317b
Author:     sd3871 <soohra.dabadi@gmail.com>
AuthorDate: 2024-08-02
Commit:     sd3871 <soohra.dabadi@gmail.com>
CommitDate: 2024-08-02

    added timeline service

packages/server/services/timelineService.js

commit fc38b419c082d193a4d556933c3ffdf70304dfb0
Author:     sd3871 <soohra.dabadi@gmail.com>
AuthorDate: 2024-08-02
Commit:     sd3871 <soohra.dabadi@gmail.com>
CommitDate: 2024-08-02

    added timeline controller

packages/server/controllers/timeline/index.js
packages/server/routes/timeline/index.js

commit dd038913075bbcb6a8bec242d1844059c8700b8c
Author:     sd3871 <soohra.dabadi@gmail.com>
AuthorDate: 2024-08-02
Commit:     sd3871 <soohra.dabadi@gmail.com>
CommitDate: 2024-08-02

    added timeline route

packages/server/routes/index.js

commit 8d66c0f705d08a6833aefc2ec19584eeecd20c66
Author:     sd3871 <soohra.dabadi@gmail.com>
AuthorDate: 2024-08-02
Commit:     sd3871 <soohra.dabadi@gmail.com>
CommitDate: 2024-08-02

    aded start date and end date validaiotn

packages/server/schema/task.js

commit d5b662889dec9eac6c89675f35f2860ce93d49a2
Author:     sd3871 <soohra.dabadi@gmail.com>
AuthorDate: 2024-08-02
Commit:     sd3871 <soohra.dabadi@gmail.com>
CommitDate: 2024-08-02

    added start date and end date

packages/server/models/Task.js

commit 45fffff94efcfa155f4ee89a70a60996907f4309
Author:     sd3871 <soohra.dabadi@gmail.com>
AuthorDate: 2024-08-02
Commit:     sd3871 <soohra.dabadi@gmail.com>
CommitDate: 2024-08-02

    deploy fixes

.github/workflows/deploy.yml
Dockerfile

commit fb54988412deb35fa470b15d41d9f41076f7ec27
Author:     sooraz3871 <soohra.dabadi@gmail.com>
AuthorDate: 2024-08-02
Commit:     GitHub <noreply@github.com>
CommitDate: 2024-08-02

    Update deploy.yml

.github/workflows/deploy.yml

commit fa1c2386710a6df8c0f25207b486b332eabd18ed
Author:     sooraz3871 <soohra.dabadi@gmail.com>
AuthorDate: 2024-08-02
Commit:     GitHub <noreply@github.com>
CommitDate: 2024-08-02

    Update deploy.yml

.github/workflows/deploy.yml

commit ff3e43ed0f6395ce69f377f0c6af12e068bd7edf
Author:     sooraz3871 <soohra.dabadi@gmail.com>
AuthorDate: 2024-08-02
Commit:     GitHub <noreply@github.com>
CommitDate: 2024-08-02

    Update deploy.yml

.github/workflows/deploy.yml

commit 3e75abf268b43d0951571cb6d267e203fe85f52a
Author:     sd3871 <soohra.dabadi@gmail.com>
AuthorDate: 2024-08-02
Commit:     sd3871 <soohra.dabadi@gmail.com>
CommitDate: 2024-08-02

    deployment fix

.github/workflows/deploy.yml
Dockerfile

commit 79a66da365487d5941cb27b1af6ef6a0537db60a
Author:     sooraz3871 <soohra.dabadi@gmail.com>
AuthorDate: 2024-08-01
Commit:     GitHub <noreply@github.com>
CommitDate: 2024-08-01

    Update Dockerfile

Dockerfile

commit 73594fd3de6d77b776a4b4a56cab76312b79e319
Author:     sooraz3871 <soohra.dabadi@gmail.com>
AuthorDate: 2024-08-01
Commit:     GitHub <noreply@github.com>
CommitDate: 2024-08-01

    Update Dockerfile

Dockerfile

commit bb0b9755a720a5d5558c21de9ce31a6194f021de
Author:     sooraz3871 <soohra.dabadi@gmail.com>
AuthorDate: 2024-08-01
Commit:     GitHub <noreply@github.com>
CommitDate: 2024-08-01

    Update Dockerfile

Dockerfile

commit 286c35c42bdb73737c32291e410305a14943531a
Author:     sd3871 <soohra.dabadi@gmail.com>
AuthorDate: 2024-08-01
Commit:     sd3871 <soohra.dabadi@gmail.com>
CommitDate: 2024-08-01

    region updates

Dockerfile

commit 23c0dcf9acfa7599fde84549fb3c880fac80e28a
Author:     sd3871 <soohra.dabadi@gmail.com>
AuthorDate: 2024-08-01
Commit:     sd3871 <soohra.dabadi@gmail.com>
CommitDate: 2024-08-01

    aws secrets update

Dockerfile

commit cd1bdbe60ba4cee88ec15a3311630c82b2648084
Author:     sd3871 <soohra.dabadi@gmail.com>
AuthorDate: 2024-08-01
Commit:     sd3871 <soohra.dabadi@gmail.com>
CommitDate: 2024-08-01

    minor udpate

Dockerfile

commit 98e622eeedca7ec660367c83dffc8b0300dbae82
Author:     sd3871 <soohra.dabadi@gmail.com>
AuthorDate: 2024-08-01
Commit:     sd3871 <soohra.dabadi@gmail.com>
CommitDate: 2024-08-01

    test change

Dockerfile

commit 90de1727a6268fcd4d1ab9b3e45d52a0067934de
Author:     sd3871 <soohra.dabadi@gmail.com>
AuthorDate: 2024-08-01
Commit:     sd3871 <soohra.dabadi@gmail.com>
CommitDate: 2024-08-01

    added aws configure

Dockerfile

commit 6942c73437fe79cb0c9a609958f4ffb40c077600
Author:     sd3871 <soohra.dabadi@gmail.com>
AuthorDate: 2024-08-01
Commit:     sd3871 <soohra.dabadi@gmail.com>
CommitDate: 2024-08-01

    added aws access keys and secrets

.github/workflows/deploy.yml
Dockerfile

commit 1a8f9d4ed6964ffde58b049b8ccb06f4a050ef5d
Author:     sd3871 <soohra.dabadi@gmail.com>
AuthorDate: 2024-08-01
Commit:     sd3871 <soohra.dabadi@gmail.com>
CommitDate: 2024-08-01

    minor fix

.github/workflows/deploy.yml

commit 05e14b036f7b3607a2064bc6646d996b7c19b969
Author:     sd3871 <soohra.dabadi@gmail.com>
AuthorDate: 2024-08-01
Commit:     sd3871 <soohra.dabadi@gmail.com>
CommitDate: 2024-08-01

    updated dockerfile lcoation

.github/workflows/deploy.yml

commit c72771055eb7097e08e4c2af898b2b1181f2befe
Author:     sd3871 <soohra.dabadi@gmail.com>
AuthorDate: 2024-08-01
Commit:     sd3871 <soohra.dabadi@gmail.com>
CommitDate: 2024-08-01

    updated the deploy file

.github/workflows/deploy.yml

commit 174f72517d002f0304186d3c1056361ec92b15e5
Author:     sd3871 <soohra.dabadi@gmail.com>
AuthorDate: 2024-08-01
Commit:     sd3871 <soohra.dabadi@gmail.com>
CommitDate: 2024-08-01

    added dockerfile

Dockerfile

commit 8f3d533835ed5a7ee82835e167d4ba81db1f6f23
Author:     sooraz3871 <soohra.dabadi@gmail.com>
AuthorDate: 2024-08-01
Commit:     GitHub <noreply@github.com>
CommitDate: 2024-08-01

    Update deploy.yml

.github/workflows/deploy.yml

commit 4db60f47a4c2394126510a6da3a5767de54f66fa
Author:     sooraz3871 <soohra.dabadi@gmail.com>
AuthorDate: 2024-08-01
Commit:     GitHub <noreply@github.com>
CommitDate: 2024-08-01

    Update deploy.yml

.github/workflows/deploy.yml

commit 96f9cc73216bfc94466c70bb340fb0ea79818a37
Author:     sooraz3871 <soohra.dabadi@gmail.com>
AuthorDate: 2024-08-01
Commit:     GitHub <noreply@github.com>
CommitDate: 2024-08-01

    Update deploy.yml

.github/workflows/deploy.yml

commit 89d539e8cdefa3c3c331c6c0e17b91c9cef6b10c
Author:     sooraz3871 <soohra.dabadi@gmail.com>
AuthorDate: 2024-07-31
Commit:     GitHub <noreply@github.com>
CommitDate: 2024-07-31

    Update deploy.yml

.github/workflows/deploy.yml

commit cf435400c0927a7dfe8a5511ef95f0d1938afb21
Author:     sooraz3871 <soohra.dabadi@gmail.com>
AuthorDate: 2024-07-31
Commit:     GitHub <noreply@github.com>
CommitDate: 2024-07-31

    Update deploy.yml

.github/workflows/deploy.yml

commit ebf90618c6fc4c9c102c09c8e1adbb730d183131
Author:     sooraz3871 <soohra.dabadi@gmail.com>
AuthorDate: 2024-07-31
Commit:     GitHub <noreply@github.com>
CommitDate: 2024-07-31

    Create deploy.yml

.github/workflows/deploy.yml

commit 911aae8e7063a1b80b5ffacd2dbac86c265eedbe
Author:     sd3871 <soohra.dabadi@gmail.com>
AuthorDate: 2024-07-31
Commit:     sd3871 <soohra.dabadi@gmail.com>
CommitDate: 2024-07-31

    added github actions deploy file

github/workflows/deploy.yml

commit 4e3923251d050bdb1485b2f283b1ea1447785aa1
Author:     sd3871 <soohra.dabadi@gmail.com>
AuthorDate: 2024-07-31
Commit:     sd3871 <soohra.dabadi@gmail.com>
CommitDate: 2024-07-31

    social overview reponse fix

packages/server/helpers/social/socialOverviewHelper.js

commit 3e58893247936b8b6dbe942c91b274a8552c954d
Author:     sd3871 <soohra.dabadi@gmail.com>
AuthorDate: 2024-07-30
Commit:     sd3871 <soohra.dabadi@gmail.com>
CommitDate: 2024-07-30

    updated environment variables path

packages/server/server.js

commit 3b7a6202c310efe258824cb5237b5cee2348c9f1
Author:     sd3871 <soohra.dabadi@gmail.com>
AuthorDate: 2024-07-30
Commit:     sd3871 <soohra.dabadi@gmail.com>
CommitDate: 2024-07-30

    updated scripts for diff environments

packages/server/conf/.env.development
packages/server/conf/.env.local
packages/server/conf/.env.production
packages/server/package.json

commit bc985122d78d2c8742b9fea865cee1162dd2b85f
Author:     sd3871 <soohra.dabadi@gmail.com>
AuthorDate: 2024-07-30
Commit:     sd3871 <soohra.dabadi@gmail.com>
CommitDate: 2024-07-30

    updated gitignore file

.gitignore

commit 21edbe0be042337cac01cf325f35c9452cd654f7
Author:     sd3871 <soohra.dabadi@gmail.com>
AuthorDate: 2024-07-30
Commit:     sd3871 <soohra.dabadi@gmail.com>
CommitDate: 2024-07-30

    social helper added

packages/server/helpers/social/socialOverviewHelper.js

commit f99227b4836ff00383eb59aabd22a0865e9568d1
Author:     sd3871 <soohra.dabadi@gmail.com>
AuthorDate: 2024-07-30
Commit:     sd3871 <soohra.dabadi@gmail.com>
CommitDate: 2024-07-30

    SQS queue helper updated

packages/server/events/sendToSQS.js

commit 48b65c7f589f7dd8dc9bd17c913655343afb973b
Author:     sd3871 <soohra.dabadi@gmail.com>
AuthorDate: 2024-07-30
Commit:     sd3871 <soohra.dabadi@gmail.com>
CommitDate: 2024-07-30

    instagram sqs trigger added

packages/server/services/instagramService.js

commit 34e7683320aeefc6d1587ccd141d8fb73439cb40
Author:     sd3871 <soohra.dabadi@gmail.com>
AuthorDate: 2024-07-30
Commit:     sd3871 <soohra.dabadi@gmail.com>
CommitDate: 2024-07-30

    sqs queue url fixes

packages/server/services/spotifyService.js

commit 14be2c2c7a12c129997aeb2c5bfdf125c72a554a
Author:     sd3871 <soohra.dabadi@gmail.com>
AuthorDate: 2024-07-30
Commit:     sd3871 <soohra.dabadi@gmail.com>
CommitDate: 2024-07-30

    user profile response fixes

packages/server/controllers/user/profile.js

commit 1d1fd212938b32d3a539b9aa321c2d3418194a8f
Author:     sd3871 <soohra.dabadi@gmail.com>
AuthorDate: 2024-07-30
Commit:     sd3871 <soohra.dabadi@gmail.com>
CommitDate: 2024-07-30

    progress charts updates

packages/server/helpers/charts/instagramChartsHelper.js
packages/server/helpers/charts/socialChartsHelper.js
packages/server/helpers/charts/spotifyChartsHelper.js

commit 67deac13e27682da3a2e63e562a885e1de164b97
Author:     sd3871 <soohra.dabadi@gmail.com>
AuthorDate: 2024-07-30
Commit:     sd3871 <soohra.dabadi@gmail.com>
CommitDate: 2024-07-30

    Total followers overview fixes

packages/server/helpers/spotify/overviewHelper.js

commit 33f877cde5649b8ffde7cd4e67562437f6220312
Author:     sd3871 <soohra.dabadi@gmail.com>
AuthorDate: 2024-07-30
Commit:     sd3871 <soohra.dabadi@gmail.com>
CommitDate: 2024-07-30

    added instagram metrics schema

packages/server/models/InstagramMetrics.js

commit c916233398668fabb40cba22f74e0f2c067a7dcc
Author:     sd3871 <soohra.dabadi@gmail.com>
AuthorDate: 2024-07-30
Commit:     sd3871 <soohra.dabadi@gmail.com>
CommitDate: 2024-07-30

    updated social overview to get social details

packages/server/services/socialService.js

commit 595e17d70cbef031a973b75996653927a16809cb
Author:     sd3871 <soohra.dabadi@gmail.com>
AuthorDate: 2024-07-30
Commit:     sd3871 <soohra.dabadi@gmail.com>
CommitDate: 2024-07-30

    removed social details from profile and response fix

packages/server/services/userService.js

commit ffa69db62bf26cd81737abcc34b6b765b4c0f1e3
Author:     sd3871 <soohra.dabadi@gmail.com>
AuthorDate: 2024-07-30
Commit:     sd3871 <soohra.dabadi@gmail.com>
CommitDate: 2024-07-30

    cleaned console log lines

packages/server/utils/apiFeatures.js

commit 959e8cf19528f4cf7ee6c1ef619acc3542f340ac
Author:     sd3871 <soohra.dabadi@gmail.com>
AuthorDate: 2024-07-25
Commit:     sd3871 <soohra.dabadi@gmail.com>
CommitDate: 2024-07-25

    updated gender response

packages/server/helpers/instagram/overviewHelper.js

commit d613d5aac7f8dcc99d9f54754a4551ca3560ebdf
Author:     sd3871 <soohra.dabadi@gmail.com>
AuthorDate: 2024-07-25
Commit:     sd3871 <soohra.dabadi@gmail.com>
CommitDate: 2024-07-25

    updated gender response

packages/server/helpers/instagram/overviewHelper.js

commit b38185c1e856d1fe9556bc9aaf349424251236f9
Author:     sd3871 <soohra.dabadi@gmail.com>
AuthorDate: 2024-07-25
Commit:     sd3871 <soohra.dabadi@gmail.com>
CommitDate: 2024-07-25

    updated demographics metric property

packages/server/helpers/instagram/overviewHelper.js

commit c5573ff298486f53781cc311a93564fabd9e96f0
Author:     sd3871 <soohra.dabadi@gmail.com>
AuthorDate: 2024-07-25
Commit:     sd3871 <soohra.dabadi@gmail.com>
CommitDate: 2024-07-25

    updated response for country and age demographics

packages/server/helpers/instagram/overviewHelper.js

commit 3d648a878889a641fea347e4f3bb1965ecfe66da
Author:     sd3871 <soohra.dabadi@gmail.com>
AuthorDate: 2024-07-25
Commit:     sd3871 <soohra.dabadi@gmail.com>
CommitDate: 2024-07-25

    updated the response

packages/server/helpers/instagram/overviewHelper.js

commit 6e4076609d6883c95110cb1aed0dd31115669dc3
Author:     sd3871 <soohra.dabadi@gmail.com>
AuthorDate: 2024-07-25
Commit:     sd3871 <soohra.dabadi@gmail.com>
CommitDate: 2024-07-25

    updated demographics metrics with the new API

packages/server/helpers/instagram/overviewHelper.js

commit 3d2aa37f85397be90208f114d36a311af5efa993
Author:     sd3871 <soohra.dabadi@gmail.com>
AuthorDate: 2024-07-22
Commit:     sd3871 <soohra.dabadi@gmail.com>
CommitDate: 2024-07-22

    formatted spotify metrics and aggregation fix

packages/server/helpers/spotify/overviewHelper.js

commit bfd783ff2d5d8c048ec3bc36c78e66f00bbda024
Author:     sd3871 <soohra.dabadi@gmail.com>
AuthorDate: 2024-07-06
Commit:     sd3871 <soohra.dabadi@gmail.com>
CommitDate: 2024-07-06

    spotify overview fixes for today

packages/server/helpers/spotify/overviewHelper.js

commit 4322d866354d008a4b7df6988a0894d6d20db4c8
Author:     sd3871 <soohra.dabadi@gmail.com>
AuthorDate: 2024-07-06
Commit:     sd3871 <soohra.dabadi@gmail.com>
CommitDate: 2024-07-06

    social Progress helper added

packages/server/helpers/charts/socialChartsHelper.js

commit 08f59e12f0fd88050c52b559ed03c8024b93df2d
Author:     sd3871 <soohra.dabadi@gmail.com>
AuthorDate: 2024-07-06
Commit:     sd3871 <soohra.dabadi@gmail.com>
CommitDate: 2024-07-06

    response properties fix

packages/server/helpers/charts/spotifyChartsHelper.js

commit e3203ca2f6f9393018f6ea9304cc569fd9096776
Author:     sd3871 <soohra.dabadi@gmail.com>
AuthorDate: 2024-07-06
Commit:     sd3871 <soohra.dabadi@gmail.com>
CommitDate: 2024-07-06

    instagram progress chart added

packages/server/helpers/charts/instagramChartsHelper.js
packages/server/services/chartsService.js

commit 20197521cbf469965a3274b4d73b1dfb25ab2dbf
Author:     sd3871 <soohra.dabadi@gmail.com>
AuthorDate: 2024-06-30
Commit:     sd3871 <soohra.dabadi@gmail.com>
CommitDate: 2024-06-30

    minor fix

packages/server/config/socials.js
packages/server/services/chartsService.js

commit b647796925eec4570ffcd27dbfeaf94fb2fc584f
Author:     sd3871 <soohra.dabadi@gmail.com>
AuthorDate: 2024-06-30
Commit:     sd3871 <soohra.dabadi@gmail.com>
CommitDate: 2024-06-30

    spotify charts helpers updates

packages/server/helpers/charts/spotifyChartsHelper.js
packages/server/services/chartsService.js

commit 8da50a68984068fbc4d96951772199081e61f8b7
Author:     sd3871 <soohra.dabadi@gmail.com>
AuthorDate: 2024-06-30
Commit:     sd3871 <soohra.dabadi@gmail.com>
CommitDate: 2024-06-30

    added socials list

packages/server/config/socials.js

commit f55d27d252b39a60142646ed8ced32e8728eef38
Author:     sd3871 <soohra.dabadi@gmail.com>
AuthorDate: 2024-06-30
Commit:     sd3871 <soohra.dabadi@gmail.com>
CommitDate: 2024-06-30

    updated query params for today

packages/server/helpers/spotify/overviewHelper.js

commit 0412dada6d2d2e70721189603815ffc704f67abc
Author:     sd3871 <soohra.dabadi@gmail.com>
AuthorDate: 2024-06-28
Commit:     sd3871 <soohra.dabadi@gmail.com>
CommitDate: 2024-06-28

    date-fns added

packages/server/package.json

commit bd7b44373f287e973484d2920b890212972df59c
Author:     sd3871 <soohra.dabadi@gmail.com>
AuthorDate: 2024-06-28
Commit:     sd3871 <soohra.dabadi@gmail.com>
CommitDate: 2024-06-28

    progress charts combined response updates

packages/server/helpers/charts/spotifyChartsHelper.js
packages/server/services/chartsService.js

commit c236d21fef294b0c13f71d6a8560b0bce0c1c840
Author:     sd3871 <soohra.dabadi@gmail.com>
AuthorDate: 2024-06-28
Commit:     sd3871 <soohra.dabadi@gmail.com>
CommitDate: 2024-06-28

    charts response format fix

packages/server/services/chartsService.js

commit fbe4fa2a245c59170830d169fe8e2023e1e09e98
Author:     sd3871 <soohra.dabadi@gmail.com>
AuthorDate: 2024-06-28
Commit:     sd3871 <soohra.dabadi@gmail.com>
CommitDate: 2024-06-28

    social charts fixes

packages/server/controllers/charts/index.js
packages/server/services/chartsService.js

commit e69f27d4504393dc8cd8eaf8babf02b487871114
Author:     sd3871 <soohra.dabadi@gmail.com>
AuthorDate: 2024-06-28
Commit:     sd3871 <soohra.dabadi@gmail.com>
CommitDate: 2024-06-28

    sqs url updated

packages/server/conf/.env.development

commit 7446763f36dfcfcad1af83f62edca7af0cd1482b
Author:     sd3871 <soohra.dabadi@gmail.com>
AuthorDate: 2024-06-26
Commit:     sd3871 <soohra.dabadi@gmail.com>
CommitDate: 2024-06-26

    chartmetrics rate limit issue updates

packages/server/helpers/spotify/chartMetricsArtistMetricsHelper.js
packages/server/helpers/spotify/chartMetricsAuthHelper.js

commit 03ba42205960b4d21ec1c0889863b485703318eb
Author:     sd3871 <soohra.dabadi@gmail.com>
AuthorDate: 2024-06-26
Commit:     sd3871 <soohra.dabadi@gmail.com>
CommitDate: 2024-06-26

    minor fix

packages/server/services/socialService.js

commit 4dbd473d02b27b9e788a7f75a8a2f10226049d23
Author:     sd3871 <soohra.dabadi@gmail.com>
AuthorDate: 2024-06-26
Commit:     sd3871 <soohra.dabadi@gmail.com>
CommitDate: 2024-06-26

    spotify progress chart API added

packages/server/controllers/charts/index.js
packages/server/helpers/charts/spotifyChartsHelper.js
packages/server/routes/index.js
packages/server/routes/visualizations/index.js
packages/server/services/chartsService.js

commit 9e47eeda12e48054c225e937076dd5866431a280
Author:     sd3871 <soohra.dabadi@gmail.com>
AuthorDate: 2024-06-26
Commit:     sd3871 <soohra.dabadi@gmail.com>
CommitDate: 2024-06-26

    overview fixes on new metrics model

packages/server/helpers/spotify/overviewHelper.js

commit 656bf7380a2f6166324b78e45bd603515c5cfcb1
Author:     sd3871 <soohra.dabadi@gmail.com>
AuthorDate: 2024-06-26
Commit:     sd3871 <soohra.dabadi@gmail.com>
CommitDate: 2024-06-26

    spotify metrics model update

packages/server/models/SpotifyMetrics.js

commit e7893dc5148778f883b953f23dd1aabdbcc40470
Author:     sd3871 <soohra.dabadi@gmail.com>
AuthorDate: 2024-06-23
Commit:     sd3871 <soohra.dabadi@gmail.com>
CommitDate: 2024-06-23

    spotify overview fetched from db updates

packages/server/helpers/spotify/overviewHelper.js

commit adbb3f22c34760da5bdae0e2fe7a5d90543c47bd
Author:     sd3871 <soohra.dabadi@gmail.com>
AuthorDate: 2024-06-23
Commit:     sd3871 <soohra.dabadi@gmail.com>
CommitDate: 2024-06-23

    SQS trigger on authorization added

packages/server/services/spotifyService.js

commit 012e8a485e068d8941d9423efbf2a1fa8cf370bb
Author:     sd3871 <soohra.dabadi@gmail.com>
AuthorDate: 2024-06-23
Commit:     sd3871 <soohra.dabadi@gmail.com>
CommitDate: 2024-06-23

    spotify metrics model added

packages/server/models/SpotifyMetrics.js

commit 7669e15b135c23fcc69b82937cf2f0638ce7a00f
Author:     sd3871 <soohra.dabadi@gmail.com>
AuthorDate: 2024-06-23
Commit:     sd3871 <soohra.dabadi@gmail.com>
CommitDate: 2024-06-23

    minor fix

packages/server/events/sendToSQS.js

commit f0fed457d6321948051d9662c3ec3d9041290a0d
Author:     sd3871 <soohra.dabadi@gmail.com>
AuthorDate: 2024-06-23
Commit:     sd3871 <soohra.dabadi@gmail.com>
CommitDate: 2024-06-23

    Instagram Demographics error handling with empty objcet

packages/server/helpers/instagram/overviewHelper.js

commit 44cf9501fa213e79f8e33556349cd34480a6eb2b
Author:     sd3871 <soohra.dabadi@gmail.com>
AuthorDate: 2024-06-23
Commit:     sd3871 <soohra.dabadi@gmail.com>
CommitDate: 2024-06-23

    SQS trigger added

packages/server/controllers/spotify/index.js
packages/server/events/sendToSQS.js

commit f00a8a1a2c1c30352e68c34cf975e07efdb8851e
Author:     sd3871 <soohra.dabadi@gmail.com>
AuthorDate: 2024-06-23
Commit:     sd3871 <soohra.dabadi@gmail.com>
CommitDate: 2024-06-23

    aws sqs client added

packages/server/package.json

commit e42b5cce697dd00a198504ec5b8365dfeb879a1b
Author:     sd3871 <soohra.dabadi@gmail.com>
AuthorDate: 2024-06-13
Commit:     sd3871 <soohra.dabadi@gmail.com>
CommitDate: 2024-06-13

    tasks creation request body changes

packages/server/controllers/task/task.js

commit 00b77047d6b2ce54e42f63f56448bea4300bb905
Author:     sd3871 <soohra.dabadi@gmail.com>
AuthorDate: 2024-06-13
Commit:     sd3871 <soohra.dabadi@gmail.com>
CommitDate: 2024-06-13

    api feature util added

packages/server/utils/apiFeatures.js

commit 538ac17c8edcb523bb945bcfa2fd3437a3228102
Author:     sd3871 <soohra.dabadi@gmail.com>
AuthorDate: 2024-06-13
Commit:     sd3871 <soohra.dabadi@gmail.com>
CommitDate: 2024-06-13

    date filter and search added to tasks API

packages/server/services/taskService.js

commit 096da7f7b635ea5180fbe4e0d1c0a7cc946837f6
Author:     sd3871 <soohra.dabadi@gmail.com>
AuthorDate: 2024-06-13
Commit:     sd3871 <soohra.dabadi@gmail.com>
CommitDate: 2024-06-13

    tasks query params updates

packages/server/controllers/task/task.js

commit 492ffe38c2cc80c36b2da6bb8ca82d4b0ef8817f
Author:     sd3871 <soohra.dabadi@gmail.com>
AuthorDate: 2024-05-28
Commit:     sd3871 <soohra.dabadi@gmail.com>
CommitDate: 2024-05-28

    new task addition on edit project updates

packages/server/services/projectService.js

commit 7bd3b036084b174414691efca951cbeba61aaa2e
Author:     sd3871 <soohra.dabadi@gmail.com>
AuthorDate: 2024-05-28
Commit:     sd3871 <soohra.dabadi@gmail.com>
CommitDate: 2024-05-28

    minor property name fix

packages/server/helpers/spotify/chartMetricsArtistMetricsHelper.js

commit 42245c128fd9e5127428c05c6ad7905f6b233320
Author:     sd3871 <soohra.dabadi@gmail.com>
AuthorDate: 2024-05-28
Commit:     sd3871 <soohra.dabadi@gmail.com>
CommitDate: 2024-05-28

    project edit issue fix

packages/server/services/projectService.js

commit 57cbf6421d60a2d15e65ce23ee34af15e86de984
Author:     sd3871 <soohra.dabadi@gmail.com>
AuthorDate: 2024-05-28
Commit:     sd3871 <soohra.dabadi@gmail.com>
CommitDate: 2024-05-28

    update request sample fix

packages/server/controllers/project/index.js

commit df5309dc0299f67a72e726313e05638e864a318e
Author:     sd3871 <soohra.dabadi@gmail.com>
AuthorDate: 2024-05-28
Commit:     sd3871 <soohra.dabadi@gmail.com>
CommitDate: 2024-05-28

    added static spotify user id for test

packages/server/helpers/spotify/chartMetricsArtistMetricsHelper.js

commit 177090bd3c9d2923b354670303a054641ee192d2
Author:     sd3871 <soohra.dabadi@gmail.com>
AuthorDate: 2024-05-28
Commit:     sd3871 <soohra.dabadi@gmail.com>
CommitDate: 2024-05-28

    spotify chartmetrics api updates

packages/server/helpers/spotify/chartMetricsArtistMetricsHelper.js
packages/server/models/ChartMetricsUser.js

commit bcdaeb2029825e1f0908bafaebf7101f66a56af7
Author:     sd3871 <soohra.dabadi@gmail.com>
AuthorDate: 2024-05-24
Commit:     sd3871 <soohra.dabadi@gmail.com>
CommitDate: 2024-05-24

    swagger response sample fix

packages/server/controllers/social/index.js

commit 5ebf5c1715a82d7e4034fc84f6d29fe85f487f2c
Author:     sd3871 <soohra.dabadi@gmail.com>
AuthorDate: 2024-05-24
Commit:     sd3871 <soohra.dabadi@gmail.com>
CommitDate: 2024-05-24

    social unlink controller and serveice added

packages/server/controllers/social/index.js
packages/server/services/socialService.js

commit 6ecd853ed017179b61a7dad6b2c46fa5228414e7
Author:     sd3871 <soohra.dabadi@gmail.com>
AuthorDate: 2024-05-24
Commit:     sd3871 <soohra.dabadi@gmail.com>
CommitDate: 2024-05-24

    social unlink requset schema added

packages/server/schema/socialUnlink.js

commit 8b3cfbb92e893e9bf556d4d78a215fe780ac9acc
Author:     sd3871 <soohra.dabadi@gmail.com>
AuthorDate: 2024-05-24
Commit:     sd3871 <soohra.dabadi@gmail.com>
CommitDate: 2024-05-24

    social unlink api endpoints added

packages/server/routes/social/index.js

commit d96e89213a3b0ecf0f23cfee0e73106702e7a5b2
Author:     sd3871 <soohra.dabadi@gmail.com>
AuthorDate: 2024-05-24
Commit:     sd3871 <soohra.dabadi@gmail.com>
CommitDate: 2024-05-24

    unlink error messages updated

packages/server/helpers/language.js

commit 747585ac5d0e729534468830dff554aace616397
Author:     sd3871 <soohra.dabadi@gmail.com>
AuthorDate: 2024-05-24
Commit:     sd3871 <soohra.dabadi@gmail.com>
CommitDate: 2024-05-24

    chartmetrics overview API and helpers added

packages/server/helpers/spotify/chartMetricsArtistMetricsHelper.js
packages/server/helpers/spotify/chartMetricsAuthHelper.js
packages/server/helpers/spotify/overviewHelper.js
packages/server/services/socialService.js

commit 3e4b6ec8a11c3ce9bf62bb60860c62340d98b4e2
Author:     sd3871 <soohra.dabadi@gmail.com>
AuthorDate: 2024-05-24
Commit:     sd3871 <soohra.dabadi@gmail.com>
CommitDate: 2024-05-24

    added chartmetrics base url

packages/server/conf/.env.development

commit a7ade8925b52a8cbe2d27748198ef7f07da61bf9
Author:     sd3871 <soohra.dabadi@gmail.com>
AuthorDate: 2024-05-24
Commit:     sd3871 <soohra.dabadi@gmail.com>
CommitDate: 2024-05-24

    chartmetrics model added

packages/server/models/Chartmetrics.js

commit ad54684ae6c803bd1848c3aa69579cdeb00bbf30
Author:     sd3871 <soohra.dabadi@gmail.com>
AuthorDate: 2024-05-24
Commit:     sd3871 <soohra.dabadi@gmail.com>
CommitDate: 2024-05-24

    logger updates

packages/server/utils/logger.js

commit 8bfef8d1366f3da48c634a2cf89d4cc344bdd241
Author:     sd3871 <soohra.dabadi@gmail.com>
AuthorDate: 2024-05-19
Commit:     sd3871 <soohra.dabadi@gmail.com>
CommitDate: 2024-05-19

    task with project create and update fixes

packages/server/services/taskService.js

commit 53b4a4895714812aa251b6f37379e31bd62da5a0
Author:     sd3871 <soohra.dabadi@gmail.com>
AuthorDate: 2024-05-19
Commit:     sd3871 <soohra.dabadi@gmail.com>
CommitDate: 2024-05-19

    tasks with project id doc updates

packages/server/controllers/task/task.js

commit feeb50c10976f20e45ceaf315ae0833b05c5e6d1
Author:     Rajib Shresth <rajibstha059@gmail.com>
AuthorDate: 2024-05-15
Commit:     Rajib Shresth <rajibstha059@gmail.com>
CommitDate: 2024-05-15

    dummy data improvement done

packages/server/services/socialService.js

commit fa372eecccf0d04952c0d09796a159d7c26b1afd
Author:     sd3871 <soohra.dabadi@gmail.com>
AuthorDate: 2024-05-12
Commit:     sd3871 <soohra.dabadi@gmail.com>
CommitDate: 2024-05-12

    spotify sample metrics data added

packages/server/helpers/instagram/overviewHelper.js
packages/server/services/socialService.js

commit 978e3ad36df3a88c31f88ec96c721bdb2a116e66
Author:     sd3871 <soohra.dabadi@gmail.com>
AuthorDate: 2024-05-12
Commit:     sd3871 <soohra.dabadi@gmail.com>
CommitDate: 2024-05-12

    spotify  metrics icon added

packages/server/config/merticsIcon.js

commit f778fb28507f94b345bb3502be369dc108272e73
Author:     sd3871 <soohra.dabadi@gmail.com>
AuthorDate: 2024-05-12
Commit:     sd3871 <soohra.dabadi@gmail.com>
CommitDate: 2024-05-12

    added s3 image url to the metrics object

packages/server/helpers/instagram/overviewHelper.js

commit ece89c79fd3541797b79c7b7a19bd8cce6e0701c
Author:     sd3871 <soohra.dabadi@gmail.com>
AuthorDate: 2024-05-12
Commit:     sd3871 <soohra.dabadi@gmail.com>
CommitDate: 2024-05-12

    added s3 url config for metrics icons

packages/server/config/merticsIcon.js

commit d998e18e1d74d4f418d7d811c05a87e2ca446283
Author:     sd3871 <soohra.dabadi@gmail.com>
AuthorDate: 2024-05-12
Commit:     sd3871 <soohra.dabadi@gmail.com>
CommitDate: 2024-05-12

    response and overview period switch case updates

packages/server/helpers/instagram/overviewHelper.js

commit e4522b3bd56571cc961f69540b2e90606aa5a43b
Author:     sd3871 <soohra.dabadi@gmail.com>
AuthorDate: 2024-05-12
Commit:     sd3871 <soohra.dabadi@gmail.com>
CommitDate: 2024-05-12

    title added in the sample req schema

packages/server/controllers/project/index.js

commit 52d5f743349f6f1bda4d429f19a941a7f16d7ddb
Author:     sd3871 <soohra.dabadi@gmail.com>
AuthorDate: 2024-05-12
Commit:     sd3871 <soohra.dabadi@gmail.com>
CommitDate: 2024-05-12

    project title added

packages/server/models/Project.js

commit ab75eb47b50cdad6f68a0fb469c4422b0e77d49a
Author:     sd3871 <soohra.dabadi@gmail.com>
AuthorDate: 2024-05-11
Commit:     sd3871 <soohra.dabadi@gmail.com>
CommitDate: 2024-05-11

    metric periods updates

packages/server/controllers/social/index.js
packages/server/helpers/instagram/overviewHelper.js
packages/server/services/socialService.js

commit 2a5faf7275a3636cb166c1bb304d4dee9ef193cb
Author:     sd3871 <soohra.dabadi@gmail.com>
AuthorDate: 2024-05-10
Commit:     sd3871 <soohra.dabadi@gmail.com>
CommitDate: 2024-05-10

    tasklists populate added

packages/server/services/projectService.js

commit 1cf0042a84197fe35eaeb8cf34548e40df53b7c1
Author:     sd3871 <soohra.dabadi@gmail.com>
AuthorDate: 2024-05-10
Commit:     sd3871 <soohra.dabadi@gmail.com>
CommitDate: 2024-05-10

    description update

packages/server/controllers/task/task.js

commit 961ff130cc1272760f7891c736f17e9ea8791ee9
Author:     sd3871 <soohra.dabadi@gmail.com>
AuthorDate: 2024-05-10
Commit:     sd3871 <soohra.dabadi@gmail.com>
CommitDate: 2024-05-10

    project params update

packages/server/controllers/project/index.js
