commit 2152b2e9b3317dbff65a451945c5d7713aa3f273
Author:     Jacob Stallings <jacobcstallings@icloud.com>
AuthorDate: 2025-10-30
Commit:     Jacob Stallings <jacobcstallings@icloud.com>
CommitDate: 2025-10-30

    add new presets

wp-content/database/.ht.sqlite
wp-content/debug.log
wp-content/plugins/acf-circuit-registry/acf-circuit-registry.php
wp-content/uploads/2025/10/Bo.FZ2-Tone-1-1024x658.png
wp-content/uploads/2025/10/Bo.FZ2-Tone-1-150x150.png
wp-content/uploads/2025/10/Bo.FZ2-Tone-1-300x193.png
wp-content/uploads/2025/10/Bo.FZ2-Tone-1-768x494.png
wp-content/uploads/2025/10/Bo.FZ2-Tone-1.png
wp-content/uploads/2025/10/Bo.FZ2-Tone.xml_.zip
wp-content/uploads/2025/10/Bo.HM2-Tone-1024x658.png
wp-content/uploads/2025/10/Bo.HM2-Tone-150x150.png
wp-content/uploads/2025/10/Bo.HM2-Tone-300x193.png
wp-content/uploads/2025/10/Bo.HM2-Tone-768x494.png
wp-content/uploads/2025/10/Bo.HM2-Tone.png
wp-content/uploads/2025/10/Bo.HM2-Tone.xml_.zip
wp-content/uploads/2025/10/Fe.BM6G7-Tonestack-1024x658.png
wp-content/uploads/2025/10/Fe.BM6G7-Tonestack-150x150.png
wp-content/uploads/2025/10/Fe.BM6G7-Tonestack-300x193.png
wp-content/uploads/2025/10/Fe.BM6G7-Tonestack-768x494.png
wp-content/uploads/2025/10/Fe.BM6G7-Tonestack.png
wp-content/uploads/2025/10/Fe.BM6G7-Tonestack.xml_.zip
wp-content/uploads/2025/10/HiLo-1073-1024x658.png
wp-content/uploads/2025/10/HiLo-1073-150x150.png
wp-content/uploads/2025/10/HiLo-1073-300x193.png
wp-content/uploads/2025/10/HiLo-1073-768x494.png
wp-content/uploads/2025/10/HiLo-1073.png
wp-content/uploads/2025/10/HiLo-1073.xml_.zip
wp-content/uploads/2025/10/Robot-150x150.png
wp-content/uploads/2025/10/Robot-253x300.png
wp-content/uploads/2025/10/Robot.png
wp-content/uploads/2025/10/St.MIG100H-Tonestack-1024x658.png
wp-content/uploads/2025/10/St.MIG100H-Tonestack-150x150.png
wp-content/uploads/2025/10/St.MIG100H-Tonestack-300x193.png
wp-content/uploads/2025/10/St.MIG100H-Tonestack-768x494.png
wp-content/uploads/2025/10/St.MIG100H-Tonestack.png
wp-content/uploads/2025/10/St.MIG100H-Tonestack.xml_.zip
wp-content/uploads/2025/10/St.MIG60-Tonestack-1024x658.png
wp-content/uploads/2025/10/St.MIG60-Tonestack-150x150.png
wp-content/uploads/2025/10/St.MIG60-Tonestack-300x193.png
wp-content/uploads/2025/10/St.MIG60-Tonestack-768x494.png
wp-content/uploads/2025/10/St.MIG60-Tonestack.png
wp-content/uploads/2025/10/St.MIG60-Tonestack.xml_.zip
wp-content/uploads/rcp/debug/67129750d9b31.log

commit d61ad8ea9653ab9f1d82d7cbe413430137f9bff6
Author:     Jacob Stallings <jacobcstallings@icloud.com>
AuthorDate: 2025-10-29
Commit:     Jacob Stallings <jacobcstallings@icloud.com>
CommitDate: 2025-10-29

    allow CORS from localhost

wp-content/cache/page_optimize/page-optimize-cache-0fe7cf3a890ef9d13ac8437bc9595ba6
wp-content/cache/page_optimize/page-optimize-cache-2a42b9546ff8d234b2c1403709699726
wp-content/cache/page_optimize/page-optimize-cache-69dc954bc872b3066512a8efa3e07684
wp-content/cache/page_optimize/page-optimize-cache-96e85b5a375fe23347612ef821a59c07
wp-content/cache/page_optimize/page-optimize-cache-a991af199df913782c4a15036953123e
wp-content/cache/page_optimize/page-optimize-cache-e54ff0e5814f1ea88f9b06c654ee9c68
wp-content/cache/page_optimize/page-optimize-cache-ee6075d11c11862f13f14c5be7095d16
wp-content/cache/page_optimize/page-optimize-cache-fcf47cfec656064113a332b3a36a8f05
wp-content/cache/page_optimize/page-optimize-cache-feb995c92b33fbe8c374ce8fae70c632
wp-content/cache/page_optimize/page-optimize-cache-meta-0fe7cf3a890ef9d13ac8437bc9595ba6
wp-content/cache/page_optimize/page-optimize-cache-meta-2a42b9546ff8d234b2c1403709699726
wp-content/cache/page_optimize/page-optimize-cache-meta-69dc954bc872b3066512a8efa3e07684
wp-content/cache/page_optimize/page-optimize-cache-meta-96e85b5a375fe23347612ef821a59c07
wp-content/cache/page_optimize/page-optimize-cache-meta-a991af199df913782c4a15036953123e
wp-content/cache/page_optimize/page-optimize-cache-meta-e54ff0e5814f1ea88f9b06c654ee9c68
wp-content/cache/page_optimize/page-optimize-cache-meta-ee6075d11c11862f13f14c5be7095d16
wp-content/cache/page_optimize/page-optimize-cache-meta-fcf47cfec656064113a332b3a36a8f05
wp-content/cache/page_optimize/page-optimize-cache-meta-feb995c92b33fbe8c374ce8fae70c632
wp-content/database/.ht.sqlite
wp-content/debug.log
wp-content/mu-plugins/sqlite-database-integration/load.php
wp-content/mu-plugins/sqlite-database-integration/readme.txt
wp-content/mu-plugins/sqlite-database-integration/version.php
wp-content/mu-plugins/sqlite-database-integration/wp-includes/sqlite-ast/class-wp-sqlite-driver.php
wp-content/mu-plugins/sqlite-database-integration/wp-includes/sqlite-ast/class-wp-sqlite-information-schema-builder.php
wp-content/mu-plugins/sqlite-database-integration/wp-includes/sqlite-ast/class-wp-sqlite-information-schema-exception.php
wp-content/mu-plugins/sqlite-database-integration/wp-includes/sqlite/class-wp-sqlite-db.php
wp-content/plugins/acf-circuit-registry/acf-circuit-registry.php
wp-content/uploads/rcp/debug/67129750d9b31.log

commit 99d0bff37f60868e88be5dc9fc1bf6eade255006
Author:     Jacob Stallings <jacobcstallings@icloud.com>
AuthorDate: 2025-10-29
Commit:     Jacob Stallings <jacobcstallings@icloud.com>
CommitDate: 2025-10-29

    upd gitignore

.gitignore

commit fc46a6f80e0aa9afc636267bce0ecfed3a95c712
Author:     Jacob Stallings <jacobcstallings@icloud.com>
AuthorDate: 2025-10-17
Commit:     Jacob Stallings <jacobcstallings@icloud.com>
CommitDate: 2025-10-17

    allow cors from juce

wp-content/plugins/acf-circuit-registry/acf-circuit-registry.php

commit 658c548ea23d539b5cb9656a2a05c8c84940b2ca
Author:     jstallings2 <jacobcstallings@icloud.com>
AuthorDate: 2025-08-21
Commit:     jstallings2 <jacobcstallings@icloud.com>
CommitDate: 2025-08-21

    add downloads likes comments counts to post schema

wp-content/cache/page_optimize/page-optimize-cache-69dc954bc872b3066512a8efa3e07684
wp-content/cache/page_optimize/page-optimize-cache-96e85b5a375fe23347612ef821a59c07
wp-content/cache/page_optimize/page-optimize-cache-a991af199df913782c4a15036953123e
wp-content/cache/page_optimize/page-optimize-cache-e54ff0e5814f1ea88f9b06c654ee9c68
wp-content/cache/page_optimize/page-optimize-cache-ee6075d11c11862f13f14c5be7095d16
wp-content/cache/page_optimize/page-optimize-cache-feb995c92b33fbe8c374ce8fae70c632
wp-content/cache/page_optimize/page-optimize-cache-meta-69dc954bc872b3066512a8efa3e07684
wp-content/cache/page_optimize/page-optimize-cache-meta-96e85b5a375fe23347612ef821a59c07
wp-content/cache/page_optimize/page-optimize-cache-meta-a991af199df913782c4a15036953123e
wp-content/cache/page_optimize/page-optimize-cache-meta-e54ff0e5814f1ea88f9b06c654ee9c68
wp-content/cache/page_optimize/page-optimize-cache-meta-ee6075d11c11862f13f14c5be7095d16
wp-content/cache/page_optimize/page-optimize-cache-meta-feb995c92b33fbe8c374ce8fae70c632
wp-content/database/.ht.sqlite
wp-content/database/.htaccess
wp-content/database/index.php
wp-content/debug.log
wp-content/mu-plugins/sqlite-database-integration/activate.php
wp-content/mu-plugins/sqlite-database-integration/admin-notices.php
wp-content/mu-plugins/sqlite-database-integration/admin-page.php
wp-content/mu-plugins/sqlite-database-integration/constants.php
wp-content/mu-plugins/sqlite-database-integration/health-check.php
wp-content/mu-plugins/sqlite-database-integration/integrations/query-monitor/boot.php
wp-content/mu-plugins/sqlite-database-integration/integrations/query-monitor/plugin.php
wp-content/mu-plugins/sqlite-database-integration/load.php
wp-content/mu-plugins/sqlite-database-integration/readme.txt
wp-content/mu-plugins/sqlite-database-integration/version.php
wp-content/mu-plugins/sqlite-database-integration/wp-includes/mysql/class-wp-mysql-lexer.php
wp-content/mu-plugins/sqlite-database-integration/wp-includes/mysql/class-wp-mysql-parser.php
wp-content/mu-plugins/sqlite-database-integration/wp-includes/mysql/class-wp-mysql-token.php
wp-content/mu-plugins/sqlite-database-integration/wp-includes/mysql/mysql-grammar.php
wp-content/mu-plugins/sqlite-database-integration/wp-includes/parser/class-wp-parser-grammar.php
wp-content/mu-plugins/sqlite-database-integration/wp-includes/parser/class-wp-parser-node.php
wp-content/mu-plugins/sqlite-database-integration/wp-includes/parser/class-wp-parser-token.php
wp-content/mu-plugins/sqlite-database-integration/wp-includes/parser/class-wp-parser.php
wp-content/mu-plugins/sqlite-database-integration/wp-includes/sqlite-ast/class-wp-sqlite-configurator.php
wp-content/mu-plugins/sqlite-database-integration/wp-includes/sqlite-ast/class-wp-sqlite-connection.php
wp-content/mu-plugins/sqlite-database-integration/wp-includes/sqlite-ast/class-wp-sqlite-driver-exception.php
wp-content/mu-plugins/sqlite-database-integration/wp-includes/sqlite-ast/class-wp-sqlite-driver.php
wp-content/mu-plugins/sqlite-database-integration/wp-includes/sqlite-ast/class-wp-sqlite-information-schema-builder.php
wp-content/mu-plugins/sqlite-database-integration/wp-includes/sqlite-ast/class-wp-sqlite-information-schema-exception.php
wp-content/mu-plugins/sqlite-database-integration/wp-includes/sqlite-ast/class-wp-sqlite-information-schema-reconstructor.php
wp-content/mu-plugins/sqlite-database-integration/wp-includes/sqlite/class-wp-sqlite-db.php
wp-content/mu-plugins/sqlite-database-integration/wp-includes/sqlite/class-wp-sqlite-pdo-user-defined-functions.php
wp-content/mu-plugins/sqlite-database-integration/wp-includes/sqlite/class-wp-sqlite-translator.php
wp-content/mu-plugins/sqlite-database-integration/wp-includes/sqlite/db.php
wp-content/mu-plugins/sqlite-database-integration/wp-includes/sqlite/install-functions.php
wp-content/plugins/acf-circuit-registry/acf-circuit-registry.php
wp-content/uploads/2025/06/TEST 2 2.xml.zip
wp-content/uploads/2025/06/TEST 2.xml
wp-content/uploads/2025/06/TEST 2.xml.zip
wp-content/uploads/2025/06/TEST-2-2.xml_-1.zip
wp-content/uploads/2025/06/TEST-2-2.xml_.zip
wp-content/uploads/2025/06/TEST-2.xml_-1.zip
wp-content/uploads/2025/06/TEST-2.xml_.zip
wp-content/uploads/2025/06/ep17-STALLINGS-1024x1024.jpg
wp-content/uploads/2025/06/ep17-STALLINGS-150x150.jpg
wp-content/uploads/2025/06/ep17-STALLINGS-1536x1536.jpg
wp-content/uploads/2025/06/ep17-STALLINGS-2048x2048.jpg
wp-content/uploads/2025/06/ep17-STALLINGS-300x300.jpg
wp-content/uploads/2025/06/ep17-STALLINGS-768x768.jpg
wp-content/uploads/2025/06/ep17-STALLINGS-scaled.jpg
wp-content/uploads/2025/06/ep17-STALLINGS.jpg
wp-content/uploads/2025/08/TEST3.xml_.zip
wp-content/uploads/2025/08/jstallings_lost_in_the_club_smoky_and_hazy_red_and_blue_lights__a2189dc1-d4a2-47c1-9ff1-86b2f8bd73f4-150x150.png
wp-content/uploads/2025/08/jstallings_lost_in_the_club_smoky_and_hazy_red_and_blue_lights__a2189dc1-d4a2-47c1-9ff1-86b2f8bd73f4-300x300.png
wp-content/uploads/2025/08/jstallings_lost_in_the_club_smoky_and_hazy_red_and_blue_lights__a2189dc1-d4a2-47c1-9ff1-86b2f8bd73f4-768x768.png
wp-content/uploads/2025/08/jstallings_lost_in_the_club_smoky_and_hazy_red_and_blue_lights__a2189dc1-d4a2-47c1-9ff1-86b2f8bd73f4.png
wp-content/uploads/rcp/debug/67129750d9b31.log

commit c42acdb900366f3c96664f0653d068783c6d852d
Author:     jstallings2 <jacobcstallings@icloud.com>
AuthorDate: 2025-06-01
Commit:     jstallings2 <jacobcstallings@icloud.com>
CommitDate: 2025-06-01

    get image and xml urls from attachment ids

wp-content/plugins/acf-circuit-registry/acf-circuit-registry.php

commit b0242421b4efde8266e7be41cd62ce8d9888a5b2
Author:     jstallings2 <jacobcstallings@icloud.com>
AuthorDate: 2025-06-01
Commit:     jstallings2 <jacobcstallings@icloud.com>
CommitDate: 2025-06-01

    add cors header, served list to webview - local worked

wp-content/cache/page_optimize/page-optimize-cache-0d6b95e088adf8fcc15dc3658e475dd2
wp-content/cache/page_optimize/page-optimize-cache-0fe7cf3a890ef9d13ac8437bc9595ba6
wp-content/cache/page_optimize/page-optimize-cache-2a42b9546ff8d234b2c1403709699726
wp-content/cache/page_optimize/page-optimize-cache-365410c0c5b57c16b7125cfa181daa59
wp-content/cache/page_optimize/page-optimize-cache-57a0c9675d36b1535ab35f91710b36be
wp-content/cache/page_optimize/page-optimize-cache-70606733787fe7cc889bfdd2e9114bc8
wp-content/cache/page_optimize/page-optimize-cache-a991af199df913782c4a15036953123e
wp-content/cache/page_optimize/page-optimize-cache-ba2e1c5aa2660156ad973bee7da198ab
wp-content/cache/page_optimize/page-optimize-cache-e54ff0e5814f1ea88f9b06c654ee9c68
wp-content/cache/page_optimize/page-optimize-cache-ee6075d11c11862f13f14c5be7095d16
wp-content/cache/page_optimize/page-optimize-cache-fcf47cfec656064113a332b3a36a8f05
wp-content/cache/page_optimize/page-optimize-cache-meta-0fe7cf3a890ef9d13ac8437bc9595ba6
wp-content/cache/page_optimize/page-optimize-cache-meta-2a42b9546ff8d234b2c1403709699726
wp-content/cache/page_optimize/page-optimize-cache-meta-365410c0c5b57c16b7125cfa181daa59
wp-content/cache/page_optimize/page-optimize-cache-meta-70606733787fe7cc889bfdd2e9114bc8
wp-content/cache/page_optimize/page-optimize-cache-meta-a991af199df913782c4a15036953123e
wp-content/cache/page_optimize/page-optimize-cache-meta-e54ff0e5814f1ea88f9b06c654ee9c68
wp-content/cache/page_optimize/page-optimize-cache-meta-ee6075d11c11862f13f14c5be7095d16
wp-content/cache/page_optimize/page-optimize-cache-meta-fcf47cfec656064113a332b3a36a8f05
wp-content/database/.ht.sqlite
wp-content/plugins/acf-circuit-registry/acf-circuit-registry.php
wp-content/uploads/rcp/debug/67129750d9b31.log

commit bcd118b95bf264c093a37a11c001a843913743b9
Author:     jstallings2 <jacobcstallings@icloud.com>
AuthorDate: 2025-05-29
Commit:     jstallings2 <jacobcstallings@icloud.com>
CommitDate: 2025-05-29

    end sesh 5-29

wp-content/database/.ht.sqlite

commit 6b213e1650b671d25992b4e8e1887c5e350e6dee
Author:     jstallings2 <jacobcstallings@icloud.com>
AuthorDate: 2025-05-29
Commit:     jstallings2 <jacobcstallings@icloud.com>
CommitDate: 2025-05-29

    tested internal upload form working

gitignore.txt
wp-content/cache/page_optimize/page-optimize-cache-a991af199df913782c4a15036953123e
wp-content/cache/page_optimize/page-optimize-cache-ba2e1c5aa2660156ad973bee7da198ab
wp-content/cache/page_optimize/page-optimize-cache-meta-a991af199df913782c4a15036953123e
wp-content/cache/page_optimize/page-optimize-cache-meta-ba2e1c5aa2660156ad973bee7da198ab
wp-content/database/.ht.sqlite
wp-content/uploads/2025/05/TESTCIRCUIT.xml_.zip
wp-content/uploads/2025/05/github1-150x150.jpg
wp-content/uploads/2025/05/github1-300x295.jpg
wp-content/uploads/2025/05/github1.jpg

commit 065dd2953af92126e16879c62b17fa8d03602058
Author:     jstallings2 <jacobcstallings@icloud.com>
AuthorDate: 2025-05-29
Commit:     jstallings2 <jacobcstallings@icloud.com>
CommitDate: 2025-05-29

    add advanced custom field plugin and field group

gitignore.txt
wp-content/cache/page_optimize/page-optimize-cache-0d6b95e088adf8fcc15dc3658e475dd2
wp-content/cache/page_optimize/page-optimize-cache-0fe7cf3a890ef9d13ac8437bc9595ba6
wp-content/cache/page_optimize/page-optimize-cache-2a42b9546ff8d234b2c1403709699726
wp-content/cache/page_optimize/page-optimize-cache-365410c0c5b57c16b7125cfa181daa59
wp-content/cache/page_optimize/page-optimize-cache-57a0c9675d36b1535ab35f91710b36be
wp-content/cache/page_optimize/page-optimize-cache-70606733787fe7cc889bfdd2e9114bc8
wp-content/cache/page_optimize/page-optimize-cache-e54ff0e5814f1ea88f9b06c654ee9c68
wp-content/cache/page_optimize/page-optimize-cache-ee6075d11c11862f13f14c5be7095d16
wp-content/cache/page_optimize/page-optimize-cache-fcf47cfec656064113a332b3a36a8f05
wp-content/cache/page_optimize/page-optimize-cache-meta-0d6b95e088adf8fcc15dc3658e475dd2
wp-content/cache/page_optimize/page-optimize-cache-meta-0fe7cf3a890ef9d13ac8437bc9595ba6
wp-content/cache/page_optimize/page-optimize-cache-meta-365410c0c5b57c16b7125cfa181daa59
wp-content/cache/page_optimize/page-optimize-cache-meta-57a0c9675d36b1535ab35f91710b36be
wp-content/cache/page_optimize/page-optimize-cache-meta-70606733787fe7cc889bfdd2e9114bc8
wp-content/cache/page_optimize/page-optimize-cache-meta-e54ff0e5814f1ea88f9b06c654ee9c68
wp-content/cache/page_optimize/page-optimize-cache-meta-ee6075d11c11862f13f14c5be7095d16
wp-content/database/.ht.sqlite
wp-content/plugins/acf-circuit-registry/acf-circuit-registry.php
wp-content/plugins/advanced-custom-fields/README.md
wp-content/plugins/advanced-custom-fields/acf.php
wp-content/plugins/advanced-custom-fields/assets/build/css/acf-dark.min.css
wp-content/plugins/advanced-custom-fields/assets/build/css/acf-field-group.min.css
wp-content/plugins/advanced-custom-fields/assets/build/css/acf-global.min.css
wp-content/plugins/advanced-custom-fields/assets/build/css/acf-input.min.css
wp-content/plugins/advanced-custom-fields/assets/build/css/index.php
wp-content/plugins/advanced-custom-fields/assets/build/index.php
wp-content/plugins/advanced-custom-fields/assets/build/js/acf-escaped-html-notice.min.js
wp-content/plugins/advanced-custom-fields/assets/build/js/acf-field-group.min.js
wp-content/plugins/advanced-custom-fields/assets/build/js/acf-input.min.js
wp-content/plugins/advanced-custom-fields/assets/build/js/acf-internal-post-type.min.js
wp-content/plugins/advanced-custom-fields/assets/build/js/acf.min.js
wp-content/plugins/advanced-custom-fields/assets/build/js/index.php
wp-content/plugins/advanced-custom-fields/assets/images/acf-logo.svg
wp-content/plugins/advanced-custom-fields/assets/images/acf-pro-logo.svg
wp-content/plugins/advanced-custom-fields/assets/images/empty-group.svg
wp-content/plugins/advanced-custom-fields/assets/images/empty-post-types.svg
wp-content/plugins/advanced-custom-fields/assets/images/empty-taxonomies.svg
wp-content/plugins/advanced-custom-fields/assets/images/face-sad.svg
wp-content/plugins/advanced-custom-fields/assets/images/field-preview-grid.png
wp-content/plugins/advanced-custom-fields/assets/images/field-states/checkbox-active.svg
wp-content/plugins/advanced-custom-fields/assets/images/field-states/checkbox-indeterminate.svg
wp-content/plugins/advanced-custom-fields/assets/images/field-states/index.php
wp-content/plugins/advanced-custom-fields/assets/images/field-states/radio-active.svg
wp-content/plugins/advanced-custom-fields/assets/images/field-type-icons/icon-field-accordion.svg
wp-content/plugins/advanced-custom-fields/assets/images/field-type-icons/icon-field-button-group.svg
wp-content/plugins/advanced-custom-fields/assets/images/field-type-icons/icon-field-checkbox.svg
wp-content/plugins/advanced-custom-fields/assets/images/field-type-icons/icon-field-clone.svg
wp-content/plugins/advanced-custom-fields/assets/images/field-type-icons/icon-field-color-picker.svg
wp-content/plugins/advanced-custom-fields/assets/images/field-type-icons/icon-field-date-picker.svg
wp-content/plugins/advanced-custom-fields/assets/images/field-type-icons/icon-field-date-time-picker.svg
wp-content/plugins/advanced-custom-fields/assets/images/field-type-icons/icon-field-default.svg
wp-content/plugins/advanced-custom-fields/assets/images/field-type-icons/icon-field-email.svg
wp-content/plugins/advanced-custom-fields/assets/images/field-type-icons/icon-field-file.svg
wp-content/plugins/advanced-custom-fields/assets/images/field-type-icons/icon-field-flexible-content.svg
wp-content/plugins/advanced-custom-fields/assets/images/field-type-icons/icon-field-gallery.svg
wp-content/plugins/advanced-custom-fields/assets/images/field-type-icons/icon-field-google-map.svg
wp-content/plugins/advanced-custom-fields/assets/images/field-type-icons/icon-field-group.svg
wp-content/plugins/advanced-custom-fields/assets/images/field-type-icons/icon-field-icon-picker.svg
wp-content/plugins/advanced-custom-fields/assets/images/field-type-icons/icon-field-image.svg
wp-content/plugins/advanced-custom-fields/assets/images/field-type-icons/icon-field-link.svg
wp-content/plugins/advanced-custom-fields/assets/images/field-type-icons/icon-field-message.svg
wp-content/plugins/advanced-custom-fields/assets/images/field-type-icons/icon-field-number.svg
wp-content/plugins/advanced-custom-fields/assets/images/field-type-icons/icon-field-oembed.svg
wp-content/plugins/advanced-custom-fields/assets/images/field-type-icons/icon-field-page-link.svg
wp-content/plugins/advanced-custom-fields/assets/images/field-type-icons/icon-field-password.svg
wp-content/plugins/advanced-custom-fields/assets/images/field-type-icons/icon-field-post-object.svg
wp-content/plugins/advanced-custom-fields/assets/images/field-type-icons/icon-field-radio.svg
wp-content/plugins/advanced-custom-fields/assets/images/field-type-icons/icon-field-range.svg
wp-content/plugins/advanced-custom-fields/assets/images/field-type-icons/icon-field-relationship.svg
wp-content/plugins/advanced-custom-fields/assets/images/field-type-icons/icon-field-repeater.svg
wp-content/plugins/advanced-custom-fields/assets/images/field-type-icons/icon-field-select.svg
wp-content/plugins/advanced-custom-fields/assets/images/field-type-icons/icon-field-tab.svg
wp-content/plugins/advanced-custom-fields/assets/images/field-type-icons/icon-field-taxonomy.svg
wp-content/plugins/advanced-custom-fields/assets/images/field-type-icons/icon-field-text.svg
wp-content/plugins/advanced-custom-fields/assets/images/field-type-icons/icon-field-textarea.svg
wp-content/plugins/advanced-custom-fields/assets/images/field-type-icons/icon-field-time-picker.svg
wp-content/plugins/advanced-custom-fields/assets/images/field-type-icons/icon-field-true-false.svg
wp-content/plugins/advanced-custom-fields/assets/images/field-type-icons/icon-field-url.svg
wp-content/plugins/advanced-custom-fields/assets/images/field-type-icons/icon-field-user.svg
wp-content/plugins/advanced-custom-fields/assets/images/field-type-icons/icon-field-wysiwyg.svg
wp-content/plugins/advanced-custom-fields/assets/images/field-type-icons/index.php
wp-content/plugins/advanced-custom-fields/assets/images/field-type-previews/field-preview-accordion.png
wp-content/plugins/advanced-custom-fields/assets/images/field-type-previews/field-preview-button-group.png
wp-content/plugins/advanced-custom-fields/assets/images/field-type-previews/field-preview-checkbox.png
wp-content/plugins/advanced-custom-fields/assets/images/field-type-previews/field-preview-clone.png
wp-content/plugins/advanced-custom-fields/assets/images/field-type-previews/field-preview-color-picker.png
wp-content/plugins/advanced-custom-fields/assets/images/field-type-previews/field-preview-date-picker.png
wp-content/plugins/advanced-custom-fields/assets/images/field-type-previews/field-preview-date-time.png
wp-content/plugins/advanced-custom-fields/assets/images/field-type-previews/field-preview-email.png
wp-content/plugins/advanced-custom-fields/assets/images/field-type-previews/field-preview-file.png
wp-content/plugins/advanced-custom-fields/assets/images/field-type-previews/field-preview-flexible-content.png
wp-content/plugins/advanced-custom-fields/assets/images/field-type-previews/field-preview-gallery.png
wp-content/plugins/advanced-custom-fields/assets/images/field-type-previews/field-preview-google-map.png
wp-content/plugins/advanced-custom-fields/assets/images/field-type-previews/field-preview-group.png
wp-content/plugins/advanced-custom-fields/assets/images/field-type-previews/field-preview-icon-picker.png
wp-content/plugins/advanced-custom-fields/assets/images/field-type-previews/field-preview-image.png
wp-content/plugins/advanced-custom-fields/assets/images/field-type-previews/field-preview-link.png
wp-content/plugins/advanced-custom-fields/assets/images/field-type-previews/field-preview-message.png
wp-content/plugins/advanced-custom-fields/assets/images/field-type-previews/field-preview-number.png
wp-content/plugins/advanced-custom-fields/assets/images/field-type-previews/field-preview-oembed.png
wp-content/plugins/advanced-custom-fields/assets/images/field-type-previews/field-preview-page-link.png
wp-content/plugins/advanced-custom-fields/assets/images/field-type-previews/field-preview-password.png
wp-content/plugins/advanced-custom-fields/assets/images/field-type-previews/field-preview-post-object.png
wp-content/plugins/advanced-custom-fields/assets/images/field-type-previews/field-preview-radio-button.png
wp-content/plugins/advanced-custom-fields/assets/images/field-type-previews/field-preview-range.png
wp-content/plugins/advanced-custom-fields/assets/images/field-type-previews/field-preview-relationship.png
wp-content/plugins/advanced-custom-fields/assets/images/field-type-previews/field-preview-repeater.png
wp-content/plugins/advanced-custom-fields/assets/images/field-type-previews/field-preview-select.png
wp-content/plugins/advanced-custom-fields/assets/images/field-type-previews/field-preview-tabs.png
wp-content/plugins/advanced-custom-fields/assets/images/field-type-previews/field-preview-taxonomy.png
wp-content/plugins/advanced-custom-fields/assets/images/field-type-previews/field-preview-text.png
wp-content/plugins/advanced-custom-fields/assets/images/field-type-previews/field-preview-textarea.png
wp-content/plugins/advanced-custom-fields/assets/images/field-type-previews/field-preview-time.png
wp-content/plugins/advanced-custom-fields/assets/images/field-type-previews/field-preview-true-false.png
wp-content/plugins/advanced-custom-fields/assets/images/field-type-previews/field-preview-url.png
wp-content/plugins/advanced-custom-fields/assets/images/field-type-previews/field-preview-user.png
wp-content/plugins/advanced-custom-fields/assets/images/field-type-previews/field-preview-wysiwyg.png
wp-content/plugins/advanced-custom-fields/assets/images/field-type-previews/index.php
wp-content/plugins/advanced-custom-fields/assets/images/icon-upgrade-pro.svg
wp-content/plugins/advanced-custom-fields/assets/images/icons/icon-add.svg
wp-content/plugins/advanced-custom-fields/assets/images/icons/icon-alert-triangle.svg
wp-content/plugins/advanced-custom-fields/assets/images/icons/icon-arrow-left.svg
wp-content/plugins/advanced-custom-fields/assets/images/icons/icon-arrow-right.svg
wp-content/plugins/advanced-custom-fields/assets/images/icons/icon-arrow-up-right.svg
wp-content/plugins/advanced-custom-fields/assets/images/icons/icon-check-circle-solid.svg
wp-content/plugins/advanced-custom-fields/assets/images/icons/icon-check.svg
wp-content/plugins/advanced-custom-fields/assets/images/icons/icon-chevron-down.svg
wp-content/plugins/advanced-custom-fields/assets/images/icons/icon-chevron-left-double.svg
wp-content/plugins/advanced-custom-fields/assets/images/icons/icon-chevron-left.svg
wp-content/plugins/advanced-custom-fields/assets/images/icons/icon-chevron-right-double.svg
wp-content/plugins/advanced-custom-fields/assets/images/icons/icon-chevron-right.svg
wp-content/plugins/advanced-custom-fields/assets/images/icons/icon-chevron-up.svg
wp-content/plugins/advanced-custom-fields/assets/images/icons/icon-close-circle.svg
wp-content/plugins/advanced-custom-fields/assets/images/icons/icon-close.svg
wp-content/plugins/advanced-custom-fields/assets/images/icons/icon-copy.svg
wp-content/plugins/advanced-custom-fields/assets/images/icons/icon-document.svg
wp-content/plugins/advanced-custom-fields/assets/images/icons/icon-dots-grid.svg
wp-content/plugins/advanced-custom-fields/assets/images/icons/icon-draggable.svg
wp-content/plugins/advanced-custom-fields/assets/images/icons/icon-export.svg
wp-content/plugins/advanced-custom-fields/assets/images/icons/icon-extended-menu.svg
wp-content/plugins/advanced-custom-fields/assets/images/icons/icon-field-groups.svg
wp-content/plugins/advanced-custom-fields/assets/images/icons/icon-fields.svg
wp-content/plugins/advanced-custom-fields/assets/images/icons/icon-globe.svg
wp-content/plugins/advanced-custom-fields/assets/images/icons/icon-help.svg
wp-content/plugins/advanced-custom-fields/assets/images/icons/icon-hidden.svg
wp-content/plugins/advanced-custom-fields/assets/images/icons/icon-import.svg
wp-content/plugins/advanced-custom-fields/assets/images/icons/icon-info-red.svg
wp-content/plugins/advanced-custom-fields/assets/images/icons/icon-info-solid.svg
wp-content/plugins/advanced-custom-fields/assets/images/icons/icon-info-white.svg
wp-content/plugins/advanced-custom-fields/assets/images/icons/icon-info.svg
wp-content/plugins/advanced-custom-fields/assets/images/icons/icon-key-solid.svg
wp-content/plugins/advanced-custom-fields/assets/images/icons/icon-key.svg
wp-content/plugins/advanced-custom-fields/assets/images/icons/icon-layout.svg
wp-content/plugins/advanced-custom-fields/assets/images/icons/icon-lock.svg
wp-content/plugins/advanced-custom-fields/assets/images/icons/icon-play.svg
wp-content/plugins/advanced-custom-fields/assets/images/icons/icon-post-type.svg
wp-content/plugins/advanced-custom-fields/assets/images/icons/icon-regenerate.svg
wp-content/plugins/advanced-custom-fields/assets/images/icons/icon-search.svg
wp-content/plugins/advanced-custom-fields/assets/images/icons/icon-settings.svg
wp-content/plugins/advanced-custom-fields/assets/images/icons/icon-sliders.svg
wp-content/plugins/advanced-custom-fields/assets/images/icons/icon-stars.svg
wp-content/plugins/advanced-custom-fields/assets/images/icons/icon-taxonomies.svg
wp-content/plugins/advanced-custom-fields/assets/images/icons/icon-time.svg
wp-content/plugins/advanced-custom-fields/assets/images/icons/icon-tools.svg
wp-content/plugins/advanced-custom-fields/assets/images/icons/icon-trash.svg
wp-content/plugins/advanced-custom-fields/assets/images/icons/icon-updates.svg
wp-content/plugins/advanced-custom-fields/assets/images/icons/icon-warning-alt-red.svg
wp-content/plugins/advanced-custom-fields/assets/images/icons/icon-warning-alt.svg
wp-content/plugins/advanced-custom-fields/assets/images/icons/icon-warning.svg
wp-content/plugins/advanced-custom-fields/assets/images/icons/index.php
wp-content/plugins/advanced-custom-fields/assets/images/index.php
wp-content/plugins/advanced-custom-fields/assets/images/pro-chip-locked.svg
wp-content/plugins/advanced-custom-fields/assets/images/pro-chip.svg
wp-content/plugins/advanced-custom-fields/assets/images/pro-upgrade-grid-bg.svg
wp-content/plugins/advanced-custom-fields/assets/images/pro-upgrade-overlay.svg
wp-content/plugins/advanced-custom-fields/assets/images/spinner.gif
wp-content/plugins/advanced-custom-fields/assets/images/spinner@2x.gif
wp-content/plugins/advanced-custom-fields/assets/images/wp-engine-horizontal-black.svg
wp-content/plugins/advanced-custom-fields/assets/images/wp-engine-horizontal-white.svg
wp-content/plugins/advanced-custom-fields/assets/inc/color-picker-alpha/index.php
wp-content/plugins/advanced-custom-fields/assets/inc/color-picker-alpha/wp-color-picker-alpha.js
wp-content/plugins/advanced-custom-fields/assets/inc/color-picker-alpha/wp-color-picker-alpha.min.js
wp-content/plugins/advanced-custom-fields/assets/inc/datepicker/images/index.php
wp-content/plugins/advanced-custom-fields/assets/inc/datepicker/images/ui-bg_highlight-soft_0_ffffff_1x100.png
wp-content/plugins/advanced-custom-fields/assets/inc/datepicker/images/ui-icons_444444_256x240.png
wp-content/plugins/advanced-custom-fields/assets/inc/datepicker/images/ui-icons_DDDDDD_256x240.png
wp-content/plugins/advanced-custom-fields/assets/inc/datepicker/images/ui-icons_ffffff_256x240.png
wp-content/plugins/advanced-custom-fields/assets/inc/datepicker/index.php
wp-content/plugins/advanced-custom-fields/assets/inc/datepicker/jquery-ui.css
wp-content/plugins/advanced-custom-fields/assets/inc/datepicker/jquery-ui.min.css
wp-content/plugins/advanced-custom-fields/assets/inc/index.php
wp-content/plugins/advanced-custom-fields/assets/inc/select2/3/index.php
wp-content/plugins/advanced-custom-fields/assets/inc/select2/3/select2-spinner.gif
wp-content/plugins/advanced-custom-fields/assets/inc/select2/3/select2.css
wp-content/plugins/advanced-custom-fields/assets/inc/select2/3/select2.js
wp-content/plugins/advanced-custom-fields/assets/inc/select2/3/select2.min.js
wp-content/plugins/advanced-custom-fields/assets/inc/select2/3/select2.png
wp-content/plugins/advanced-custom-fields/assets/inc/select2/3/select2x2.png
wp-content/plugins/advanced-custom-fields/assets/inc/select2/4/index.php
wp-content/plugins/advanced-custom-fields/assets/inc/select2/4/select2.css
wp-content/plugins/advanced-custom-fields/assets/inc/select2/4/select2.full.js
wp-content/plugins/advanced-custom-fields/assets/inc/select2/4/select2.full.min.js
wp-content/plugins/advanced-custom-fields/assets/inc/select2/4/select2.js
wp-content/plugins/advanced-custom-fields/assets/inc/select2/4/select2.min.css
wp-content/plugins/advanced-custom-fields/assets/inc/select2/4/select2.min.js
wp-content/plugins/advanced-custom-fields/assets/inc/select2/index.php
wp-content/plugins/advanced-custom-fields/assets/inc/timepicker/index.php
wp-content/plugins/advanced-custom-fields/assets/inc/timepicker/jquery-ui-timepicker-addon.css
wp-content/plugins/advanced-custom-fields/assets/inc/timepicker/jquery-ui-timepicker-addon.js
wp-content/plugins/advanced-custom-fields/assets/inc/timepicker/jquery-ui-timepicker-addon.min.css
wp-content/plugins/advanced-custom-fields/assets/inc/timepicker/jquery-ui-timepicker-addon.min.js
wp-content/plugins/advanced-custom-fields/composer.json
wp-content/plugins/advanced-custom-fields/includes/acf-bidirectional-functions.php
wp-content/plugins/advanced-custom-fields/includes/acf-field-functions.php
wp-content/plugins/advanced-custom-fields/includes/acf-field-group-functions.php
wp-content/plugins/advanced-custom-fields/includes/acf-form-functions.php
wp-content/plugins/advanced-custom-fields/includes/acf-helper-functions.php
wp-content/plugins/advanced-custom-fields/includes/acf-hook-functions.php
wp-content/plugins/advanced-custom-fields/includes/acf-input-functions.php
wp-content/plugins/advanced-custom-fields/includes/acf-internal-post-type-functions.php
wp-content/plugins/advanced-custom-fields/includes/acf-meta-functions.php
wp-content/plugins/advanced-custom-fields/includes/acf-post-functions.php
wp-content/plugins/advanced-custom-fields/includes/acf-post-type-functions.php
wp-content/plugins/advanced-custom-fields/includes/acf-taxonomy-functions.php
wp-content/plugins/advanced-custom-fields/includes/acf-user-functions.php
wp-content/plugins/advanced-custom-fields/includes/acf-utility-functions.php
wp-content/plugins/advanced-custom-fields/includes/acf-value-functions.php
wp-content/plugins/advanced-custom-fields/includes/acf-wp-functions.php
wp-content/plugins/advanced-custom-fields/includes/admin/admin-internal-post-type-list.php
wp-content/plugins/advanced-custom-fields/includes/admin/admin-internal-post-type.php
wp-content/plugins/advanced-custom-fields/includes/admin/admin-notices.php
wp-content/plugins/advanced-custom-fields/includes/admin/admin-options-pages-preview.php
wp-content/plugins/advanced-custom-fields/includes/admin/admin-tools.php
wp-content/plugins/advanced-custom-fields/includes/admin/admin-upgrade.php
wp-content/plugins/advanced-custom-fields/includes/admin/admin.php
wp-content/plugins/advanced-custom-fields/includes/admin/index.php
wp-content/plugins/advanced-custom-fields/includes/admin/post-types/admin-field-group.php
wp-content/plugins/advanced-custom-fields/includes/admin/post-types/admin-field-groups.php
wp-content/plugins/advanced-custom-fields/includes/admin/post-types/admin-post-type.php
wp-content/plugins/advanced-custom-fields/includes/admin/post-types/admin-post-types.php
wp-content/plugins/advanced-custom-fields/includes/admin/post-types/admin-taxonomies.php
wp-content/plugins/advanced-custom-fields/includes/admin/post-types/admin-taxonomy.php
wp-content/plugins/advanced-custom-fields/includes/admin/post-types/index.php
wp-content/plugins/advanced-custom-fields/includes/admin/tools/class-acf-admin-tool-export.php
wp-content/plugins/advanced-custom-fields/includes/admin/tools/class-acf-admin-tool-import.php
wp-content/plugins/advanced-custom-fields/includes/admin/tools/class-acf-admin-tool.php
wp-content/plugins/advanced-custom-fields/includes/admin/tools/index.php
wp-content/plugins/advanced-custom-fields/includes/admin/views/acf-field-group/conditional-logic.php
wp-content/plugins/advanced-custom-fields/includes/admin/views/acf-field-group/field.php
wp-content/plugins/advanced-custom-fields/includes/admin/views/acf-field-group/fields.php
wp-content/plugins/advanced-custom-fields/includes/admin/views/acf-field-group/index.php
wp-content/plugins/advanced-custom-fields/includes/admin/views/acf-field-group/list-empty.php
wp-content/plugins/advanced-custom-fields/includes/admin/views/acf-field-group/location-group.php
wp-content/plugins/advanced-custom-fields/includes/admin/views/acf-field-group/location-rule.php
wp-content/plugins/advanced-custom-fields/includes/admin/views/acf-field-group/locations.php
wp-content/plugins/advanced-custom-fields/includes/admin/views/acf-field-group/options.php
wp-content/plugins/advanced-custom-fields/includes/admin/views/acf-field-group/pro-features.php
wp-content/plugins/advanced-custom-fields/includes/admin/views/acf-post-type/advanced-settings.php
wp-content/plugins/advanced-custom-fields/includes/admin/views/acf-post-type/basic-settings.php
wp-content/plugins/advanced-custom-fields/includes/admin/views/acf-post-type/index.php
wp-content/plugins/advanced-custom-fields/includes/admin/views/acf-post-type/list-empty.php
wp-content/plugins/advanced-custom-fields/includes/admin/views/acf-taxonomy/advanced-settings.php
wp-content/plugins/advanced-custom-fields/includes/admin/views/acf-taxonomy/basic-settings.php
wp-content/plugins/advanced-custom-fields/includes/admin/views/acf-taxonomy/index.php
wp-content/plugins/advanced-custom-fields/includes/admin/views/acf-taxonomy/list-empty.php
wp-content/plugins/advanced-custom-fields/includes/admin/views/browse-fields-modal.php
wp-content/plugins/advanced-custom-fields/includes/admin/views/escaped-html-notice.php
wp-content/plugins/advanced-custom-fields/includes/admin/views/global/form-top.php
wp-content/plugins/advanced-custom-fields/includes/admin/views/global/header.php
wp-content/plugins/advanced-custom-fields/includes/admin/views/global/index.php
wp-content/plugins/advanced-custom-fields/includes/admin/views/global/navigation.php
wp-content/plugins/advanced-custom-fields/includes/admin/views/index.php
wp-content/plugins/advanced-custom-fields/includes/admin/views/options-page-preview.php
wp-content/plugins/advanced-custom-fields/includes/admin/views/tools/index.php
wp-content/plugins/advanced-custom-fields/includes/admin/views/tools/tools.php
wp-content/plugins/advanced-custom-fields/includes/admin/views/upgrade/index.php
wp-content/plugins/advanced-custom-fields/includes/admin/views/upgrade/network.php
wp-content/plugins/advanced-custom-fields/includes/admin/views/upgrade/notice.php
wp-content/plugins/advanced-custom-fields/includes/admin/views/upgrade/upgrade.php
wp-content/plugins/advanced-custom-fields/includes/ajax/class-acf-ajax-check-screen.php
wp-content/plugins/advanced-custom-fields/includes/ajax/class-acf-ajax-local-json-diff.php
wp-content/plugins/advanced-custom-fields/includes/ajax/class-acf-ajax-query-users.php
wp-content/plugins/advanced-custom-fields/includes/ajax/class-acf-ajax-query.php
wp-content/plugins/advanced-custom-fields/includes/ajax/class-acf-ajax-upgrade.php
wp-content/plugins/advanced-custom-fields/includes/ajax/class-acf-ajax-user-setting.php
wp-content/plugins/advanced-custom-fields/includes/ajax/class-acf-ajax.php
wp-content/plugins/advanced-custom-fields/includes/ajax/index.php
wp-content/plugins/advanced-custom-fields/includes/api/api-helpers.php
wp-content/plugins/advanced-custom-fields/includes/api/api-template.php
wp-content/plugins/advanced-custom-fields/includes/api/api-term.php
wp-content/plugins/advanced-custom-fields/includes/api/index.php
wp-content/plugins/advanced-custom-fields/includes/assets.php
wp-content/plugins/advanced-custom-fields/includes/class-acf-data.php
wp-content/plugins/advanced-custom-fields/includes/class-acf-internal-post-type.php
wp-content/plugins/advanced-custom-fields/includes/compatibility.php
wp-content/plugins/advanced-custom-fields/includes/deprecated.php
wp-content/plugins/advanced-custom-fields/includes/fields.php
wp-content/plugins/advanced-custom-fields/includes/fields/class-acf-field-accordion.php
wp-content/plugins/advanced-custom-fields/includes/fields/class-acf-field-button-group.php
wp-content/plugins/advanced-custom-fields/includes/fields/class-acf-field-checkbox.php
wp-content/plugins/advanced-custom-fields/includes/fields/class-acf-field-color_picker.php
wp-content/plugins/advanced-custom-fields/includes/fields/class-acf-field-date_picker.php
wp-content/plugins/advanced-custom-fields/includes/fields/class-acf-field-date_time_picker.php
wp-content/plugins/advanced-custom-fields/includes/fields/class-acf-field-email.php
wp-content/plugins/advanced-custom-fields/includes/fields/class-acf-field-file.php
wp-content/plugins/advanced-custom-fields/includes/fields/class-acf-field-google-map.php
wp-content/plugins/advanced-custom-fields/includes/fields/class-acf-field-group.php
wp-content/plugins/advanced-custom-fields/includes/fields/class-acf-field-icon_picker.php
wp-content/plugins/advanced-custom-fields/includes/fields/class-acf-field-image.php
wp-content/plugins/advanced-custom-fields/includes/fields/class-acf-field-link.php
wp-content/plugins/advanced-custom-fields/includes/fields/class-acf-field-message.php
wp-content/plugins/advanced-custom-fields/includes/fields/class-acf-field-number.php
wp-content/plugins/advanced-custom-fields/includes/fields/class-acf-field-oembed.php
wp-content/plugins/advanced-custom-fields/includes/fields/class-acf-field-output.php
wp-content/plugins/advanced-custom-fields/includes/fields/class-acf-field-page_link.php
wp-content/plugins/advanced-custom-fields/includes/fields/class-acf-field-password.php
wp-content/plugins/advanced-custom-fields/includes/fields/class-acf-field-post_object.php
wp-content/plugins/advanced-custom-fields/includes/fields/class-acf-field-radio.php
wp-content/plugins/advanced-custom-fields/includes/fields/class-acf-field-range.php
wp-content/plugins/advanced-custom-fields/includes/fields/class-acf-field-relationship.php
wp-content/plugins/advanced-custom-fields/includes/fields/class-acf-field-select.php
wp-content/plugins/advanced-custom-fields/includes/fields/class-acf-field-separator.php
wp-content/plugins/advanced-custom-fields/includes/fields/class-acf-field-tab.php
wp-content/plugins/advanced-custom-fields/includes/fields/class-acf-field-taxonomy.php
wp-content/plugins/advanced-custom-fields/includes/fields/class-acf-field-text.php
wp-content/plugins/advanced-custom-fields/includes/fields/class-acf-field-textarea.php
wp-content/plugins/advanced-custom-fields/includes/fields/class-acf-field-time_picker.php
wp-content/plugins/advanced-custom-fields/includes/fields/class-acf-field-true_false.php
wp-content/plugins/advanced-custom-fields/includes/fields/class-acf-field-url.php
wp-content/plugins/advanced-custom-fields/includes/fields/class-acf-field-user.php
wp-content/plugins/advanced-custom-fields/includes/fields/class-acf-field-wysiwyg.php
wp-content/plugins/advanced-custom-fields/includes/fields/class-acf-field.php
wp-content/plugins/advanced-custom-fields/includes/fields/index.php
wp-content/plugins/advanced-custom-fields/includes/forms/form-attachment.php
wp-content/plugins/advanced-custom-fields/includes/forms/form-comment.php
wp-content/plugins/advanced-custom-fields/includes/forms/form-customizer.php
wp-content/plugins/advanced-custom-fields/includes/forms/form-front.php
wp-content/plugins/advanced-custom-fields/includes/forms/form-gutenberg.php
wp-content/plugins/advanced-custom-fields/includes/forms/form-nav-menu.php
wp-content/plugins/advanced-custom-fields/includes/forms/form-post.php
wp-content/plugins/advanced-custom-fields/includes/forms/form-taxonomy.php
wp-content/plugins/advanced-custom-fields/includes/forms/form-user.php
wp-content/plugins/advanced-custom-fields/includes/forms/form-widget.php
wp-content/plugins/advanced-custom-fields/includes/forms/index.php
wp-content/plugins/advanced-custom-fields/includes/index.php
wp-content/plugins/advanced-custom-fields/includes/l10n.php
wp-content/plugins/advanced-custom-fields/includes/legacy/index.php
wp-content/plugins/advanced-custom-fields/includes/legacy/legacy-locations.php
wp-content/plugins/advanced-custom-fields/includes/local-fields.php
wp-content/plugins/advanced-custom-fields/includes/local-json.php
wp-content/plugins/advanced-custom-fields/includes/local-meta.php
wp-content/plugins/advanced-custom-fields/includes/locations.php
wp-content/plugins/advanced-custom-fields/includes/locations/abstract-acf-legacy-location.php
wp-content/plugins/advanced-custom-fields/includes/locations/abstract-acf-location.php
wp-content/plugins/advanced-custom-fields/includes/locations/class-acf-location-attachment.php
wp-content/plugins/advanced-custom-fields/includes/locations/class-acf-location-comment.php
wp-content/plugins/advanced-custom-fields/includes/locations/class-acf-location-current-user-role.php
wp-content/plugins/advanced-custom-fields/includes/locations/class-acf-location-current-user.php
wp-content/plugins/advanced-custom-fields/includes/locations/class-acf-location-nav-menu-item.php
wp-content/plugins/advanced-custom-fields/includes/locations/class-acf-location-nav-menu.php
wp-content/plugins/advanced-custom-fields/includes/locations/class-acf-location-page-parent.php
wp-content/plugins/advanced-custom-fields/includes/locations/class-acf-location-page-template.php
wp-content/plugins/advanced-custom-fields/includes/locations/class-acf-location-page-type.php
wp-content/plugins/advanced-custom-fields/includes/locations/class-acf-location-page.php
wp-content/plugins/advanced-custom-fields/includes/locations/class-acf-location-post-category.php
wp-content/plugins/advanced-custom-fields/includes/locations/class-acf-location-post-format.php
wp-content/plugins/advanced-custom-fields/includes/locations/class-acf-location-post-status.php
wp-content/plugins/advanced-custom-fields/includes/locations/class-acf-location-post-taxonomy.php
wp-content/plugins/advanced-custom-fields/includes/locations/class-acf-location-post-template.php
wp-content/plugins/advanced-custom-fields/includes/locations/class-acf-location-post-type.php
wp-content/plugins/advanced-custom-fields/includes/locations/class-acf-location-post.php
wp-content/plugins/advanced-custom-fields/includes/locations/class-acf-location-taxonomy.php
wp-content/plugins/advanced-custom-fields/includes/locations/class-acf-location-user-form.php
wp-content/plugins/advanced-custom-fields/includes/locations/class-acf-location-user-role.php
wp-content/plugins/advanced-custom-fields/includes/locations/class-acf-location-widget.php
wp-content/plugins/advanced-custom-fields/includes/locations/index.php
wp-content/plugins/advanced-custom-fields/includes/loop.php
wp-content/plugins/advanced-custom-fields/includes/media.php
wp-content/plugins/advanced-custom-fields/includes/post-types/class-acf-field-group.php
wp-content/plugins/advanced-custom-fields/includes/post-types/class-acf-post-type.php
wp-content/plugins/advanced-custom-fields/includes/post-types/class-acf-taxonomy.php
wp-content/plugins/advanced-custom-fields/includes/post-types/index.php
wp-content/plugins/advanced-custom-fields/includes/rest-api.php
wp-content/plugins/advanced-custom-fields/includes/rest-api/acf-rest-api-functions.php
wp-content/plugins/advanced-custom-fields/includes/rest-api/class-acf-rest-api.php
wp-content/plugins/advanced-custom-fields/includes/rest-api/class-acf-rest-embed-links.php
wp-content/plugins/advanced-custom-fields/includes/rest-api/class-acf-rest-request.php
wp-content/plugins/advanced-custom-fields/includes/rest-api/index.php
wp-content/plugins/advanced-custom-fields/includes/revisions.php
wp-content/plugins/advanced-custom-fields/includes/third-party.php
wp-content/plugins/advanced-custom-fields/includes/upgrades.php
wp-content/plugins/advanced-custom-fields/includes/validation.php
wp-content/plugins/advanced-custom-fields/includes/walkers/class-acf-walker-taxonomy-field.php
wp-content/plugins/advanced-custom-fields/includes/walkers/index.php
wp-content/plugins/advanced-custom-fields/includes/wpml.php
wp-content/plugins/advanced-custom-fields/index.php
wp-content/plugins/advanced-custom-fields/lang/acf-ar.l10n.php
wp-content/plugins/advanced-custom-fields/lang/acf-ar.mo
wp-content/plugins/advanced-custom-fields/lang/acf-ar.po
wp-content/plugins/advanced-custom-fields/lang/acf-bg_BG.l10n.php
wp-content/plugins/advanced-custom-fields/lang/acf-bg_BG.mo
wp-content/plugins/advanced-custom-fields/lang/acf-bg_BG.po
wp-content/plugins/advanced-custom-fields/lang/acf-ca.l10n.php
wp-content/plugins/advanced-custom-fields/lang/acf-ca.mo
wp-content/plugins/advanced-custom-fields/lang/acf-ca.po
wp-content/plugins/advanced-custom-fields/lang/acf-cs_CZ.l10n.php
wp-content/plugins/advanced-custom-fields/lang/acf-cs_CZ.mo
wp-content/plugins/advanced-custom-fields/lang/acf-cs_CZ.po
wp-content/plugins/advanced-custom-fields/lang/acf-da_DK.l10n.php
wp-content/plugins/advanced-custom-fields/lang/acf-da_DK.mo
wp-content/plugins/advanced-custom-fields/lang/acf-da_DK.po
wp-content/plugins/advanced-custom-fields/lang/acf-de_CH.l10n.php
wp-content/plugins/advanced-custom-fields/lang/acf-de_CH.mo
wp-content/plugins/advanced-custom-fields/lang/acf-de_CH.po
wp-content/plugins/advanced-custom-fields/lang/acf-de_DE.l10n.php
wp-content/plugins/advanced-custom-fields/lang/acf-de_DE.mo
wp-content/plugins/advanced-custom-fields/lang/acf-de_DE.po
wp-content/plugins/advanced-custom-fields/lang/acf-de_DE_formal.l10n.php
wp-content/plugins/advanced-custom-fields/lang/acf-de_DE_formal.mo
wp-content/plugins/advanced-custom-fields/lang/acf-de_DE_formal.po
wp-content/plugins/advanced-custom-fields/lang/acf-el.l10n.php
wp-content/plugins/advanced-custom-fields/lang/acf-el.mo
wp-content/plugins/advanced-custom-fields/lang/acf-el.po
wp-content/plugins/advanced-custom-fields/lang/acf-en_CA.l10n.php
wp-content/plugins/advanced-custom-fields/lang/acf-en_CA.mo
wp-content/plugins/advanced-custom-fields/lang/acf-en_CA.po
wp-content/plugins/advanced-custom-fields/lang/acf-en_GB.l10n.php
wp-content/plugins/advanced-custom-fields/lang/acf-en_GB.mo
wp-content/plugins/advanced-custom-fields/lang/acf-en_GB.po
wp-content/plugins/advanced-custom-fields/lang/acf-en_ZA.l10n.php
wp-content/plugins/advanced-custom-fields/lang/acf-en_ZA.mo
wp-content/plugins/advanced-custom-fields/lang/acf-en_ZA.po
wp-content/plugins/advanced-custom-fields/lang/acf-es_CL.l10n.php
wp-content/plugins/advanced-custom-fields/lang/acf-es_CL.mo
wp-content/plugins/advanced-custom-fields/lang/acf-es_CL.po
wp-content/plugins/advanced-custom-fields/lang/acf-es_CO.l10n.php
wp-content/plugins/advanced-custom-fields/lang/acf-es_CO.mo
wp-content/plugins/advanced-custom-fields/lang/acf-es_CO.po
wp-content/plugins/advanced-custom-fields/lang/acf-es_CR.l10n.php
wp-content/plugins/advanced-custom-fields/lang/acf-es_CR.mo
wp-content/plugins/advanced-custom-fields/lang/acf-es_CR.po
wp-content/plugins/advanced-custom-fields/lang/acf-es_EC.l10n.php
wp-content/plugins/advanced-custom-fields/lang/acf-es_EC.mo
wp-content/plugins/advanced-custom-fields/lang/acf-es_EC.po
wp-content/plugins/advanced-custom-fields/lang/acf-es_ES.l10n.php
wp-content/plugins/advanced-custom-fields/lang/acf-es_ES.mo
wp-content/plugins/advanced-custom-fields/lang/acf-es_ES.po
wp-content/plugins/advanced-custom-fields/lang/acf-es_MX.l10n.php
wp-content/plugins/advanced-custom-fields/lang/acf-es_MX.mo
wp-content/plugins/advanced-custom-fields/lang/acf-es_MX.po
wp-content/plugins/advanced-custom-fields/lang/acf-es_VE.l10n.php
wp-content/plugins/advanced-custom-fields/lang/acf-es_VE.mo
wp-content/plugins/advanced-custom-fields/lang/acf-es_VE.po
wp-content/plugins/advanced-custom-fields/lang/acf-fa_AF.l10n.php
wp-content/plugins/advanced-custom-fields/lang/acf-fa_AF.mo
wp-content/plugins/advanced-custom-fields/lang/acf-fa_AF.po
wp-content/plugins/advanced-custom-fields/lang/acf-fa_IR.l10n.php
wp-content/plugins/advanced-custom-fields/lang/acf-fa_IR.mo
wp-content/plugins/advanced-custom-fields/lang/acf-fa_IR.po
wp-content/plugins/advanced-custom-fields/lang/acf-fi.l10n.php
wp-content/plugins/advanced-custom-fields/lang/acf-fi.mo
wp-content/plugins/advanced-custom-fields/lang/acf-fi.po
wp-content/plugins/advanced-custom-fields/lang/acf-fr_CA.l10n.php
wp-content/plugins/advanced-custom-fields/lang/acf-fr_CA.mo
wp-content/plugins/advanced-custom-fields/lang/acf-fr_CA.po
wp-content/plugins/advanced-custom-fields/lang/acf-fr_FR.l10n.php
wp-content/plugins/advanced-custom-fields/lang/acf-fr_FR.mo
wp-content/plugins/advanced-custom-fields/lang/acf-fr_FR.po
wp-content/plugins/advanced-custom-fields/lang/acf-gl_ES.l10n.php
wp-content/plugins/advanced-custom-fields/lang/acf-gl_ES.mo
wp-content/plugins/advanced-custom-fields/lang/acf-gl_ES.po
wp-content/plugins/advanced-custom-fields/lang/acf-gu.l10n.php
wp-content/plugins/advanced-custom-fields/lang/acf-gu.mo
wp-content/plugins/advanced-custom-fields/lang/acf-gu.po
wp-content/plugins/advanced-custom-fields/lang/acf-he_IL.l10n.php
wp-content/plugins/advanced-custom-fields/lang/acf-he_IL.mo
wp-content/plugins/advanced-custom-fields/lang/acf-he_IL.po
wp-content/plugins/advanced-custom-fields/lang/acf-hr.l10n.php
wp-content/plugins/advanced-custom-fields/lang/acf-hr.mo
wp-content/plugins/advanced-custom-fields/lang/acf-hr.po
wp-content/plugins/advanced-custom-fields/lang/acf-hu_HU.l10n.php
wp-content/plugins/advanced-custom-fields/lang/acf-hu_HU.mo
wp-content/plugins/advanced-custom-fields/lang/acf-hu_HU.po
wp-content/plugins/advanced-custom-fields/lang/acf-id_ID.l10n.php
wp-content/plugins/advanced-custom-fields/lang/acf-id_ID.mo
wp-content/plugins/advanced-custom-fields/lang/acf-id_ID.po
wp-content/plugins/advanced-custom-fields/lang/acf-it_IT.l10n.php
wp-content/plugins/advanced-custom-fields/lang/acf-it_IT.mo
wp-content/plugins/advanced-custom-fields/lang/acf-it_IT.po
wp-content/plugins/advanced-custom-fields/lang/acf-ja.l10n.php
wp-content/plugins/advanced-custom-fields/lang/acf-ja.mo
wp-content/plugins/advanced-custom-fields/lang/acf-ja.po
wp-content/plugins/advanced-custom-fields/lang/acf-ko_KR.l10n.php
wp-content/plugins/advanced-custom-fields/lang/acf-ko_KR.mo
wp-content/plugins/advanced-custom-fields/lang/acf-ko_KR.po
wp-content/plugins/advanced-custom-fields/lang/acf-nb_NO.l10n.php
wp-content/plugins/advanced-custom-fields/lang/acf-nb_NO.mo
wp-content/plugins/advanced-custom-fields/lang/acf-nb_NO.po
wp-content/plugins/advanced-custom-fields/lang/acf-nl_BE.l10n.php
wp-content/plugins/advanced-custom-fields/lang/acf-nl_BE.mo
wp-content/plugins/advanced-custom-fields/lang/acf-nl_BE.po
wp-content/plugins/advanced-custom-fields/lang/acf-nl_NL.l10n.php
wp-content/plugins/advanced-custom-fields/lang/acf-nl_NL.mo
wp-content/plugins/advanced-custom-fields/lang/acf-nl_NL.po
wp-content/plugins/advanced-custom-fields/lang/acf-nl_NL_formal.l10n.php
wp-content/plugins/advanced-custom-fields/lang/acf-nl_NL_formal.mo
wp-content/plugins/advanced-custom-fields/lang/acf-nl_NL_formal.po
wp-content/plugins/advanced-custom-fields/lang/acf-pl_PL.l10n.php
wp-content/plugins/advanced-custom-fields/lang/acf-pl_PL.mo
wp-content/plugins/advanced-custom-fields/lang/acf-pl_PL.po
wp-content/plugins/advanced-custom-fields/lang/acf-pt_AO.l10n.php
wp-content/plugins/advanced-custom-fields/lang/acf-pt_AO.mo
wp-content/plugins/advanced-custom-fields/lang/acf-pt_AO.po
wp-content/plugins/advanced-custom-fields/lang/acf-pt_BR.l10n.php
wp-content/plugins/advanced-custom-fields/lang/acf-pt_BR.mo
wp-content/plugins/advanced-custom-fields/lang/acf-pt_BR.po
wp-content/plugins/advanced-custom-fields/lang/acf-pt_PT.l10n.php
wp-content/plugins/advanced-custom-fields/lang/acf-pt_PT.mo
wp-content/plugins/advanced-custom-fields/lang/acf-pt_PT.po
wp-content/plugins/advanced-custom-fields/lang/acf-ro_RO.l10n.php
wp-content/plugins/advanced-custom-fields/lang/acf-ro_RO.mo
wp-content/plugins/advanced-custom-fields/lang/acf-ro_RO.po
wp-content/plugins/advanced-custom-fields/lang/acf-ru_RU.l10n.php
wp-content/plugins/advanced-custom-fields/lang/acf-ru_RU.mo
wp-content/plugins/advanced-custom-fields/lang/acf-ru_RU.po
wp-content/plugins/advanced-custom-fields/lang/acf-sk_SK.l10n.php
wp-content/plugins/advanced-custom-fields/lang/acf-sk_SK.mo
wp-content/plugins/advanced-custom-fields/lang/acf-sk_SK.po
wp-content/plugins/advanced-custom-fields/lang/acf-sv_SE.l10n.php
wp-content/plugins/advanced-custom-fields/lang/acf-sv_SE.mo
wp-content/plugins/advanced-custom-fields/lang/acf-sv_SE.po
wp-content/plugins/advanced-custom-fields/lang/acf-tr_TR.l10n.php
wp-content/plugins/advanced-custom-fields/lang/acf-tr_TR.mo
wp-content/plugins/advanced-custom-fields/lang/acf-tr_TR.po
wp-content/plugins/advanced-custom-fields/lang/acf-uk.l10n.php
wp-content/plugins/advanced-custom-fields/lang/acf-uk.mo
wp-content/plugins/advanced-custom-fields/lang/acf-uk.po
wp-content/plugins/advanced-custom-fields/lang/acf-vi.l10n.php
wp-content/plugins/advanced-custom-fields/lang/acf-vi.mo
wp-content/plugins/advanced-custom-fields/lang/acf-vi.po
wp-content/plugins/advanced-custom-fields/lang/acf-zh_CN.l10n.php
wp-content/plugins/advanced-custom-fields/lang/acf-zh_CN.mo
wp-content/plugins/advanced-custom-fields/lang/acf-zh_CN.po
wp-content/plugins/advanced-custom-fields/lang/acf-zh_TW.l10n.php
wp-content/plugins/advanced-custom-fields/lang/acf-zh_TW.mo
wp-content/plugins/advanced-custom-fields/lang/acf-zh_TW.po
wp-content/plugins/advanced-custom-fields/lang/index.php
wp-content/plugins/advanced-custom-fields/readme.txt
wp-content/plugins/advanced-custom-fields/src/Blocks/Bindings.php
wp-content/plugins/advanced-custom-fields/src/Blocks/index.php
wp-content/plugins/advanced-custom-fields/src/Meta/Comment.php
wp-content/plugins/advanced-custom-fields/src/Meta/MetaLocation.php
wp-content/plugins/advanced-custom-fields/src/Meta/Option.php
wp-content/plugins/advanced-custom-fields/src/Meta/Post.php
wp-content/plugins/advanced-custom-fields/src/Meta/Term.php
wp-content/plugins/advanced-custom-fields/src/Meta/User.php
wp-content/plugins/advanced-custom-fields/src/Site_Health/Site_Health.php
wp-content/plugins/advanced-custom-fields/vendor/autoload.php
wp-content/plugins/advanced-custom-fields/vendor/composer/ClassLoader.php
wp-content/plugins/advanced-custom-fields/vendor/composer/LICENSE
wp-content/plugins/advanced-custom-fields/vendor/composer/autoload_classmap.php
wp-content/plugins/advanced-custom-fields/vendor/composer/autoload_namespaces.php
wp-content/plugins/advanced-custom-fields/vendor/composer/autoload_psr4.php
wp-content/plugins/advanced-custom-fields/vendor/composer/autoload_real.php
wp-content/plugins/advanced-custom-fields/vendor/composer/autoload_static.php
wp-content/uploads/circuits/TESTCIRCUIT.xml
wp-content/uploads/rcp/debug/67129750d9b31.log

commit 0b53700d1594fe3082562424f8668a02183e5955
Author:     jstallings2 <jacobcstallings@icloud.com>
AuthorDate: 2025-05-16
Commit:     jstallings2 <jacobcstallings@icloud.com>
CommitDate: 2025-05-16

    add .gitignore

gitignore.txt

commit f021bc5108a1485d882ccaabbfc1dffdc5894811
Author:     jstallings2 <jacobcstallings@icloud.com>
AuthorDate: 2025-05-16
Commit:     jstallings2 <jacobcstallings@icloud.com>
CommitDate: 2025-05-16

    initial commit

index.php
license.txt
readme.html
wp-activate.php
wp-admin/about.php
wp-admin/admin-ajax.php
wp-admin/admin-footer.php
wp-admin/admin-functions.php
wp-admin/admin-header.php
wp-admin/admin-post.php
wp-admin/admin.php
wp-admin/async-upload.php
wp-admin/authorize-application.php
wp-admin/comment.php
wp-admin/contribute.php
wp-admin/credits.php
wp-admin/css/about-rtl.css
wp-admin/css/about-rtl.min.css
wp-admin/css/about.css
wp-admin/css/about.min.css
wp-admin/css/admin-menu-rtl.css
wp-admin/css/admin-menu-rtl.min.css
wp-admin/css/admin-menu.css
wp-admin/css/admin-menu.min.css
wp-admin/css/code-editor-rtl.css
wp-admin/css/code-editor-rtl.min.css
wp-admin/css/code-editor.css
wp-admin/css/code-editor.min.css
wp-admin/css/color-picker-rtl.css
wp-admin/css/color-picker-rtl.min.css
wp-admin/css/color-picker.css
wp-admin/css/color-picker.min.css
wp-admin/css/colors/_admin.scss
wp-admin/css/colors/_mixins.scss
wp-admin/css/colors/_variables.scss
wp-admin/css/colors/blue/colors-rtl.css
wp-admin/css/colors/blue/colors-rtl.min.css
wp-admin/css/colors/blue/colors.css
wp-admin/css/colors/blue/colors.min.css
wp-admin/css/colors/blue/colors.scss
wp-admin/css/colors/coffee/colors-rtl.css
wp-admin/css/colors/coffee/colors-rtl.min.css
wp-admin/css/colors/coffee/colors.css
wp-admin/css/colors/coffee/colors.min.css
wp-admin/css/colors/coffee/colors.scss
wp-admin/css/colors/ectoplasm/colors-rtl.css
wp-admin/css/colors/ectoplasm/colors-rtl.min.css
wp-admin/css/colors/ectoplasm/colors.css
wp-admin/css/colors/ectoplasm/colors.min.css
wp-admin/css/colors/ectoplasm/colors.scss
wp-admin/css/colors/light/colors-rtl.css
wp-admin/css/colors/light/colors-rtl.min.css
wp-admin/css/colors/light/colors.css
wp-admin/css/colors/light/colors.min.css
wp-admin/css/colors/light/colors.scss
wp-admin/css/colors/midnight/colors-rtl.css
wp-admin/css/colors/midnight/colors-rtl.min.css
wp-admin/css/colors/midnight/colors.css
wp-admin/css/colors/midnight/colors.min.css
wp-admin/css/colors/midnight/colors.scss
wp-admin/css/colors/modern/colors-rtl.css
wp-admin/css/colors/modern/colors-rtl.min.css
wp-admin/css/colors/modern/colors.css
wp-admin/css/colors/modern/colors.min.css
wp-admin/css/colors/modern/colors.scss
wp-admin/css/colors/ocean/colors-rtl.css
wp-admin/css/colors/ocean/colors-rtl.min.css
wp-admin/css/colors/ocean/colors.css
wp-admin/css/colors/ocean/colors.min.css
wp-admin/css/colors/ocean/colors.scss
wp-admin/css/colors/sunrise/colors-rtl.css
wp-admin/css/colors/sunrise/colors-rtl.min.css
wp-admin/css/colors/sunrise/colors.css
wp-admin/css/colors/sunrise/colors.min.css
wp-admin/css/colors/sunrise/colors.scss
wp-admin/css/common-rtl.css
wp-admin/css/common-rtl.min.css
wp-admin/css/common.css
wp-admin/css/common.min.css
wp-admin/css/customize-controls-rtl.css
wp-admin/css/customize-controls-rtl.min.css
wp-admin/css/customize-controls.css
wp-admin/css/customize-controls.min.css
wp-admin/css/customize-nav-menus-rtl.css
wp-admin/css/customize-nav-menus-rtl.min.css
wp-admin/css/customize-nav-menus.css
wp-admin/css/customize-nav-menus.min.css
wp-admin/css/customize-widgets-rtl.css
wp-admin/css/customize-widgets-rtl.min.css
wp-admin/css/customize-widgets.css
wp-admin/css/customize-widgets.min.css
wp-admin/css/dashboard-rtl.css
wp-admin/css/dashboard-rtl.min.css
wp-admin/css/dashboard.css
wp-admin/css/dashboard.min.css
wp-admin/css/deprecated-media-rtl.css
wp-admin/css/deprecated-media-rtl.min.css
wp-admin/css/deprecated-media.css
wp-admin/css/deprecated-media.min.css
wp-admin/css/edit-rtl.css
wp-admin/css/edit-rtl.min.css
wp-admin/css/edit.css
wp-admin/css/edit.min.css
wp-admin/css/farbtastic-rtl.css
wp-admin/css/farbtastic-rtl.min.css
wp-admin/css/farbtastic.css
wp-admin/css/farbtastic.min.css
wp-admin/css/forms-rtl.css
wp-admin/css/forms-rtl.min.css
wp-admin/css/forms.css
wp-admin/css/forms.min.css
wp-admin/css/install-rtl.css
wp-admin/css/install-rtl.min.css
wp-admin/css/install.css
wp-admin/css/install.min.css
wp-admin/css/l10n-rtl.css
wp-admin/css/l10n-rtl.min.css
wp-admin/css/l10n.css
wp-admin/css/l10n.min.css
wp-admin/css/list-tables-rtl.css
wp-admin/css/list-tables-rtl.min.css
wp-admin/css/list-tables.css
wp-admin/css/list-tables.min.css
wp-admin/css/login-rtl.css
wp-admin/css/login-rtl.min.css
wp-admin/css/login.css
wp-admin/css/login.min.css
wp-admin/css/media-rtl.css
wp-admin/css/media-rtl.min.css
wp-admin/css/media.css
wp-admin/css/media.min.css
wp-admin/css/nav-menus-rtl.css
wp-admin/css/nav-menus-rtl.min.css
wp-admin/css/nav-menus.css
wp-admin/css/nav-menus.min.css
wp-admin/css/revisions-rtl.css
wp-admin/css/revisions-rtl.min.css
wp-admin/css/revisions.css
wp-admin/css/revisions.min.css
wp-admin/css/site-health-rtl.css
wp-admin/css/site-health-rtl.min.css
wp-admin/css/site-health.css
wp-admin/css/site-health.min.css
wp-admin/css/site-icon-rtl.css
wp-admin/css/site-icon-rtl.min.css
wp-admin/css/site-icon.css
wp-admin/css/site-icon.min.css
wp-admin/css/themes-rtl.css
wp-admin/css/themes-rtl.min.css
wp-admin/css/themes.css
wp-admin/css/themes.min.css
wp-admin/css/widgets-rtl.css
wp-admin/css/widgets-rtl.min.css
wp-admin/css/widgets.css
wp-admin/css/widgets.min.css
wp-admin/css/wp-admin-rtl.css
wp-admin/css/wp-admin-rtl.min.css
wp-admin/css/wp-admin.css
wp-admin/css/wp-admin.min.css
wp-admin/custom-background.php
wp-admin/custom-header.php
wp-admin/customize.php
wp-admin/edit-comments.php
wp-admin/edit-form-advanced.php
wp-admin/edit-form-blocks.php
wp-admin/edit-form-comment.php
wp-admin/edit-link-form.php
wp-admin/edit-tag-form.php
wp-admin/edit-tags.php
wp-admin/edit.php
wp-admin/erase-personal-data.php
wp-admin/export-personal-data.php
wp-admin/export.php
wp-admin/freedoms.php
wp-admin/images/about-release-badge.svg
wp-admin/images/about-texture.png
wp-admin/images/align-center-2x.png
wp-admin/images/align-center.png
wp-admin/images/align-left-2x.png
wp-admin/images/align-left.png
wp-admin/images/align-none-2x.png
wp-admin/images/align-none.png
wp-admin/images/align-right-2x.png
wp-admin/images/align-right.png
wp-admin/images/arrows-2x.png
wp-admin/images/arrows.png
wp-admin/images/browser-rtl.png
wp-admin/images/browser.png
wp-admin/images/bubble_bg-2x.gif
wp-admin/images/bubble_bg.gif
wp-admin/images/comment-grey-bubble-2x.png
wp-admin/images/comment-grey-bubble.png
wp-admin/images/contribute-code.svg
wp-admin/images/contribute-main.svg
wp-admin/images/contribute-no-code.svg
wp-admin/images/dashboard-background.svg
wp-admin/images/date-button-2x.gif
wp-admin/images/date-button.gif
wp-admin/images/freedom-1.svg
wp-admin/images/freedom-2.svg
wp-admin/images/freedom-3.svg
wp-admin/images/freedom-4.svg
wp-admin/images/generic.png
wp-admin/images/icons32-2x.png
wp-admin/images/icons32-vs-2x.png
wp-admin/images/icons32-vs.png
wp-admin/images/icons32.png
wp-admin/images/imgedit-icons-2x.png
wp-admin/images/imgedit-icons.png
wp-admin/images/list-2x.png
wp-admin/images/list.png
wp-admin/images/loading.gif
wp-admin/images/marker.png
wp-admin/images/mask.png
wp-admin/images/media-button-2x.png
wp-admin/images/media-button-image.gif
wp-admin/images/media-button-music.gif
wp-admin/images/media-button-other.gif
wp-admin/images/media-button-video.gif
wp-admin/images/media-button.png
wp-admin/images/menu-2x.png
wp-admin/images/menu-vs-2x.png
wp-admin/images/menu-vs.png
wp-admin/images/menu.png
wp-admin/images/no.png
wp-admin/images/post-formats-vs.png
wp-admin/images/post-formats.png
wp-admin/images/post-formats32-vs.png
wp-admin/images/post-formats32.png
wp-admin/images/privacy.svg
wp-admin/images/resize-2x.gif
wp-admin/images/resize-rtl-2x.gif
wp-admin/images/resize-rtl.gif
wp-admin/images/resize.gif
wp-admin/images/se.png
wp-admin/images/sort-2x.gif
wp-admin/images/sort.gif
wp-admin/images/spinner-2x.gif
wp-admin/images/spinner.gif
wp-admin/images/stars-2x.png
wp-admin/images/stars.png
wp-admin/images/w-logo-blue.png
wp-admin/images/w-logo-white.png
wp-admin/images/wheel.png
wp-admin/images/wordpress-logo-white.svg
wp-admin/images/wordpress-logo.png
wp-admin/images/wordpress-logo.svg
wp-admin/images/wpspin_light-2x.gif
wp-admin/images/wpspin_light.gif
wp-admin/images/xit-2x.gif
wp-admin/images/xit.gif
wp-admin/images/yes.png
wp-admin/import.php
wp-admin/includes/admin-filters.php
wp-admin/includes/admin.php
wp-admin/includes/ajax-actions.php
wp-admin/includes/bookmark.php
wp-admin/includes/class-automatic-upgrader-skin.php
wp-admin/includes/class-bulk-plugin-upgrader-skin.php
wp-admin/includes/class-bulk-theme-upgrader-skin.php
wp-admin/includes/class-bulk-upgrader-skin.php
wp-admin/includes/class-core-upgrader.php
wp-admin/includes/class-custom-background.php
wp-admin/includes/class-custom-image-header.php
wp-admin/includes/class-file-upload-upgrader.php
wp-admin/includes/class-ftp-pure.php
wp-admin/includes/class-ftp-sockets.php
wp-admin/includes/class-ftp.php
wp-admin/includes/class-language-pack-upgrader-skin.php
wp-admin/includes/class-language-pack-upgrader.php
wp-admin/includes/class-pclzip.php
wp-admin/includes/class-plugin-installer-skin.php
wp-admin/includes/class-plugin-upgrader-skin.php
wp-admin/includes/class-plugin-upgrader.php
wp-admin/includes/class-theme-installer-skin.php
wp-admin/includes/class-theme-upgrader-skin.php
wp-admin/includes/class-theme-upgrader.php
wp-admin/includes/class-walker-category-checklist.php
wp-admin/includes/class-walker-nav-menu-checklist.php
wp-admin/includes/class-walker-nav-menu-edit.php
wp-admin/includes/class-wp-ajax-upgrader-skin.php
wp-admin/includes/class-wp-application-passwords-list-table.php
wp-admin/includes/class-wp-automatic-updater.php
wp-admin/includes/class-wp-comments-list-table.php
wp-admin/includes/class-wp-community-events.php
wp-admin/includes/class-wp-debug-data.php
wp-admin/includes/class-wp-filesystem-base.php
wp-admin/includes/class-wp-filesystem-direct.php
wp-admin/includes/class-wp-filesystem-ftpext.php
wp-admin/includes/class-wp-filesystem-ftpsockets.php
wp-admin/includes/class-wp-filesystem-ssh2.php
wp-admin/includes/class-wp-importer.php
wp-admin/includes/class-wp-internal-pointers.php
wp-admin/includes/class-wp-links-list-table.php
wp-admin/includes/class-wp-list-table-compat.php
wp-admin/includes/class-wp-list-table.php
wp-admin/includes/class-wp-media-list-table.php
wp-admin/includes/class-wp-ms-sites-list-table.php
wp-admin/includes/class-wp-ms-themes-list-table.php
wp-admin/includes/class-wp-ms-users-list-table.php
wp-admin/includes/class-wp-plugin-install-list-table.php
wp-admin/includes/class-wp-plugins-list-table.php
wp-admin/includes/class-wp-post-comments-list-table.php
wp-admin/includes/class-wp-posts-list-table.php
wp-admin/includes/class-wp-privacy-data-export-requests-list-table.php
wp-admin/includes/class-wp-privacy-data-removal-requests-list-table.php
wp-admin/includes/class-wp-privacy-policy-content.php
wp-admin/includes/class-wp-privacy-requests-table.php
wp-admin/includes/class-wp-screen.php
wp-admin/includes/class-wp-site-health-auto-updates.php
wp-admin/includes/class-wp-site-health.php
wp-admin/includes/class-wp-site-icon.php
wp-admin/includes/class-wp-terms-list-table.php
wp-admin/includes/class-wp-theme-install-list-table.php
wp-admin/includes/class-wp-themes-list-table.php
wp-admin/includes/class-wp-upgrader-skin.php
wp-admin/includes/class-wp-upgrader-skins.php
wp-admin/includes/class-wp-upgrader.php
wp-admin/includes/class-wp-users-list-table.php
wp-admin/includes/comment.php
wp-admin/includes/continents-cities.php
wp-admin/includes/credits.php
wp-admin/includes/dashboard.php
wp-admin/includes/deprecated.php
wp-admin/includes/edit-tag-messages.php
wp-admin/includes/export.php
wp-admin/includes/file.php
wp-admin/includes/image-edit.php
wp-admin/includes/image.php
wp-admin/includes/import.php
wp-admin/includes/list-table.php
wp-admin/includes/media.php
wp-admin/includes/menu.php
wp-admin/includes/meta-boxes.php
wp-admin/includes/misc.php
wp-admin/includes/ms-admin-filters.php
wp-admin/includes/ms-deprecated.php
wp-admin/includes/ms.php
wp-admin/includes/nav-menu.php
wp-admin/includes/network.php
wp-admin/includes/noop.php
wp-admin/includes/options.php
wp-admin/includes/plugin-install.php
wp-admin/includes/plugin.php
wp-admin/includes/post.php
wp-admin/includes/privacy-tools.php
wp-admin/includes/revision.php
wp-admin/includes/schema.php
wp-admin/includes/screen.php
wp-admin/includes/taxonomy.php
wp-admin/includes/template.php
wp-admin/includes/theme-install.php
wp-admin/includes/theme.php
wp-admin/includes/translation-install.php
wp-admin/includes/update-core.php
wp-admin/includes/update.php
wp-admin/includes/upgrade.php
wp-admin/includes/user.php
wp-admin/includes/widgets.php
wp-admin/index.php
wp-admin/install-helper.php
wp-admin/install.php
wp-admin/js/accordion.js
wp-admin/js/accordion.min.js
wp-admin/js/application-passwords.js
wp-admin/js/application-passwords.min.js
wp-admin/js/auth-app.js
wp-admin/js/auth-app.min.js
wp-admin/js/code-editor.js
wp-admin/js/code-editor.min.js
wp-admin/js/color-picker.js
wp-admin/js/color-picker.min.js
wp-admin/js/comment.js
wp-admin/js/comment.min.js
wp-admin/js/common.js
wp-admin/js/common.min.js
wp-admin/js/custom-background.js
wp-admin/js/custom-background.min.js
wp-admin/js/custom-header.js
wp-admin/js/customize-controls.js
wp-admin/js/customize-controls.min.js
wp-admin/js/customize-nav-menus.js
wp-admin/js/customize-nav-menus.min.js
wp-admin/js/customize-widgets.js
wp-admin/js/customize-widgets.min.js
wp-admin/js/dashboard.js
wp-admin/js/dashboard.min.js
wp-admin/js/edit-comments.js
wp-admin/js/edit-comments.min.js
wp-admin/js/editor-expand.js
wp-admin/js/editor-expand.min.js
wp-admin/js/editor.js
wp-admin/js/editor.min.js
wp-admin/js/farbtastic.js
wp-admin/js/gallery.js
wp-admin/js/gallery.min.js
wp-admin/js/image-edit.js
wp-admin/js/image-edit.min.js
wp-admin/js/inline-edit-post.js
wp-admin/js/inline-edit-post.min.js
wp-admin/js/inline-edit-tax.js
wp-admin/js/inline-edit-tax.min.js
wp-admin/js/iris.min.js
wp-admin/js/language-chooser.js
wp-admin/js/language-chooser.min.js
wp-admin/js/link.js
wp-admin/js/link.min.js
wp-admin/js/media-gallery.js
wp-admin/js/media-gallery.min.js
wp-admin/js/media-upload.js
wp-admin/js/media-upload.min.js
wp-admin/js/media.js
wp-admin/js/media.min.js
wp-admin/js/nav-menu.js
wp-admin/js/nav-menu.min.js
wp-admin/js/password-strength-meter.js
wp-admin/js/password-strength-meter.min.js
wp-admin/js/password-toggle.js
wp-admin/js/password-toggle.min.js
wp-admin/js/plugin-install.js
wp-admin/js/plugin-install.min.js
wp-admin/js/post.js
wp-admin/js/post.min.js
wp-admin/js/postbox.js
wp-admin/js/postbox.min.js
wp-admin/js/privacy-tools.js
wp-admin/js/privacy-tools.min.js
wp-admin/js/revisions.js
wp-admin/js/revisions.min.js
wp-admin/js/set-post-thumbnail.js
wp-admin/js/set-post-thumbnail.min.js
wp-admin/js/site-health.js
wp-admin/js/site-health.min.js
wp-admin/js/site-icon.js
wp-admin/js/site-icon.min.js
wp-admin/js/svg-painter.js
wp-admin/js/svg-painter.min.js
wp-admin/js/tags-box.js
wp-admin/js/tags-box.min.js
wp-admin/js/tags-suggest.js
wp-admin/js/tags-suggest.min.js
wp-admin/js/tags.js
wp-admin/js/tags.min.js
wp-admin/js/theme-plugin-editor.js
wp-admin/js/theme-plugin-editor.min.js
wp-admin/js/theme.js
wp-admin/js/theme.min.js
wp-admin/js/updates.js
wp-admin/js/updates.min.js
wp-admin/js/user-profile.js
wp-admin/js/user-profile.min.js
wp-admin/js/user-suggest.js
wp-admin/js/user-suggest.min.js
wp-admin/js/widgets.js
wp-admin/js/widgets.min.js
wp-admin/js/widgets/custom-html-widgets.js
wp-admin/js/widgets/custom-html-widgets.min.js
wp-admin/js/widgets/media-audio-widget.js
wp-admin/js/widgets/media-audio-widget.min.js
wp-admin/js/widgets/media-gallery-widget.js
wp-admin/js/widgets/media-gallery-widget.min.js
wp-admin/js/widgets/media-image-widget.js
wp-admin/js/widgets/media-image-widget.min.js
wp-admin/js/widgets/media-video-widget.js
wp-admin/js/widgets/media-video-widget.min.js
wp-admin/js/widgets/media-widgets.js
wp-admin/js/widgets/media-widgets.min.js
wp-admin/js/widgets/text-widgets.js
wp-admin/js/widgets/text-widgets.min.js
wp-admin/js/word-count.js
wp-admin/js/word-count.min.js
wp-admin/js/xfn.js
wp-admin/js/xfn.min.js
wp-admin/link-add.php
wp-admin/link-manager.php
wp-admin/link-parse-opml.php
wp-admin/link.php
wp-admin/load-scripts.php
wp-admin/load-styles.php
wp-admin/maint/repair.php
wp-admin/media-new.php
wp-admin/media-upload.php
wp-admin/media.php
wp-admin/menu-header.php
wp-admin/menu.php
wp-admin/moderation.php
wp-admin/ms-admin.php
wp-admin/ms-delete-site.php
wp-admin/ms-edit.php
wp-admin/ms-options.php
wp-admin/ms-sites.php
wp-admin/ms-themes.php
wp-admin/ms-upgrade-network.php
wp-admin/ms-users.php
wp-admin/my-sites.php
wp-admin/nav-menus.php
wp-admin/network.php
wp-admin/network/about.php
wp-admin/network/admin.php
wp-admin/network/contribute.php
wp-admin/network/credits.php
wp-admin/network/edit.php
wp-admin/network/freedoms.php
wp-admin/network/index.php
wp-admin/network/menu.php
wp-admin/network/plugin-editor.php
wp-admin/network/plugin-install.php
wp-admin/network/plugins.php
wp-admin/network/privacy.php
wp-admin/network/profile.php
wp-admin/network/settings.php
wp-admin/network/setup.php
wp-admin/network/site-info.php
wp-admin/network/site-new.php
wp-admin/network/site-settings.php
wp-admin/network/site-themes.php
wp-admin/network/site-users.php
wp-admin/network/sites.php
wp-admin/network/theme-editor.php
wp-admin/network/theme-install.php
wp-admin/network/themes.php
wp-admin/network/update-core.php
wp-admin/network/update.php
wp-admin/network/upgrade.php
wp-admin/network/user-edit.php
wp-admin/network/user-new.php
wp-admin/network/users.php
wp-admin/options-discussion.php
wp-admin/options-general.php
wp-admin/options-head.php
wp-admin/options-media.php
wp-admin/options-permalink.php
wp-admin/options-privacy.php
wp-admin/options-reading.php
wp-admin/options-writing.php
wp-admin/options.php
wp-admin/plugin-editor.php
wp-admin/plugin-install.php
wp-admin/plugins.php
wp-admin/post-new.php
wp-admin/post.php
wp-admin/press-this.php
wp-admin/privacy-policy-guide.php
wp-admin/privacy.php
wp-admin/profile.php
wp-admin/revision.php
wp-admin/setup-config.php
wp-admin/site-editor.php
wp-admin/site-health-info.php
wp-admin/site-health.php
wp-admin/term.php
wp-admin/theme-editor.php
wp-admin/theme-install.php
wp-admin/themes.php
wp-admin/tools.php
wp-admin/update-core.php
wp-admin/update.php
wp-admin/upgrade-functions.php
wp-admin/upgrade.php
wp-admin/upload.php
wp-admin/user-edit.php
wp-admin/user-new.php
wp-admin/user/about.php
wp-admin/user/admin.php
wp-admin/user/contribute.php
wp-admin/user/credits.php
wp-admin/user/freedoms.php
wp-admin/user/index.php
wp-admin/user/menu.php
wp-admin/user/privacy.php
wp-admin/user/profile.php
wp-admin/user/user-edit.php
wp-admin/users.php
wp-admin/widgets-form-blocks.php
wp-admin/widgets-form.php
wp-admin/widgets.php
wp-blog-header.php
wp-comments-post.php
wp-config-sample.php
wp-config.php
wp-content/cache/page_optimize/page-optimize-cache-0fe7cf3a890ef9d13ac8437bc9595ba6
wp-content/cache/page_optimize/page-optimize-cache-2a42b9546ff8d234b2c1403709699726
wp-content/cache/page_optimize/page-optimize-cache-fcf47cfec656064113a332b3a36a8f05
wp-content/cache/page_optimize/page-optimize-cache-meta-0fe7cf3a890ef9d13ac8437bc9595ba6
wp-content/cache/page_optimize/page-optimize-cache-meta-2a42b9546ff8d234b2c1403709699726
wp-content/cache/page_optimize/page-optimize-cache-meta-fcf47cfec656064113a332b3a36a8f05
wp-content/database/.ht.sqlite
wp-content/db.php
wp-content/debug.log
wp-content/index.php
wp-content/mu-plugins/index.php
wp-content/mu-plugins/sqlite-database-integration/LICENSE
wp-content/mu-plugins/sqlite-database-integration/activate.php
wp-content/mu-plugins/sqlite-database-integration/admin-notices.php
wp-content/mu-plugins/sqlite-database-integration/admin-page.php
wp-content/mu-plugins/sqlite-database-integration/constants.php
wp-content/mu-plugins/sqlite-database-integration/db.copy
wp-content/mu-plugins/sqlite-database-integration/deactivate.php
wp-content/mu-plugins/sqlite-database-integration/health-check.php
wp-content/mu-plugins/sqlite-database-integration/load.php
wp-content/mu-plugins/sqlite-database-integration/php-polyfills.php
wp-content/mu-plugins/sqlite-database-integration/readme.txt
wp-content/mu-plugins/sqlite-database-integration/wp-includes/sqlite/class-wp-sqlite-db.php
wp-content/mu-plugins/sqlite-database-integration/wp-includes/sqlite/class-wp-sqlite-lexer.php
wp-content/mu-plugins/sqlite-database-integration/wp-includes/sqlite/class-wp-sqlite-pdo-user-defined-functions.php
wp-content/mu-plugins/sqlite-database-integration/wp-includes/sqlite/class-wp-sqlite-query-rewriter.php
wp-content/mu-plugins/sqlite-database-integration/wp-includes/sqlite/class-wp-sqlite-token.php
wp-content/mu-plugins/sqlite-database-integration/wp-includes/sqlite/class-wp-sqlite-translator.php
wp-content/mu-plugins/sqlite-database-integration/wp-includes/sqlite/db.php
wp-content/mu-plugins/sqlite-database-integration/wp-includes/sqlite/install-functions.php
wp-content/plugins/akismet/LICENSE.txt
wp-content/plugins/akismet/_inc/akismet-admin.css
wp-content/plugins/akismet/_inc/akismet-admin.js
wp-content/plugins/akismet/_inc/akismet-frontend.js
wp-content/plugins/akismet/_inc/akismet.css
wp-content/plugins/akismet/_inc/akismet.js
wp-content/plugins/akismet/_inc/fonts/inter.css
wp-content/plugins/akismet/_inc/img/akismet-activation-banner-elements.png
wp-content/plugins/akismet/_inc/img/akismet-refresh-logo.svg
wp-content/plugins/akismet/_inc/img/akismet-refresh-logo@2x.png
wp-content/plugins/akismet/_inc/img/arrow-left.svg
wp-content/plugins/akismet/_inc/img/logo-a-2x.png
wp-content/plugins/akismet/_inc/rtl/akismet-admin-rtl.css
wp-content/plugins/akismet/_inc/rtl/akismet-rtl.css
wp-content/plugins/akismet/akismet.php
wp-content/plugins/akismet/changelog.txt
wp-content/plugins/akismet/class-akismet-compatible-plugins.php
wp-content/plugins/akismet/class.akismet-admin.php
wp-content/plugins/akismet/class.akismet-cli.php
wp-content/plugins/akismet/class.akismet-rest-api.php
wp-content/plugins/akismet/class.akismet-widget.php
wp-content/plugins/akismet/class.akismet.php
wp-content/plugins/akismet/index.php
wp-content/plugins/akismet/readme.txt
wp-content/plugins/akismet/views/activate.php
wp-content/plugins/akismet/views/compatible-plugins.php
wp-content/plugins/akismet/views/config.php
wp-content/plugins/akismet/views/connect-jp.php
wp-content/plugins/akismet/views/enter.php
wp-content/plugins/akismet/views/get.php
wp-content/plugins/akismet/views/logo.php
wp-content/plugins/akismet/views/notice.php
wp-content/plugins/akismet/views/predefined.php
wp-content/plugins/akismet/views/setup.php
wp-content/plugins/akismet/views/start.php
wp-content/plugins/akismet/views/stats.php
wp-content/plugins/akismet/views/title.php
wp-content/plugins/akismet/wrapper.php
wp-content/plugins/better-search-replace/LICENSE.txt
wp-content/plugins/better-search-replace/README.txt
wp-content/plugins/better-search-replace/assets/css/better-search-replace.css
wp-content/plugins/better-search-replace/assets/css/better-search-replace.min.css
wp-content/plugins/better-search-replace/assets/css/images/ui-bg_diagonals-thick_18_b81900_40x40.png
wp-content/plugins/better-search-replace/assets/css/images/ui-bg_diagonals-thick_20_666666_40x40.png
wp-content/plugins/better-search-replace/assets/css/images/ui-bg_flat_10_000000_40x100.png
wp-content/plugins/better-search-replace/assets/css/images/ui-bg_glass_100_f6f6f6_1x400.png
wp-content/plugins/better-search-replace/assets/css/images/ui-bg_glass_100_fdf5ce_1x400.png
wp-content/plugins/better-search-replace/assets/css/images/ui-bg_glass_65_ffffff_1x400.png
wp-content/plugins/better-search-replace/assets/css/images/ui-bg_gloss-wave_35_f6a828_500x100.png
wp-content/plugins/better-search-replace/assets/css/images/ui-bg_highlight-soft_100_eeeeee_1x100.png
wp-content/plugins/better-search-replace/assets/css/images/ui-bg_highlight-soft_75_ffe45c_1x100.png
wp-content/plugins/better-search-replace/assets/css/images/ui-icons_222222_256x240.png
wp-content/plugins/better-search-replace/assets/css/images/ui-icons_228ef1_256x240.png
wp-content/plugins/better-search-replace/assets/css/images/ui-icons_ef8c08_256x240.png
wp-content/plugins/better-search-replace/assets/css/images/ui-icons_ffd27a_256x240.png
wp-content/plugins/better-search-replace/assets/css/images/ui-icons_ffffff_256x240.png
wp-content/plugins/better-search-replace/assets/css/jquery-ui.min.css
wp-content/plugins/better-search-replace/assets/img/bsr-logo-white.svg
wp-content/plugins/better-search-replace/assets/img/phil-gravatar.jpeg
wp-content/plugins/better-search-replace/assets/img/sidebar-upgrade.png
wp-content/plugins/better-search-replace/assets/index.php
wp-content/plugins/better-search-replace/assets/js/better-search-replace.js
wp-content/plugins/better-search-replace/assets/js/better-search-replace.min.js
wp-content/plugins/better-search-replace/assets/js/better-search-replace.min.js.map
wp-content/plugins/better-search-replace/assets/svg/icon-arrow.svg
wp-content/plugins/better-search-replace/assets/svg/icon-checkmark.svg
wp-content/plugins/better-search-replace/assets/svg/icon-help.svg
wp-content/plugins/better-search-replace/assets/svg/icon-upgrade.svg
wp-content/plugins/better-search-replace/assets/svg/logo-bsr.svg
wp-content/plugins/better-search-replace/assets/svg/mdb-birds.svg
wp-content/plugins/better-search-replace/better-search-replace.php
wp-content/plugins/better-search-replace/includes/class-bsr-admin.php
wp-content/plugins/better-search-replace/includes/class-bsr-ajax.php
wp-content/plugins/better-search-replace/includes/class-bsr-compatibility.php
wp-content/plugins/better-search-replace/includes/class-bsr-db.php
wp-content/plugins/better-search-replace/includes/class-bsr-i18n.php
wp-content/plugins/better-search-replace/includes/class-bsr-loader.php
wp-content/plugins/better-search-replace/includes/class-bsr-main.php
wp-content/plugins/better-search-replace/includes/class-bsr-plugin-footer.php
wp-content/plugins/better-search-replace/includes/class-bsr-templates-helper.php
wp-content/plugins/better-search-replace/includes/class-bsr-utils.php
wp-content/plugins/better-search-replace/includes/index.php
wp-content/plugins/better-search-replace/index.php
wp-content/plugins/better-search-replace/languages/better-search-replace-de_DE.mo
wp-content/plugins/better-search-replace/languages/better-search-replace-de_DE.po
wp-content/plugins/better-search-replace/languages/better-search-replace-es_ES.mo
wp-content/plugins/better-search-replace/languages/better-search-replace-es_ES.po
wp-content/plugins/better-search-replace/languages/better-search-replace-fr_FR.mo
wp-content/plugins/better-search-replace/languages/better-search-replace-fr_FR.po
wp-content/plugins/better-search-replace/languages/better-search-replace.pot
wp-content/plugins/better-search-replace/templates/bsr-dashboard.php
wp-content/plugins/better-search-replace/templates/bsr-help.php
wp-content/plugins/better-search-replace/templates/bsr-search-replace.php
wp-content/plugins/better-search-replace/templates/bsr-settings.php
wp-content/plugins/better-search-replace/templates/sidebar.php
wp-content/plugins/better-search-replace/vendor/brumann/polyfill-unserialize/LICENSE
wp-content/plugins/better-search-replace/vendor/brumann/polyfill-unserialize/src/DisallowedClassesSubstitutor.php
wp-content/plugins/better-search-replace/vendor/brumann/polyfill-unserialize/src/Unserialize.php
wp-content/plugins/classic-editor/LICENSE.md
wp-content/plugins/classic-editor/classic-editor.php
wp-content/plugins/classic-editor/js/block-editor-plugin.js
wp-content/plugins/classic-editor/readme.txt
wp-content/plugins/classic-editor/scripts/post.js
wp-content/plugins/classic-editor/scripts/post.min.js
wp-content/plugins/code-snippets/CHANGELOG.md
wp-content/plugins/code-snippets/assets/icon.svg
wp-content/plugins/code-snippets/assets/menu-icon.svg
wp-content/plugins/code-snippets/code-snippets.php
wp-content/plugins/code-snippets/css/common/_editor.scss
wp-content/plugins/code-snippets/css/common/_theme.scss
wp-content/plugins/code-snippets/css/common/_type-badges.scss
wp-content/plugins/code-snippets/css/edit.scss
wp-content/plugins/code-snippets/css/edit/_gpt.scss
wp-content/plugins/code-snippets/css/edit/_tags.scss
wp-content/plugins/code-snippets/css/edit/_tooltips.scss
wp-content/plugins/code-snippets/css/edit/_types.scss
wp-content/plugins/code-snippets/css/edit/_upgrade-dialog.scss
wp-content/plugins/code-snippets/css/manage.scss
wp-content/plugins/code-snippets/css/manage/_cloud.scss
wp-content/plugins/code-snippets/css/menu-button.scss
wp-content/plugins/code-snippets/css/prism.scss
wp-content/plugins/code-snippets/css/settings.scss
wp-content/plugins/code-snippets/css/welcome.scss
wp-content/plugins/code-snippets/dist/edit-rtl.css
wp-content/plugins/code-snippets/dist/edit.css
wp-content/plugins/code-snippets/dist/edit.js
wp-content/plugins/code-snippets/dist/edit.js.LICENSE.txt
wp-content/plugins/code-snippets/dist/editor-themes/3024-day.css
wp-content/plugins/code-snippets/dist/editor-themes/3024-night.css
wp-content/plugins/code-snippets/dist/editor-themes/abbott.css
wp-content/plugins/code-snippets/dist/editor-themes/abcdef.css
wp-content/plugins/code-snippets/dist/editor-themes/ambiance-mobile.css
wp-content/plugins/code-snippets/dist/editor-themes/ambiance.css
wp-content/plugins/code-snippets/dist/editor-themes/ayu-dark.css
wp-content/plugins/code-snippets/dist/editor-themes/ayu-mirage.css
wp-content/plugins/code-snippets/dist/editor-themes/base16-dark.css
wp-content/plugins/code-snippets/dist/editor-themes/base16-light.css
wp-content/plugins/code-snippets/dist/editor-themes/bespin.css
wp-content/plugins/code-snippets/dist/editor-themes/blackboard.css
wp-content/plugins/code-snippets/dist/editor-themes/cobalt.css
wp-content/plugins/code-snippets/dist/editor-themes/colorforth.css
wp-content/plugins/code-snippets/dist/editor-themes/darcula.css
wp-content/plugins/code-snippets/dist/editor-themes/dracula.css
wp-content/plugins/code-snippets/dist/editor-themes/duotone-dark.css
wp-content/plugins/code-snippets/dist/editor-themes/duotone-light.css
wp-content/plugins/code-snippets/dist/editor-themes/eclipse.css
wp-content/plugins/code-snippets/dist/editor-themes/elegant.css
wp-content/plugins/code-snippets/dist/editor-themes/erlang-dark.css
wp-content/plugins/code-snippets/dist/editor-themes/gruvbox-dark.css
wp-content/plugins/code-snippets/dist/editor-themes/hopscotch.css
wp-content/plugins/code-snippets/dist/editor-themes/icecoder.css
wp-content/plugins/code-snippets/dist/editor-themes/idea.css
wp-content/plugins/code-snippets/dist/editor-themes/isotope.css
wp-content/plugins/code-snippets/dist/editor-themes/juejin.css
wp-content/plugins/code-snippets/dist/editor-themes/lesser-dark.css
wp-content/plugins/code-snippets/dist/editor-themes/liquibyte.css
wp-content/plugins/code-snippets/dist/editor-themes/lucario.css
wp-content/plugins/code-snippets/dist/editor-themes/material-darker.css
wp-content/plugins/code-snippets/dist/editor-themes/material-ocean.css
wp-content/plugins/code-snippets/dist/editor-themes/material-palenight.css
wp-content/plugins/code-snippets/dist/editor-themes/material.css
wp-content/plugins/code-snippets/dist/editor-themes/mbo.css
wp-content/plugins/code-snippets/dist/editor-themes/mdn-like.css
wp-content/plugins/code-snippets/dist/editor-themes/midnight.css
wp-content/plugins/code-snippets/dist/editor-themes/monokai.css
wp-content/plugins/code-snippets/dist/editor-themes/moxer.css
wp-content/plugins/code-snippets/dist/editor-themes/neat.css
wp-content/plugins/code-snippets/dist/editor-themes/neo.css
wp-content/plugins/code-snippets/dist/editor-themes/night.css
wp-content/plugins/code-snippets/dist/editor-themes/nord.css
wp-content/plugins/code-snippets/dist/editor-themes/oceanic-next.css
wp-content/plugins/code-snippets/dist/editor-themes/panda-syntax.css
wp-content/plugins/code-snippets/dist/editor-themes/paraiso-dark.css
wp-content/plugins/code-snippets/dist/editor-themes/paraiso-light.css
wp-content/plugins/code-snippets/dist/editor-themes/pastel-on-dark.css
wp-content/plugins/code-snippets/dist/editor-themes/railscasts.css
wp-content/plugins/code-snippets/dist/editor-themes/rubyblue.css
wp-content/plugins/code-snippets/dist/editor-themes/seti.css
wp-content/plugins/code-snippets/dist/editor-themes/shadowfox.css
wp-content/plugins/code-snippets/dist/editor-themes/solarized.css
wp-content/plugins/code-snippets/dist/editor-themes/ssms.css
wp-content/plugins/code-snippets/dist/editor-themes/the-matrix.css
wp-content/plugins/code-snippets/dist/editor-themes/tomorrow-night-bright.css
wp-content/plugins/code-snippets/dist/editor-themes/tomorrow-night-eighties.css
wp-content/plugins/code-snippets/dist/editor-themes/ttcn.css
wp-content/plugins/code-snippets/dist/editor-themes/twilight.css
wp-content/plugins/code-snippets/dist/editor-themes/vibrant-ink.css
wp-content/plugins/code-snippets/dist/editor-themes/xq-dark.css
wp-content/plugins/code-snippets/dist/editor-themes/xq-light.css
wp-content/plugins/code-snippets/dist/editor-themes/yeti.css
wp-content/plugins/code-snippets/dist/editor-themes/yonce.css
wp-content/plugins/code-snippets/dist/editor-themes/zenburn.css
wp-content/plugins/code-snippets/dist/editor.js
wp-content/plugins/code-snippets/dist/editor.js.LICENSE.txt
wp-content/plugins/code-snippets/dist/manage-rtl.css
wp-content/plugins/code-snippets/dist/manage.css
wp-content/plugins/code-snippets/dist/manage.js
wp-content/plugins/code-snippets/dist/manage.js.LICENSE.txt
wp-content/plugins/code-snippets/dist/mce.js
wp-content/plugins/code-snippets/dist/menu-button.css
wp-content/plugins/code-snippets/dist/prism.css
wp-content/plugins/code-snippets/dist/prism.js
wp-content/plugins/code-snippets/dist/prism.js.LICENSE.txt
wp-content/plugins/code-snippets/dist/settings.css
wp-content/plugins/code-snippets/dist/settings.js
wp-content/plugins/code-snippets/dist/welcome.css
wp-content/plugins/code-snippets/js/components/SnippetForm/SnippetEditor/CodeEditor.tsx
wp-content/plugins/code-snippets/js/components/SnippetForm/SnippetEditor/CodeEditorShortcuts.tsx
wp-content/plugins/code-snippets/js/components/SnippetForm/SnippetEditor/SnippetEditor.tsx
wp-content/plugins/code-snippets/js/components/SnippetForm/SnippetEditor/SnippetEditorToolbar.tsx
wp-content/plugins/code-snippets/js/components/SnippetForm/SnippetForm.tsx
wp-content/plugins/code-snippets/js/components/SnippetForm/buttons/ActionButtons.tsx
wp-content/plugins/code-snippets/js/components/SnippetForm/buttons/DeleteButton.tsx
wp-content/plugins/code-snippets/js/components/SnippetForm/buttons/ExportButtons.tsx
wp-content/plugins/code-snippets/js/components/SnippetForm/buttons/SubmitButtons.tsx
wp-content/plugins/code-snippets/js/components/SnippetForm/fields/DescriptionEditor.tsx
wp-content/plugins/code-snippets/js/components/SnippetForm/fields/MultisiteSharingSettings.tsx
wp-content/plugins/code-snippets/js/components/SnippetForm/fields/NameInput.tsx
wp-content/plugins/code-snippets/js/components/SnippetForm/fields/PriorityInput.tsx
wp-content/plugins/code-snippets/js/components/SnippetForm/fields/ScopeInput.tsx
wp-content/plugins/code-snippets/js/components/SnippetForm/fields/TagsInput.tsx
wp-content/plugins/code-snippets/js/components/SnippetForm/index.ts
wp-content/plugins/code-snippets/js/components/SnippetForm/page/Notices.tsx
wp-content/plugins/code-snippets/js/components/SnippetForm/page/PageHeading.tsx
wp-content/plugins/code-snippets/js/components/SnippetForm/page/UpgradeDialog.tsx
wp-content/plugins/code-snippets/js/components/TagEditor/SuggestionList.tsx
wp-content/plugins/code-snippets/js/components/TagEditor/TagEditor.tsx
wp-content/plugins/code-snippets/js/components/TagEditor/TagList.tsx
wp-content/plugins/code-snippets/js/components/TagEditor/index.ts
wp-content/plugins/code-snippets/js/components/common/Button.tsx
wp-content/plugins/code-snippets/js/components/common/ConfirmDialog.tsx
wp-content/plugins/code-snippets/js/components/common/CopyToClipboardButton.tsx
wp-content/plugins/code-snippets/js/edit.tsx
wp-content/plugins/code-snippets/js/editor.ts
wp-content/plugins/code-snippets/js/hooks/useAxios.ts
wp-content/plugins/code-snippets/js/hooks/useSnippetForm.tsx
wp-content/plugins/code-snippets/js/hooks/useSnippetSubmit.ts
wp-content/plugins/code-snippets/js/hooks/useSnippets.ts
wp-content/plugins/code-snippets/js/manage.ts
wp-content/plugins/code-snippets/js/mce.ts
wp-content/plugins/code-snippets/js/prism.ts
wp-content/plugins/code-snippets/js/services/manage/activation.ts
wp-content/plugins/code-snippets/js/services/manage/cloud.ts
wp-content/plugins/code-snippets/js/services/manage/index.ts
wp-content/plugins/code-snippets/js/services/manage/priority.ts
wp-content/plugins/code-snippets/js/services/manage/requests.ts
wp-content/plugins/code-snippets/js/services/settings/editor-preview.ts
wp-content/plugins/code-snippets/js/services/settings/index.ts
wp-content/plugins/code-snippets/js/services/settings/tabs.ts
wp-content/plugins/code-snippets/js/settings.ts
wp-content/plugins/code-snippets/js/types/KeyboardShortcut.ts
wp-content/plugins/code-snippets/js/types/ScreenNotice.ts
wp-content/plugins/code-snippets/js/types/SelectOption.ts
wp-content/plugins/code-snippets/js/types/Shortcodes.ts
wp-content/plugins/code-snippets/js/types/Snippet.ts
wp-content/plugins/code-snippets/js/types/SnippetsExport.ts
wp-content/plugins/code-snippets/js/types/Window.ts
wp-content/plugins/code-snippets/js/types/WordPressCodeEditor.ts
wp-content/plugins/code-snippets/js/types/WordPressEditor.ts
wp-content/plugins/code-snippets/js/types/wp/Page.ts
wp-content/plugins/code-snippets/js/types/wp/Post.ts
wp-content/plugins/code-snippets/js/types/wp/PostType.ts
wp-content/plugins/code-snippets/js/types/wp/Term.ts
wp-content/plugins/code-snippets/js/types/wp/User.ts
wp-content/plugins/code-snippets/js/utils/Linter.ts
wp-content/plugins/code-snippets/js/utils/errors.ts
wp-content/plugins/code-snippets/js/utils/files.ts
wp-content/plugins/code-snippets/js/utils/general.ts
wp-content/plugins/code-snippets/js/utils/restAPI.ts
wp-content/plugins/code-snippets/js/utils/shortcodes.ts
wp-content/plugins/code-snippets/js/utils/snippets.ts
wp-content/plugins/code-snippets/js/utils/text.ts
wp-content/plugins/code-snippets/license.txt
wp-content/plugins/code-snippets/php/admin-menus/class-admin-menu.php
wp-content/plugins/code-snippets/php/admin-menus/class-edit-menu.php
wp-content/plugins/code-snippets/php/admin-menus/class-import-menu.php
wp-content/plugins/code-snippets/php/admin-menus/class-manage-menu.php
wp-content/plugins/code-snippets/php/admin-menus/class-settings-menu.php
wp-content/plugins/code-snippets/php/admin-menus/class-welcome-menu.php
wp-content/plugins/code-snippets/php/class-active-snippets.php
wp-content/plugins/code-snippets/php/class-admin.php
wp-content/plugins/code-snippets/php/class-contextual-help.php
wp-content/plugins/code-snippets/php/class-data-item.php
wp-content/plugins/code-snippets/php/class-db.php
wp-content/plugins/code-snippets/php/class-licensing.php
wp-content/plugins/code-snippets/php/class-list-table.php
wp-content/plugins/code-snippets/php/class-plugin.php
wp-content/plugins/code-snippets/php/class-snippet.php
wp-content/plugins/code-snippets/php/class-upgrade.php
wp-content/plugins/code-snippets/php/class-validator.php
wp-content/plugins/code-snippets/php/class-welcome-api.php
wp-content/plugins/code-snippets/php/cloud/class-cloud-api.php
wp-content/plugins/code-snippets/php/cloud/class-cloud-link.php
wp-content/plugins/code-snippets/php/cloud/class-cloud-search-list-table.php
wp-content/plugins/code-snippets/php/cloud/class-cloud-snippet.php
wp-content/plugins/code-snippets/php/cloud/class-cloud-snippets.php
wp-content/plugins/code-snippets/php/cloud/list-table-shared-ops.php
wp-content/plugins/code-snippets/php/deactivation-notice.php
wp-content/plugins/code-snippets/php/editor.php
wp-content/plugins/code-snippets/php/export/class-export-attachment.php
wp-content/plugins/code-snippets/php/export/class-export.php
wp-content/plugins/code-snippets/php/export/class-import.php
wp-content/plugins/code-snippets/php/front-end/class-front-end.php
wp-content/plugins/code-snippets/php/front-end/mce-strings.php
wp-content/plugins/code-snippets/php/load.php
wp-content/plugins/code-snippets/php/rest-api/class-snippets-rest-controller.php
wp-content/plugins/code-snippets/php/settings/class-setting-field.php
wp-content/plugins/code-snippets/php/settings/editor-preview.php
wp-content/plugins/code-snippets/php/settings/settings-fields.php
wp-content/plugins/code-snippets/php/settings/settings.php
wp-content/plugins/code-snippets/php/snippet-ops.php
wp-content/plugins/code-snippets/php/strings.php
wp-content/plugins/code-snippets/php/uninstall.php
wp-content/plugins/code-snippets/php/views/import.php
wp-content/plugins/code-snippets/php/views/manage.php
wp-content/plugins/code-snippets/php/views/partials/cloud-search.php
wp-content/plugins/code-snippets/php/views/partials/list-table-notices.php
wp-content/plugins/code-snippets/php/views/partials/list-table.php
wp-content/plugins/code-snippets/php/views/welcome.php
wp-content/plugins/code-snippets/readme.txt
wp-content/plugins/code-snippets/uninstall.php
wp-content/plugins/code-snippets/vendor/autoload.php
wp-content/plugins/code-snippets/vendor/composer/ClassLoader.php
wp-content/plugins/code-snippets/vendor/composer/InstalledVersions.php
wp-content/plugins/code-snippets/vendor/composer/LICENSE
wp-content/plugins/code-snippets/vendor/composer/autoload_classmap.php
wp-content/plugins/code-snippets/vendor/composer/autoload_namespaces.php
wp-content/plugins/code-snippets/vendor/composer/autoload_psr4.php
wp-content/plugins/code-snippets/vendor/composer/autoload_real.php
wp-content/plugins/code-snippets/vendor/composer/autoload_static.php
wp-content/plugins/code-snippets/vendor/composer/installed.json
wp-content/plugins/code-snippets/vendor/composer/installed.php
wp-content/plugins/code-snippets/vendor/composer/installers/LICENSE
wp-content/plugins/code-snippets/vendor/composer/installers/composer.json
wp-content/plugins/code-snippets/vendor/composer/installers/src/Composer/Installers/AglInstaller.php
wp-content/plugins/code-snippets/vendor/composer/installers/src/Composer/Installers/AkauntingInstaller.php
wp-content/plugins/code-snippets/vendor/composer/installers/src/Composer/Installers/AnnotateCmsInstaller.php
wp-content/plugins/code-snippets/vendor/composer/installers/src/Composer/Installers/AsgardInstaller.php
wp-content/plugins/code-snippets/vendor/composer/installers/src/Composer/Installers/AttogramInstaller.php
wp-content/plugins/code-snippets/vendor/composer/installers/src/Composer/Installers/BaseInstaller.php
wp-content/plugins/code-snippets/vendor/composer/installers/src/Composer/Installers/BitrixInstaller.php
wp-content/plugins/code-snippets/vendor/composer/installers/src/Composer/Installers/BonefishInstaller.php
wp-content/plugins/code-snippets/vendor/composer/installers/src/Composer/Installers/BotbleInstaller.php
wp-content/plugins/code-snippets/vendor/composer/installers/src/Composer/Installers/CakePHPInstaller.php
wp-content/plugins/code-snippets/vendor/composer/installers/src/Composer/Installers/ChefInstaller.php
wp-content/plugins/code-snippets/vendor/composer/installers/src/Composer/Installers/CiviCrmInstaller.php
wp-content/plugins/code-snippets/vendor/composer/installers/src/Composer/Installers/ClanCatsFrameworkInstaller.php
wp-content/plugins/code-snippets/vendor/composer/installers/src/Composer/Installers/CockpitInstaller.php
wp-content/plugins/code-snippets/vendor/composer/installers/src/Composer/Installers/CodeIgniterInstaller.php
wp-content/plugins/code-snippets/vendor/composer/installers/src/Composer/Installers/Concrete5Installer.php
wp-content/plugins/code-snippets/vendor/composer/installers/src/Composer/Installers/ConcreteCMSInstaller.php
wp-content/plugins/code-snippets/vendor/composer/installers/src/Composer/Installers/CroogoInstaller.php
wp-content/plugins/code-snippets/vendor/composer/installers/src/Composer/Installers/DecibelInstaller.php
wp-content/plugins/code-snippets/vendor/composer/installers/src/Composer/Installers/DframeInstaller.php
wp-content/plugins/code-snippets/vendor/composer/installers/src/Composer/Installers/DokuWikiInstaller.php
wp-content/plugins/code-snippets/vendor/composer/installers/src/Composer/Installers/DolibarrInstaller.php
wp-content/plugins/code-snippets/vendor/composer/installers/src/Composer/Installers/DrupalInstaller.php
wp-content/plugins/code-snippets/vendor/composer/installers/src/Composer/Installers/ElggInstaller.php
wp-content/plugins/code-snippets/vendor/composer/installers/src/Composer/Installers/EliasisInstaller.php
wp-content/plugins/code-snippets/vendor/composer/installers/src/Composer/Installers/ExpressionEngineInstaller.php
wp-content/plugins/code-snippets/vendor/composer/installers/src/Composer/Installers/EzPlatformInstaller.php
wp-content/plugins/code-snippets/vendor/composer/installers/src/Composer/Installers/ForkCMSInstaller.php
wp-content/plugins/code-snippets/vendor/composer/installers/src/Composer/Installers/FuelInstaller.php
wp-content/plugins/code-snippets/vendor/composer/installers/src/Composer/Installers/FuelphpInstaller.php
wp-content/plugins/code-snippets/vendor/composer/installers/src/Composer/Installers/GravInstaller.php
wp-content/plugins/code-snippets/vendor/composer/installers/src/Composer/Installers/HuradInstaller.php
wp-content/plugins/code-snippets/vendor/composer/installers/src/Composer/Installers/ImageCMSInstaller.php
wp-content/plugins/code-snippets/vendor/composer/installers/src/Composer/Installers/Installer.php
wp-content/plugins/code-snippets/vendor/composer/installers/src/Composer/Installers/ItopInstaller.php
wp-content/plugins/code-snippets/vendor/composer/installers/src/Composer/Installers/KanboardInstaller.php
wp-content/plugins/code-snippets/vendor/composer/installers/src/Composer/Installers/KnownInstaller.php
wp-content/plugins/code-snippets/vendor/composer/installers/src/Composer/Installers/KodiCMSInstaller.php
wp-content/plugins/code-snippets/vendor/composer/installers/src/Composer/Installers/KohanaInstaller.php
wp-content/plugins/code-snippets/vendor/composer/installers/src/Composer/Installers/LanManagementSystemInstaller.php
wp-content/plugins/code-snippets/vendor/composer/installers/src/Composer/Installers/LaravelInstaller.php
wp-content/plugins/code-snippets/vendor/composer/installers/src/Composer/Installers/LavaLiteInstaller.php
wp-content/plugins/code-snippets/vendor/composer/installers/src/Composer/Installers/LithiumInstaller.php
wp-content/plugins/code-snippets/vendor/composer/installers/src/Composer/Installers/MODULEWorkInstaller.php
wp-content/plugins/code-snippets/vendor/composer/installers/src/Composer/Installers/MODXEvoInstaller.php
wp-content/plugins/code-snippets/vendor/composer/installers/src/Composer/Installers/MagentoInstaller.php
wp-content/plugins/code-snippets/vendor/composer/installers/src/Composer/Installers/MajimaInstaller.php
wp-content/plugins/code-snippets/vendor/composer/installers/src/Composer/Installers/MakoInstaller.php
wp-content/plugins/code-snippets/vendor/composer/installers/src/Composer/Installers/MantisBTInstaller.php
wp-content/plugins/code-snippets/vendor/composer/installers/src/Composer/Installers/MatomoInstaller.php
wp-content/plugins/code-snippets/vendor/composer/installers/src/Composer/Installers/MauticInstaller.php
wp-content/plugins/code-snippets/vendor/composer/installers/src/Composer/Installers/MayaInstaller.php
wp-content/plugins/code-snippets/vendor/composer/installers/src/Composer/Installers/MediaWikiInstaller.php
wp-content/plugins/code-snippets/vendor/composer/installers/src/Composer/Installers/MiaoxingInstaller.php
wp-content/plugins/code-snippets/vendor/composer/installers/src/Composer/Installers/MicroweberInstaller.php
wp-content/plugins/code-snippets/vendor/composer/installers/src/Composer/Installers/ModxInstaller.php
wp-content/plugins/code-snippets/vendor/composer/installers/src/Composer/Installers/MoodleInstaller.php
wp-content/plugins/code-snippets/vendor/composer/installers/src/Composer/Installers/OctoberInstaller.php
wp-content/plugins/code-snippets/vendor/composer/installers/src/Composer/Installers/OntoWikiInstaller.php
wp-content/plugins/code-snippets/vendor/composer/installers/src/Composer/Installers/OsclassInstaller.php
wp-content/plugins/code-snippets/vendor/composer/installers/src/Composer/Installers/OxidInstaller.php
wp-content/plugins/code-snippets/vendor/composer/installers/src/Composer/Installers/PPIInstaller.php
wp-content/plugins/code-snippets/vendor/composer/installers/src/Composer/Installers/PantheonInstaller.php
wp-content/plugins/code-snippets/vendor/composer/installers/src/Composer/Installers/PhiftyInstaller.php
wp-content/plugins/code-snippets/vendor/composer/installers/src/Composer/Installers/PhpBBInstaller.php
wp-content/plugins/code-snippets/vendor/composer/installers/src/Composer/Installers/PiwikInstaller.php
wp-content/plugins/code-snippets/vendor/composer/installers/src/Composer/Installers/PlentymarketsInstaller.php
wp-content/plugins/code-snippets/vendor/composer/installers/src/Composer/Installers/Plugin.php
wp-content/plugins/code-snippets/vendor/composer/installers/src/Composer/Installers/PortoInstaller.php
wp-content/plugins/code-snippets/vendor/composer/installers/src/Composer/Installers/PrestashopInstaller.php
wp-content/plugins/code-snippets/vendor/composer/installers/src/Composer/Installers/ProcessWireInstaller.php
wp-content/plugins/code-snippets/vendor/composer/installers/src/Composer/Installers/PuppetInstaller.php
wp-content/plugins/code-snippets/vendor/composer/installers/src/Composer/Installers/PxcmsInstaller.php
wp-content/plugins/code-snippets/vendor/composer/installers/src/Composer/Installers/RadPHPInstaller.php
wp-content/plugins/code-snippets/vendor/composer/installers/src/Composer/Installers/ReIndexInstaller.php
wp-content/plugins/code-snippets/vendor/composer/installers/src/Composer/Installers/Redaxo5Installer.php
wp-content/plugins/code-snippets/vendor/composer/installers/src/Composer/Installers/RedaxoInstaller.php
wp-content/plugins/code-snippets/vendor/composer/installers/src/Composer/Installers/RoundcubeInstaller.php
wp-content/plugins/code-snippets/vendor/composer/installers/src/Composer/Installers/SMFInstaller.php
wp-content/plugins/code-snippets/vendor/composer/installers/src/Composer/Installers/ShopwareInstaller.php
wp-content/plugins/code-snippets/vendor/composer/installers/src/Composer/Installers/SilverStripeInstaller.php
wp-content/plugins/code-snippets/vendor/composer/installers/src/Composer/Installers/SiteDirectInstaller.php
wp-content/plugins/code-snippets/vendor/composer/installers/src/Composer/Installers/StarbugInstaller.php
wp-content/plugins/code-snippets/vendor/composer/installers/src/Composer/Installers/SyDESInstaller.php
wp-content/plugins/code-snippets/vendor/composer/installers/src/Composer/Installers/SyliusInstaller.php
wp-content/plugins/code-snippets/vendor/composer/installers/src/Composer/Installers/TaoInstaller.php
wp-content/plugins/code-snippets/vendor/composer/installers/src/Composer/Installers/TastyIgniterInstaller.php
wp-content/plugins/code-snippets/vendor/composer/installers/src/Composer/Installers/TheliaInstaller.php
wp-content/plugins/code-snippets/vendor/composer/installers/src/Composer/Installers/TuskInstaller.php
wp-content/plugins/code-snippets/vendor/composer/installers/src/Composer/Installers/UserFrostingInstaller.php
wp-content/plugins/code-snippets/vendor/composer/installers/src/Composer/Installers/VanillaInstaller.php
wp-content/plugins/code-snippets/vendor/composer/installers/src/Composer/Installers/VgmcpInstaller.php
wp-content/plugins/code-snippets/vendor/composer/installers/src/Composer/Installers/WHMCSInstaller.php
wp-content/plugins/code-snippets/vendor/composer/installers/src/Composer/Installers/WinterInstaller.php
wp-content/plugins/code-snippets/vendor/composer/installers/src/Composer/Installers/WolfCMSInstaller.php
wp-content/plugins/code-snippets/vendor/composer/installers/src/Composer/Installers/WordPressInstaller.php
wp-content/plugins/code-snippets/vendor/composer/installers/src/Composer/Installers/YawikInstaller.php
wp-content/plugins/code-snippets/vendor/composer/installers/src/Composer/Installers/ZendInstaller.php
wp-content/plugins/code-snippets/vendor/composer/installers/src/Composer/Installers/ZikulaInstaller.php
wp-content/plugins/code-snippets/vendor/composer/installers/src/bootstrap.php
wp-content/plugins/code-snippets/vendor/composer/platform_check.php
wp-content/plugins/crowdsignal-forms/LICENSE.TXT
wp-content/plugins/crowdsignal-forms/README.TXT
wp-content/plugins/crowdsignal-forms/build/apifetch.asset.php
wp-content/plugins/crowdsignal-forms/build/apifetch.js
wp-content/plugins/crowdsignal-forms/build/applause.asset.php
wp-content/plugins/crowdsignal-forms/build/applause.css
wp-content/plugins/crowdsignal-forms/build/applause.js
wp-content/plugins/crowdsignal-forms/build/editor.asset.php
wp-content/plugins/crowdsignal-forms/build/editor.css
wp-content/plugins/crowdsignal-forms/build/editor.js
wp-content/plugins/crowdsignal-forms/build/feedback.asset.php
wp-content/plugins/crowdsignal-forms/build/feedback.css
wp-content/plugins/crowdsignal-forms/build/feedback.js
wp-content/plugins/crowdsignal-forms/build/nps.asset.php
wp-content/plugins/crowdsignal-forms/build/nps.css
wp-content/plugins/crowdsignal-forms/build/nps.js
wp-content/plugins/crowdsignal-forms/build/poll.asset.php
wp-content/plugins/crowdsignal-forms/build/poll.css
wp-content/plugins/crowdsignal-forms/build/poll.js
wp-content/plugins/crowdsignal-forms/build/rtl/applause-rtl.css
wp-content/plugins/crowdsignal-forms/build/rtl/editor-rtl.css
wp-content/plugins/crowdsignal-forms/build/rtl/feedback-rtl.css
wp-content/plugins/crowdsignal-forms/build/rtl/nps-rtl.css
wp-content/plugins/crowdsignal-forms/build/rtl/poll-rtl.css
wp-content/plugins/crowdsignal-forms/build/rtl/vote-rtl.css
wp-content/plugins/crowdsignal-forms/build/vote.asset.php
wp-content/plugins/crowdsignal-forms/build/vote.css
wp-content/plugins/crowdsignal-forms/build/vote.js
wp-content/plugins/crowdsignal-forms/changelog.txt
wp-content/plugins/crowdsignal-forms/crowdsignal-forms.php
wp-content/plugins/crowdsignal-forms/includes/admin/admin-styles.css
wp-content/plugins/crowdsignal-forms/includes/admin/class-admin-hooks.php
wp-content/plugins/crowdsignal-forms/includes/admin/class-crowdsignal-forms-admin-notices.php
wp-content/plugins/crowdsignal-forms/includes/admin/class-crowdsignal-forms-admin.php
wp-content/plugins/crowdsignal-forms/includes/admin/class-crowdsignal-forms-notice-icon.php
wp-content/plugins/crowdsignal-forms/includes/admin/class-crowdsignal-forms-settings.php
wp-content/plugins/crowdsignal-forms/includes/admin/class-crowdsignal-forms-setup.php
wp-content/plugins/crowdsignal-forms/includes/admin/index.php
wp-content/plugins/crowdsignal-forms/includes/admin/rtl/admin-styles-rtl.css
wp-content/plugins/crowdsignal-forms/includes/admin/views/html-admin-dashboard-teaser.php
wp-content/plugins/crowdsignal-forms/includes/admin/views/html-admin-notice-core-setup.php
wp-content/plugins/crowdsignal-forms/includes/admin/views/html-admin-settings.php
wp-content/plugins/crowdsignal-forms/includes/admin/views/html-admin-setup-footer.php
wp-content/plugins/crowdsignal-forms/includes/admin/views/html-admin-setup-header.php
wp-content/plugins/crowdsignal-forms/includes/admin/views/html-admin-setup-step-1.php
wp-content/plugins/crowdsignal-forms/includes/admin/views/html-admin-setup-step-2.php
wp-content/plugins/crowdsignal-forms/includes/admin/views/html-admin-setup-step-3.php
wp-content/plugins/crowdsignal-forms/includes/auth/class-api-auth-provider-interface.php
wp-content/plugins/crowdsignal-forms/includes/auth/class-crowdsignal-forms-api-authenticator.php
wp-content/plugins/crowdsignal-forms/includes/auth/class-default-api-auth-provider.php
wp-content/plugins/crowdsignal-forms/includes/class-autoloader.php
wp-content/plugins/crowdsignal-forms/includes/class-crowdsignal-forms.php
wp-content/plugins/crowdsignal-forms/includes/frontend/blocks/class-crowdsignal-forms-applause-block.php
wp-content/plugins/crowdsignal-forms/includes/frontend/blocks/class-crowdsignal-forms-feedback-block.php
wp-content/plugins/crowdsignal-forms/includes/frontend/blocks/class-crowdsignal-forms-nps-block.php
wp-content/plugins/crowdsignal-forms/includes/frontend/blocks/class-crowdsignal-forms-poll-block.php
wp-content/plugins/crowdsignal-forms/includes/frontend/blocks/class-crowdsignal-forms-vote-block.php
wp-content/plugins/crowdsignal-forms/includes/frontend/blocks/class-crowdsignal-forms-vote-item-block.php
wp-content/plugins/crowdsignal-forms/includes/frontend/class-crowdsignal-forms-block.php
wp-content/plugins/crowdsignal-forms/includes/frontend/class-crowdsignal-forms-blocks-assets.php
wp-content/plugins/crowdsignal-forms/includes/frontend/class-crowdsignal-forms-blocks.php
wp-content/plugins/crowdsignal-forms/includes/frontend/index.php
wp-content/plugins/crowdsignal-forms/includes/gateways/class-api-gateway-interface.php
wp-content/plugins/crowdsignal-forms/includes/gateways/class-api-gateway.php
wp-content/plugins/crowdsignal-forms/includes/gateways/class-post-poll-meta-gateway.php
wp-content/plugins/crowdsignal-forms/includes/gateways/index.php
wp-content/plugins/crowdsignal-forms/includes/index.php
wp-content/plugins/crowdsignal-forms/includes/logging/class-webservice-logger.php
wp-content/plugins/crowdsignal-forms/includes/models/class-feedback-survey.php
wp-content/plugins/crowdsignal-forms/includes/models/class-nps-survey.php
wp-content/plugins/crowdsignal-forms/includes/models/class-poll-answer.php
wp-content/plugins/crowdsignal-forms/includes/models/class-poll-settings.php
wp-content/plugins/crowdsignal-forms/includes/models/class-poll.php
wp-content/plugins/crowdsignal-forms/includes/rest-api/controllers/class-account-controller.php
wp-content/plugins/crowdsignal-forms/includes/rest-api/controllers/class-feedback-controller.php
wp-content/plugins/crowdsignal-forms/includes/rest-api/controllers/class-nps-controller.php
wp-content/plugins/crowdsignal-forms/includes/rest-api/controllers/class-polls-controller.php
wp-content/plugins/crowdsignal-forms/includes/rest-api/controllers/index.php
wp-content/plugins/crowdsignal-forms/includes/synchronization/class-comment-sync-entity.php
wp-content/plugins/crowdsignal-forms/includes/synchronization/class-poll-block-synchronizer.php
wp-content/plugins/crowdsignal-forms/includes/synchronization/class-post-sync-entity.php
wp-content/plugins/crowdsignal-forms/includes/synchronization/class-synchronizable-entity.php
wp-content/plugins/crowdsignal-forms/index.php
wp-content/plugins/crowdsignal-forms/languages/crowdsignal-forms.pot
wp-content/plugins/crowdsignal-forms/uninstall.php
wp-content/plugins/eps-301-redirects/class.drop-down-pages.php
wp-content/plugins/eps-301-redirects/css/eps_redirect.css
wp-content/plugins/eps-301-redirects/css/index.php
wp-content/plugins/eps-301-redirects/eps-301-redirects.php
wp-content/plugins/eps-301-redirects/eps-form-elements.php
wp-content/plugins/eps-301-redirects/images/icon-check.png
wp-content/plugins/eps-301-redirects/images/index.php
wp-content/plugins/eps-301-redirects/images/wp-301-logo-full.png
wp-content/plugins/eps-301-redirects/images/wp-301-logo.png
wp-content/plugins/eps-301-redirects/index.php
wp-content/plugins/eps-301-redirects/js/eps-admin-pointers.js
wp-content/plugins/eps-301-redirects/js/index.php
wp-content/plugins/eps-301-redirects/js/scripts.js
wp-content/plugins/eps-301-redirects/libs/UserAgent/Browsers.php
wp-content/plugins/eps-301-redirects/libs/UserAgent/Platforms.php
wp-content/plugins/eps-301-redirects/libs/UserAgent/UserAgent.php
wp-content/plugins/eps-301-redirects/libs/UserAgent/UserAgentInterface.php
wp-content/plugins/eps-301-redirects/libs/UserAgent/UserAgentParser.php
wp-content/plugins/eps-301-redirects/libs/UserAgentParser.php
wp-content/plugins/eps-301-redirects/libs/eps-plugin-options.php
wp-content/plugins/eps-301-redirects/libs/index.php
wp-content/plugins/eps-301-redirects/license.txt
wp-content/plugins/eps-301-redirects/misc/example-import.csv
wp-content/plugins/eps-301-redirects/plugin.php
wp-content/plugins/eps-301-redirects/readme.txt
wp-content/plugins/eps-301-redirects/templates/admin-panel-cache.php
wp-content/plugins/eps-301-redirects/templates/admin-panel-donate.php
wp-content/plugins/eps-301-redirects/templates/admin-tab-404s.php
wp-content/plugins/eps-301-redirects/templates/admin-tab-error.php
wp-content/plugins/eps-301-redirects/templates/admin-tab-import-export.php
wp-content/plugins/eps-301-redirects/templates/admin-tab-link-scanner.php
wp-content/plugins/eps-301-redirects/templates/admin-tab-redirects.php
wp-content/plugins/eps-301-redirects/templates/admin-tab-support.php
wp-content/plugins/eps-301-redirects/templates/index.php
wp-content/plugins/eps-301-redirects/templates/template.redirect-entry-edit-inline.php
wp-content/plugins/eps-301-redirects/templates/template.redirect-entry-edit.php
wp-content/plugins/eps-301-redirects/templates/template.redirect-entry.php
wp-content/plugins/eps-301-redirects/uninstall.php
wp-content/plugins/eps-301-redirects/wf-flyout/config.php
wp-content/plugins/eps-301-redirects/wf-flyout/icons/301-logo.png
wp-content/plugins/eps-301-redirects/wf-flyout/icons/ucp.png
wp-content/plugins/eps-301-redirects/wf-flyout/icons/wp-reset.png
wp-content/plugins/eps-301-redirects/wf-flyout/wf-flyout.css
wp-content/plugins/eps-301-redirects/wf-flyout/wf-flyout.js
wp-content/plugins/eps-301-redirects/wf-flyout/wf-flyout.php
wp-content/plugins/gutenberg/README.md
wp-content/plugins/gutenberg/build-module/a11y/index.js
wp-content/plugins/gutenberg/build-module/a11y/index.min.js
wp-content/plugins/gutenberg/build-module/a11y/index.min.js.map
wp-content/plugins/gutenberg/build-module/assets.php
wp-content/plugins/gutenberg/build-module/block-library/file/view.js
wp-content/plugins/gutenberg/build-module/block-library/file/view.min.js
wp-content/plugins/gutenberg/build-module/block-library/file/view.min.js.map
wp-content/plugins/gutenberg/build-module/block-library/form/view.js
wp-content/plugins/gutenberg/build-module/block-library/form/view.min.js
wp-content/plugins/gutenberg/build-module/block-library/form/view.min.js.map
wp-content/plugins/gutenberg/build-module/block-library/image/view.js
wp-content/plugins/gutenberg/build-module/block-library/image/view.min.js
wp-content/plugins/gutenberg/build-module/block-library/image/view.min.js.map
wp-content/plugins/gutenberg/build-module/block-library/navigation/view.js
wp-content/plugins/gutenberg/build-module/block-library/navigation/view.min.js
wp-content/plugins/gutenberg/build-module/block-library/navigation/view.min.js.map
wp-content/plugins/gutenberg/build-module/block-library/query/view.js
wp-content/plugins/gutenberg/build-module/block-library/query/view.min.js
wp-content/plugins/gutenberg/build-module/block-library/query/view.min.js.map
wp-content/plugins/gutenberg/build-module/block-library/search/view.js
wp-content/plugins/gutenberg/build-module/block-library/search/view.min.js
wp-content/plugins/gutenberg/build-module/block-library/search/view.min.js.map
wp-content/plugins/gutenberg/build-module/interactivity-router/index.js
wp-content/plugins/gutenberg/build-module/interactivity-router/index.min.js
wp-content/plugins/gutenberg/build-module/interactivity-router/index.min.js.map
wp-content/plugins/gutenberg/build-module/interactivity/debug.js
wp-content/plugins/gutenberg/build-module/interactivity/debug.min.js
wp-content/plugins/gutenberg/build-module/interactivity/debug.min.js.map
wp-content/plugins/gutenberg/build-module/interactivity/index.js
wp-content/plugins/gutenberg/build-module/interactivity/index.min.js
wp-content/plugins/gutenberg/build-module/interactivity/index.min.js.map
wp-content/plugins/gutenberg/build/a11y/index.js
wp-content/plugins/gutenberg/build/a11y/index.min.asset.php
wp-content/plugins/gutenberg/build/a11y/index.min.js
wp-content/plugins/gutenberg/build/a11y/index.min.js.map
wp-content/plugins/gutenberg/build/annotations/index.js
wp-content/plugins/gutenberg/build/annotations/index.min.asset.php
wp-content/plugins/gutenberg/build/annotations/index.min.js
wp-content/plugins/gutenberg/build/annotations/index.min.js.map
wp-content/plugins/gutenberg/build/api-fetch/index.js
wp-content/plugins/gutenberg/build/api-fetch/index.min.asset.php
wp-content/plugins/gutenberg/build/api-fetch/index.min.js
wp-content/plugins/gutenberg/build/api-fetch/index.min.js.map
wp-content/plugins/gutenberg/build/autop/index.js
wp-content/plugins/gutenberg/build/autop/index.min.asset.php
wp-content/plugins/gutenberg/build/autop/index.min.js
wp-content/plugins/gutenberg/build/autop/index.min.js.map
wp-content/plugins/gutenberg/build/blob/index.js
wp-content/plugins/gutenberg/build/blob/index.min.asset.php
wp-content/plugins/gutenberg/build/blob/index.min.js
wp-content/plugins/gutenberg/build/blob/index.min.js.map
wp-content/plugins/gutenberg/build/block-directory/index.js
wp-content/plugins/gutenberg/build/block-directory/index.min.asset.php
wp-content/plugins/gutenberg/build/block-directory/index.min.js
wp-content/plugins/gutenberg/build/block-directory/index.min.js.map
wp-content/plugins/gutenberg/build/block-directory/style-rtl.css
wp-content/plugins/gutenberg/build/block-directory/style.css
wp-content/plugins/gutenberg/build/block-editor/content-rtl.css
wp-content/plugins/gutenberg/build/block-editor/content.css
wp-content/plugins/gutenberg/build/block-editor/default-editor-styles-rtl.css
wp-content/plugins/gutenberg/build/block-editor/default-editor-styles.css
wp-content/plugins/gutenberg/build/block-editor/index.js
wp-content/plugins/gutenberg/build/block-editor/index.min.asset.php
wp-content/plugins/gutenberg/build/block-editor/index.min.js
wp-content/plugins/gutenberg/build/block-editor/index.min.js.map
wp-content/plugins/gutenberg/build/block-editor/style-rtl.css
wp-content/plugins/gutenberg/build/block-editor/style.css
wp-content/plugins/gutenberg/build/block-library/blocks/archives.php
wp-content/plugins/gutenberg/build/block-library/blocks/archives/block.json
wp-content/plugins/gutenberg/build/block-library/blocks/archives/editor-rtl.css
wp-content/plugins/gutenberg/build/block-library/blocks/archives/editor.css
wp-content/plugins/gutenberg/build/block-library/blocks/archives/style-rtl.css
wp-content/plugins/gutenberg/build/block-library/blocks/archives/style.css
wp-content/plugins/gutenberg/build/block-library/blocks/audio/block.json
wp-content/plugins/gutenberg/build/block-library/blocks/audio/editor-rtl.css
wp-content/plugins/gutenberg/build/block-library/blocks/audio/editor.css
wp-content/plugins/gutenberg/build/block-library/blocks/audio/style-rtl.css
wp-content/plugins/gutenberg/build/block-library/blocks/audio/style.css
wp-content/plugins/gutenberg/build/block-library/blocks/audio/theme-rtl.css
wp-content/plugins/gutenberg/build/block-library/blocks/audio/theme.css
wp-content/plugins/gutenberg/build/block-library/blocks/avatar.php
wp-content/plugins/gutenberg/build/block-library/blocks/avatar/block.json
wp-content/plugins/gutenberg/build/block-library/blocks/avatar/editor-rtl.css
wp-content/plugins/gutenberg/build/block-library/blocks/avatar/editor.css
wp-content/plugins/gutenberg/build/block-library/blocks/avatar/style-rtl.css
wp-content/plugins/gutenberg/build/block-library/blocks/avatar/style.css
wp-content/plugins/gutenberg/build/block-library/blocks/block.php
wp-content/plugins/gutenberg/build/block-library/blocks/block/block.json
wp-content/plugins/gutenberg/build/block-library/blocks/button.php
wp-content/plugins/gutenberg/build/block-library/blocks/button/block.json
wp-content/plugins/gutenberg/build/block-library/blocks/button/editor-rtl.css
wp-content/plugins/gutenberg/build/block-library/blocks/button/editor.css
wp-content/plugins/gutenberg/build/block-library/blocks/button/style-rtl.css
wp-content/plugins/gutenberg/build/block-library/blocks/button/style.css
wp-content/plugins/gutenberg/build/block-library/blocks/buttons/block.json
wp-content/plugins/gutenberg/build/block-library/blocks/buttons/editor-rtl.css
wp-content/plugins/gutenberg/build/block-library/blocks/buttons/editor.css
wp-content/plugins/gutenberg/build/block-library/blocks/buttons/style-rtl.css
wp-content/plugins/gutenberg/build/block-library/blocks/buttons/style.css
wp-content/plugins/gutenberg/build/block-library/blocks/calendar.php
wp-content/plugins/gutenberg/build/block-library/blocks/calendar/block.json
wp-content/plugins/gutenberg/build/block-library/blocks/calendar/style-rtl.css
wp-content/plugins/gutenberg/build/block-library/blocks/calendar/style.css
wp-content/plugins/gutenberg/build/block-library/blocks/categories.php
wp-content/plugins/gutenberg/build/block-library/blocks/categories/block.json
wp-content/plugins/gutenberg/build/block-library/blocks/categories/editor-rtl.css
wp-content/plugins/gutenberg/build/block-library/blocks/categories/editor.css
wp-content/plugins/gutenberg/build/block-library/blocks/categories/style-rtl.css
wp-content/plugins/gutenberg/build/block-library/blocks/categories/style.css
wp-content/plugins/gutenberg/build/block-library/blocks/code/block.json
wp-content/plugins/gutenberg/build/block-library/blocks/code/editor-rtl.css
wp-content/plugins/gutenberg/build/block-library/blocks/code/editor.css
wp-content/plugins/gutenberg/build/block-library/blocks/code/style-rtl.css
wp-content/plugins/gutenberg/build/block-library/blocks/code/style.css
wp-content/plugins/gutenberg/build/block-library/blocks/code/theme-rtl.css
wp-content/plugins/gutenberg/build/block-library/blocks/code/theme.css
wp-content/plugins/gutenberg/build/block-library/blocks/column/block.json
wp-content/plugins/gutenberg/build/block-library/blocks/columns/block.json
wp-content/plugins/gutenberg/build/block-library/blocks/columns/editor-rtl.css
wp-content/plugins/gutenberg/build/block-library/blocks/columns/editor.css
wp-content/plugins/gutenberg/build/block-library/blocks/columns/style-rtl.css
wp-content/plugins/gutenberg/build/block-library/blocks/columns/style.css
wp-content/plugins/gutenberg/build/block-library/blocks/comment-author-avatar.php
wp-content/plugins/gutenberg/build/block-library/blocks/comment-author-avatar/block.json
wp-content/plugins/gutenberg/build/block-library/blocks/comment-author-avatar/editor-rtl.css
wp-content/plugins/gutenberg/build/block-library/blocks/comment-author-avatar/editor.css
wp-content/plugins/gutenberg/build/block-library/blocks/comment-author-name.php
wp-content/plugins/gutenberg/build/block-library/blocks/comment-author-name/block.json
wp-content/plugins/gutenberg/build/block-library/blocks/comment-author-name/style-rtl.css
wp-content/plugins/gutenberg/build/block-library/blocks/comment-author-name/style.css
wp-content/plugins/gutenberg/build/block-library/blocks/comment-content.php
wp-content/plugins/gutenberg/build/block-library/blocks/comment-content/block.json
wp-content/plugins/gutenberg/build/block-library/blocks/comment-content/style-rtl.css
wp-content/plugins/gutenberg/build/block-library/blocks/comment-content/style.css
wp-content/plugins/gutenberg/build/block-library/blocks/comment-date.php
wp-content/plugins/gutenberg/build/block-library/blocks/comment-date/block.json
wp-content/plugins/gutenberg/build/block-library/blocks/comment-date/style-rtl.css
wp-content/plugins/gutenberg/build/block-library/blocks/comment-date/style.css
wp-content/plugins/gutenberg/build/block-library/blocks/comment-edit-link.php
wp-content/plugins/gutenberg/build/block-library/blocks/comment-edit-link/block.json
wp-content/plugins/gutenberg/build/block-library/blocks/comment-edit-link/style-rtl.css
wp-content/plugins/gutenberg/build/block-library/blocks/comment-edit-link/style.css
wp-content/plugins/gutenberg/build/block-library/blocks/comment-reply-link.php
wp-content/plugins/gutenberg/build/block-library/blocks/comment-reply-link/block.json
wp-content/plugins/gutenberg/build/block-library/blocks/comment-reply-link/style-rtl.css
wp-content/plugins/gutenberg/build/block-library/blocks/comment-reply-link/style.css
wp-content/plugins/gutenberg/build/block-library/blocks/comment-template.php
wp-content/plugins/gutenberg/build/block-library/blocks/comment-template/block.json
wp-content/plugins/gutenberg/build/block-library/blocks/comment-template/style-rtl.css
wp-content/plugins/gutenberg/build/block-library/blocks/comment-template/style.css
wp-content/plugins/gutenberg/build/block-library/blocks/comments-pagination-next.php
wp-content/plugins/gutenberg/build/block-library/blocks/comments-pagination-next/block.json
wp-content/plugins/gutenberg/build/block-library/blocks/comments-pagination-numbers.php
wp-content/plugins/gutenberg/build/block-library/blocks/comments-pagination-numbers/block.json
wp-content/plugins/gutenberg/build/block-library/blocks/comments-pagination-numbers/editor-rtl.css
wp-content/plugins/gutenberg/build/block-library/blocks/comments-pagination-numbers/editor.css
wp-content/plugins/gutenberg/build/block-library/blocks/comments-pagination-previous.php
wp-content/plugins/gutenberg/build/block-library/blocks/comments-pagination-previous/block.json
wp-content/plugins/gutenberg/build/block-library/blocks/comments-pagination.php
wp-content/plugins/gutenberg/build/block-library/blocks/comments-pagination/block.json
wp-content/plugins/gutenberg/build/block-library/blocks/comments-pagination/editor-rtl.css
wp-content/plugins/gutenberg/build/block-library/blocks/comments-pagination/editor.css
wp-content/plugins/gutenberg/build/block-library/blocks/comments-pagination/style-rtl.css
wp-content/plugins/gutenberg/build/block-library/blocks/comments-pagination/style.css
wp-content/plugins/gutenberg/build/block-library/blocks/comments-title.php
wp-content/plugins/gutenberg/build/block-library/blocks/comments-title/block.json
wp-content/plugins/gutenberg/build/block-library/blocks/comments-title/editor-rtl.css
wp-content/plugins/gutenberg/build/block-library/blocks/comments-title/editor.css
wp-content/plugins/gutenberg/build/block-library/blocks/comments.php
wp-content/plugins/gutenberg/build/block-library/blocks/comments/block.json
wp-content/plugins/gutenberg/build/block-library/blocks/comments/editor-rtl.css
wp-content/plugins/gutenberg/build/block-library/blocks/comments/editor.css
wp-content/plugins/gutenberg/build/block-library/blocks/comments/style-rtl.css
wp-content/plugins/gutenberg/build/block-library/blocks/comments/style.css
wp-content/plugins/gutenberg/build/block-library/blocks/cover.php
wp-content/plugins/gutenberg/build/block-library/blocks/cover/block.json
wp-content/plugins/gutenberg/build/block-library/blocks/cover/editor-rtl.css
wp-content/plugins/gutenberg/build/block-library/blocks/cover/editor.css
wp-content/plugins/gutenberg/build/block-library/blocks/cover/style-rtl.css
wp-content/plugins/gutenberg/build/block-library/blocks/cover/style.css
wp-content/plugins/gutenberg/build/block-library/blocks/details/block.json
wp-content/plugins/gutenberg/build/block-library/blocks/details/editor-rtl.css
wp-content/plugins/gutenberg/build/block-library/blocks/details/editor.css
wp-content/plugins/gutenberg/build/block-library/blocks/details/style-rtl.css
wp-content/plugins/gutenberg/build/block-library/blocks/details/style.css
wp-content/plugins/gutenberg/build/block-library/blocks/embed/block.json
wp-content/plugins/gutenberg/build/block-library/blocks/embed/editor-rtl.css
wp-content/plugins/gutenberg/build/block-library/blocks/embed/editor.css
wp-content/plugins/gutenberg/build/block-library/blocks/embed/style-rtl.css
wp-content/plugins/gutenberg/build/block-library/blocks/embed/style.css
wp-content/plugins/gutenberg/build/block-library/blocks/embed/theme-rtl.css
wp-content/plugins/gutenberg/build/block-library/blocks/embed/theme.css
wp-content/plugins/gutenberg/build/block-library/blocks/file.php
wp-content/plugins/gutenberg/build/block-library/blocks/file/block.json
wp-content/plugins/gutenberg/build/block-library/blocks/file/editor-rtl.css
wp-content/plugins/gutenberg/build/block-library/blocks/file/editor.css
wp-content/plugins/gutenberg/build/block-library/blocks/file/style-rtl.css
wp-content/plugins/gutenberg/build/block-library/blocks/file/style.css
wp-content/plugins/gutenberg/build/block-library/blocks/footnotes.php
wp-content/plugins/gutenberg/build/block-library/blocks/footnotes/block.json
wp-content/plugins/gutenberg/build/block-library/blocks/footnotes/style-rtl.css
wp-content/plugins/gutenberg/build/block-library/blocks/footnotes/style.css
wp-content/plugins/gutenberg/build/block-library/blocks/form-input.php
wp-content/plugins/gutenberg/build/block-library/blocks/form-input/block.json
wp-content/plugins/gutenberg/build/block-library/blocks/form-input/editor-rtl.css
wp-content/plugins/gutenberg/build/block-library/blocks/form-input/editor.css
wp-content/plugins/gutenberg/build/block-library/blocks/form-input/style-rtl.css
wp-content/plugins/gutenberg/build/block-library/blocks/form-input/style.css
wp-content/plugins/gutenberg/build/block-library/blocks/form-submission-notification.php
wp-content/plugins/gutenberg/build/block-library/blocks/form-submission-notification/block.json
wp-content/plugins/gutenberg/build/block-library/blocks/form-submission-notification/editor-rtl.css
wp-content/plugins/gutenberg/build/block-library/blocks/form-submission-notification/editor.css
wp-content/plugins/gutenberg/build/block-library/blocks/form-submit-button/block.json
wp-content/plugins/gutenberg/build/block-library/blocks/form-submit-button/style-rtl.css
wp-content/plugins/gutenberg/build/block-library/blocks/form-submit-button/style.css
wp-content/plugins/gutenberg/build/block-library/blocks/form.php
wp-content/plugins/gutenberg/build/block-library/blocks/form/block.json
wp-content/plugins/gutenberg/build/block-library/blocks/freeform/block.json
wp-content/plugins/gutenberg/build/block-library/blocks/freeform/editor-rtl.css
wp-content/plugins/gutenberg/build/block-library/blocks/freeform/editor.css
wp-content/plugins/gutenberg/build/block-library/blocks/gallery.php
wp-content/plugins/gutenberg/build/block-library/blocks/gallery/block.json
wp-content/plugins/gutenberg/build/block-library/blocks/gallery/editor-rtl.css
wp-content/plugins/gutenberg/build/block-library/blocks/gallery/editor.css
wp-content/plugins/gutenberg/build/block-library/blocks/gallery/style-rtl.css
wp-content/plugins/gutenberg/build/block-library/blocks/gallery/style.css
wp-content/plugins/gutenberg/build/block-library/blocks/gallery/theme-rtl.css
wp-content/plugins/gutenberg/build/block-library/blocks/gallery/theme.css
wp-content/plugins/gutenberg/build/block-library/blocks/group/block.json
wp-content/plugins/gutenberg/build/block-library/blocks/group/editor-rtl.css
wp-content/plugins/gutenberg/build/block-library/blocks/group/editor.css
wp-content/plugins/gutenberg/build/block-library/blocks/group/style-rtl.css
wp-content/plugins/gutenberg/build/block-library/blocks/group/style.css
wp-content/plugins/gutenberg/build/block-library/blocks/group/theme-rtl.css
wp-content/plugins/gutenberg/build/block-library/blocks/group/theme.css
wp-content/plugins/gutenberg/build/block-library/blocks/heading.php
wp-content/plugins/gutenberg/build/block-library/blocks/heading/block.json
wp-content/plugins/gutenberg/build/block-library/blocks/heading/style-rtl.css
wp-content/plugins/gutenberg/build/block-library/blocks/heading/style.css
wp-content/plugins/gutenberg/build/block-library/blocks/home-link.php
wp-content/plugins/gutenberg/build/block-library/blocks/home-link/block.json
wp-content/plugins/gutenberg/build/block-library/blocks/html/block.json
wp-content/plugins/gutenberg/build/block-library/blocks/html/editor-rtl.css
wp-content/plugins/gutenberg/build/block-library/blocks/html/editor.css
wp-content/plugins/gutenberg/build/block-library/blocks/image.php
wp-content/plugins/gutenberg/build/block-library/blocks/image/block.json
wp-content/plugins/gutenberg/build/block-library/blocks/image/editor-rtl.css
wp-content/plugins/gutenberg/build/block-library/blocks/image/editor.css
wp-content/plugins/gutenberg/build/block-library/blocks/image/style-rtl.css
wp-content/plugins/gutenberg/build/block-library/blocks/image/style.css
wp-content/plugins/gutenberg/build/block-library/blocks/image/theme-rtl.css
wp-content/plugins/gutenberg/build/block-library/blocks/image/theme.css
wp-content/plugins/gutenberg/build/block-library/blocks/latest-comments.php
wp-content/plugins/gutenberg/build/block-library/blocks/latest-comments/block.json
wp-content/plugins/gutenberg/build/block-library/blocks/latest-comments/style-rtl.css
wp-content/plugins/gutenberg/build/block-library/blocks/latest-comments/style.css
wp-content/plugins/gutenberg/build/block-library/blocks/latest-posts.php
wp-content/plugins/gutenberg/build/block-library/blocks/latest-posts/block.json
wp-content/plugins/gutenberg/build/block-library/blocks/latest-posts/editor-rtl.css
wp-content/plugins/gutenberg/build/block-library/blocks/latest-posts/editor.css
wp-content/plugins/gutenberg/build/block-library/blocks/latest-posts/style-rtl.css
wp-content/plugins/gutenberg/build/block-library/blocks/latest-posts/style.css
wp-content/plugins/gutenberg/build/block-library/blocks/list-item/block.json
wp-content/plugins/gutenberg/build/block-library/blocks/list.php
wp-content/plugins/gutenberg/build/block-library/blocks/list/block.json
wp-content/plugins/gutenberg/build/block-library/blocks/list/style-rtl.css
wp-content/plugins/gutenberg/build/block-library/blocks/list/style.css
wp-content/plugins/gutenberg/build/block-library/blocks/loginout.php
wp-content/plugins/gutenberg/build/block-library/blocks/loginout/block.json
wp-content/plugins/gutenberg/build/block-library/blocks/loginout/style-rtl.css
wp-content/plugins/gutenberg/build/block-library/blocks/loginout/style.css
wp-content/plugins/gutenberg/build/block-library/blocks/media-text.php
wp-content/plugins/gutenberg/build/block-library/blocks/media-text/block.json
wp-content/plugins/gutenberg/build/block-library/blocks/media-text/editor-rtl.css
wp-content/plugins/gutenberg/build/block-library/blocks/media-text/editor.css
wp-content/plugins/gutenberg/build/block-library/blocks/media-text/style-rtl.css
wp-content/plugins/gutenberg/build/block-library/blocks/media-text/style.css
wp-content/plugins/gutenberg/build/block-library/blocks/missing/block.json
wp-content/plugins/gutenberg/build/block-library/blocks/more/block.json
wp-content/plugins/gutenberg/build/block-library/blocks/more/editor-rtl.css
wp-content/plugins/gutenberg/build/block-library/blocks/more/editor.css
wp-content/plugins/gutenberg/build/block-library/blocks/navigation-link.php
wp-content/plugins/gutenberg/build/block-library/blocks/navigation-link/block.json
wp-content/plugins/gutenberg/build/block-library/blocks/navigation-link/editor-rtl.css
wp-content/plugins/gutenberg/build/block-library/blocks/navigation-link/editor.css
wp-content/plugins/gutenberg/build/block-library/blocks/navigation-link/style-rtl.css
wp-content/plugins/gutenberg/build/block-library/blocks/navigation-link/style.css
wp-content/plugins/gutenberg/build/block-library/blocks/navigation-submenu.php
wp-content/plugins/gutenberg/build/block-library/blocks/navigation-submenu/block.json
wp-content/plugins/gutenberg/build/block-library/blocks/navigation-submenu/editor-rtl.css
wp-content/plugins/gutenberg/build/block-library/blocks/navigation-submenu/editor.css
wp-content/plugins/gutenberg/build/block-library/blocks/navigation.php
wp-content/plugins/gutenberg/build/block-library/blocks/navigation/block.json
wp-content/plugins/gutenberg/build/block-library/blocks/navigation/editor-rtl.css
wp-content/plugins/gutenberg/build/block-library/blocks/navigation/editor.css
wp-content/plugins/gutenberg/build/block-library/blocks/navigation/style-rtl.css
wp-content/plugins/gutenberg/build/block-library/blocks/navigation/style.css
wp-content/plugins/gutenberg/build/block-library/blocks/nextpage/block.json
wp-content/plugins/gutenberg/build/block-library/blocks/nextpage/editor-rtl.css
wp-content/plugins/gutenberg/build/block-library/blocks/nextpage/editor.css
wp-content/plugins/gutenberg/build/block-library/blocks/page-list-item.php
wp-content/plugins/gutenberg/build/block-library/blocks/page-list-item/block.json
wp-content/plugins/gutenberg/build/block-library/blocks/page-list.php
wp-content/plugins/gutenberg/build/block-library/blocks/page-list/block.json
wp-content/plugins/gutenberg/build/block-library/blocks/page-list/editor-rtl.css
wp-content/plugins/gutenberg/build/block-library/blocks/page-list/editor.css
wp-content/plugins/gutenberg/build/block-library/blocks/page-list/style-rtl.css
wp-content/plugins/gutenberg/build/block-library/blocks/page-list/style.css
wp-content/plugins/gutenberg/build/block-library/blocks/paragraph/block.json
wp-content/plugins/gutenberg/build/block-library/blocks/paragraph/editor-rtl.css
wp-content/plugins/gutenberg/build/block-library/blocks/paragraph/editor.css
wp-content/plugins/gutenberg/build/block-library/blocks/paragraph/style-rtl.css
wp-content/plugins/gutenberg/build/block-library/blocks/paragraph/style.css
wp-content/plugins/gutenberg/build/block-library/blocks/pattern.php
wp-content/plugins/gutenberg/build/block-library/blocks/pattern/block.json
wp-content/plugins/gutenberg/build/block-library/blocks/post-author-biography.php
wp-content/plugins/gutenberg/build/block-library/blocks/post-author-biography/block.json
wp-content/plugins/gutenberg/build/block-library/blocks/post-author-biography/style-rtl.css
wp-content/plugins/gutenberg/build/block-library/blocks/post-author-biography/style.css
wp-content/plugins/gutenberg/build/block-library/blocks/post-author-name.php
wp-content/plugins/gutenberg/build/block-library/blocks/post-author-name/block.json
wp-content/plugins/gutenberg/build/block-library/blocks/post-author-name/style-rtl.css
wp-content/plugins/gutenberg/build/block-library/blocks/post-author-name/style.css
wp-content/plugins/gutenberg/build/block-library/blocks/post-author.php
wp-content/plugins/gutenberg/build/block-library/blocks/post-author/block.json
wp-content/plugins/gutenberg/build/block-library/blocks/post-author/editor-rtl.css
wp-content/plugins/gutenberg/build/block-library/blocks/post-author/editor.css
wp-content/plugins/gutenberg/build/block-library/blocks/post-author/style-rtl.css
wp-content/plugins/gutenberg/build/block-library/blocks/post-author/style.css
wp-content/plugins/gutenberg/build/block-library/blocks/post-comment.php
wp-content/plugins/gutenberg/build/block-library/blocks/post-comment/block.json
wp-content/plugins/gutenberg/build/block-library/blocks/post-comments-count.php
wp-content/plugins/gutenberg/build/block-library/blocks/post-comments-count/block.json
wp-content/plugins/gutenberg/build/block-library/blocks/post-comments-count/style-rtl.css
wp-content/plugins/gutenberg/build/block-library/blocks/post-comments-count/style.css
wp-content/plugins/gutenberg/build/block-library/blocks/post-comments-form.php
wp-content/plugins/gutenberg/build/block-library/blocks/post-comments-form/block.json
wp-content/plugins/gutenberg/build/block-library/blocks/post-comments-form/editor-rtl.css
wp-content/plugins/gutenberg/build/block-library/blocks/post-comments-form/editor.css
wp-content/plugins/gutenberg/build/block-library/blocks/post-comments-form/style-rtl.css
wp-content/plugins/gutenberg/build/block-library/blocks/post-comments-form/style.css
wp-content/plugins/gutenberg/build/block-library/blocks/post-comments-link.php
wp-content/plugins/gutenberg/build/block-library/blocks/post-comments-link/block.json
wp-content/plugins/gutenberg/build/block-library/blocks/post-comments-link/style-rtl.css
wp-content/plugins/gutenberg/build/block-library/blocks/post-comments-link/style.css
wp-content/plugins/gutenberg/build/block-library/blocks/post-content.php
wp-content/plugins/gutenberg/build/block-library/blocks/post-content/block.json
wp-content/plugins/gutenberg/build/block-library/blocks/post-content/style-rtl.css
wp-content/plugins/gutenberg/build/block-library/blocks/post-content/style.css
wp-content/plugins/gutenberg/build/block-library/blocks/post-date.php
wp-content/plugins/gutenberg/build/block-library/blocks/post-date/block.json
wp-content/plugins/gutenberg/build/block-library/blocks/post-date/style-rtl.css
wp-content/plugins/gutenberg/build/block-library/blocks/post-date/style.css
wp-content/plugins/gutenberg/build/block-library/blocks/post-excerpt.php
wp-content/plugins/gutenberg/build/block-library/blocks/post-excerpt/block.json
wp-content/plugins/gutenberg/build/block-library/blocks/post-excerpt/editor-rtl.css
wp-content/plugins/gutenberg/build/block-library/blocks/post-excerpt/editor.css
wp-content/plugins/gutenberg/build/block-library/blocks/post-excerpt/style-rtl.css
wp-content/plugins/gutenberg/build/block-library/blocks/post-excerpt/style.css
wp-content/plugins/gutenberg/build/block-library/blocks/post-featured-image.php
wp-content/plugins/gutenberg/build/block-library/blocks/post-featured-image/block.json
wp-content/plugins/gutenberg/build/block-library/blocks/post-featured-image/editor-rtl.css
wp-content/plugins/gutenberg/build/block-library/blocks/post-featured-image/editor.css
wp-content/plugins/gutenberg/build/block-library/blocks/post-featured-image/style-rtl.css
wp-content/plugins/gutenberg/build/block-library/blocks/post-featured-image/style.css
wp-content/plugins/gutenberg/build/block-library/blocks/post-navigation-link.php
wp-content/plugins/gutenberg/build/block-library/blocks/post-navigation-link/block.json
wp-content/plugins/gutenberg/build/block-library/blocks/post-navigation-link/style-rtl.css
wp-content/plugins/gutenberg/build/block-library/blocks/post-navigation-link/style.css
wp-content/plugins/gutenberg/build/block-library/blocks/post-template.php
wp-content/plugins/gutenberg/build/block-library/blocks/post-template/block.json
wp-content/plugins/gutenberg/build/block-library/blocks/post-template/style-rtl.css
wp-content/plugins/gutenberg/build/block-library/blocks/post-template/style.css
wp-content/plugins/gutenberg/build/block-library/blocks/post-terms.php
wp-content/plugins/gutenberg/build/block-library/blocks/post-terms/block.json
wp-content/plugins/gutenberg/build/block-library/blocks/post-terms/style-rtl.css
wp-content/plugins/gutenberg/build/block-library/blocks/post-terms/style.css
wp-content/plugins/gutenberg/build/block-library/blocks/post-time-to-read.php
wp-content/plugins/gutenberg/build/block-library/blocks/post-time-to-read/block.json
wp-content/plugins/gutenberg/build/block-library/blocks/post-time-to-read/style-rtl.css
wp-content/plugins/gutenberg/build/block-library/blocks/post-time-to-read/style.css
wp-content/plugins/gutenberg/build/block-library/blocks/post-title.php
wp-content/plugins/gutenberg/build/block-library/blocks/post-title/block.json
wp-content/plugins/gutenberg/build/block-library/blocks/post-title/style-rtl.css
wp-content/plugins/gutenberg/build/block-library/blocks/post-title/style.css
wp-content/plugins/gutenberg/build/block-library/blocks/preformatted/block.json
wp-content/plugins/gutenberg/build/block-library/blocks/preformatted/style-rtl.css
wp-content/plugins/gutenberg/build/block-library/blocks/preformatted/style.css
wp-content/plugins/gutenberg/build/block-library/blocks/pullquote/block.json
wp-content/plugins/gutenberg/build/block-library/blocks/pullquote/editor-rtl.css
wp-content/plugins/gutenberg/build/block-library/blocks/pullquote/editor.css
wp-content/plugins/gutenberg/build/block-library/blocks/pullquote/style-rtl.css
wp-content/plugins/gutenberg/build/block-library/blocks/pullquote/style.css
wp-content/plugins/gutenberg/build/block-library/blocks/pullquote/theme-rtl.css
wp-content/plugins/gutenberg/build/block-library/blocks/pullquote/theme.css
wp-content/plugins/gutenberg/build/block-library/blocks/query-no-results.php
wp-content/plugins/gutenberg/build/block-library/blocks/query-no-results/block.json
wp-content/plugins/gutenberg/build/block-library/blocks/query-pagination-next.php
wp-content/plugins/gutenberg/build/block-library/blocks/query-pagination-next/block.json
wp-content/plugins/gutenberg/build/block-library/blocks/query-pagination-numbers.php
wp-content/plugins/gutenberg/build/block-library/blocks/query-pagination-numbers/block.json
wp-content/plugins/gutenberg/build/block-library/blocks/query-pagination-numbers/editor-rtl.css
wp-content/plugins/gutenberg/build/block-library/blocks/query-pagination-numbers/editor.css
wp-content/plugins/gutenberg/build/block-library/blocks/query-pagination-previous.php
wp-content/plugins/gutenberg/build/block-library/blocks/query-pagination-previous/block.json
wp-content/plugins/gutenberg/build/block-library/blocks/query-pagination.php
wp-content/plugins/gutenberg/build/block-library/blocks/query-pagination/block.json
wp-content/plugins/gutenberg/build/block-library/blocks/query-pagination/editor-rtl.css
wp-content/plugins/gutenberg/build/block-library/blocks/query-pagination/editor.css
wp-content/plugins/gutenberg/build/block-library/blocks/query-pagination/style-rtl.css
wp-content/plugins/gutenberg/build/block-library/blocks/query-pagination/style.css
wp-content/plugins/gutenberg/build/block-library/blocks/query-title.php
wp-content/plugins/gutenberg/build/block-library/blocks/query-title/block.json
wp-content/plugins/gutenberg/build/block-library/blocks/query-title/style-rtl.css
wp-content/plugins/gutenberg/build/block-library/blocks/query-title/style.css
wp-content/plugins/gutenberg/build/block-library/blocks/query-total.php
wp-content/plugins/gutenberg/build/block-library/blocks/query-total/block.json
wp-content/plugins/gutenberg/build/block-library/blocks/query-total/style-rtl.css
wp-content/plugins/gutenberg/build/block-library/blocks/query-total/style.css
wp-content/plugins/gutenberg/build/block-library/blocks/query.php
wp-content/plugins/gutenberg/build/block-library/blocks/query/block.json
wp-content/plugins/gutenberg/build/block-library/blocks/query/editor-rtl.css
wp-content/plugins/gutenberg/build/block-library/blocks/query/editor.css
wp-content/plugins/gutenberg/build/block-library/blocks/quote/block.json
wp-content/plugins/gutenberg/build/block-library/blocks/quote/style-rtl.css
wp-content/plugins/gutenberg/build/block-library/blocks/quote/style.css
wp-content/plugins/gutenberg/build/block-library/blocks/quote/theme-rtl.css
wp-content/plugins/gutenberg/build/block-library/blocks/quote/theme.css
wp-content/plugins/gutenberg/build/block-library/blocks/read-more.php
wp-content/plugins/gutenberg/build/block-library/blocks/read-more/block.json
wp-content/plugins/gutenberg/build/block-library/blocks/read-more/style-rtl.css
wp-content/plugins/gutenberg/build/block-library/blocks/read-more/style.css
wp-content/plugins/gutenberg/build/block-library/blocks/rss.php
wp-content/plugins/gutenberg/build/block-library/blocks/rss/block.json
wp-content/plugins/gutenberg/build/block-library/blocks/rss/editor-rtl.css
wp-content/plugins/gutenberg/build/block-library/blocks/rss/editor.css
wp-content/plugins/gutenberg/build/block-library/blocks/rss/style-rtl.css
wp-content/plugins/gutenberg/build/block-library/blocks/rss/style.css
wp-content/plugins/gutenberg/build/block-library/blocks/search.php
wp-content/plugins/gutenberg/build/block-library/blocks/search/block.json
wp-content/plugins/gutenberg/build/block-library/blocks/search/editor-rtl.css
wp-content/plugins/gutenberg/build/block-library/blocks/search/editor.css
wp-content/plugins/gutenberg/build/block-library/blocks/search/style-rtl.css
wp-content/plugins/gutenberg/build/block-library/blocks/search/style.css
wp-content/plugins/gutenberg/build/block-library/blocks/search/theme-rtl.css
wp-content/plugins/gutenberg/build/block-library/blocks/search/theme.css
wp-content/plugins/gutenberg/build/block-library/blocks/separator/block.json
wp-content/plugins/gutenberg/build/block-library/blocks/separator/editor-rtl.css
wp-content/plugins/gutenberg/build/block-library/blocks/separator/editor.css
wp-content/plugins/gutenberg/build/block-library/blocks/separator/style-rtl.css
wp-content/plugins/gutenberg/build/block-library/blocks/separator/style.css
wp-content/plugins/gutenberg/build/block-library/blocks/separator/theme-rtl.css
wp-content/plugins/gutenberg/build/block-library/blocks/separator/theme.css
wp-content/plugins/gutenberg/build/block-library/blocks/shortcode.php
wp-content/plugins/gutenberg/build/block-library/blocks/shortcode/block.json
wp-content/plugins/gutenberg/build/block-library/blocks/shortcode/editor-rtl.css
wp-content/plugins/gutenberg/build/block-library/blocks/shortcode/editor.css
wp-content/plugins/gutenberg/build/block-library/blocks/site-logo.php
wp-content/plugins/gutenberg/build/block-library/blocks/site-logo/block.json
wp-content/plugins/gutenberg/build/block-library/blocks/site-logo/editor-rtl.css
wp-content/plugins/gutenberg/build/block-library/blocks/site-logo/editor.css
wp-content/plugins/gutenberg/build/block-library/blocks/site-logo/style-rtl.css
wp-content/plugins/gutenberg/build/block-library/blocks/site-logo/style.css
wp-content/plugins/gutenberg/build/block-library/blocks/site-tagline.php
wp-content/plugins/gutenberg/build/block-library/blocks/site-tagline/block.json
wp-content/plugins/gutenberg/build/block-library/blocks/site-tagline/editor-rtl.css
wp-content/plugins/gutenberg/build/block-library/blocks/site-tagline/editor.css
wp-content/plugins/gutenberg/build/block-library/blocks/site-tagline/style-rtl.css
wp-content/plugins/gutenberg/build/block-library/blocks/site-tagline/style.css
wp-content/plugins/gutenberg/build/block-library/blocks/site-title.php
wp-content/plugins/gutenberg/build/block-library/blocks/site-title/block.json
wp-content/plugins/gutenberg/build/block-library/blocks/site-title/editor-rtl.css
wp-content/plugins/gutenberg/build/block-library/blocks/site-title/editor.css
wp-content/plugins/gutenberg/build/block-library/blocks/site-title/style-rtl.css
wp-content/plugins/gutenberg/build/block-library/blocks/site-title/style.css
wp-content/plugins/gutenberg/build/block-library/blocks/social-link.php
wp-content/plugins/gutenberg/build/block-library/blocks/social-link/block.json
wp-content/plugins/gutenberg/build/block-library/blocks/social-link/editor-rtl.css
wp-content/plugins/gutenberg/build/block-library/blocks/social-link/editor.css
wp-content/plugins/gutenberg/build/block-library/blocks/social-links/block.json
wp-content/plugins/gutenberg/build/block-library/blocks/social-links/editor-rtl.css
wp-content/plugins/gutenberg/build/block-library/blocks/social-links/editor.css
wp-content/plugins/gutenberg/build/block-library/blocks/social-links/style-rtl.css
wp-content/plugins/gutenberg/build/block-library/blocks/social-links/style.css
wp-content/plugins/gutenberg/build/block-library/blocks/spacer/block.json
wp-content/plugins/gutenberg/build/block-library/blocks/spacer/editor-rtl.css
wp-content/plugins/gutenberg/build/block-library/blocks/spacer/editor.css
wp-content/plugins/gutenberg/build/block-library/blocks/spacer/style-rtl.css
wp-content/plugins/gutenberg/build/block-library/blocks/spacer/style.css
wp-content/plugins/gutenberg/build/block-library/blocks/table-of-contents/block.json
wp-content/plugins/gutenberg/build/block-library/blocks/table-of-contents/style-rtl.css
wp-content/plugins/gutenberg/build/block-library/blocks/table-of-contents/style.css
wp-content/plugins/gutenberg/build/block-library/blocks/table/block.json
wp-content/plugins/gutenberg/build/block-library/blocks/table/editor-rtl.css
wp-content/plugins/gutenberg/build/block-library/blocks/table/editor.css
wp-content/plugins/gutenberg/build/block-library/blocks/table/style-rtl.css
wp-content/plugins/gutenberg/build/block-library/blocks/table/style.css
wp-content/plugins/gutenberg/build/block-library/blocks/table/theme-rtl.css
wp-content/plugins/gutenberg/build/block-library/blocks/table/theme.css
wp-content/plugins/gutenberg/build/block-library/blocks/tag-cloud.php
wp-content/plugins/gutenberg/build/block-library/blocks/tag-cloud/block.json
wp-content/plugins/gutenberg/build/block-library/blocks/tag-cloud/editor-rtl.css
wp-content/plugins/gutenberg/build/block-library/blocks/tag-cloud/editor.css
wp-content/plugins/gutenberg/build/block-library/blocks/tag-cloud/style-rtl.css
wp-content/plugins/gutenberg/build/block-library/blocks/tag-cloud/style.css
wp-content/plugins/gutenberg/build/block-library/blocks/template-part.php
wp-content/plugins/gutenberg/build/block-library/blocks/template-part/block.json
wp-content/plugins/gutenberg/build/block-library/blocks/template-part/editor-rtl.css
wp-content/plugins/gutenberg/build/block-library/blocks/template-part/editor.css
wp-content/plugins/gutenberg/build/block-library/blocks/template-part/theme-rtl.css
wp-content/plugins/gutenberg/build/block-library/blocks/template-part/theme.css
wp-content/plugins/gutenberg/build/block-library/blocks/term-description.php
wp-content/plugins/gutenberg/build/block-library/blocks/term-description/block.json
wp-content/plugins/gutenberg/build/block-library/blocks/term-description/style-rtl.css
wp-content/plugins/gutenberg/build/block-library/blocks/term-description/style.css
wp-content/plugins/gutenberg/build/block-library/blocks/text-columns/block.json
wp-content/plugins/gutenberg/build/block-library/blocks/text-columns/editor-rtl.css
wp-content/plugins/gutenberg/build/block-library/blocks/text-columns/editor.css
wp-content/plugins/gutenberg/build/block-library/blocks/text-columns/style-rtl.css
wp-content/plugins/gutenberg/build/block-library/blocks/text-columns/style.css
wp-content/plugins/gutenberg/build/block-library/blocks/verse/block.json
wp-content/plugins/gutenberg/build/block-library/blocks/verse/style-rtl.css
wp-content/plugins/gutenberg/build/block-library/blocks/verse/style.css
wp-content/plugins/gutenberg/build/block-library/blocks/video/block.json
wp-content/plugins/gutenberg/build/block-library/blocks/video/editor-rtl.css
wp-content/plugins/gutenberg/build/block-library/blocks/video/editor.css
wp-content/plugins/gutenberg/build/block-library/blocks/video/style-rtl.css
wp-content/plugins/gutenberg/build/block-library/blocks/video/style.css
wp-content/plugins/gutenberg/build/block-library/blocks/video/theme-rtl.css
wp-content/plugins/gutenberg/build/block-library/blocks/video/theme.css
wp-content/plugins/gutenberg/build/block-library/classic-rtl.css
wp-content/plugins/gutenberg/build/block-library/classic.css
wp-content/plugins/gutenberg/build/block-library/common-rtl.css
wp-content/plugins/gutenberg/build/block-library/common.css
wp-content/plugins/gutenberg/build/block-library/editor-elements-rtl.css
wp-content/plugins/gutenberg/build/block-library/editor-elements.css
wp-content/plugins/gutenberg/build/block-library/editor-rtl.css
wp-content/plugins/gutenberg/build/block-library/editor.css
wp-content/plugins/gutenberg/build/block-library/elements-rtl.css
wp-content/plugins/gutenberg/build/block-library/elements.css
wp-content/plugins/gutenberg/build/block-library/index.js
wp-content/plugins/gutenberg/build/block-library/index.min.asset.php
wp-content/plugins/gutenberg/build/block-library/index.min.js
wp-content/plugins/gutenberg/build/block-library/index.min.js.map
wp-content/plugins/gutenberg/build/block-library/reset-rtl.css
wp-content/plugins/gutenberg/build/block-library/reset.css
wp-content/plugins/gutenberg/build/block-library/style-rtl.css
wp-content/plugins/gutenberg/build/block-library/style.css
wp-content/plugins/gutenberg/build/block-library/theme-rtl.css
wp-content/plugins/gutenberg/build/block-library/theme.css
wp-content/plugins/gutenberg/build/block-serialization-default-parser/index.js
wp-content/plugins/gutenberg/build/block-serialization-default-parser/index.min.asset.php
wp-content/plugins/gutenberg/build/block-serialization-default-parser/index.min.js
wp-content/plugins/gutenberg/build/block-serialization-default-parser/index.min.js.map
wp-content/plugins/gutenberg/build/block-serialization-spec-parser/index.js
wp-content/plugins/gutenberg/build/block-serialization-spec-parser/index.min.asset.php
wp-content/plugins/gutenberg/build/block-serialization-spec-parser/index.min.js
wp-content/plugins/gutenberg/build/block-serialization-spec-parser/index.min.js.map
wp-content/plugins/gutenberg/build/blocks/index.js
wp-content/plugins/gutenberg/build/blocks/index.min.asset.php
wp-content/plugins/gutenberg/build/blocks/index.min.js
wp-content/plugins/gutenberg/build/blocks/index.min.js.map
wp-content/plugins/gutenberg/build/commands/index.js
wp-content/plugins/gutenberg/build/commands/index.min.asset.php
wp-content/plugins/gutenberg/build/commands/index.min.js
wp-content/plugins/gutenberg/build/commands/index.min.js.map
wp-content/plugins/gutenberg/build/commands/style-rtl.css
wp-content/plugins/gutenberg/build/commands/style.css
wp-content/plugins/gutenberg/build/components/index.js
wp-content/plugins/gutenberg/build/components/index.min.asset.php
wp-content/plugins/gutenberg/build/components/index.min.js
wp-content/plugins/gutenberg/build/components/index.min.js.map
wp-content/plugins/gutenberg/build/components/style-rtl.css
wp-content/plugins/gutenberg/build/components/style.css
wp-content/plugins/gutenberg/build/compose/index.js
wp-content/plugins/gutenberg/build/compose/index.min.asset.php
wp-content/plugins/gutenberg/build/compose/index.min.js
wp-content/plugins/gutenberg/build/compose/index.min.js.map
wp-content/plugins/gutenberg/build/core-commands/index.js
wp-content/plugins/gutenberg/build/core-commands/index.min.asset.php
wp-content/plugins/gutenberg/build/core-commands/index.min.js
wp-content/plugins/gutenberg/build/core-commands/index.min.js.map
wp-content/plugins/gutenberg/build/core-data/index.js
wp-content/plugins/gutenberg/build/core-data/index.min.asset.php
wp-content/plugins/gutenberg/build/core-data/index.min.js
wp-content/plugins/gutenberg/build/core-data/index.min.js.map
wp-content/plugins/gutenberg/build/customize-widgets/index.js
wp-content/plugins/gutenberg/build/customize-widgets/index.min.asset.php
wp-content/plugins/gutenberg/build/customize-widgets/index.min.js
wp-content/plugins/gutenberg/build/customize-widgets/index.min.js.map
wp-content/plugins/gutenberg/build/customize-widgets/style-rtl.css
wp-content/plugins/gutenberg/build/customize-widgets/style.css
wp-content/plugins/gutenberg/build/data-controls/index.js
wp-content/plugins/gutenberg/build/data-controls/index.min.asset.php
wp-content/plugins/gutenberg/build/data-controls/index.min.js
wp-content/plugins/gutenberg/build/data-controls/index.min.js.map
wp-content/plugins/gutenberg/build/data/index.js
wp-content/plugins/gutenberg/build/data/index.min.asset.php
wp-content/plugins/gutenberg/build/data/index.min.js
wp-content/plugins/gutenberg/build/data/index.min.js.map
wp-content/plugins/gutenberg/build/date/index.js
wp-content/plugins/gutenberg/build/date/index.min.asset.php
wp-content/plugins/gutenberg/build/date/index.min.js
wp-content/plugins/gutenberg/build/date/index.min.js.map
wp-content/plugins/gutenberg/build/deprecated/index.js
wp-content/plugins/gutenberg/build/deprecated/index.min.asset.php
wp-content/plugins/gutenberg/build/deprecated/index.min.js
wp-content/plugins/gutenberg/build/deprecated/index.min.js.map
wp-content/plugins/gutenberg/build/dom-ready/index.js
wp-content/plugins/gutenberg/build/dom-ready/index.min.asset.php
wp-content/plugins/gutenberg/build/dom-ready/index.min.js
wp-content/plugins/gutenberg/build/dom-ready/index.min.js.map
wp-content/plugins/gutenberg/build/dom/index.js
wp-content/plugins/gutenberg/build/dom/index.min.asset.php
wp-content/plugins/gutenberg/build/dom/index.min.js
wp-content/plugins/gutenberg/build/dom/index.min.js.map
wp-content/plugins/gutenberg/build/edit-post/classic-rtl.css
wp-content/plugins/gutenberg/build/edit-post/classic.css
wp-content/plugins/gutenberg/build/edit-post/index.js
wp-content/plugins/gutenberg/build/edit-post/index.min.asset.php
wp-content/plugins/gutenberg/build/edit-post/index.min.js
wp-content/plugins/gutenberg/build/edit-post/index.min.js.map
wp-content/plugins/gutenberg/build/edit-post/style-rtl.css
wp-content/plugins/gutenberg/build/edit-post/style.css
wp-content/plugins/gutenberg/build/edit-site/index.js
wp-content/plugins/gutenberg/build/edit-site/index.min.asset.php
wp-content/plugins/gutenberg/build/edit-site/index.min.js
wp-content/plugins/gutenberg/build/edit-site/index.min.js.map
wp-content/plugins/gutenberg/build/edit-site/posts-rtl.css
wp-content/plugins/gutenberg/build/edit-site/posts.css
wp-content/plugins/gutenberg/build/edit-site/style-rtl.css
wp-content/plugins/gutenberg/build/edit-site/style.css
wp-content/plugins/gutenberg/build/edit-widgets/blocks/widget-area/block.json
wp-content/plugins/gutenberg/build/edit-widgets/index.js
wp-content/plugins/gutenberg/build/edit-widgets/index.min.asset.php
wp-content/plugins/gutenberg/build/edit-widgets/index.min.js
wp-content/plugins/gutenberg/build/edit-widgets/index.min.js.map
wp-content/plugins/gutenberg/build/edit-widgets/style-rtl.css
wp-content/plugins/gutenberg/build/edit-widgets/style.css
wp-content/plugins/gutenberg/build/editor/index.js
wp-content/plugins/gutenberg/build/editor/index.min.asset.php
wp-content/plugins/gutenberg/build/editor/index.min.js
wp-content/plugins/gutenberg/build/editor/index.min.js.map
wp-content/plugins/gutenberg/build/editor/style-rtl.css
wp-content/plugins/gutenberg/build/editor/style.css
wp-content/plugins/gutenberg/build/element/index.js
wp-content/plugins/gutenberg/build/element/index.min.asset.php
wp-content/plugins/gutenberg/build/element/index.min.js
wp-content/plugins/gutenberg/build/element/index.min.js.map
wp-content/plugins/gutenberg/build/escape-html/index.js
wp-content/plugins/gutenberg/build/escape-html/index.min.asset.php
wp-content/plugins/gutenberg/build/escape-html/index.min.js
wp-content/plugins/gutenberg/build/escape-html/index.min.js.map
wp-content/plugins/gutenberg/build/format-library/index.js
wp-content/plugins/gutenberg/build/format-library/index.min.asset.php
wp-content/plugins/gutenberg/build/format-library/index.min.js
wp-content/plugins/gutenberg/build/format-library/index.min.js.map
wp-content/plugins/gutenberg/build/format-library/style-rtl.css
wp-content/plugins/gutenberg/build/format-library/style.css
wp-content/plugins/gutenberg/build/hooks/index.js
wp-content/plugins/gutenberg/build/hooks/index.min.asset.php
wp-content/plugins/gutenberg/build/hooks/index.min.js
wp-content/plugins/gutenberg/build/hooks/index.min.js.map
wp-content/plugins/gutenberg/build/html-entities/index.js
wp-content/plugins/gutenberg/build/html-entities/index.min.asset.php
wp-content/plugins/gutenberg/build/html-entities/index.min.js
wp-content/plugins/gutenberg/build/html-entities/index.min.js.map
wp-content/plugins/gutenberg/build/i18n/index.js
wp-content/plugins/gutenberg/build/i18n/index.min.asset.php
wp-content/plugins/gutenberg/build/i18n/index.min.js
wp-content/plugins/gutenberg/build/i18n/index.min.js.map
wp-content/plugins/gutenberg/build/is-shallow-equal/index.js
wp-content/plugins/gutenberg/build/is-shallow-equal/index.min.asset.php
wp-content/plugins/gutenberg/build/is-shallow-equal/index.min.js
wp-content/plugins/gutenberg/build/is-shallow-equal/index.min.js.map
wp-content/plugins/gutenberg/build/keyboard-shortcuts/index.js
wp-content/plugins/gutenberg/build/keyboard-shortcuts/index.min.asset.php
wp-content/plugins/gutenberg/build/keyboard-shortcuts/index.min.js
wp-content/plugins/gutenberg/build/keyboard-shortcuts/index.min.js.map
wp-content/plugins/gutenberg/build/keycodes/index.js
wp-content/plugins/gutenberg/build/keycodes/index.min.asset.php
wp-content/plugins/gutenberg/build/keycodes/index.min.js
wp-content/plugins/gutenberg/build/keycodes/index.min.js.map
wp-content/plugins/gutenberg/build/list-reusable-blocks/index.js
wp-content/plugins/gutenberg/build/list-reusable-blocks/index.min.asset.php
wp-content/plugins/gutenberg/build/list-reusable-blocks/index.min.js
wp-content/plugins/gutenberg/build/list-reusable-blocks/index.min.js.map
wp-content/plugins/gutenberg/build/list-reusable-blocks/style-rtl.css
wp-content/plugins/gutenberg/build/list-reusable-blocks/style.css
wp-content/plugins/gutenberg/build/media-utils/index.js
wp-content/plugins/gutenberg/build/media-utils/index.min.asset.php
wp-content/plugins/gutenberg/build/media-utils/index.min.js
wp-content/plugins/gutenberg/build/media-utils/index.min.js.map
wp-content/plugins/gutenberg/build/notices/index.js
wp-content/plugins/gutenberg/build/notices/index.min.asset.php
wp-content/plugins/gutenberg/build/notices/index.min.js
wp-content/plugins/gutenberg/build/notices/index.min.js.map
wp-content/plugins/gutenberg/build/nux/index.js
wp-content/plugins/gutenberg/build/nux/index.min.asset.php
wp-content/plugins/gutenberg/build/nux/index.min.js
wp-content/plugins/gutenberg/build/nux/index.min.js.map
wp-content/plugins/gutenberg/build/nux/style-rtl.css
wp-content/plugins/gutenberg/build/nux/style.css
wp-content/plugins/gutenberg/build/patterns/index.js
wp-content/plugins/gutenberg/build/patterns/index.min.asset.php
wp-content/plugins/gutenberg/build/patterns/index.min.js
wp-content/plugins/gutenberg/build/patterns/index.min.js.map
wp-content/plugins/gutenberg/build/patterns/style-rtl.css
wp-content/plugins/gutenberg/build/patterns/style.css
wp-content/plugins/gutenberg/build/plugins/index.js
wp-content/plugins/gutenberg/build/plugins/index.min.asset.php
wp-content/plugins/gutenberg/build/plugins/index.min.js
wp-content/plugins/gutenberg/build/plugins/index.min.js.map
wp-content/plugins/gutenberg/build/preferences-persistence/index.js
wp-content/plugins/gutenberg/build/preferences-persistence/index.min.asset.php
wp-content/plugins/gutenberg/build/preferences-persistence/index.min.js
wp-content/plugins/gutenberg/build/preferences-persistence/index.min.js.map
wp-content/plugins/gutenberg/build/preferences/index.js
wp-content/plugins/gutenberg/build/preferences/index.min.asset.php
wp-content/plugins/gutenberg/build/preferences/index.min.js
wp-content/plugins/gutenberg/build/preferences/index.min.js.map
wp-content/plugins/gutenberg/build/preferences/style-rtl.css
wp-content/plugins/gutenberg/build/preferences/style.css
wp-content/plugins/gutenberg/build/primitives/index.js
wp-content/plugins/gutenberg/build/primitives/index.min.asset.php
wp-content/plugins/gutenberg/build/primitives/index.min.js
wp-content/plugins/gutenberg/build/primitives/index.min.js.map
wp-content/plugins/gutenberg/build/priority-queue/index.js
wp-content/plugins/gutenberg/build/priority-queue/index.min.asset.php
wp-content/plugins/gutenberg/build/priority-queue/index.min.js
wp-content/plugins/gutenberg/build/priority-queue/index.min.js.map
wp-content/plugins/gutenberg/build/private-apis/index.js
wp-content/plugins/gutenberg/build/private-apis/index.min.asset.php
wp-content/plugins/gutenberg/build/private-apis/index.min.js
wp-content/plugins/gutenberg/build/private-apis/index.min.js.map
wp-content/plugins/gutenberg/build/react-i18n/index.js
wp-content/plugins/gutenberg/build/react-i18n/index.min.asset.php
wp-content/plugins/gutenberg/build/react-i18n/index.min.js
wp-content/plugins/gutenberg/build/react-i18n/index.min.js.map
wp-content/plugins/gutenberg/build/react-refresh-entry/index.min.asset.php
wp-content/plugins/gutenberg/build/react-refresh-entry/index.min.js
wp-content/plugins/gutenberg/build/react-refresh-runtime/index.min.asset.php
wp-content/plugins/gutenberg/build/react-refresh-runtime/index.min.js
wp-content/plugins/gutenberg/build/redux-routine/index.js
wp-content/plugins/gutenberg/build/redux-routine/index.min.asset.php
wp-content/plugins/gutenberg/build/redux-routine/index.min.js
wp-content/plugins/gutenberg/build/redux-routine/index.min.js.map
wp-content/plugins/gutenberg/build/reusable-blocks/index.js
wp-content/plugins/gutenberg/build/reusable-blocks/index.min.asset.php
wp-content/plugins/gutenberg/build/reusable-blocks/index.min.js
wp-content/plugins/gutenberg/build/reusable-blocks/index.min.js.map
wp-content/plugins/gutenberg/build/reusable-blocks/style-rtl.css
wp-content/plugins/gutenberg/build/reusable-blocks/style.css
wp-content/plugins/gutenberg/build/rich-text/index.js
wp-content/plugins/gutenberg/build/rich-text/index.min.asset.php
wp-content/plugins/gutenberg/build/rich-text/index.min.js
wp-content/plugins/gutenberg/build/rich-text/index.min.js.map
wp-content/plugins/gutenberg/build/router/index.js
wp-content/plugins/gutenberg/build/router/index.min.asset.php
wp-content/plugins/gutenberg/build/router/index.min.js
wp-content/plugins/gutenberg/build/router/index.min.js.map
wp-content/plugins/gutenberg/build/server-side-render/index.js
wp-content/plugins/gutenberg/build/server-side-render/index.min.asset.php
wp-content/plugins/gutenberg/build/server-side-render/index.min.js
wp-content/plugins/gutenberg/build/server-side-render/index.min.js.map
wp-content/plugins/gutenberg/build/shortcode/index.js
wp-content/plugins/gutenberg/build/shortcode/index.min.asset.php
wp-content/plugins/gutenberg/build/shortcode/index.min.js
wp-content/plugins/gutenberg/build/shortcode/index.min.js.map
wp-content/plugins/gutenberg/build/style-engine/class-wp-style-engine-css-declarations-gutenberg.php
wp-content/plugins/gutenberg/build/style-engine/class-wp-style-engine-css-rule-gutenberg.php
wp-content/plugins/gutenberg/build/style-engine/class-wp-style-engine-css-rules-store-gutenberg.php
wp-content/plugins/gutenberg/build/style-engine/class-wp-style-engine-gutenberg.php
wp-content/plugins/gutenberg/build/style-engine/class-wp-style-engine-processor-gutenberg.php
wp-content/plugins/gutenberg/build/style-engine/index.js
wp-content/plugins/gutenberg/build/style-engine/index.min.asset.php
wp-content/plugins/gutenberg/build/style-engine/index.min.js
wp-content/plugins/gutenberg/build/style-engine/index.min.js.map
wp-content/plugins/gutenberg/build/style-engine/style-engine-gutenberg.php
wp-content/plugins/gutenberg/build/token-list/index.js
wp-content/plugins/gutenberg/build/token-list/index.min.asset.php
wp-content/plugins/gutenberg/build/token-list/index.min.js
wp-content/plugins/gutenberg/build/token-list/index.min.js.map
wp-content/plugins/gutenberg/build/url/index.js
wp-content/plugins/gutenberg/build/url/index.min.asset.php
wp-content/plugins/gutenberg/build/url/index.min.js
wp-content/plugins/gutenberg/build/url/index.min.js.map
wp-content/plugins/gutenberg/build/vendors/react-dom.js
wp-content/plugins/gutenberg/build/vendors/react-dom.min.js
wp-content/plugins/gutenberg/build/vendors/react-jsx-runtime.js
wp-content/plugins/gutenberg/build/vendors/react-jsx-runtime.min.js
wp-content/plugins/gutenberg/build/vendors/react-jsx-runtime.min.js.LICENSE.txt
wp-content/plugins/gutenberg/build/vendors/react.js
wp-content/plugins/gutenberg/build/vendors/react.min.js
wp-content/plugins/gutenberg/build/viewport/index.js
wp-content/plugins/gutenberg/build/viewport/index.min.asset.php
wp-content/plugins/gutenberg/build/viewport/index.min.js
wp-content/plugins/gutenberg/build/viewport/index.min.js.map
wp-content/plugins/gutenberg/build/vips/index.js
wp-content/plugins/gutenberg/build/vips/index.min.asset.php
wp-content/plugins/gutenberg/build/vips/index.min.js
wp-content/plugins/gutenberg/build/vips/index.min.js.map
wp-content/plugins/gutenberg/build/vips/vips-heif.wasm
wp-content/plugins/gutenberg/build/vips/vips-jxl.wasm
wp-content/plugins/gutenberg/build/vips/vips.wasm
wp-content/plugins/gutenberg/build/warning/index.js
wp-content/plugins/gutenberg/build/warning/index.min.asset.php
wp-content/plugins/gutenberg/build/warning/index.min.js
wp-content/plugins/gutenberg/build/warning/index.min.js.map
wp-content/plugins/gutenberg/build/widgets/blocks/legacy-widget.php
wp-content/plugins/gutenberg/build/widgets/blocks/legacy-widget/block.json
wp-content/plugins/gutenberg/build/widgets/blocks/widget-group.php
wp-content/plugins/gutenberg/build/widgets/blocks/widget-group/block.json
wp-content/plugins/gutenberg/build/widgets/index.js
wp-content/plugins/gutenberg/build/widgets/index.min.asset.php
wp-content/plugins/gutenberg/build/widgets/index.min.js
wp-content/plugins/gutenberg/build/widgets/index.min.js.map
wp-content/plugins/gutenberg/build/widgets/style-rtl.css
wp-content/plugins/gutenberg/build/widgets/style.css
wp-content/plugins/gutenberg/build/wordcount/index.js
wp-content/plugins/gutenberg/build/wordcount/index.min.asset.php
wp-content/plugins/gutenberg/build/wordcount/index.min.js
wp-content/plugins/gutenberg/build/wordcount/index.min.js.map
wp-content/plugins/gutenberg/changelog.txt
wp-content/plugins/gutenberg/gutenberg.php
wp-content/plugins/gutenberg/lib/README.md
wp-content/plugins/gutenberg/lib/block-editor-settings.php
wp-content/plugins/gutenberg/lib/block-supports/aria-label.php
wp-content/plugins/gutenberg/lib/block-supports/background.php
wp-content/plugins/gutenberg/lib/block-supports/block-style-variations.php
wp-content/plugins/gutenberg/lib/block-supports/border.php
wp-content/plugins/gutenberg/lib/block-supports/colors.php
wp-content/plugins/gutenberg/lib/block-supports/dimensions.php
wp-content/plugins/gutenberg/lib/block-supports/duotone.php
wp-content/plugins/gutenberg/lib/block-supports/elements.php
wp-content/plugins/gutenberg/lib/block-supports/layout.php
wp-content/plugins/gutenberg/lib/block-supports/position.php
wp-content/plugins/gutenberg/lib/block-supports/settings.php
wp-content/plugins/gutenberg/lib/block-supports/shadow.php
wp-content/plugins/gutenberg/lib/block-supports/spacing.php
wp-content/plugins/gutenberg/lib/block-supports/typography.php
wp-content/plugins/gutenberg/lib/block-template-utils.php
wp-content/plugins/gutenberg/lib/blocks.php
wp-content/plugins/gutenberg/lib/class-wp-duotone-gutenberg.php
wp-content/plugins/gutenberg/lib/class-wp-rest-edit-site-export-controller-gutenberg.php
wp-content/plugins/gutenberg/lib/class-wp-rest-global-styles-controller-gutenberg.php
wp-content/plugins/gutenberg/lib/class-wp-theme-json-data-gutenberg.php
wp-content/plugins/gutenberg/lib/class-wp-theme-json-gutenberg.php
wp-content/plugins/gutenberg/lib/class-wp-theme-json-resolver-gutenberg.php
wp-content/plugins/gutenberg/lib/class-wp-theme-json-schema-gutenberg.php
wp-content/plugins/gutenberg/lib/client-assets.php
wp-content/plugins/gutenberg/lib/compat/plugin/edit-site-routes-backwards-compat.php
wp-content/plugins/gutenberg/lib/compat/plugin/fonts.php
wp-content/plugins/gutenberg/lib/compat/wordpress-6.7/block-bindings.php
wp-content/plugins/gutenberg/lib/compat/wordpress-6.7/block-templates.php
wp-content/plugins/gutenberg/lib/compat/wordpress-6.7/blocks.php
wp-content/plugins/gutenberg/lib/compat/wordpress-6.7/class-gutenberg-rest-posts-controller-6-7.php
wp-content/plugins/gutenberg/lib/compat/wordpress-6.7/class-gutenberg-rest-server.php
wp-content/plugins/gutenberg/lib/compat/wordpress-6.7/class-gutenberg-rest-templates-controller-6-7.php
wp-content/plugins/gutenberg/lib/compat/wordpress-6.7/class-gutenberg-token-map-6-7.php
wp-content/plugins/gutenberg/lib/compat/wordpress-6.7/class-wp-block-templates-registry.php
wp-content/plugins/gutenberg/lib/compat/wordpress-6.7/compat.php
wp-content/plugins/gutenberg/lib/compat/wordpress-6.7/html-api/class-gutenberg-html-active-formatting-elements-6-7.php
wp-content/plugins/gutenberg/lib/compat/wordpress-6.7/html-api/class-gutenberg-html-attribute-token-6-7.php
wp-content/plugins/gutenberg/lib/compat/wordpress-6.7/html-api/class-gutenberg-html-decoder-6-7.php
wp-content/plugins/gutenberg/lib/compat/wordpress-6.7/html-api/class-gutenberg-html-open-elements-6-7.php
wp-content/plugins/gutenberg/lib/compat/wordpress-6.7/html-api/class-gutenberg-html-processor-6-7.php
wp-content/plugins/gutenberg/lib/compat/wordpress-6.7/html-api/class-gutenberg-html-processor-state-6-7.php
wp-content/plugins/gutenberg/lib/compat/wordpress-6.7/html-api/class-gutenberg-html-span-6-7.php
wp-content/plugins/gutenberg/lib/compat/wordpress-6.7/html-api/class-gutenberg-html-stack-event-6-7.php
wp-content/plugins/gutenberg/lib/compat/wordpress-6.7/html-api/class-gutenberg-html-tag-processor-6-7.php
wp-content/plugins/gutenberg/lib/compat/wordpress-6.7/html-api/class-gutenberg-html-text-replacement-6-7.php
wp-content/plugins/gutenberg/lib/compat/wordpress-6.7/html-api/class-gutenberg-html-token-6-7.php
wp-content/plugins/gutenberg/lib/compat/wordpress-6.7/html-api/class-gutenberg-html-unsupported-exception-6-7.php
wp-content/plugins/gutenberg/lib/compat/wordpress-6.7/post-formats.php
wp-content/plugins/gutenberg/lib/compat/wordpress-6.7/rest-api.php
wp-content/plugins/gutenberg/lib/compat/wordpress-6.7/script-modules.php
wp-content/plugins/gutenberg/lib/compat/wordpress-6.8/admin-bar.php
wp-content/plugins/gutenberg/lib/compat/wordpress-6.8/block-template-utils.php
wp-content/plugins/gutenberg/lib/compat/wordpress-6.8/blocks.php
wp-content/plugins/gutenberg/lib/compat/wordpress-6.8/class-gutenberg-rest-user-controller.php
wp-content/plugins/gutenberg/lib/compat/wordpress-6.8/functions.php
wp-content/plugins/gutenberg/lib/compat/wordpress-6.8/preload.php
wp-content/plugins/gutenberg/lib/compat/wordpress-6.8/rest-api.php
wp-content/plugins/gutenberg/lib/compat/wordpress-6.8/site-editor.php
wp-content/plugins/gutenberg/lib/compat/wordpress-6.8/site-preview.php
wp-content/plugins/gutenberg/lib/compat/wordpress-6.9/class-gutenberg-hierarchical-sort.php
wp-content/plugins/gutenberg/lib/demo.php
wp-content/plugins/gutenberg/lib/experimental/assets/tinymce-proxy.js
wp-content/plugins/gutenberg/lib/experimental/block-comments.php
wp-content/plugins/gutenberg/lib/experimental/block-editor-settings-mobile.php
wp-content/plugins/gutenberg/lib/experimental/blocks.php
wp-content/plugins/gutenberg/lib/experimental/class--wp-editors.php
wp-content/plugins/gutenberg/lib/experimental/class-gutenberg-rest-comment-controller.php
wp-content/plugins/gutenberg/lib/experimental/class-wp-rest-block-editor-settings-controller.php
wp-content/plugins/gutenberg/lib/experimental/data-views.php
wp-content/plugins/gutenberg/lib/experimental/disable-tinymce.php
wp-content/plugins/gutenberg/lib/experimental/editor-settings.php
wp-content/plugins/gutenberg/lib/experimental/font-face/bc-layer/class-gutenberg-fonts-api-bc-layer.php
wp-content/plugins/gutenberg/lib/experimental/font-face/bc-layer/class-wp-fonts-provider-local.php
wp-content/plugins/gutenberg/lib/experimental/font-face/bc-layer/class-wp-fonts-provider.php
wp-content/plugins/gutenberg/lib/experimental/font-face/bc-layer/class-wp-fonts-resolver.php
wp-content/plugins/gutenberg/lib/experimental/font-face/bc-layer/class-wp-fonts-utils.php
wp-content/plugins/gutenberg/lib/experimental/font-face/bc-layer/class-wp-fonts.php
wp-content/plugins/gutenberg/lib/experimental/font-face/bc-layer/class-wp-web-fonts.php
wp-content/plugins/gutenberg/lib/experimental/font-face/bc-layer/class-wp-webfonts-provider-local.php
wp-content/plugins/gutenberg/lib/experimental/font-face/bc-layer/class-wp-webfonts-provider.php
wp-content/plugins/gutenberg/lib/experimental/font-face/bc-layer/class-wp-webfonts-utils.php
wp-content/plugins/gutenberg/lib/experimental/font-face/bc-layer/class-wp-webfonts.php
wp-content/plugins/gutenberg/lib/experimental/font-face/bc-layer/webfonts-deprecations.php
wp-content/plugins/gutenberg/lib/experimental/full-page-client-side-navigation.php
wp-content/plugins/gutenberg/lib/experimental/kses-allowed-html.php
wp-content/plugins/gutenberg/lib/experimental/kses.php
wp-content/plugins/gutenberg/lib/experimental/l10n.php
wp-content/plugins/gutenberg/lib/experimental/media/class-gutenberg-rest-attachments-controller.php
wp-content/plugins/gutenberg/lib/experimental/media/load.php
wp-content/plugins/gutenberg/lib/experimental/navigation-theme-opt-in.php
wp-content/plugins/gutenberg/lib/experimental/posts/load.php
wp-content/plugins/gutenberg/lib/experimental/rest-api.php
wp-content/plugins/gutenberg/lib/experimental/script-modules.php
wp-content/plugins/gutenberg/lib/experimental/sync/README.md
wp-content/plugins/gutenberg/lib/experimental/sync/class-gutenberg-http-signaling-server.php
wp-content/plugins/gutenberg/lib/experimental/synchronization.php
wp-content/plugins/gutenberg/lib/experiments-page.php
wp-content/plugins/gutenberg/lib/global-styles-and-settings.php
wp-content/plugins/gutenberg/lib/init.php
wp-content/plugins/gutenberg/lib/interactivity-api.php
wp-content/plugins/gutenberg/lib/load.php
wp-content/plugins/gutenberg/lib/rest-api.php
wp-content/plugins/gutenberg/lib/script-loader.php
wp-content/plugins/gutenberg/lib/theme-i18n.json
wp-content/plugins/gutenberg/lib/theme.json
wp-content/plugins/gutenberg/lib/upgrade.php
wp-content/plugins/gutenberg/packages/block-serialization-default-parser/class-wp-block-parser-block.php
wp-content/plugins/gutenberg/packages/block-serialization-default-parser/class-wp-block-parser-frame.php
wp-content/plugins/gutenberg/packages/block-serialization-default-parser/class-wp-block-parser.php
wp-content/plugins/gutenberg/packages/block-serialization-default-parser/parser.php
wp-content/plugins/gutenberg/post-content.php
wp-content/plugins/gutenberg/readme.txt
wp-content/plugins/icon-block/LICENSE
wp-content/plugins/icon-block/build/block.json
wp-content/plugins/icon-block/build/editor.asset.php
wp-content/plugins/icon-block/build/editor.css
wp-content/plugins/icon-block/build/index.asset.php
wp-content/plugins/icon-block/build/index.js
wp-content/plugins/icon-block/build/style.asset.php
wp-content/plugins/icon-block/build/style.css
wp-content/plugins/icon-block/icon-block.php
wp-content/plugins/icon-block/languages/icon-block.pot
wp-content/plugins/icon-block/readme.txt
wp-content/plugins/index.php
wp-content/plugins/jetpack/3rd-party/3rd-party.php
wp-content/plugins/jetpack/3rd-party/amp.php
wp-content/plugins/jetpack/3rd-party/atomic.php
wp-content/plugins/jetpack/3rd-party/bbpress.php
wp-content/plugins/jetpack/3rd-party/beaverbuilder.php
wp-content/plugins/jetpack/3rd-party/bitly.php
wp-content/plugins/jetpack/3rd-party/buddypress.php
wp-content/plugins/jetpack/3rd-party/class-domain-mapping.php
wp-content/plugins/jetpack/3rd-party/class-jetpack-bbpress-rest-api.php
wp-content/plugins/jetpack/3rd-party/class.jetpack-amp-support.php
wp-content/plugins/jetpack/3rd-party/creative-mail.php
wp-content/plugins/jetpack/3rd-party/debug-bar.php
wp-content/plugins/jetpack/3rd-party/debug-bar/class-jetpack-search-debug-bar.php
wp-content/plugins/jetpack/3rd-party/debug-bar/debug-bar.css
wp-content/plugins/jetpack/3rd-party/debug-bar/debug-bar.js
wp-content/plugins/jetpack/3rd-party/jetpack-backup.php
wp-content/plugins/jetpack/3rd-party/jetpack-boost.php
wp-content/plugins/jetpack/3rd-party/qtranslate-x.php
wp-content/plugins/jetpack/3rd-party/vaultpress.php
wp-content/plugins/jetpack/3rd-party/web-stories.php
wp-content/plugins/jetpack/3rd-party/woocommerce-services.php
wp-content/plugins/jetpack/3rd-party/woocommerce.php
wp-content/plugins/jetpack/3rd-party/wpcom-reader.php
wp-content/plugins/jetpack/3rd-party/wpml.php
wp-content/plugins/jetpack/CHANGELOG.md
wp-content/plugins/jetpack/LICENSE.txt
wp-content/plugins/jetpack/SECURITY.md
wp-content/plugins/jetpack/_inc/accessible-focus.js
wp-content/plugins/jetpack/_inc/blocks/446.js
wp-content/plugins/jetpack/_inc/blocks/ai-assistant/block.json
wp-content/plugins/jetpack/_inc/blocks/ai-chat/block.json
wp-content/plugins/jetpack/_inc/blocks/ai-chat/view.asset.php
wp-content/plugins/jetpack/_inc/blocks/ai-chat/view.css
wp-content/plugins/jetpack/_inc/blocks/ai-chat/view.js
wp-content/plugins/jetpack/_inc/blocks/ai-chat/view.js.LICENSE.txt
wp-content/plugins/jetpack/_inc/blocks/ai-chat/view.rtl.css
wp-content/plugins/jetpack/_inc/blocks/blocks-manifest.php
wp-content/plugins/jetpack/_inc/blocks/blog-stats/block.json
wp-content/plugins/jetpack/_inc/blocks/blogging-prompt/block.json
wp-content/plugins/jetpack/_inc/blocks/blogging-prompt/view.asset.php
wp-content/plugins/jetpack/_inc/blocks/blogging-prompt/view.css
wp-content/plugins/jetpack/_inc/blocks/blogging-prompt/view.js
wp-content/plugins/jetpack/_inc/blocks/blogging-prompt/view.rtl.css
wp-content/plugins/jetpack/_inc/blocks/blogroll/block.json
wp-content/plugins/jetpack/_inc/blocks/blogroll/view.asset.php
wp-content/plugins/jetpack/_inc/blocks/blogroll/view.css
wp-content/plugins/jetpack/_inc/blocks/blogroll/view.js
wp-content/plugins/jetpack/_inc/blocks/blogroll/view.rtl.css
wp-content/plugins/jetpack/_inc/blocks/business-hours/block.json
wp-content/plugins/jetpack/_inc/blocks/business-hours/view.asset.php
wp-content/plugins/jetpack/_inc/blocks/business-hours/view.css
wp-content/plugins/jetpack/_inc/blocks/business-hours/view.js
wp-content/plugins/jetpack/_inc/blocks/business-hours/view.rtl.css
wp-content/plugins/jetpack/_inc/blocks/button/view.asset.php
wp-content/plugins/jetpack/_inc/blocks/button/view.css
wp-content/plugins/jetpack/_inc/blocks/button/view.js
wp-content/plugins/jetpack/_inc/blocks/button/view.rtl.css
wp-content/plugins/jetpack/_inc/blocks/calendly/block.json
wp-content/plugins/jetpack/_inc/blocks/calendly/view.asset.php
wp-content/plugins/jetpack/_inc/blocks/calendly/view.css
wp-content/plugins/jetpack/_inc/blocks/calendly/view.js
wp-content/plugins/jetpack/_inc/blocks/calendly/view.rtl.css
wp-content/plugins/jetpack/_inc/blocks/components.css
wp-content/plugins/jetpack/_inc/blocks/components.js.LICENSE.txt
wp-content/plugins/jetpack/_inc/blocks/components.rtl.css
wp-content/plugins/jetpack/_inc/blocks/contact-info/block.json
wp-content/plugins/jetpack/_inc/blocks/contact-info/view.asset.php
wp-content/plugins/jetpack/_inc/blocks/contact-info/view.css
wp-content/plugins/jetpack/_inc/blocks/contact-info/view.js
wp-content/plugins/jetpack/_inc/blocks/contact-info/view.rtl.css
wp-content/plugins/jetpack/_inc/blocks/cookie-consent/block.json
wp-content/plugins/jetpack/_inc/blocks/cookie-consent/view.asset.php
wp-content/plugins/jetpack/_inc/blocks/cookie-consent/view.css
wp-content/plugins/jetpack/_inc/blocks/cookie-consent/view.js
wp-content/plugins/jetpack/_inc/blocks/cookie-consent/view.rtl.css
wp-content/plugins/jetpack/_inc/blocks/donations/block.json
wp-content/plugins/jetpack/_inc/blocks/donations/view.asset.php
wp-content/plugins/jetpack/_inc/blocks/donations/view.css
wp-content/plugins/jetpack/_inc/blocks/donations/view.js
wp-content/plugins/jetpack/_inc/blocks/donations/view.js.LICENSE.txt
wp-content/plugins/jetpack/_inc/blocks/donations/view.rtl.css
wp-content/plugins/jetpack/_inc/blocks/editor-assets/mapbox-gl-1.13.0.css
wp-content/plugins/jetpack/_inc/blocks/editor-assets/mapbox-gl-1.13.0.js
wp-content/plugins/jetpack/_inc/blocks/editor-beta.asset.php
wp-content/plugins/jetpack/_inc/blocks/editor-beta.css
wp-content/plugins/jetpack/_inc/blocks/editor-beta.js
wp-content/plugins/jetpack/_inc/blocks/editor-beta.js.LICENSE.txt
wp-content/plugins/jetpack/_inc/blocks/editor-beta.rtl.css
wp-content/plugins/jetpack/_inc/blocks/editor-experimental.asset.php
wp-content/plugins/jetpack/_inc/blocks/editor-experimental.css
wp-content/plugins/jetpack/_inc/blocks/editor-experimental.js
wp-content/plugins/jetpack/_inc/blocks/editor-experimental.js.LICENSE.txt
wp-content/plugins/jetpack/_inc/blocks/editor-experimental.rtl.css
wp-content/plugins/jetpack/_inc/blocks/editor-no-post-editor.asset.php
wp-content/plugins/jetpack/_inc/blocks/editor-no-post-editor.css
wp-content/plugins/jetpack/_inc/blocks/editor-no-post-editor.js
wp-content/plugins/jetpack/_inc/blocks/editor-no-post-editor.js.LICENSE.txt
wp-content/plugins/jetpack/_inc/blocks/editor-no-post-editor.rtl.css
wp-content/plugins/jetpack/_inc/blocks/editor.asset.php
wp-content/plugins/jetpack/_inc/blocks/editor.css
wp-content/plugins/jetpack/_inc/blocks/editor.js
wp-content/plugins/jetpack/_inc/blocks/editor.js.LICENSE.txt
wp-content/plugins/jetpack/_inc/blocks/editor.rtl.css
wp-content/plugins/jetpack/_inc/blocks/eventbrite/block.json
wp-content/plugins/jetpack/_inc/blocks/eventbrite/view.asset.php
wp-content/plugins/jetpack/_inc/blocks/eventbrite/view.css
wp-content/plugins/jetpack/_inc/blocks/eventbrite/view.js
wp-content/plugins/jetpack/_inc/blocks/eventbrite/view.rtl.css
wp-content/plugins/jetpack/_inc/blocks/frontend-nudge.html
wp-content/plugins/jetpack/_inc/blocks/gif/block.json
wp-content/plugins/jetpack/_inc/blocks/gif/view.asset.php
wp-content/plugins/jetpack/_inc/blocks/gif/view.css
wp-content/plugins/jetpack/_inc/blocks/gif/view.js
wp-content/plugins/jetpack/_inc/blocks/gif/view.rtl.css
wp-content/plugins/jetpack/_inc/blocks/goodreads/block.json
wp-content/plugins/jetpack/_inc/blocks/goodreads/view.asset.php
wp-content/plugins/jetpack/_inc/blocks/goodreads/view.css
wp-content/plugins/jetpack/_inc/blocks/goodreads/view.js
wp-content/plugins/jetpack/_inc/blocks/goodreads/view.rtl.css
wp-content/plugins/jetpack/_inc/blocks/google-calendar/block.json
wp-content/plugins/jetpack/_inc/blocks/google-calendar/view.asset.php
wp-content/plugins/jetpack/_inc/blocks/google-calendar/view.css
wp-content/plugins/jetpack/_inc/blocks/google-calendar/view.js
wp-content/plugins/jetpack/_inc/blocks/google-calendar/view.rtl.css
wp-content/plugins/jetpack/_inc/blocks/google-docs-embed/block.json
wp-content/plugins/jetpack/_inc/blocks/google-docs-embed/view.asset.php
wp-content/plugins/jetpack/_inc/blocks/google-docs-embed/view.css
wp-content/plugins/jetpack/_inc/blocks/google-docs-embed/view.js
wp-content/plugins/jetpack/_inc/blocks/google-docs-embed/view.rtl.css
wp-content/plugins/jetpack/_inc/blocks/image-compare/block.json
wp-content/plugins/jetpack/_inc/blocks/image-compare/view.asset.php
wp-content/plugins/jetpack/_inc/blocks/image-compare/view.css
wp-content/plugins/jetpack/_inc/blocks/image-compare/view.js
wp-content/plugins/jetpack/_inc/blocks/image-compare/view.rtl.css
wp-content/plugins/jetpack/_inc/blocks/images/avatar1-e8722a0be8a3a2815ce4.jpg
wp-content/plugins/jetpack/_inc/blocks/images/avatar2-5c5ad1b19340e0c7a5fd.jpg
wp-content/plugins/jetpack/_inc/blocks/images/avatar3-5c7c3997fa2aad717819.jpg
wp-content/plugins/jetpack/_inc/blocks/images/bloganuary-icon-20e07d1c81f21708f183.svg
wp-content/plugins/jetpack/_inc/blocks/images/eventbrite-in-page-example-47588367313e644097c9.png
wp-content/plugins/jetpack/_inc/blocks/images/example_160x600-4df685f9bf14f11d9012.png
wp-content/plugins/jetpack/_inc/blocks/images/example_300x250-9e27534cd219e940abaf.png
wp-content/plugins/jetpack/_inc/blocks/images/example_320x50-34c171b9cf96506c8fc4.png
wp-content/plugins/jetpack/_inc/blocks/images/example_728x90-1a8de274d08ab4d07f48.png
wp-content/plugins/jetpack/_inc/blocks/images/icon-cd4e9ecf53fadf95246d.svg
wp-content/plugins/jetpack/_inc/blocks/images/img-example-after-e2742d7b0f7c7e9157a3.png
wp-content/plugins/jetpack/_inc/blocks/images/img-example-before-0b3e07296a7ca4bf4187.png
wp-content/plugins/jetpack/_inc/blocks/images/jetpack-logo-0869ca6c8490d0aaecca.svg
wp-content/plugins/jetpack/_inc/blocks/images/loader-0855308317756931a4f5.gif
wp-content/plugins/jetpack/_inc/blocks/images/map-preview-0088ca72fca2cbebe7a4.jpg
wp-content/plugins/jetpack/_inc/blocks/images/map-theme_black_and_white-a33452734cf5f59eb2f9.jpg
wp-content/plugins/jetpack/_inc/blocks/images/map-theme_black_and_white_mapkit-50e9383d59f6ad6a44ed.jpg
wp-content/plugins/jetpack/_inc/blocks/images/map-theme_default-d3a324cdc6ff2f461574.jpg
wp-content/plugins/jetpack/_inc/blocks/images/map-theme_default_mapkit-0ed10cab18f62edff74e.jpg
wp-content/plugins/jetpack/_inc/blocks/images/map-theme_satellite-58322e843e983f7397b5.jpg
wp-content/plugins/jetpack/_inc/blocks/images/map-theme_satellite_mapkit-6062205f7c3804fae12c.jpg
wp-content/plugins/jetpack/_inc/blocks/images/map-theme_terrain-a408b936442d6d33df07.jpg
wp-content/plugins/jetpack/_inc/blocks/images/oval-5f1d889983a8747472c7.svg
wp-content/plugins/jetpack/_inc/blocks/images/paypal-button-185a418796b918a5e24b.png
wp-content/plugins/jetpack/_inc/blocks/images/paypal-button-2x-4b3170770abd36302540.png
wp-content/plugins/jetpack/_inc/blocks/images/placeholder-site-icon-5bb955c1d041bc2adfc9.svg
wp-content/plugins/jetpack/_inc/blocks/images/slideshow_example-1-27620cbeda003e2c71d1.jpg
wp-content/plugins/jetpack/_inc/blocks/images/slideshow_example-2-cce21819e376a0c6a174.jpg
wp-content/plugins/jetpack/_inc/blocks/images/slideshow_example-3-9de0a668f5077bab7ece.jpg
wp-content/plugins/jetpack/_inc/blocks/images/story_example-1-8d272acaba13e96e3b48.png
wp-content/plugins/jetpack/_inc/blocks/images/tiled-gallery_example-1-d2817eb0e669267ab3eb.jpg
wp-content/plugins/jetpack/_inc/blocks/images/tiled-gallery_example-2-78fc061b3eff2af1311b.jpg
wp-content/plugins/jetpack/_inc/blocks/images/tiled-gallery_example-3-27620cbeda003e2c71d1.jpg
wp-content/plugins/jetpack/_inc/blocks/images/tiled-gallery_example-4-cce21819e376a0c6a174.jpg
wp-content/plugins/jetpack/_inc/blocks/images/tiled-gallery_example-5-18efa42161dfe5708046.jpg
wp-content/plugins/jetpack/_inc/blocks/images/tiled-gallery_example-6-bd61852e61001ce631d7.jpg
wp-content/plugins/jetpack/_inc/blocks/images/videopress-block-example-image-d7dd9fae6ff49181bfca.jpg
wp-content/plugins/jetpack/_inc/blocks/index.json
wp-content/plugins/jetpack/_inc/blocks/instagram-gallery/block.json
wp-content/plugins/jetpack/_inc/blocks/instagram-gallery/view.asset.php
wp-content/plugins/jetpack/_inc/blocks/instagram-gallery/view.css
wp-content/plugins/jetpack/_inc/blocks/instagram-gallery/view.js
wp-content/plugins/jetpack/_inc/blocks/instagram-gallery/view.rtl.css
wp-content/plugins/jetpack/_inc/blocks/like/block.json
wp-content/plugins/jetpack/_inc/blocks/mailchimp/block.json
wp-content/plugins/jetpack/_inc/blocks/mailchimp/view.asset.php
wp-content/plugins/jetpack/_inc/blocks/mailchimp/view.css
wp-content/plugins/jetpack/_inc/blocks/mailchimp/view.js
wp-content/plugins/jetpack/_inc/blocks/mailchimp/view.rtl.css
wp-content/plugins/jetpack/_inc/blocks/map/block.json
wp-content/plugins/jetpack/_inc/blocks/map/view.asset.php
wp-content/plugins/jetpack/_inc/blocks/map/view.css
wp-content/plugins/jetpack/_inc/blocks/map/view.js
wp-content/plugins/jetpack/_inc/blocks/map/view.rtl.css
wp-content/plugins/jetpack/_inc/blocks/markdown/block.json
wp-content/plugins/jetpack/_inc/blocks/nextdoor/block.json
wp-content/plugins/jetpack/_inc/blocks/nextdoor/view.asset.php
wp-content/plugins/jetpack/_inc/blocks/nextdoor/view.js
wp-content/plugins/jetpack/_inc/blocks/opentable/block.json
wp-content/plugins/jetpack/_inc/blocks/opentable/view.asset.php
wp-content/plugins/jetpack/_inc/blocks/opentable/view.css
wp-content/plugins/jetpack/_inc/blocks/opentable/view.js
wp-content/plugins/jetpack/_inc/blocks/opentable/view.rtl.css
wp-content/plugins/jetpack/_inc/blocks/payment-buttons/block.json
wp-content/plugins/jetpack/_inc/blocks/payment-buttons/view.asset.php
wp-content/plugins/jetpack/_inc/blocks/payment-buttons/view.css
wp-content/plugins/jetpack/_inc/blocks/payment-buttons/view.js
wp-content/plugins/jetpack/_inc/blocks/payment-buttons/view.rtl.css
wp-content/plugins/jetpack/_inc/blocks/payments-intro/block.json
wp-content/plugins/jetpack/_inc/blocks/paywall/block.json
wp-content/plugins/jetpack/_inc/blocks/pinterest/block.json
wp-content/plugins/jetpack/_inc/blocks/podcast-player/block.json
wp-content/plugins/jetpack/_inc/blocks/podcast-player/view.asset.php
wp-content/plugins/jetpack/_inc/blocks/podcast-player/view.css
wp-content/plugins/jetpack/_inc/blocks/podcast-player/view.js
wp-content/plugins/jetpack/_inc/blocks/podcast-player/view.js.LICENSE.txt
wp-content/plugins/jetpack/_inc/blocks/podcast-player/view.rtl.css
wp-content/plugins/jetpack/_inc/blocks/premium-content/block.json
wp-content/plugins/jetpack/_inc/blocks/premium-content/view.asset.php
wp-content/plugins/jetpack/_inc/blocks/premium-content/view.css
wp-content/plugins/jetpack/_inc/blocks/premium-content/view.js
wp-content/plugins/jetpack/_inc/blocks/premium-content/view.rtl.css
wp-content/plugins/jetpack/_inc/blocks/rating-star/block.json
wp-content/plugins/jetpack/_inc/blocks/rating-star/view.asset.php
wp-content/plugins/jetpack/_inc/blocks/rating-star/view.css
wp-content/plugins/jetpack/_inc/blocks/rating-star/view.js
wp-content/plugins/jetpack/_inc/blocks/rating-star/view.rtl.css
wp-content/plugins/jetpack/_inc/blocks/recipe/block.json
wp-content/plugins/jetpack/_inc/blocks/recipe/view.asset.php
wp-content/plugins/jetpack/_inc/blocks/recipe/view.css
wp-content/plugins/jetpack/_inc/blocks/recipe/view.js
wp-content/plugins/jetpack/_inc/blocks/recipe/view.rtl.css
wp-content/plugins/jetpack/_inc/blocks/recurring-payments/block.json
wp-content/plugins/jetpack/_inc/blocks/recurring-payments/view.asset.php
wp-content/plugins/jetpack/_inc/blocks/recurring-payments/view.css
wp-content/plugins/jetpack/_inc/blocks/recurring-payments/view.js
wp-content/plugins/jetpack/_inc/blocks/recurring-payments/view.rtl.css
wp-content/plugins/jetpack/_inc/blocks/related-posts/block.json
wp-content/plugins/jetpack/_inc/blocks/repeat-visitor/block.json
wp-content/plugins/jetpack/_inc/blocks/repeat-visitor/view.asset.php
wp-content/plugins/jetpack/_inc/blocks/repeat-visitor/view.js
wp-content/plugins/jetpack/_inc/blocks/send-a-message/block.json
wp-content/plugins/jetpack/_inc/blocks/send-a-message/view.asset.php
wp-content/plugins/jetpack/_inc/blocks/send-a-message/view.css
wp-content/plugins/jetpack/_inc/blocks/send-a-message/view.js
wp-content/plugins/jetpack/_inc/blocks/send-a-message/view.rtl.css
wp-content/plugins/jetpack/_inc/blocks/sharing-button/block.json
wp-content/plugins/jetpack/_inc/blocks/sharing-button/view.asset.php
wp-content/plugins/jetpack/_inc/blocks/sharing-button/view.css
wp-content/plugins/jetpack/_inc/blocks/sharing-button/view.js
wp-content/plugins/jetpack/_inc/blocks/sharing-button/view.rtl.css
wp-content/plugins/jetpack/_inc/blocks/sharing-buttons/block.json
wp-content/plugins/jetpack/_inc/blocks/sharing-buttons/view.asset.php
wp-content/plugins/jetpack/_inc/blocks/sharing-buttons/view.css
wp-content/plugins/jetpack/_inc/blocks/sharing-buttons/view.js
wp-content/plugins/jetpack/_inc/blocks/sharing-buttons/view.rtl.css
wp-content/plugins/jetpack/_inc/blocks/simple-payments/block.json
wp-content/plugins/jetpack/_inc/blocks/slideshow/block.json
wp-content/plugins/jetpack/_inc/blocks/slideshow/view.asset.php
wp-content/plugins/jetpack/_inc/blocks/slideshow/view.css
wp-content/plugins/jetpack/_inc/blocks/slideshow/view.js
wp-content/plugins/jetpack/_inc/blocks/slideshow/view.rtl.css
wp-content/plugins/jetpack/_inc/blocks/story/block.json
wp-content/plugins/jetpack/_inc/blocks/story/view.asset.php
wp-content/plugins/jetpack/_inc/blocks/story/view.css
wp-content/plugins/jetpack/_inc/blocks/story/view.js
wp-content/plugins/jetpack/_inc/blocks/story/view.js.LICENSE.txt
wp-content/plugins/jetpack/_inc/blocks/story/view.rtl.css
wp-content/plugins/jetpack/_inc/blocks/subscriber-login/block.json
wp-content/plugins/jetpack/_inc/blocks/subscriptions/block.json
wp-content/plugins/jetpack/_inc/blocks/subscriptions/view.asset.php
wp-content/plugins/jetpack/_inc/blocks/subscriptions/view.css
wp-content/plugins/jetpack/_inc/blocks/subscriptions/view.js
wp-content/plugins/jetpack/_inc/blocks/subscriptions/view.rtl.css
wp-content/plugins/jetpack/_inc/blocks/swiper.css
wp-content/plugins/jetpack/_inc/blocks/swiper.rtl.css
wp-content/plugins/jetpack/_inc/blocks/tiled-gallery/block.json
wp-content/plugins/jetpack/_inc/blocks/tiled-gallery/view.asset.php
wp-content/plugins/jetpack/_inc/blocks/tiled-gallery/view.css
wp-content/plugins/jetpack/_inc/blocks/tiled-gallery/view.js
wp-content/plugins/jetpack/_inc/blocks/tiled-gallery/view.rtl.css
wp-content/plugins/jetpack/_inc/blocks/tock/block.json
wp-content/plugins/jetpack/_inc/blocks/tock/view.asset.php
wp-content/plugins/jetpack/_inc/blocks/tock/view.css
wp-content/plugins/jetpack/_inc/blocks/tock/view.js
wp-content/plugins/jetpack/_inc/blocks/tock/view.rtl.css
wp-content/plugins/jetpack/_inc/blocks/top-posts/block.json
wp-content/plugins/jetpack/_inc/blocks/top-posts/view.asset.php
wp-content/plugins/jetpack/_inc/blocks/top-posts/view.css
wp-content/plugins/jetpack/_inc/blocks/top-posts/view.js
wp-content/plugins/jetpack/_inc/blocks/top-posts/view.rtl.css
wp-content/plugins/jetpack/_inc/blocks/upgrade-nudge.html
wp-content/plugins/jetpack/_inc/blocks/voice-to-content/block.json
wp-content/plugins/jetpack/_inc/blocks/wordads/block.json
wp-content/plugins/jetpack/_inc/blogging-prompts.php
wp-content/plugins/jetpack/_inc/build/accessible-focus.min.asset.php
wp-content/plugins/jetpack/_inc/build/accessible-focus.min.js
wp-content/plugins/jetpack/_inc/build/admin.asset.php
wp-content/plugins/jetpack/_inc/build/admin.css
wp-content/plugins/jetpack/_inc/build/admin.js
wp-content/plugins/jetpack/_inc/build/admin.js.LICENSE.txt
wp-content/plugins/jetpack/_inc/build/admin.rtl.css
wp-content/plugins/jetpack/_inc/build/carousel/jetpack-carousel.min.asset.php
wp-content/plugins/jetpack/_inc/build/carousel/jetpack-carousel.min.js
wp-content/plugins/jetpack/_inc/build/carousel/swiper-bundle.min.asset.php
wp-content/plugins/jetpack/_inc/build/carousel/swiper-bundle.min.js
wp-content/plugins/jetpack/_inc/build/carousel/swiper-bundle.min.js.LICENSE.txt
wp-content/plugins/jetpack/_inc/build/comment-likes/comment-like-count.min.asset.php
wp-content/plugins/jetpack/_inc/build/comment-likes/comment-like-count.min.js
wp-content/plugins/jetpack/_inc/build/crowdsignal-shortcode.min.asset.php
wp-content/plugins/jetpack/_inc/build/crowdsignal-shortcode.min.js
wp-content/plugins/jetpack/_inc/build/crowdsignal-survey.min.asset.php
wp-content/plugins/jetpack/_inc/build/crowdsignal-survey.min.js
wp-content/plugins/jetpack/_inc/build/custom-post-types/js/many-items.min.asset.php
wp-content/plugins/jetpack/_inc/build/custom-post-types/js/many-items.min.js
wp-content/plugins/jetpack/_inc/build/custom-post-types/js/menu-checkboxes.min.asset.php
wp-content/plugins/jetpack/_inc/build/custom-post-types/js/menu-checkboxes.min.js
wp-content/plugins/jetpack/_inc/build/custom-post-types/js/nova-drag-drop.min.asset.php
wp-content/plugins/jetpack/_inc/build/custom-post-types/js/nova-drag-drop.min.js
wp-content/plugins/jetpack/_inc/build/deprecate.min.asset.php
wp-content/plugins/jetpack/_inc/build/deprecate.min.js
wp-content/plugins/jetpack/_inc/build/facebook-embed.min.asset.php
wp-content/plugins/jetpack/_inc/build/facebook-embed.min.js
wp-content/plugins/jetpack/_inc/build/gallery-settings.min.asset.php
wp-content/plugins/jetpack/_inc/build/gallery-settings.min.js
wp-content/plugins/jetpack/_inc/build/images/connect-c399837fe1621b176d10.png
wp-content/plugins/jetpack/_inc/build/images/header-background-1c2ea006d80269b11144.jpg
wp-content/plugins/jetpack/_inc/build/images/header-background-2x-1763392f68916f8e33e1.jpg
wp-content/plugins/jetpack/_inc/build/images/jetpack-license-activation-with-lock-cef570e11997f185e23d.png
wp-content/plugins/jetpack/_inc/build/images/jetpack-license-activation-with-success-c5c132e713a79e05985f.png
wp-content/plugins/jetpack/_inc/build/images/jetpack-manage-3a7ecaa604823c98c3cf.svg
wp-content/plugins/jetpack/_inc/build/images/shield-with-check-67191b0849d39acf52fa.svg
wp-content/plugins/jetpack/_inc/build/infinite-scroll/infinity-customizer.min.asset.php
wp-content/plugins/jetpack/_inc/build/infinite-scroll/infinity-customizer.min.js
wp-content/plugins/jetpack/_inc/build/infinite-scroll/infinity.min.asset.php
wp-content/plugins/jetpack/_inc/build/infinite-scroll/infinity.min.js
wp-content/plugins/jetpack/_inc/build/jetpack-admin.min.asset.php
wp-content/plugins/jetpack/_inc/build/jetpack-admin.min.js
wp-content/plugins/jetpack/_inc/build/jetpack-deactivate-dialog.min.asset.php
wp-content/plugins/jetpack/_inc/build/jetpack-deactivate-dialog.min.js
wp-content/plugins/jetpack/_inc/build/jetpack-modules.min.asset.php
wp-content/plugins/jetpack/_inc/build/jetpack-modules.min.js
wp-content/plugins/jetpack/_inc/build/jetpack-modules.models.min.asset.php
wp-content/plugins/jetpack/_inc/build/jetpack-modules.models.min.js
wp-content/plugins/jetpack/_inc/build/jetpack-modules.views.min.asset.php
wp-content/plugins/jetpack/_inc/build/jetpack-modules.views.min.js
wp-content/plugins/jetpack/_inc/build/likes/post-count-jetpack.min.asset.php
wp-content/plugins/jetpack/_inc/build/likes/post-count-jetpack.min.js
wp-content/plugins/jetpack/_inc/build/likes/post-count.min.asset.php
wp-content/plugins/jetpack/_inc/build/likes/post-count.min.js
wp-content/plugins/jetpack/_inc/build/likes/queuehandler.min.asset.php
wp-content/plugins/jetpack/_inc/build/likes/queuehandler.min.js
wp-content/plugins/jetpack/_inc/build/newsletter-widget.asset.php
wp-content/plugins/jetpack/_inc/build/newsletter-widget.css
wp-content/plugins/jetpack/_inc/build/newsletter-widget.js
wp-content/plugins/jetpack/_inc/build/newsletter-widget.js.LICENSE.txt
wp-content/plugins/jetpack/_inc/build/newsletter-widget.min.asset.php
wp-content/plugins/jetpack/_inc/build/newsletter-widget.min.js
wp-content/plugins/jetpack/_inc/build/newsletter-widget.min.js.LICENSE.txt
wp-content/plugins/jetpack/_inc/build/newsletter-widget.rtl.css
wp-content/plugins/jetpack/_inc/build/plugins-page.asset.php
wp-content/plugins/jetpack/_inc/build/plugins-page.css
wp-content/plugins/jetpack/_inc/build/plugins-page.js
wp-content/plugins/jetpack/_inc/build/plugins-page.js.LICENSE.txt
wp-content/plugins/jetpack/_inc/build/plugins-page.rtl.css
wp-content/plugins/jetpack/_inc/build/polldaddy-shortcode.min.asset.php
wp-content/plugins/jetpack/_inc/build/polldaddy-shortcode.min.js
wp-content/plugins/jetpack/_inc/build/related-posts/related-posts-customizer.min.asset.php
wp-content/plugins/jetpack/_inc/build/related-posts/related-posts-customizer.min.js
wp-content/plugins/jetpack/_inc/build/related-posts/related-posts.min.asset.php
wp-content/plugins/jetpack/_inc/build/related-posts/related-posts.min.js
wp-content/plugins/jetpack/_inc/build/scan/admin-bar-notice.min.asset.php
wp-content/plugins/jetpack/_inc/build/scan/admin-bar-notice.min.js
wp-content/plugins/jetpack/_inc/build/sharedaddy/admin-sharing.min.asset.php
wp-content/plugins/jetpack/_inc/build/sharedaddy/admin-sharing.min.js
wp-content/plugins/jetpack/_inc/build/sharedaddy/sharing.min.asset.php
wp-content/plugins/jetpack/_inc/build/sharedaddy/sharing.min.js
wp-content/plugins/jetpack/_inc/build/shortcodes/js/brightcove.min.asset.php
wp-content/plugins/jetpack/_inc/build/shortcodes/js/brightcove.min.js
wp-content/plugins/jetpack/_inc/build/shortcodes/js/jmpress.min.asset.php
wp-content/plugins/jetpack/_inc/build/shortcodes/js/jmpress.min.js
wp-content/plugins/jetpack/_inc/build/shortcodes/js/jmpress.min.js.LICENSE.txt
wp-content/plugins/jetpack/_inc/build/shortcodes/js/main.min.asset.php
wp-content/plugins/jetpack/_inc/build/shortcodes/js/main.min.js
wp-content/plugins/jetpack/_inc/build/shortcodes/js/quiz.min.asset.php
wp-content/plugins/jetpack/_inc/build/shortcodes/js/quiz.min.js
wp-content/plugins/jetpack/_inc/build/shortcodes/js/recipes-printthis.min.asset.php
wp-content/plugins/jetpack/_inc/build/shortcodes/js/recipes-printthis.min.js
wp-content/plugins/jetpack/_inc/build/shortcodes/js/recipes-printthis.min.js.LICENSE.txt
wp-content/plugins/jetpack/_inc/build/shortcodes/js/recipes.min.asset.php
wp-content/plugins/jetpack/_inc/build/shortcodes/js/recipes.min.js
wp-content/plugins/jetpack/_inc/build/shortcodes/js/slideshow-shortcode.min.asset.php
wp-content/plugins/jetpack/_inc/build/shortcodes/js/slideshow-shortcode.min.js
wp-content/plugins/jetpack/_inc/build/static-noscript-notice.html
wp-content/plugins/jetpack/_inc/build/static-version-notice.html
wp-content/plugins/jetpack/_inc/build/static.html
wp-content/plugins/jetpack/_inc/build/static.js.LICENSE.txt
wp-content/plugins/jetpack/_inc/build/style.min.css
wp-content/plugins/jetpack/_inc/build/style.min.rtl.css
wp-content/plugins/jetpack/_inc/build/theme-tools/responsive-videos/responsive-videos.css
wp-content/plugins/jetpack/_inc/build/theme-tools/responsive-videos/responsive-videos.min.asset.php
wp-content/plugins/jetpack/_inc/build/theme-tools/responsive-videos/responsive-videos.min.js
wp-content/plugins/jetpack/_inc/build/theme-tools/responsive-videos/responsive-videos.rtl.css
wp-content/plugins/jetpack/_inc/build/tiled-gallery/tiled-gallery/tiled-gallery.min.asset.php
wp-content/plugins/jetpack/_inc/build/tiled-gallery/tiled-gallery/tiled-gallery.min.js
wp-content/plugins/jetpack/_inc/build/twitter-timeline.min.asset.php
wp-content/plugins/jetpack/_inc/build/twitter-timeline.min.js
wp-content/plugins/jetpack/_inc/build/videopress/js/editor-view.min.asset.php
wp-content/plugins/jetpack/_inc/build/videopress/js/editor-view.min.js
wp-content/plugins/jetpack/_inc/build/videopress/js/gutenberg-video-upload.min.asset.php
wp-content/plugins/jetpack/_inc/build/videopress/js/gutenberg-video-upload.min.js
wp-content/plugins/jetpack/_inc/build/videopress/js/media-video-widget-extensions.min.asset.php
wp-content/plugins/jetpack/_inc/build/videopress/js/media-video-widget-extensions.min.js
wp-content/plugins/jetpack/_inc/build/videopress/js/videopress-add-resumable-upload-support.min.asset.php
wp-content/plugins/jetpack/_inc/build/videopress/js/videopress-add-resumable-upload-support.min.js
wp-content/plugins/jetpack/_inc/build/videopress/js/videopress-plupload.min.asset.php
wp-content/plugins/jetpack/_inc/build/videopress/js/videopress-plupload.min.js
wp-content/plugins/jetpack/_inc/build/videopress/js/videopress-uploader.min.asset.php
wp-content/plugins/jetpack/_inc/build/videopress/js/videopress-uploader.min.js
wp-content/plugins/jetpack/_inc/build/widget-visibility/editor/index.asset.php
wp-content/plugins/jetpack/_inc/build/widget-visibility/editor/index.css
wp-content/plugins/jetpack/_inc/build/widget-visibility/editor/index.js
wp-content/plugins/jetpack/_inc/build/widget-visibility/editor/index.rtl.css
wp-content/plugins/jetpack/_inc/build/widget-visibility/widget-conditions/widget-conditions.min.asset.php
wp-content/plugins/jetpack/_inc/build/widget-visibility/widget-conditions/widget-conditions.min.js
wp-content/plugins/jetpack/_inc/build/widgets/contact-info/contact-info-admin.min.asset.php
wp-content/plugins/jetpack/_inc/build/widgets/contact-info/contact-info-admin.min.js
wp-content/plugins/jetpack/_inc/build/widgets/customizer-utils.min.asset.php
wp-content/plugins/jetpack/_inc/build/widgets/customizer-utils.min.js
wp-content/plugins/jetpack/_inc/build/widgets/eu-cookie-law/eu-cookie-law-admin.min.asset.php
wp-content/plugins/jetpack/_inc/build/widgets/eu-cookie-law/eu-cookie-law-admin.min.js
wp-content/plugins/jetpack/_inc/build/widgets/eu-cookie-law/eu-cookie-law.min.asset.php
wp-content/plugins/jetpack/_inc/build/widgets/eu-cookie-law/eu-cookie-law.min.js
wp-content/plugins/jetpack/_inc/build/widgets/gallery/js/admin.min.asset.php
wp-content/plugins/jetpack/_inc/build/widgets/gallery/js/admin.min.js
wp-content/plugins/jetpack/_inc/build/widgets/gallery/js/gallery.min.asset.php
wp-content/plugins/jetpack/_inc/build/widgets/gallery/js/gallery.min.js
wp-content/plugins/jetpack/_inc/build/widgets/google-translate/google-translate.min.asset.php
wp-content/plugins/jetpack/_inc/build/widgets/google-translate/google-translate.min.js
wp-content/plugins/jetpack/_inc/build/widgets/milestone/admin.min.asset.php
wp-content/plugins/jetpack/_inc/build/widgets/milestone/admin.min.js
wp-content/plugins/jetpack/_inc/build/widgets/milestone/milestone.min.asset.php
wp-content/plugins/jetpack/_inc/build/widgets/milestone/milestone.min.js
wp-content/plugins/jetpack/_inc/build/widgets/simple-payments/customizer.min.asset.php
wp-content/plugins/jetpack/_inc/build/widgets/simple-payments/customizer.min.js
wp-content/plugins/jetpack/_inc/build/widgets/social-icons/social-icons-admin.min.asset.php
wp-content/plugins/jetpack/_inc/build/widgets/social-icons/social-icons-admin.min.js
wp-content/plugins/jetpack/_inc/build/widgets/twitter-timeline-admin.min.asset.php
wp-content/plugins/jetpack/_inc/build/widgets/twitter-timeline-admin.min.js
wp-content/plugins/jetpack/_inc/build/wordads/js/adflow-loader.min.asset.php
wp-content/plugins/jetpack/_inc/build/wordads/js/adflow-loader.min.js
wp-content/plugins/jetpack/_inc/build/wordads/js/cmp-loader.min.asset.php
wp-content/plugins/jetpack/_inc/build/wordads/js/cmp-loader.min.js
wp-content/plugins/jetpack/_inc/build/wordads/js/wordads-ccpa.min.asset.php
wp-content/plugins/jetpack/_inc/build/wordads/js/wordads-ccpa.min.js
wp-content/plugins/jetpack/_inc/class.jetpack-provision.php
wp-content/plugins/jetpack/_inc/crowdsignal-shortcode.js
wp-content/plugins/jetpack/_inc/crowdsignal-survey.js
wp-content/plugins/jetpack/_inc/deprecate.js
wp-content/plugins/jetpack/_inc/facebook-embed.js
wp-content/plugins/jetpack/_inc/fonts/automatticons/automatticons.eot
wp-content/plugins/jetpack/_inc/fonts/automatticons/automatticons.svg
wp-content/plugins/jetpack/_inc/fonts/automatticons/automatticons.ttf
wp-content/plugins/jetpack/_inc/fonts/automatticons/automatticons.woff
wp-content/plugins/jetpack/_inc/gallery-settings.js
wp-content/plugins/jetpack/_inc/genericons.php
wp-content/plugins/jetpack/_inc/genericons/COPYING.txt
wp-content/plugins/jetpack/_inc/genericons/LICENSE.txt
wp-content/plugins/jetpack/_inc/genericons/README.md
wp-content/plugins/jetpack/_inc/genericons/genericons.css
wp-content/plugins/jetpack/_inc/genericons/genericons/Genericons.eot
wp-content/plugins/jetpack/_inc/genericons/genericons/Genericons.svg
wp-content/plugins/jetpack/_inc/genericons/genericons/Genericons.ttf
wp-content/plugins/jetpack/_inc/genericons/genericons/Genericons.woff
wp-content/plugins/jetpack/_inc/genericons/genericons/genericons.css
wp-content/plugins/jetpack/_inc/genericons/genericons/rtl/genericons-rtl.css
wp-content/plugins/jetpack/_inc/jetpack-admin.js
wp-content/plugins/jetpack/_inc/jetpack-deactivate-dialog.js
wp-content/plugins/jetpack/_inc/jetpack-modules.js
wp-content/plugins/jetpack/_inc/jetpack-modules.models.js
wp-content/plugins/jetpack/_inc/jetpack-modules.views.js
wp-content/plugins/jetpack/_inc/lib/admin-pages/class-jetpack-about-page.php
wp-content/plugins/jetpack/_inc/lib/admin-pages/class-jetpack-redux-state-helper.php
wp-content/plugins/jetpack/_inc/lib/admin-pages/class.jetpack-admin-page.php
wp-content/plugins/jetpack/_inc/lib/admin-pages/class.jetpack-landing-page.php
wp-content/plugins/jetpack/_inc/lib/admin-pages/class.jetpack-react-page.php
wp-content/plugins/jetpack/_inc/lib/admin-pages/class.jetpack-settings-page.php
wp-content/plugins/jetpack/_inc/lib/class-jetpack-ai-helper.php
wp-content/plugins/jetpack/_inc/lib/class-jetpack-blog-stats-helper.php
wp-content/plugins/jetpack/_inc/lib/class-jetpack-currencies.php
wp-content/plugins/jetpack/_inc/lib/class-jetpack-instagram-gallery-helper.php
wp-content/plugins/jetpack/_inc/lib/class-jetpack-mapbox-helper.php
wp-content/plugins/jetpack/_inc/lib/class-jetpack-podcast-feed-locator.php
wp-content/plugins/jetpack/_inc/lib/class-jetpack-podcast-helper.php
wp-content/plugins/jetpack/_inc/lib/class-jetpack-recommendations.php
wp-content/plugins/jetpack/_inc/lib/class-jetpack-top-posts-helper.php
wp-content/plugins/jetpack/_inc/lib/class.color.php
wp-content/plugins/jetpack/_inc/lib/class.core-rest-api-endpoints.php
wp-content/plugins/jetpack/_inc/lib/class.jetpack-automatic-install-skin.php
wp-content/plugins/jetpack/_inc/lib/class.jetpack-iframe-embed.php
wp-content/plugins/jetpack/_inc/lib/class.jetpack-password-checker.php
wp-content/plugins/jetpack/_inc/lib/class.jetpack-search-performance-logger.php
wp-content/plugins/jetpack/_inc/lib/class.media-extractor.php
wp-content/plugins/jetpack/_inc/lib/class.media-summary.php
wp-content/plugins/jetpack/_inc/lib/class.media.php
wp-content/plugins/jetpack/_inc/lib/components.php
wp-content/plugins/jetpack/_inc/lib/core-api/class-wpcom-rest-field-controller.php
wp-content/plugins/jetpack/_inc/lib/core-api/class.jetpack-core-api-module-endpoints.php
wp-content/plugins/jetpack/_inc/lib/core-api/class.jetpack-core-api-site-endpoints.php
wp-content/plugins/jetpack/_inc/lib/core-api/class.jetpack-core-api-widgets-endpoints.php
wp-content/plugins/jetpack/_inc/lib/core-api/class.jetpack-core-api-xmlrpc-consumer-endpoint.php
wp-content/plugins/jetpack/_inc/lib/core-api/load-wpcom-endpoints.php
wp-content/plugins/jetpack/_inc/lib/core-api/wpcom-endpoints/business-hours.php
wp-content/plugins/jetpack/_inc/lib/core-api/wpcom-endpoints/class-wpcom-rest-api-v2-endpoint-admin-color.php
wp-content/plugins/jetpack/_inc/lib/core-api/wpcom-endpoints/class-wpcom-rest-api-v2-endpoint-admin-menu.php
wp-content/plugins/jetpack/_inc/lib/core-api/wpcom-endpoints/class-wpcom-rest-api-v2-endpoint-ai.php
wp-content/plugins/jetpack/_inc/lib/core-api/wpcom-endpoints/class-wpcom-rest-api-v2-endpoint-app-media.php
wp-content/plugins/jetpack/_inc/lib/core-api/wpcom-endpoints/class-wpcom-rest-api-v2-endpoint-block-editor-assets.php
wp-content/plugins/jetpack/_inc/lib/core-api/wpcom-endpoints/class-wpcom-rest-api-v2-endpoint-blog-stats.php
wp-content/plugins/jetpack/_inc/lib/core-api/wpcom-endpoints/class-wpcom-rest-api-v2-endpoint-email-preview.php
wp-content/plugins/jetpack/_inc/lib/core-api/wpcom-endpoints/class-wpcom-rest-api-v2-endpoint-external-media.php
wp-content/plugins/jetpack/_inc/lib/core-api/wpcom-endpoints/class-wpcom-rest-api-v2-endpoint-following.php
wp-content/plugins/jetpack/_inc/lib/core-api/wpcom-endpoints/class-wpcom-rest-api-v2-endpoint-goodreads.php
wp-content/plugins/jetpack/_inc/lib/core-api/wpcom-endpoints/class-wpcom-rest-api-v2-endpoint-google-docs.php
wp-content/plugins/jetpack/_inc/lib/core-api/wpcom-endpoints/class-wpcom-rest-api-v2-endpoint-instagram-gallery.php
wp-content/plugins/jetpack/_inc/lib/core-api/wpcom-endpoints/class-wpcom-rest-api-v2-endpoint-mailchimp.php
wp-content/plugins/jetpack/_inc/lib/core-api/wpcom-endpoints/class-wpcom-rest-api-v2-endpoint-newsletter-categories-list.php
wp-content/plugins/jetpack/_inc/lib/core-api/wpcom-endpoints/class-wpcom-rest-api-v2-endpoint-newsletter-categories-subscriptions-count.php
wp-content/plugins/jetpack/_inc/lib/core-api/wpcom-endpoints/class-wpcom-rest-api-v2-endpoint-podcast-player.php
wp-content/plugins/jetpack/_inc/lib/core-api/wpcom-endpoints/class-wpcom-rest-api-v2-endpoint-profile.php
wp-content/plugins/jetpack/_inc/lib/core-api/wpcom-endpoints/class-wpcom-rest-api-v2-endpoint-related-posts.php
wp-content/plugins/jetpack/_inc/lib/core-api/wpcom-endpoints/class-wpcom-rest-api-v2-endpoint-resolve-redirect.php
wp-content/plugins/jetpack/_inc/lib/core-api/wpcom-endpoints/class-wpcom-rest-api-v2-endpoint-search.php
wp-content/plugins/jetpack/_inc/lib/core-api/wpcom-endpoints/class-wpcom-rest-api-v2-endpoint-send-email-preview.php
wp-content/plugins/jetpack/_inc/lib/core-api/wpcom-endpoints/class-wpcom-rest-api-v2-endpoint-template-loader.php
wp-content/plugins/jetpack/_inc/lib/core-api/wpcom-endpoints/class-wpcom-rest-api-v2-endpoint-top-posts.php
wp-content/plugins/jetpack/_inc/lib/core-api/wpcom-endpoints/class-wpcom-rest-api-v2-endpoint-transient.php
wp-content/plugins/jetpack/_inc/lib/core-api/wpcom-endpoints/class-wpcom-rest-api-v3-endpoint-blogging-prompts.php
wp-content/plugins/jetpack/_inc/lib/core-api/wpcom-endpoints/class-wpcom-rest-api-v3-endpoint-jitm.php
wp-content/plugins/jetpack/_inc/lib/core-api/wpcom-endpoints/gutenberg-available-extensions.php
wp-content/plugins/jetpack/_inc/lib/core-api/wpcom-endpoints/hello.php
wp-content/plugins/jetpack/_inc/lib/core-api/wpcom-endpoints/memberships.php
wp-content/plugins/jetpack/_inc/lib/core-api/wpcom-endpoints/publicize-connection-test-results.php
wp-content/plugins/jetpack/_inc/lib/core-api/wpcom-endpoints/service-api-keys.php
wp-content/plugins/jetpack/_inc/lib/core-api/wpcom-endpoints/sites-posts-featured-media-url.php
wp-content/plugins/jetpack/_inc/lib/core-api/wpcom-endpoints/subscribers.php
wp-content/plugins/jetpack/_inc/lib/debugger.php
wp-content/plugins/jetpack/_inc/lib/debugger/class-jetpack-cxn-test-base.php
wp-content/plugins/jetpack/_inc/lib/debugger/class-jetpack-cxn-tests.php
wp-content/plugins/jetpack/_inc/lib/debugger/class-jetpack-debug-data.php
wp-content/plugins/jetpack/_inc/lib/debugger/class-jetpack-debugger.php
wp-content/plugins/jetpack/_inc/lib/debugger/debug-functions.php
wp-content/plugins/jetpack/_inc/lib/icalendar-reader.php
wp-content/plugins/jetpack/_inc/lib/markdown.php
wp-content/plugins/jetpack/_inc/lib/markdown/README.md
wp-content/plugins/jetpack/_inc/lib/markdown/extra.php
wp-content/plugins/jetpack/_inc/lib/markdown/gfm.php
wp-content/plugins/jetpack/_inc/lib/plans.php
wp-content/plugins/jetpack/_inc/lib/plugins.php
wp-content/plugins/jetpack/_inc/lib/tonesque.php
wp-content/plugins/jetpack/_inc/lib/widgets.php
wp-content/plugins/jetpack/_inc/polldaddy-shortcode.js
wp-content/plugins/jetpack/_inc/social-logos.php
wp-content/plugins/jetpack/_inc/social-logos/social-logos.css
wp-content/plugins/jetpack/_inc/social-logos/social-logos.html
wp-content/plugins/jetpack/_inc/social-logos/social-logos.min.css
wp-content/plugins/jetpack/_inc/social-logos/social-logos.woff2
wp-content/plugins/jetpack/_inc/twitter-timeline.js
wp-content/plugins/jetpack/class-jetpack-connection-status.php
wp-content/plugins/jetpack/class-jetpack-gallery-settings.php
wp-content/plugins/jetpack/class-jetpack-newsletter-dashboard-widget.php
wp-content/plugins/jetpack/class-jetpack-pre-connection-jitms.php
wp-content/plugins/jetpack/class-jetpack-stats-dashboard-widget.php
wp-content/plugins/jetpack/class-jetpack-xmlrpc-methods.php
wp-content/plugins/jetpack/class.frame-nonce-preview.php
wp-content/plugins/jetpack/class.jetpack-admin.php
wp-content/plugins/jetpack/class.jetpack-autoupdate.php
wp-content/plugins/jetpack/class.jetpack-cli.php
wp-content/plugins/jetpack/class.jetpack-client-server.php
wp-content/plugins/jetpack/class.jetpack-gutenberg.php
wp-content/plugins/jetpack/class.jetpack-heartbeat.php
wp-content/plugins/jetpack/class.jetpack-modules-list-table.php
wp-content/plugins/jetpack/class.jetpack-network-sites-list-table.php
wp-content/plugins/jetpack/class.jetpack-network.php
wp-content/plugins/jetpack/class.jetpack-plan.php
wp-content/plugins/jetpack/class.jetpack-post-images.php
wp-content/plugins/jetpack/class.jetpack-twitter-cards.php
wp-content/plugins/jetpack/class.jetpack-user-agent.php
wp-content/plugins/jetpack/class.jetpack.php
wp-content/plugins/jetpack/class.json-api-endpoints.php
wp-content/plugins/jetpack/class.json-api.php
wp-content/plugins/jetpack/class.photon.php
wp-content/plugins/jetpack/composer.json
wp-content/plugins/jetpack/css/cleanslate-rtl.css
wp-content/plugins/jetpack/css/cleanslate-rtl.min.css
wp-content/plugins/jetpack/css/cleanslate.css
wp-content/plugins/jetpack/css/cleanslate.min.css
wp-content/plugins/jetpack/css/dashboard-widget-rtl.css
wp-content/plugins/jetpack/css/dashboard-widget-rtl.min.css
wp-content/plugins/jetpack/css/dashboard-widget.css
wp-content/plugins/jetpack/css/dashboard-widget.min.css
wp-content/plugins/jetpack/css/jetpack-admin-rtl.css
wp-content/plugins/jetpack/css/jetpack-admin-rtl.min.css
wp-content/plugins/jetpack/css/jetpack-admin.css
wp-content/plugins/jetpack/css/jetpack-admin.min.css
wp-content/plugins/jetpack/css/jetpack-deactivate-dialog-rtl.css
wp-content/plugins/jetpack/css/jetpack-deactivate-dialog-rtl.min.css
wp-content/plugins/jetpack/css/jetpack-deactivate-dialog.css
wp-content/plugins/jetpack/css/jetpack-deactivate-dialog.min.css
wp-content/plugins/jetpack/css/wordads-ccpa-rtl.css
wp-content/plugins/jetpack/css/wordads-ccpa-rtl.min.css
wp-content/plugins/jetpack/css/wordads-ccpa.css
wp-content/plugins/jetpack/css/wordads-ccpa.min.css
wp-content/plugins/jetpack/enhanced-open-graph.php
wp-content/plugins/jetpack/extensions/blocks/ai-assistant/ai-assistant.php
wp-content/plugins/jetpack/extensions/blocks/ai-chat/ai-chat.php
wp-content/plugins/jetpack/extensions/blocks/blog-stats/blog-stats.php
wp-content/plugins/jetpack/extensions/blocks/blogging-prompt/blogging-prompt.php
wp-content/plugins/jetpack/extensions/blocks/blogroll/blogroll-item/blogroll-item.php
wp-content/plugins/jetpack/extensions/blocks/blogroll/blogroll.php
wp-content/plugins/jetpack/extensions/blocks/business-hours/business-hours.php
wp-content/plugins/jetpack/extensions/blocks/button/button.php
wp-content/plugins/jetpack/extensions/blocks/calendly/calendly.php
wp-content/plugins/jetpack/extensions/blocks/contact-form/contact-form.php
wp-content/plugins/jetpack/extensions/blocks/contact-info/class-jetpack-contact-info-block.php
wp-content/plugins/jetpack/extensions/blocks/contact-info/contact-info.php
wp-content/plugins/jetpack/extensions/blocks/cookie-consent/cookie-consent.php
wp-content/plugins/jetpack/extensions/blocks/donations/donations.php
wp-content/plugins/jetpack/extensions/blocks/eventbrite/eventbrite.php
wp-content/plugins/jetpack/extensions/blocks/gif/gif.php
wp-content/plugins/jetpack/extensions/blocks/goodreads/goodreads.php
wp-content/plugins/jetpack/extensions/blocks/google-calendar/google-calendar.php
wp-content/plugins/jetpack/extensions/blocks/google-docs-embed/google-docs-embed.php
wp-content/plugins/jetpack/extensions/blocks/image-compare/image-compare.php
wp-content/plugins/jetpack/extensions/blocks/instagram-gallery/instagram-gallery.php
wp-content/plugins/jetpack/extensions/blocks/like/like.php
wp-content/plugins/jetpack/extensions/blocks/mailchimp/mailchimp.php
wp-content/plugins/jetpack/extensions/blocks/map/map.php
wp-content/plugins/jetpack/extensions/blocks/markdown/markdown.php
wp-content/plugins/jetpack/extensions/blocks/nextdoor/nextdoor.php
wp-content/plugins/jetpack/extensions/blocks/opentable/opentable.php
wp-content/plugins/jetpack/extensions/blocks/payment-buttons/payment-buttons.php
wp-content/plugins/jetpack/extensions/blocks/payments-intro/payments-intro.php
wp-content/plugins/jetpack/extensions/blocks/paywall/paywall.php
wp-content/plugins/jetpack/extensions/blocks/pinterest/pinterest.php
wp-content/plugins/jetpack/extensions/blocks/podcast-player/podcast-player.php
wp-content/plugins/jetpack/extensions/blocks/podcast-player/templates/playlist-track.php
wp-content/plugins/jetpack/extensions/blocks/podcast-player/templates/podcast-header-title.php
wp-content/plugins/jetpack/extensions/blocks/podcast-player/templates/podcast-header.php
wp-content/plugins/jetpack/extensions/blocks/podcast-player/templates/podcast-title.php
wp-content/plugins/jetpack/extensions/blocks/premium-content/_inc/access-check.php
wp-content/plugins/jetpack/extensions/blocks/premium-content/_inc/legacy-buttons.php
wp-content/plugins/jetpack/extensions/blocks/premium-content/_inc/subscription-service/class-abstract-token-subscription-service.php
wp-content/plugins/jetpack/extensions/blocks/premium-content/_inc/subscription-service/class-jetpack-token-subscription-service.php
wp-content/plugins/jetpack/extensions/blocks/premium-content/_inc/subscription-service/class-jwt.php
wp-content/plugins/jetpack/extensions/blocks/premium-content/_inc/subscription-service/class-unconfigured-subscription-service.php
wp-content/plugins/jetpack/extensions/blocks/premium-content/_inc/subscription-service/class-wpcom-offline-subscription-service.php
wp-content/plugins/jetpack/extensions/blocks/premium-content/_inc/subscription-service/class-wpcom-online-subscription-service.php
wp-content/plugins/jetpack/extensions/blocks/premium-content/_inc/subscription-service/include.php
wp-content/plugins/jetpack/extensions/blocks/premium-content/_inc/subscription-service/interface-subscription-service.php
wp-content/plugins/jetpack/extensions/blocks/premium-content/buttons/buttons.php
wp-content/plugins/jetpack/extensions/blocks/premium-content/logged-out-view/logged-out-view.php
wp-content/plugins/jetpack/extensions/blocks/premium-content/login-button/login-button.php
wp-content/plugins/jetpack/extensions/blocks/premium-content/premium-content.php
wp-content/plugins/jetpack/extensions/blocks/premium-content/subscriber-view/subscriber-view.php
wp-content/plugins/jetpack/extensions/blocks/rating-star/rating-meta.php
wp-content/plugins/jetpack/extensions/blocks/rating-star/rating-star.php
wp-content/plugins/jetpack/extensions/blocks/recipe/class-jetpack-recipe-block.php
wp-content/plugins/jetpack/extensions/blocks/recipe/recipe.php
wp-content/plugins/jetpack/extensions/blocks/recurring-payments/recurring-payments.php
wp-content/plugins/jetpack/extensions/blocks/related-posts/related-posts.php
wp-content/plugins/jetpack/extensions/blocks/repeat-visitor/repeat-visitor.php
wp-content/plugins/jetpack/extensions/blocks/send-a-message/send-a-message.php
wp-content/plugins/jetpack/extensions/blocks/send-a-message/whatsapp-button/whatsapp-button.php
wp-content/plugins/jetpack/extensions/blocks/sharing-button/class-sharing-source-block.php
wp-content/plugins/jetpack/extensions/blocks/sharing-button/components/class-jetpack-mastodon-modal.php
wp-content/plugins/jetpack/extensions/blocks/sharing-button/components/social-icons.php
wp-content/plugins/jetpack/extensions/blocks/sharing-button/sharing-button.php
wp-content/plugins/jetpack/extensions/blocks/sharing-buttons/sharing-buttons.php
wp-content/plugins/jetpack/extensions/blocks/simple-payments/simple-payments.php
wp-content/plugins/jetpack/extensions/blocks/slideshow/slideshow.php
wp-content/plugins/jetpack/extensions/blocks/story/story.php
wp-content/plugins/jetpack/extensions/blocks/subscriber-login/class-jetpack-subscription-site.php
wp-content/plugins/jetpack/extensions/blocks/subscriber-login/subscriber-login.php
wp-content/plugins/jetpack/extensions/blocks/subscriptions/class-jetpack-subscription-site.php
wp-content/plugins/jetpack/extensions/blocks/subscriptions/constants.php
wp-content/plugins/jetpack/extensions/blocks/subscriptions/subscriptions.php
wp-content/plugins/jetpack/extensions/blocks/tiled-gallery/tiled-gallery.php
wp-content/plugins/jetpack/extensions/blocks/tock/tock.php
wp-content/plugins/jetpack/extensions/blocks/top-posts/top-posts.php
wp-content/plugins/jetpack/extensions/blocks/videopress/videopress.php
wp-content/plugins/jetpack/extensions/blocks/voice-to-content/voice-to-content.php
wp-content/plugins/jetpack/extensions/blocks/wordads/wordads.php
wp-content/plugins/jetpack/extensions/extended-blocks/core-audio/core-audio.php
wp-content/plugins/jetpack/extensions/extended-blocks/core-cover/core-cover.php
wp-content/plugins/jetpack/extensions/extended-blocks/core-video/core-video.php
wp-content/plugins/jetpack/extensions/extended-blocks/premium-content-container/premium-content-container.php
wp-content/plugins/jetpack/extensions/extended-blocks/videopress-video/videopress-video.php
wp-content/plugins/jetpack/extensions/plugins/ai-assistant-plugin/ai-assistant-plugin.php
wp-content/plugins/jetpack/extensions/plugins/ai-content-lens/ai-content-lens.php
wp-content/plugins/jetpack/extensions/plugins/likes/likes.php
wp-content/plugins/jetpack/extensions/plugins/payments/payments.php
wp-content/plugins/jetpack/extensions/plugins/post-publish-qr-post-panel/post-publish-qr-post-panel.php
wp-content/plugins/jetpack/extensions/plugins/publicize/publicize.php
wp-content/plugins/jetpack/extensions/plugins/seo/seo.php
wp-content/plugins/jetpack/extensions/plugins/sharing/sharing.php
wp-content/plugins/jetpack/functions.compat.php
wp-content/plugins/jetpack/functions.cookies.php
wp-content/plugins/jetpack/functions.global.php
wp-content/plugins/jetpack/functions.is-mobile.php
wp-content/plugins/jetpack/functions.opengraph.php
wp-content/plugins/jetpack/functions.photon.php
wp-content/plugins/jetpack/images/app-image-upload-2x.png
wp-content/plugins/jetpack/images/app-image-upload.png
wp-content/plugins/jetpack/images/apps.svg
wp-content/plugins/jetpack/images/apps/triple-devices.svg
wp-content/plugins/jetpack/images/backup-getting-started-thumbnail-2x.png
wp-content/plugins/jetpack/images/backup-getting-started-thumbnail.png
wp-content/plugins/jetpack/images/block-picker.png
wp-content/plugins/jetpack/images/cf-ss.png
wp-content/plugins/jetpack/images/characters.svg
wp-content/plugins/jetpack/images/close.svg
wp-content/plugins/jetpack/images/cloud-based.svg
wp-content/plugins/jetpack/images/cloud-checkmark.svg
wp-content/plugins/jetpack/images/connect-jetpack.svg
wp-content/plugins/jetpack/images/connect-plug.svg
wp-content/plugins/jetpack/images/connect-right-partner-backup.png
wp-content/plugins/jetpack/images/connect-right-secondary.png
wp-content/plugins/jetpack/images/connect-right.jpg
wp-content/plugins/jetpack/images/customize-theme-2.svg
wp-content/plugins/jetpack/images/customize-theme.svg
wp-content/plugins/jetpack/images/generating-cash-2.svg
wp-content/plugins/jetpack/images/generating-cash.svg
wp-content/plugins/jetpack/images/get-apps-google-play.png
wp-content/plugins/jetpack/images/get-apps-icon.svg
wp-content/plugins/jetpack/images/get-apps-ios-store.svg
wp-content/plugins/jetpack/images/get-apps-qr-code.svg
wp-content/plugins/jetpack/images/green-star.svg
wp-content/plugins/jetpack/images/icon-search.svg
wp-content/plugins/jetpack/images/ionos-logo.jpg
wp-content/plugins/jetpack/images/jetpack-aside-background.jpg
wp-content/plugins/jetpack/images/jetpack-backup.svg
wp-content/plugins/jetpack/images/jetpack-connection-performance.svg
wp-content/plugins/jetpack/images/jetpack-connection-security.svg
wp-content/plugins/jetpack/images/jetpack-design.svg
wp-content/plugins/jetpack/images/jetpack-google-analytics.svg
wp-content/plugins/jetpack/images/jetpack-gutenberg.svg
wp-content/plugins/jetpack/images/jetpack-icon.jpg
wp-content/plugins/jetpack/images/jetpack-logo.png
wp-content/plugins/jetpack/images/jetpack-logo.svg
wp-content/plugins/jetpack/images/jetpack-logomark-blue.svg
wp-content/plugins/jetpack/images/jetpack-marketing.svg
wp-content/plugins/jetpack/images/jetpack-new-heights.svg
wp-content/plugins/jetpack/images/jetpack-performance-icon.svg
wp-content/plugins/jetpack/images/jetpack-performance.svg
wp-content/plugins/jetpack/images/jetpack-powering-up.svg
wp-content/plugins/jetpack/images/jetpack-publicize-1.svg
wp-content/plugins/jetpack/images/jetpack-search-icon.svg
wp-content/plugins/jetpack/images/jetpack-search.svg
wp-content/plugins/jetpack/images/jetpack-security.svg
wp-content/plugins/jetpack/images/jetpack-site-activity.svg
wp-content/plugins/jetpack/images/jetpack-spam.svg
wp-content/plugins/jetpack/images/jetpack-speed-icon.svg
wp-content/plugins/jetpack/images/jetpack-speed.svg
wp-content/plugins/jetpack/images/jetpack-support.svg
wp-content/plugins/jetpack/images/jetpack-themes.svg
wp-content/plugins/jetpack/images/jetpack-updates.svg
wp-content/plugins/jetpack/images/jetpack-video-hosting.svg
wp-content/plugins/jetpack/images/jetpack-welcome.svg
wp-content/plugins/jetpack/images/jetpack-woocommerce-logo.svg
wp-content/plugins/jetpack/images/jetpack-wordads.svg
wp-content/plugins/jetpack/images/jupiter.svg
wp-content/plugins/jetpack/images/lock-paywall.svg
wp-content/plugins/jetpack/images/lock.svg
wp-content/plugins/jetpack/images/man-and-laptop.svg
wp-content/plugins/jetpack/images/odyssey-upgrade/background.png
wp-content/plugins/jetpack/images/odyssey-upgrade/gradient.png
wp-content/plugins/jetpack/images/people-around-page.svg
wp-content/plugins/jetpack/images/plans/jetpack-complete.svg
wp-content/plugins/jetpack/images/plans/jetpack-free.svg
wp-content/plugins/jetpack/images/plans/jetpack-golden-token.svg
wp-content/plugins/jetpack/images/plans/jetpack-personal.svg
wp-content/plugins/jetpack/images/plans/jetpack-premium.svg
wp-content/plugins/jetpack/images/plans/jetpack-professional.svg
wp-content/plugins/jetpack/images/plans/jetpack-security.svg
wp-content/plugins/jetpack/images/plans/jetpack.svg
wp-content/plugins/jetpack/images/plans/wpcom-business.svg
wp-content/plugins/jetpack/images/plans/wpcom-ecommerce.svg
wp-content/plugins/jetpack/images/plans/wpcom-free.svg
wp-content/plugins/jetpack/images/plans/wpcom-personal.svg
wp-content/plugins/jetpack/images/plans/wpcom-premium.svg
wp-content/plugins/jetpack/images/products/illustration-anti-spam.png
wp-content/plugins/jetpack/images/products/illustration-backup.png
wp-content/plugins/jetpack/images/products/illustration-scan.png
wp-content/plugins/jetpack/images/products/illustration-search.png
wp-content/plugins/jetpack/images/products/illustration-videopress.png
wp-content/plugins/jetpack/images/products/product-jetpack-ai.svg
wp-content/plugins/jetpack/images/products/product-jetpack-anti-spam.svg
wp-content/plugins/jetpack/images/products/product-jetpack-backup.svg
wp-content/plugins/jetpack/images/products/product-jetpack-boost.svg
wp-content/plugins/jetpack/images/products/product-jetpack-crm.svg
wp-content/plugins/jetpack/images/products/product-jetpack-protect.svg
wp-content/plugins/jetpack/images/products/product-jetpack-scan.svg
wp-content/plugins/jetpack/images/products/product-jetpack-search.svg
wp-content/plugins/jetpack/images/products/product-jetpack-security-bundle.svg
wp-content/plugins/jetpack/images/products/product-jetpack-social.svg
wp-content/plugins/jetpack/images/products/product-jetpack-stats.svg
wp-content/plugins/jetpack/images/products/product-jetpack-videopress.svg
wp-content/plugins/jetpack/images/products/product-jetpack.svg
wp-content/plugins/jetpack/images/recommendations/assistant-agency-2x.png
wp-content/plugins/jetpack/images/recommendations/assistant-agency-2x.webp
wp-content/plugins/jetpack/images/recommendations/assistant-agency.png
wp-content/plugins/jetpack/images/recommendations/assistant-agency.webp
wp-content/plugins/jetpack/images/recommendations/assistant-antispam-2x.png
wp-content/plugins/jetpack/images/recommendations/assistant-antispam-2x.webp
wp-content/plugins/jetpack/images/recommendations/assistant-antispam.png
wp-content/plugins/jetpack/images/recommendations/assistant-antispam.webp
wp-content/plugins/jetpack/images/recommendations/assistant-backup-welcome-2x.png
wp-content/plugins/jetpack/images/recommendations/assistant-backup-welcome-2x.webp
wp-content/plugins/jetpack/images/recommendations/assistant-backup-welcome.png
wp-content/plugins/jetpack/images/recommendations/assistant-backup-welcome.webp
wp-content/plugins/jetpack/images/recommendations/assistant-complete-welcome-2x.png
wp-content/plugins/jetpack/images/recommendations/assistant-complete-welcome-2x.webp
wp-content/plugins/jetpack/images/recommendations/assistant-complete-welcome.png
wp-content/plugins/jetpack/images/recommendations/assistant-complete-welcome.webp
wp-content/plugins/jetpack/images/recommendations/assistant-creative-mail-2x.png
wp-content/plugins/jetpack/images/recommendations/assistant-creative-mail-2x.webp
wp-content/plugins/jetpack/images/recommendations/assistant-creative-mail.png
wp-content/plugins/jetpack/images/recommendations/assistant-creative-mail.webp
wp-content/plugins/jetpack/images/recommendations/assistant-downtime-monitoring-2x.png
wp-content/plugins/jetpack/images/recommendations/assistant-downtime-monitoring-2x.webp
wp-content/plugins/jetpack/images/recommendations/assistant-downtime-monitoring.png
wp-content/plugins/jetpack/images/recommendations/assistant-downtime-monitoring.webp
wp-content/plugins/jetpack/images/recommendations/assistant-golden-token-welcome-2x.png
wp-content/plugins/jetpack/images/recommendations/assistant-golden-token-welcome-2x.webp
wp-content/plugins/jetpack/images/recommendations/assistant-golden-token-welcome.png
wp-content/plugins/jetpack/images/recommendations/assistant-golden-token-welcome.webp
wp-content/plugins/jetpack/images/recommendations/assistant-jetpack-social-2x.png
wp-content/plugins/jetpack/images/recommendations/assistant-jetpack-social-2x.webp
wp-content/plugins/jetpack/images/recommendations/assistant-jetpack-social.png
wp-content/plugins/jetpack/images/recommendations/assistant-jetpack-social.webp
wp-content/plugins/jetpack/images/recommendations/assistant-malware-scanning-2x.png
wp-content/plugins/jetpack/images/recommendations/assistant-malware-scanning-2x.webp
wp-content/plugins/jetpack/images/recommendations/assistant-malware-scanning.png
wp-content/plugins/jetpack/images/recommendations/assistant-malware-scanning.webp
wp-content/plugins/jetpack/images/recommendations/assistant-newsletter-2x.png
wp-content/plugins/jetpack/images/recommendations/assistant-newsletter-2x.webp
wp-content/plugins/jetpack/images/recommendations/assistant-newsletter.png
wp-content/plugins/jetpack/images/recommendations/assistant-product-purchased-2x.png
wp-content/plugins/jetpack/images/recommendations/assistant-product-purchased-2x.webp
wp-content/plugins/jetpack/images/recommendations/assistant-product-purchased.png
wp-content/plugins/jetpack/images/recommendations/assistant-product-purchased.webp
wp-content/plugins/jetpack/images/recommendations/assistant-related-post-2x.png
wp-content/plugins/jetpack/images/recommendations/assistant-related-post-2x.webp
wp-content/plugins/jetpack/images/recommendations/assistant-related-post.png
wp-content/plugins/jetpack/images/recommendations/assistant-related-post.webp
wp-content/plugins/jetpack/images/recommendations/assistant-search-2x.png
wp-content/plugins/jetpack/images/recommendations/assistant-search-2x.webp
wp-content/plugins/jetpack/images/recommendations/assistant-search.png
wp-content/plugins/jetpack/images/recommendations/assistant-search.webp
wp-content/plugins/jetpack/images/recommendations/assistant-server-credentials-2x.png
wp-content/plugins/jetpack/images/recommendations/assistant-server-credentials-2x.webp
wp-content/plugins/jetpack/images/recommendations/assistant-server-credentials.png
wp-content/plugins/jetpack/images/recommendations/assistant-server-credentials.webp
wp-content/plugins/jetpack/images/recommendations/assistant-site-accelerator-2x.png
wp-content/plugins/jetpack/images/recommendations/assistant-site-accelerator-2x.webp
wp-content/plugins/jetpack/images/recommendations/assistant-site-accelerator.png
wp-content/plugins/jetpack/images/recommendations/assistant-site-accelerator.webp
wp-content/plugins/jetpack/images/recommendations/assistant-site-type-2x.png
wp-content/plugins/jetpack/images/recommendations/assistant-site-type-2x.webp
wp-content/plugins/jetpack/images/recommendations/assistant-site-type.png
wp-content/plugins/jetpack/images/recommendations/assistant-site-type.webp
wp-content/plugins/jetpack/images/recommendations/assistant-social-image-post-2x.png
wp-content/plugins/jetpack/images/recommendations/assistant-social-image-post-2x.webp
wp-content/plugins/jetpack/images/recommendations/assistant-social-image-post.png
wp-content/plugins/jetpack/images/recommendations/assistant-social-image-post.webp
wp-content/plugins/jetpack/images/recommendations/assistant-videopress-2x.png
wp-content/plugins/jetpack/images/recommendations/assistant-videopress-2x.webp
wp-content/plugins/jetpack/images/recommendations/assistant-videopress.png
wp-content/plugins/jetpack/images/recommendations/assistant-videopress.webp
wp-content/plugins/jetpack/images/recommendations/assistant-woo-commerce-2x.png
wp-content/plugins/jetpack/images/recommendations/assistant-woo-commerce-2x.webp
wp-content/plugins/jetpack/images/recommendations/assistant-woo-commerce.png
wp-content/plugins/jetpack/images/recommendations/assistant-woo-commerce.webp
wp-content/plugins/jetpack/images/recommendations/bug-icon.svg
wp-content/plugins/jetpack/images/recommendations/cloud-icon.svg
wp-content/plugins/jetpack/images/recommendations/creator-icon.svg
wp-content/plugins/jetpack/images/recommendations/growth-icon.svg
wp-content/plugins/jetpack/images/recommendations/jetpack-icon.svg
wp-content/plugins/jetpack/images/recommendations/manage-security.svg
wp-content/plugins/jetpack/images/recommendations/mobile-app-qr-code-download-app.png
wp-content/plugins/jetpack/images/recommendations/mobile-app-qr-code-manage-security.png
wp-content/plugins/jetpack/images/recommendations/mobile-app-qr-code-one-click-restores.png
wp-content/plugins/jetpack/images/recommendations/mobile-app-qr-code-upsell.png
wp-content/plugins/jetpack/images/recommendations/mobile-app.svg
wp-content/plugins/jetpack/images/recommendations/one-click-restores.svg
wp-content/plugins/jetpack/images/recommendations/product-purchased-illustration.svg
wp-content/plugins/jetpack/images/recommendations/video-icon.svg
wp-content/plugins/jetpack/images/recommendations/wordpress-icon.svg
wp-content/plugins/jetpack/images/rss/blue-large.png
wp-content/plugins/jetpack/images/rss/blue-medium.png
wp-content/plugins/jetpack/images/rss/blue-small.png
wp-content/plugins/jetpack/images/rss/green-large.png
wp-content/plugins/jetpack/images/rss/green-medium.png
wp-content/plugins/jetpack/images/rss/green-small.png
wp-content/plugins/jetpack/images/rss/orange-large.png
wp-content/plugins/jetpack/images/rss/orange-medium.png
wp-content/plugins/jetpack/images/rss/orange-small.png
wp-content/plugins/jetpack/images/rss/pink-large.png
wp-content/plugins/jetpack/images/rss/pink-medium.png
wp-content/plugins/jetpack/images/rss/pink-small.png
wp-content/plugins/jetpack/images/rss/purple-large.png
wp-content/plugins/jetpack/images/rss/purple-medium.png
wp-content/plugins/jetpack/images/rss/purple-small.png
wp-content/plugins/jetpack/images/rss/red-large.png
wp-content/plugins/jetpack/images/rss/red-medium.png
wp-content/plugins/jetpack/images/rss/red-small.png
wp-content/plugins/jetpack/images/rss/silver-large.png
wp-content/plugins/jetpack/images/rss/silver-medium.png
wp-content/plugins/jetpack/images/rss/silver-small.png
wp-content/plugins/jetpack/images/security.svg
wp-content/plugins/jetpack/images/star.svg
wp-content/plugins/jetpack/images/stars-full.svg
wp-content/plugins/jetpack/images/stars-left.svg
wp-content/plugins/jetpack/images/stars-right.svg
wp-content/plugins/jetpack/images/stats-example-lrg.png
wp-content/plugins/jetpack/images/stats-example-med.png
wp-content/plugins/jetpack/images/stats-example-sm.png
wp-content/plugins/jetpack/images/stats-people.svg
wp-content/plugins/jetpack/images/stats-smiley.gif
wp-content/plugins/jetpack/images/stats.svg
wp-content/plugins/jetpack/images/themes.svg
wp-content/plugins/jetpack/images/white-clouds-reverse.svg
wp-content/plugins/jetpack/images/white-clouds.svg
wp-content/plugins/jetpack/images/wordads.svg
wp-content/plugins/jetpack/jetpack.php
wp-content/plugins/jetpack/jetpack_vendor/automattic/jetpack-a8c-mc-stats/CHANGELOG.md
wp-content/plugins/jetpack/jetpack_vendor/automattic/jetpack-a8c-mc-stats/LICENSE.txt
wp-content/plugins/jetpack/jetpack_vendor/automattic/jetpack-a8c-mc-stats/SECURITY.md
wp-content/plugins/jetpack/jetpack_vendor/automattic/jetpack-a8c-mc-stats/src/class-a8c-mc-stats.php
wp-content/plugins/jetpack/jetpack_vendor/automattic/jetpack-account-protection/CHANGELOG.md
wp-content/plugins/jetpack/jetpack_vendor/automattic/jetpack-account-protection/LICENSE.txt
wp-content/plugins/jetpack/jetpack_vendor/automattic/jetpack-account-protection/SECURITY.md
wp-content/plugins/jetpack/jetpack_vendor/automattic/jetpack-account-protection/src/class-account-protection.php
wp-content/plugins/jetpack/jetpack_vendor/automattic/jetpack-account-protection/src/class-config.php
wp-content/plugins/jetpack/jetpack_vendor/automattic/jetpack-account-protection/src/class-email-service.php
wp-content/plugins/jetpack/jetpack_vendor/automattic/jetpack-account-protection/src/class-password-detection.php
wp-content/plugins/jetpack/jetpack_vendor/automattic/jetpack-account-protection/src/class-password-manager.php
wp-content/plugins/jetpack/jetpack_vendor/automattic/jetpack-account-protection/src/class-password-strength-meter.php
wp-content/plugins/jetpack/jetpack_vendor/automattic/jetpack-account-protection/src/class-settings.php
wp-content/plugins/jetpack/jetpack_vendor/automattic/jetpack-account-protection/src/class-validation-service.php
wp-content/plugins/jetpack/jetpack_vendor/automattic/jetpack-account-protection/src/css/password-detection.css
wp-content/plugins/jetpack/jetpack_vendor/automattic/jetpack-account-protection/src/css/strength-meter.css
wp-content/plugins/jetpack/jetpack_vendor/automattic/jetpack-account-protection/src/js/jetpack-password-strength-meter.js
wp-content/plugins/jetpack/jetpack_vendor/automattic/jetpack-admin-ui/CHANGELOG.md
wp-content/plugins/jetpack/jetpack_vendor/automattic/jetpack-admin-ui/LICENSE.txt
wp-content/plugins/jetpack/jetpack_vendor/automattic/jetpack-admin-ui/SECURITY.md
wp-content/plugins/jetpack/jetpack_vendor/automattic/jetpack-admin-ui/src/class-admin-menu.php
wp-content/plugins/jetpack/jetpack_vendor/automattic/jetpack-assets/CHANGELOG.md
wp-content/plugins/jetpack/jetpack_vendor/automattic/jetpack-assets/LICENSE.txt
wp-content/plugins/jetpack/jetpack_vendor/automattic/jetpack-assets/SECURITY.md
wp-content/plugins/jetpack/jetpack_vendor/automattic/jetpack-assets/actions.php
wp-content/plugins/jetpack/jetpack_vendor/automattic/jetpack-assets/build/i18n-loader.asset.php
wp-content/plugins/jetpack/jetpack_vendor/automattic/jetpack-assets/build/i18n-loader.js
wp-content/plugins/jetpack/jetpack_vendor/automattic/jetpack-assets/build/jetpack-script-data.asset.php
wp-content/plugins/jetpack/jetpack_vendor/automattic/jetpack-assets/build/jetpack-script-data.js
wp-content/plugins/jetpack/jetpack_vendor/automattic/jetpack-assets/package.json
wp-content/plugins/jetpack/jetpack_vendor/automattic/jetpack-assets/src/class-assets.php
wp-content/plugins/jetpack/jetpack_vendor/automattic/jetpack-assets/src/class-script-data.php
wp-content/plugins/jetpack/jetpack_vendor/automattic/jetpack-assets/src/class-semver.php
wp-content/plugins/jetpack/jetpack_vendor/automattic/jetpack-assets/src/js/i18n-loader.js
wp-content/plugins/jetpack/jetpack_vendor/automattic/jetpack-assets/src/js/script-data.js
wp-content/plugins/jetpack/jetpack_vendor/automattic/jetpack-backup-helper-script-manager/CHANGELOG.md
wp-content/plugins/jetpack/jetpack_vendor/automattic/jetpack-backup-helper-script-manager/LICENSE.txt
wp-content/plugins/jetpack/jetpack_vendor/automattic/jetpack-backup-helper-script-manager/SECURITY.md
wp-content/plugins/jetpack/jetpack_vendor/automattic/jetpack-backup-helper-script-manager/src/class-helper-script-manager-impl.php
wp-content/plugins/jetpack/jetpack_vendor/automattic/jetpack-backup-helper-script-manager/src/class-helper-script-manager.php
wp-content/plugins/jetpack/jetpack_vendor/automattic/jetpack-backup-helper-script-manager/src/class-throw-on-errors.php
wp-content/plugins/jetpack/jetpack_vendor/automattic/jetpack-backup/CHANGELOG.md
wp-content/plugins/jetpack/jetpack_vendor/automattic/jetpack-backup/LICENSE.txt
wp-content/plugins/jetpack/jetpack_vendor/automattic/jetpack-backup/SECURITY.md
wp-content/plugins/jetpack/jetpack_vendor/automattic/jetpack-backup/actions.php
wp-content/plugins/jetpack/jetpack_vendor/automattic/jetpack-backup/babel.config.js
wp-content/plugins/jetpack/jetpack_vendor/automattic/jetpack-backup/build/images/autorenew-70f9019226b5a68e200f.svg
wp-content/plugins/jetpack/jetpack_vendor/automattic/jetpack-backup/build/images/backup-animation-1-8d65f9365c217c43eb01.svg
wp-content/plugins/jetpack/jetpack_vendor/automattic/jetpack-backup/build/images/backup-animation-2-4d8da04fb34b29957030.svg
wp-content/plugins/jetpack/jetpack_vendor/automattic/jetpack-backup/build/images/backup-animation-3-1c6df0c7bc8546e712d8.svg
wp-content/plugins/jetpack/jetpack_vendor/automattic/jetpack-backup/build/images/ben-giordano-testimonial-6fc2052451b864b9a20f.png
wp-content/plugins/jetpack/jetpack_vendor/automattic/jetpack-backup/build/images/cloud-35473ae2758e9f3e353d.svg
wp-content/plugins/jetpack/jetpack_vendor/automattic/jetpack-backup/build/images/cloud-alert-cf8336f3384ee5b98a9e.svg
wp-content/plugins/jetpack/jetpack_vendor/automattic/jetpack-backup/build/images/cloud-done-3229e8475a10686ef04b.svg
wp-content/plugins/jetpack/jetpack_vendor/automattic/jetpack-backup/build/images/connect-backup-a634a7c888d0db4fe9a1.png
wp-content/plugins/jetpack/jetpack_vendor/automattic/jetpack-backup/build/images/group-work-1c9960fcb6fc83a18808.svg
wp-content/plugins/jetpack/jetpack_vendor/automattic/jetpack-backup/build/images/history-50290f16c7aac5c535c4.svg
wp-content/plugins/jetpack/jetpack_vendor/automattic/jetpack-backup/build/images/jetpack-backup-video-thumbnail-a0063a4ee0607de87f8a.png
wp-content/plugins/jetpack/jetpack_vendor/automattic/jetpack-backup/build/images/plugins-d0898bae4e79a6e05b9e.svg
wp-content/plugins/jetpack/jetpack_vendor/automattic/jetpack-backup/build/images/posts-7a4c9e22d20abaac65d6.svg
wp-content/plugins/jetpack/jetpack_vendor/automattic/jetpack-backup/build/images/themes-700cf8bdf1049fdbc94a.svg
wp-content/plugins/jetpack/jetpack_vendor/automattic/jetpack-backup/build/images/tim-ferriss-testimonial-a8974612bc8cfdcb3692.png
wp-content/plugins/jetpack/jetpack_vendor/automattic/jetpack-backup/build/images/uploads-7a7b15dfda25508a8d68.svg
wp-content/plugins/jetpack/jetpack_vendor/automattic/jetpack-backup/build/images/warning-9f703fa5801e449e6b15.svg
wp-content/plugins/jetpack/jetpack_vendor/automattic/jetpack-backup/build/index.asset.php
wp-content/plugins/jetpack/jetpack_vendor/automattic/jetpack-backup/build/index.css
wp-content/plugins/jetpack/jetpack_vendor/automattic/jetpack-backup/build/index.js
wp-content/plugins/jetpack/jetpack_vendor/automattic/jetpack-backup/build/index.rtl.css
wp-content/plugins/jetpack/jetpack_vendor/automattic/jetpack-backup/package.json
wp-content/plugins/jetpack/jetpack_vendor/automattic/jetpack-backup/src/class-initial-state.php
wp-content/plugins/jetpack/jetpack_vendor/automattic/jetpack-backup/src/class-jetpack-backup-upgrades.php
wp-content/plugins/jetpack/jetpack_vendor/automattic/jetpack-backup/src/class-jetpack-backup.php
wp-content/plugins/jetpack/jetpack_vendor/automattic/jetpack-backup/src/class-package-version-compat.php
wp-content/plugins/jetpack/jetpack_vendor/automattic/jetpack-backup/src/class-package-version.php
wp-content/plugins/jetpack/jetpack_vendor/automattic/jetpack-backup/src/class-rest-controller.php
wp-content/plugins/jetpack/jetpack_vendor/automattic/jetpack-backup/webpack.config.js
wp-content/plugins/jetpack/jetpack_vendor/automattic/jetpack-blaze/CHANGELOG.md
wp-content/plugins/jetpack/jetpack_vendor/automattic/jetpack-blaze/LICENSE.txt
wp-content/plugins/jetpack/jetpack_vendor/automattic/jetpack-blaze/SECURITY.md
wp-content/plugins/jetpack/jetpack_vendor/automattic/jetpack-blaze/build/editor.asset.php
wp-content/plugins/jetpack/jetpack_vendor/automattic/jetpack-blaze/build/editor.css
wp-content/plugins/jetpack/jetpack_vendor/automattic/jetpack-blaze/build/editor.js
wp-content/plugins/jetpack/jetpack_vendor/automattic/jetpack-blaze/build/editor.rtl.css
wp-content/plugins/jetpack/jetpack_vendor/automattic/jetpack-blaze/src/class-blaze.php
wp-content/plugins/jetpack/jetpack_vendor/automattic/jetpack-blaze/src/class-dashboard-config-data.php
wp-content/plugins/jetpack/jetpack_vendor/automattic/jetpack-blaze/src/class-dashboard-rest-controller.php
wp-content/plugins/jetpack/jetpack_vendor/automattic/jetpack-blaze/src/class-dashboard.php
wp-content/plugins/jetpack/jetpack_vendor/automattic/jetpack-blaze/src/class-rest-controller.php
wp-content/plugins/jetpack/jetpack_vendor/automattic/jetpack-blaze/webpack.config.js
wp-content/plugins/jetpack/jetpack_vendor/automattic/jetpack-blocks/CHANGELOG.md
wp-content/plugins/jetpack/jetpack_vendor/automattic/jetpack-blocks/LICENSE.txt
wp-content/plugins/jetpack/jetpack_vendor/automattic/jetpack-blocks/SECURITY.md
wp-content/plugins/jetpack/jetpack_vendor/automattic/jetpack-blocks/src/class-blocks.php
wp-content/plugins/jetpack/jetpack_vendor/automattic/jetpack-boost-core/CHANGELOG.md
wp-content/plugins/jetpack/jetpack_vendor/automattic/jetpack-boost-core/LICENSE.txt
wp-content/plugins/jetpack/jetpack_vendor/automattic/jetpack-boost-core/SECURITY.md
wp-content/plugins/jetpack/jetpack_vendor/automattic/jetpack-boost-core/src/contracts/boost-api-client.php
wp-content/plugins/jetpack/jetpack_vendor/automattic/jetpack-boost-core/src/lib/class-boost-api.php
wp-content/plugins/jetpack/jetpack_vendor/automattic/jetpack-boost-core/src/lib/class-cacheable.php
wp-content/plugins/jetpack/jetpack_vendor/automattic/jetpack-boost-core/src/lib/class-transient.php
wp-content/plugins/jetpack/jetpack_vendor/automattic/jetpack-boost-core/src/lib/class-url.php
wp-content/plugins/jetpack/jetpack_vendor/automattic/jetpack-boost-core/src/lib/class-utils.php
wp-content/plugins/jetpack/jetpack_vendor/automattic/jetpack-boost-core/src/lib/class-wpcom-boost-api-client.php
wp-content/plugins/jetpack/jetpack_vendor/automattic/jetpack-boost-speed-score/CHANGELOG.md
wp-content/plugins/jetpack/jetpack_vendor/automattic/jetpack-boost-speed-score/LICENSE.txt
wp-content/plugins/jetpack/jetpack_vendor/automattic/jetpack-boost-speed-score/SECURITY.md
wp-content/plugins/jetpack/jetpack_vendor/automattic/jetpack-boost-speed-score/src/class-jetpack-boost-modules.php
wp-content/plugins/jetpack/jetpack_vendor/automattic/jetpack-boost-speed-score/src/class-speed-score-graph-history-request.php
wp-content/plugins/jetpack/jetpack_vendor/automattic/jetpack-boost-speed-score/src/class-speed-score-history.php
wp-content/plugins/jetpack/jetpack_vendor/automattic/jetpack-boost-speed-score/src/class-speed-score-request.php
wp-content/plugins/jetpack/jetpack_vendor/automattic/jetpack-boost-speed-score/src/class-speed-score.php
wp-content/plugins/jetpack/jetpack_vendor/automattic/jetpack-classic-theme-helper/CHANGELOG.md
wp-content/plugins/jetpack/jetpack_vendor/automattic/jetpack-classic-theme-helper/LICENSE.txt
wp-content/plugins/jetpack/jetpack_vendor/automattic/jetpack-classic-theme-helper/SECURITY.md
wp-content/plugins/jetpack/jetpack_vendor/automattic/jetpack-classic-theme-helper/_inc/lib/class.color.php
wp-content/plugins/jetpack/jetpack_vendor/automattic/jetpack-classic-theme-helper/_inc/lib/tonesque.php
wp-content/plugins/jetpack/jetpack_vendor/automattic/jetpack-classic-theme-helper/dist/content-options/customizer.asset.php
wp-content/plugins/jetpack/jetpack_vendor/automattic/jetpack-classic-theme-helper/dist/content-options/customizer.js
wp-content/plugins/jetpack/jetpack_vendor/automattic/jetpack-classic-theme-helper/dist/custom-post-types/js/many-items.asset.php
wp-content/plugins/jetpack/jetpack_vendor/automattic/jetpack-classic-theme-helper/dist/custom-post-types/js/many-items.js
wp-content/plugins/jetpack/jetpack_vendor/automattic/jetpack-classic-theme-helper/dist/custom-post-types/js/menu-checkboxes.asset.php
wp-content/plugins/jetpack/jetpack_vendor/automattic/jetpack-classic-theme-helper/dist/custom-post-types/js/menu-checkboxes.js
wp-content/plugins/jetpack/jetpack_vendor/automattic/jetpack-classic-theme-helper/dist/custom-post-types/js/nova-drag-drop.asset.php
wp-content/plugins/jetpack/jetpack_vendor/automattic/jetpack-classic-theme-helper/dist/custom-post-types/js/nova-drag-drop.js
wp-content/plugins/jetpack/jetpack_vendor/automattic/jetpack-classic-theme-helper/dist/featured-content/suggest.asset.php
wp-content/plugins/jetpack/jetpack_vendor/automattic/jetpack-classic-theme-helper/dist/featured-content/suggest.js
wp-content/plugins/jetpack/jetpack_vendor/automattic/jetpack-classic-theme-helper/dist/responsive-videos/responsive-videos.asset.php
wp-content/plugins/jetpack/jetpack_vendor/automattic/jetpack-classic-theme-helper/dist/responsive-videos/responsive-videos.css
wp-content/plugins/jetpack/jetpack_vendor/automattic/jetpack-classic-theme-helper/dist/responsive-videos/responsive-videos.js
wp-content/plugins/jetpack/jetpack_vendor/automattic/jetpack-classic-theme-helper/dist/responsive-videos/responsive-videos.rtl.css
wp-content/plugins/jetpack/jetpack_vendor/automattic/jetpack-classic-theme-helper/src/class-featured-content.php
wp-content/plugins/jetpack/jetpack_vendor/automattic/jetpack-classic-theme-helper/src/class-main.php
wp-content/plugins/jetpack/jetpack_vendor/automattic/jetpack-classic-theme-helper/src/class-social-links.php
wp-content/plugins/jetpack/jetpack_vendor/automattic/jetpack-classic-theme-helper/src/compat/twentyfifteen.php
wp-content/plugins/jetpack/jetpack_vendor/automattic/jetpack-classic-theme-helper/src/compat/twentyfourteen.php
wp-content/plugins/jetpack/jetpack_vendor/automattic/jetpack-classic-theme-helper/src/compat/twentynineteen.php
wp-content/plugins/jetpack/jetpack_vendor/automattic/jetpack-classic-theme-helper/src/compat/twentysixteen.php
wp-content/plugins/jetpack/jetpack_vendor/automattic/jetpack-classic-theme-helper/src/compat/twentytwenty.php
wp-content/plugins/jetpack/jetpack_vendor/automattic/jetpack-classic-theme-helper/src/compat/twentytwentyone.php
wp-content/plugins/jetpack/jetpack_vendor/automattic/jetpack-classic-theme-helper/src/content-options.php
wp-content/plugins/jetpack/jetpack_vendor/automattic/jetpack-classic-theme-helper/src/content-options/author-bio.php
wp-content/plugins/jetpack/jetpack_vendor/automattic/jetpack-classic-theme-helper/src/content-options/blog-display.php
wp-content/plugins/jetpack/jetpack_vendor/automattic/jetpack-classic-theme-helper/src/content-options/customizer.js
wp-content/plugins/jetpack/jetpack_vendor/automattic/jetpack-classic-theme-helper/src/content-options/customizer.php
wp-content/plugins/jetpack/jetpack_vendor/automattic/jetpack-classic-theme-helper/src/content-options/featured-images-fallback.php
wp-content/plugins/jetpack/jetpack_vendor/automattic/jetpack-classic-theme-helper/src/content-options/featured-images.php
wp-content/plugins/jetpack/jetpack_vendor/automattic/jetpack-classic-theme-helper/src/content-options/post-details.php
wp-content/plugins/jetpack/jetpack_vendor/automattic/jetpack-classic-theme-helper/src/custom-content-types.php
wp-content/plugins/jetpack/jetpack_vendor/automattic/jetpack-classic-theme-helper/src/custom-post-types/class-jetpack-portfolio.php
wp-content/plugins/jetpack/jetpack_vendor/automattic/jetpack-classic-theme-helper/src/custom-post-types/class-jetpack-testimonial-textarea-control.php
wp-content/plugins/jetpack/jetpack_vendor/automattic/jetpack-classic-theme-helper/src/custom-post-types/class-jetpack-testimonial-title-control.php
wp-content/plugins/jetpack/jetpack_vendor/automattic/jetpack-classic-theme-helper/src/custom-post-types/class-jetpack-testimonial.php
wp-content/plugins/jetpack/jetpack_vendor/automattic/jetpack-classic-theme-helper/src/custom-post-types/class-nova-restaurant.php
wp-content/plugins/jetpack/jetpack_vendor/automattic/jetpack-classic-theme-helper/src/custom-post-types/css/edit-items.css
wp-content/plugins/jetpack/jetpack_vendor/automattic/jetpack-classic-theme-helper/src/custom-post-types/css/many-items.css
wp-content/plugins/jetpack/jetpack_vendor/automattic/jetpack-classic-theme-helper/src/custom-post-types/css/nova-font.css
wp-content/plugins/jetpack/jetpack_vendor/automattic/jetpack-classic-theme-helper/src/custom-post-types/css/nova.css
wp-content/plugins/jetpack/jetpack_vendor/automattic/jetpack-classic-theme-helper/src/custom-post-types/css/portfolio-shortcode.css
wp-content/plugins/jetpack/jetpack_vendor/automattic/jetpack-classic-theme-helper/src/custom-post-types/css/testimonial-shortcode.css
wp-content/plugins/jetpack/jetpack_vendor/automattic/jetpack-classic-theme-helper/src/custom-post-types/js/many-items.js
wp-content/plugins/jetpack/jetpack_vendor/automattic/jetpack-classic-theme-helper/src/custom-post-types/js/menu-checkboxes.js
wp-content/plugins/jetpack/jetpack_vendor/automattic/jetpack-classic-theme-helper/src/custom-post-types/js/nova-drag-drop.js
wp-content/plugins/jetpack/jetpack_vendor/automattic/jetpack-classic-theme-helper/src/featured-content/suggest.js
wp-content/plugins/jetpack/jetpack_vendor/automattic/jetpack-classic-theme-helper/src/jetpack-color.php
wp-content/plugins/jetpack/jetpack_vendor/automattic/jetpack-classic-theme-helper/src/responsive-videos.php
wp-content/plugins/jetpack/jetpack_vendor/automattic/jetpack-classic-theme-helper/src/responsive-videos/responsive-videos.css
wp-content/plugins/jetpack/jetpack_vendor/automattic/jetpack-classic-theme-helper/src/responsive-videos/responsive-videos.js
wp-content/plugins/jetpack/jetpack_vendor/automattic/jetpack-classic-theme-helper/src/shared-functions.php
wp-content/plugins/jetpack/jetpack_vendor/automattic/jetpack-classic-theme-helper/src/site-breadcrumbs.php
wp-content/plugins/jetpack/jetpack_vendor/automattic/jetpack-classic-theme-helper/src/social-menu.php
wp-content/plugins/jetpack/jetpack_vendor/automattic/jetpack-classic-theme-helper/src/social-menu/icon-functions.php
wp-content/plugins/jetpack/jetpack_vendor/automattic/jetpack-classic-theme-helper/src/social-menu/social-menu.css
wp-content/plugins/jetpack/jetpack_vendor/automattic/jetpack-classic-theme-helper/src/social-menu/social-menu.svg
wp-content/plugins/jetpack/jetpack_vendor/automattic/jetpack-classic-theme-helper/webpack.config.js
wp-content/plugins/jetpack/jetpack_vendor/automattic/jetpack-compat/CHANGELOG.md
wp-content/plugins/jetpack/jetpack_vendor/automattic/jetpack-compat/LICENSE.txt
wp-content/plugins/jetpack/jetpack_vendor/automattic/jetpack-compat/SECURITY.md
wp-content/plugins/jetpack/jetpack_vendor/automattic/jetpack-compat/lib/locales.php
wp-content/plugins/jetpack/jetpack_vendor/automattic/jetpack-config/CHANGELOG.md
wp-content/plugins/jetpack/jetpack_vendor/automattic/jetpack-config/LICENSE.txt
wp-content/plugins/jetpack/jetpack_vendor/automattic/jetpack-config/SECURITY.md
wp-content/plugins/jetpack/jetpack_vendor/automattic/jetpack-config/src/class-config.php
wp-content/plugins/jetpack/jetpack_vendor/automattic/jetpack-connection/CHANGELOG.md
wp-content/plugins/jetpack/jetpack_vendor/automattic/jetpack-connection/LICENSE.txt
wp-content/plugins/jetpack/jetpack_vendor/automattic/jetpack-connection/SECURITY.md
wp-content/plugins/jetpack/jetpack_vendor/automattic/jetpack-connection/TRACKING.md
wp-content/plugins/jetpack/jetpack_vendor/automattic/jetpack-connection/actions.php
wp-content/plugins/jetpack/jetpack_vendor/automattic/jetpack-connection/babel.config.js
wp-content/plugins/jetpack/jetpack_vendor/automattic/jetpack-connection/dist/identity-crisis.asset.php
wp-content/plugins/jetpack/jetpack_vendor/automattic/jetpack-connection/dist/identity-crisis.css
wp-content/plugins/jetpack/jetpack_vendor/automattic/jetpack-connection/dist/identity-crisis.js
wp-content/plugins/jetpack/jetpack_vendor/automattic/jetpack-connection/dist/identity-crisis.rtl.css
wp-content/plugins/jetpack/jetpack_vendor/automattic/jetpack-connection/dist/images/disconnect-confirm-dc9fe8f5c68cfd1320e0.jpg
wp-content/plugins/jetpack/jetpack_vendor/automattic/jetpack-connection/dist/images/disconnect-thanks-5873bfac56a9bd7322cd.jpg
wp-content/plugins/jetpack/jetpack_vendor/automattic/jetpack-connection/dist/jetpack-connection.asset.php
wp-content/plugins/jetpack/jetpack_vendor/automattic/jetpack-connection/dist/jetpack-connection.css
wp-content/plugins/jetpack/jetpack_vendor/automattic/jetpack-connection/dist/jetpack-connection.js
wp-content/plugins/jetpack/jetpack_vendor/automattic/jetpack-connection/dist/jetpack-connection.rtl.css
wp-content/plugins/jetpack/jetpack_vendor/automattic/jetpack-connection/dist/jetpack-sso-admin-create-user.asset.php
wp-content/plugins/jetpack/jetpack_vendor/automattic/jetpack-connection/dist/jetpack-sso-admin-create-user.css
wp-content/plugins/jetpack/jetpack_vendor/automattic/jetpack-connection/dist/jetpack-sso-admin-create-user.js
wp-content/plugins/jetpack/jetpack_vendor/automattic/jetpack-connection/dist/jetpack-sso-admin-create-user.rtl.css
wp-content/plugins/jetpack/jetpack_vendor/automattic/jetpack-connection/dist/jetpack-sso-login.asset.php
wp-content/plugins/jetpack/jetpack_vendor/automattic/jetpack-connection/dist/jetpack-sso-login.css
wp-content/plugins/jetpack/jetpack_vendor/automattic/jetpack-connection/dist/jetpack-sso-login.js
wp-content/plugins/jetpack/jetpack_vendor/automattic/jetpack-connection/dist/jetpack-sso-login.rtl.css
wp-content/plugins/jetpack/jetpack_vendor/automattic/jetpack-connection/dist/jetpack-sso-users.asset.php
wp-content/plugins/jetpack/jetpack_vendor/automattic/jetpack-connection/dist/jetpack-sso-users.js
wp-content/plugins/jetpack/jetpack_vendor/automattic/jetpack-connection/dist/jetpack-users-connection.asset.php
wp-content/plugins/jetpack/jetpack_vendor/automattic/jetpack-connection/dist/jetpack-users-connection.js
wp-content/plugins/jetpack/jetpack_vendor/automattic/jetpack-connection/dist/tracks-ajax.asset.php
wp-content/plugins/jetpack/jetpack_vendor/automattic/jetpack-connection/dist/tracks-ajax.js
wp-content/plugins/jetpack/jetpack_vendor/automattic/jetpack-connection/dist/tracks-callables.asset.php
wp-content/plugins/jetpack/jetpack_vendor/automattic/jetpack-connection/dist/tracks-callables.js
wp-content/plugins/jetpack/jetpack_vendor/automattic/jetpack-connection/legacy/class-jetpack-ixr-client.php
wp-content/plugins/jetpack/jetpack_vendor/automattic/jetpack-connection/legacy/class-jetpack-ixr-clientmulticall.php
wp-content/plugins/jetpack/jetpack_vendor/automattic/jetpack-connection/legacy/class-jetpack-options.php
wp-content/plugins/jetpack/jetpack_vendor/automattic/jetpack-connection/legacy/class-jetpack-signature.php
wp-content/plugins/jetpack/jetpack_vendor/automattic/jetpack-connection/legacy/class-jetpack-tracks-client.php
wp-content/plugins/jetpack/jetpack_vendor/automattic/jetpack-connection/legacy/class-jetpack-tracks-event.php
wp-content/plugins/jetpack/jetpack_vendor/automattic/jetpack-connection/legacy/class-jetpack-xmlrpc-server.php
wp-content/plugins/jetpack/jetpack_vendor/automattic/jetpack-connection/src/class-authorize-json-api.php
wp-content/plugins/jetpack/jetpack_vendor/automattic/jetpack-connection/src/class-client.php
wp-content/plugins/jetpack/jetpack_vendor/automattic/jetpack-connection/src/class-connection-assets.php
wp-content/plugins/jetpack/jetpack_vendor/automattic/jetpack-connection/src/class-connection-notice.php
wp-content/plugins/jetpack/jetpack_vendor/automattic/jetpack-connection/src/class-error-handler.php
wp-content/plugins/jetpack/jetpack_vendor/automattic/jetpack-connection/src/class-heartbeat.php
wp-content/plugins/jetpack/jetpack_vendor/automattic/jetpack-connection/src/class-initial-state.php
wp-content/plugins/jetpack/jetpack_vendor/automattic/jetpack-connection/src/class-manager.php
wp-content/plugins/jetpack/jetpack_vendor/automattic/jetpack-connection/src/class-nonce-handler.php
wp-content/plugins/jetpack/jetpack_vendor/automattic/jetpack-connection/src/class-package-version-tracker.php
wp-content/plugins/jetpack/jetpack_vendor/automattic/jetpack-connection/src/class-package-version.php
wp-content/plugins/jetpack/jetpack_vendor/automattic/jetpack-connection/src/class-partner-coupon.php
wp-content/plugins/jetpack/jetpack_vendor/automattic/jetpack-connection/src/class-partner.php
wp-content/plugins/jetpack/jetpack_vendor/automattic/jetpack-connection/src/class-plugin-storage.php
wp-content/plugins/jetpack/jetpack_vendor/automattic/jetpack-connection/src/class-plugin.php
wp-content/plugins/jetpack/jetpack_vendor/automattic/jetpack-connection/src/class-rest-authentication.php
wp-content/plugins/jetpack/jetpack_vendor/automattic/jetpack-connection/src/class-rest-connector.php
wp-content/plugins/jetpack/jetpack_vendor/automattic/jetpack-connection/src/class-secrets.php
wp-content/plugins/jetpack/jetpack_vendor/automattic/jetpack-connection/src/class-server-sandbox.php
wp-content/plugins/jetpack/jetpack_vendor/automattic/jetpack-connection/src/class-terms-of-service.php
wp-content/plugins/jetpack/jetpack_vendor/automattic/jetpack-connection/src/class-tokens-locks.php
wp-content/plugins/jetpack/jetpack_vendor/automattic/jetpack-connection/src/class-tokens.php
wp-content/plugins/jetpack/jetpack_vendor/automattic/jetpack-connection/src/class-tracking.php
wp-content/plugins/jetpack/jetpack_vendor/automattic/jetpack-connection/src/class-urls.php
wp-content/plugins/jetpack/jetpack_vendor/automattic/jetpack-connection/src/class-user-account-status.php
wp-content/plugins/jetpack/jetpack_vendor/automattic/jetpack-connection/src/class-users-connection-admin.php
wp-content/plugins/jetpack/jetpack_vendor/automattic/jetpack-connection/src/class-utils.php
wp-content/plugins/jetpack/jetpack_vendor/automattic/jetpack-connection/src/class-webhooks.php
wp-content/plugins/jetpack/jetpack_vendor/automattic/jetpack-connection/src/class-xmlrpc-async-call.php
wp-content/plugins/jetpack/jetpack_vendor/automattic/jetpack-connection/src/class-xmlrpc-connector.php
wp-content/plugins/jetpack/jetpack_vendor/automattic/jetpack-connection/src/identity-crisis/_inc/admin.jsx
wp-content/plugins/jetpack/jetpack_vendor/automattic/jetpack-connection/src/identity-crisis/class-exception.php
wp-content/plugins/jetpack/jetpack_vendor/automattic/jetpack-connection/src/identity-crisis/class-identity-crisis.php
wp-content/plugins/jetpack/jetpack_vendor/automattic/jetpack-connection/src/identity-crisis/class-rest-endpoints.php
wp-content/plugins/jetpack/jetpack_vendor/automattic/jetpack-connection/src/identity-crisis/class-ui.php
wp-content/plugins/jetpack/jetpack_vendor/automattic/jetpack-connection/src/identity-crisis/class-url-secret.php
wp-content/plugins/jetpack/jetpack_vendor/automattic/jetpack-connection/src/interface-manager.php
wp-content/plugins/jetpack/jetpack_vendor/automattic/jetpack-connection/src/sso/class-force-2fa.php
wp-content/plugins/jetpack/jetpack_vendor/automattic/jetpack-connection/src/sso/class-helpers.php
wp-content/plugins/jetpack/jetpack_vendor/automattic/jetpack-connection/src/sso/class-notices.php
wp-content/plugins/jetpack/jetpack_vendor/automattic/jetpack-connection/src/sso/class-sso.php
wp-content/plugins/jetpack/jetpack_vendor/automattic/jetpack-connection/src/sso/class-user-admin.php
wp-content/plugins/jetpack/jetpack_vendor/automattic/jetpack-connection/src/sso/jetpack-sso-admin-create-user.css
wp-content/plugins/jetpack/jetpack_vendor/automattic/jetpack-connection/src/sso/jetpack-sso-admin-create-user.js
wp-content/plugins/jetpack/jetpack_vendor/automattic/jetpack-connection/src/sso/jetpack-sso-login.css
wp-content/plugins/jetpack/jetpack_vendor/automattic/jetpack-connection/src/sso/jetpack-sso-login.js
wp-content/plugins/jetpack/jetpack_vendor/automattic/jetpack-connection/src/sso/jetpack-sso-users.js
wp-content/plugins/jetpack/jetpack_vendor/automattic/jetpack-connection/src/traits/trait-wpcom-rest-api-proxy-request.php
wp-content/plugins/jetpack/jetpack_vendor/automattic/jetpack-connection/src/webhooks/class-authorize-redirect.php
wp-content/plugins/jetpack/jetpack_vendor/automattic/jetpack-constants/CHANGELOG.md
wp-content/plugins/jetpack/jetpack_vendor/automattic/jetpack-constants/LICENSE.txt
wp-content/plugins/jetpack/jetpack_vendor/automattic/jetpack-constants/SECURITY.md
wp-content/plugins/jetpack/jetpack_vendor/automattic/jetpack-constants/src/class-constants.php
wp-content/plugins/jetpack/jetpack_vendor/automattic/jetpack-device-detection/CHANGELOG.md
wp-content/plugins/jetpack/jetpack_vendor/automattic/jetpack-device-detection/LICENSE.txt
wp-content/plugins/jetpack/jetpack_vendor/automattic/jetpack-device-detection/SECURITY.md
wp-content/plugins/jetpack/jetpack_vendor/automattic/jetpack-device-detection/src/class-device-detection.php
wp-content/plugins/jetpack/jetpack_vendor/automattic/jetpack-device-detection/src/class-user-agent-info.php
wp-content/plugins/jetpack/jetpack_vendor/automattic/jetpack-device-detection/src/functions.php
wp-content/plugins/jetpack/jetpack_vendor/automattic/jetpack-error/CHANGELOG.md
wp-content/plugins/jetpack/jetpack_vendor/automattic/jetpack-error/LICENSE.txt
wp-content/plugins/jetpack/jetpack_vendor/automattic/jetpack-error/SECURITY.md
wp-content/plugins/jetpack/jetpack_vendor/automattic/jetpack-error/src/class-error.php
wp-content/plugins/jetpack/jetpack_vendor/automattic/jetpack-explat/CHANGELOG.md
wp-content/plugins/jetpack/jetpack_vendor/automattic/jetpack-explat/LICENSE.txt
wp-content/plugins/jetpack/jetpack_vendor/automattic/jetpack-explat/SECURITY.md
wp-content/plugins/jetpack/jetpack_vendor/automattic/jetpack-explat/babel.config.js
wp-content/plugins/jetpack/jetpack_vendor/automattic/jetpack-explat/build/index.asset.php
wp-content/plugins/jetpack/jetpack_vendor/automattic/jetpack-explat/build/index.js
wp-content/plugins/jetpack/jetpack_vendor/automattic/jetpack-explat/src/class-explat.php
wp-content/plugins/jetpack/jetpack_vendor/automattic/jetpack-explat/src/class-rest-controller.php
wp-content/plugins/jetpack/jetpack_vendor/automattic/jetpack-explat/webpack.config.js
wp-content/plugins/jetpack/jetpack_vendor/automattic/jetpack-external-media/CHANGELOG.md
wp-content/plugins/jetpack/jetpack_vendor/automattic/jetpack-external-media/LICENSE.txt
wp-content/plugins/jetpack/jetpack_vendor/automattic/jetpack-external-media/SECURITY.md
wp-content/plugins/jetpack/jetpack_vendor/automattic/jetpack-external-media/jest.config.js
wp-content/plugins/jetpack/jetpack_vendor/automattic/jetpack-external-media/src/build/images/jetpack-logo-0869ca6c8490d0aaecca.svg
wp-content/plugins/jetpack/jetpack_vendor/automattic/jetpack-external-media/src/build/images/loader-0855308317756931a4f5.gif
wp-content/plugins/jetpack/jetpack_vendor/automattic/jetpack-external-media/src/build/jetpack-external-media-editor/jetpack-external-media-editor.asset.php
wp-content/plugins/jetpack/jetpack_vendor/automattic/jetpack-external-media/src/build/jetpack-external-media-editor/jetpack-external-media-editor.css
wp-content/plugins/jetpack/jetpack_vendor/automattic/jetpack-external-media/src/build/jetpack-external-media-editor/jetpack-external-media-editor.js
wp-content/plugins/jetpack/jetpack_vendor/automattic/jetpack-external-media/src/build/jetpack-external-media-editor/jetpack-external-media-editor.js.LICENSE.txt
wp-content/plugins/jetpack/jetpack_vendor/automattic/jetpack-external-media/src/build/jetpack-external-media-editor/jetpack-external-media-editor.rtl.css
wp-content/plugins/jetpack/jetpack_vendor/automattic/jetpack-external-media/src/build/jetpack-external-media-import-button/jetpack-external-media-import-button.asset.php
wp-content/plugins/jetpack/jetpack_vendor/automattic/jetpack-external-media/src/build/jetpack-external-media-import-button/jetpack-external-media-import-button.css
wp-content/plugins/jetpack/jetpack_vendor/automattic/jetpack-external-media/src/build/jetpack-external-media-import-button/jetpack-external-media-import-button.js
wp-content/plugins/jetpack/jetpack_vendor/automattic/jetpack-external-media/src/build/jetpack-external-media-import-button/jetpack-external-media-import-button.rtl.css
wp-content/plugins/jetpack/jetpack_vendor/automattic/jetpack-external-media/src/build/jetpack-external-media-import-page/jetpack-external-media-import-page.asset.php
wp-content/plugins/jetpack/jetpack_vendor/automattic/jetpack-external-media/src/build/jetpack-external-media-import-page/jetpack-external-media-import-page.css
wp-content/plugins/jetpack/jetpack_vendor/automattic/jetpack-external-media/src/build/jetpack-external-media-import-page/jetpack-external-media-import-page.js
wp-content/plugins/jetpack/jetpack_vendor/automattic/jetpack-external-media/src/build/jetpack-external-media-import-page/jetpack-external-media-import-page.js.LICENSE.txt
wp-content/plugins/jetpack/jetpack_vendor/automattic/jetpack-external-media/src/build/jetpack-external-media-import-page/jetpack-external-media-import-page.rtl.css
wp-content/plugins/jetpack/jetpack_vendor/automattic/jetpack-external-media/src/class-external-media.php
wp-content/plugins/jetpack/jetpack_vendor/automattic/jetpack-external-media/src/features/admin/external-media-import.php
wp-content/plugins/jetpack/jetpack_vendor/automattic/jetpack-external-media/src/shared/media-service/index.ts
wp-content/plugins/jetpack/jetpack_vendor/automattic/jetpack-external-media/src/shared/media-service/types.ts
wp-content/plugins/jetpack/jetpack_vendor/automattic/jetpack-external-media/src/shared/store/actions.ts
wp-content/plugins/jetpack/jetpack_vendor/automattic/jetpack-external-media/src/shared/store/index.ts
wp-content/plugins/jetpack/jetpack_vendor/automattic/jetpack-external-media/src/shared/store/reducer.ts
wp-content/plugins/jetpack/jetpack_vendor/automattic/jetpack-external-media/src/shared/store/selectors.ts
wp-content/plugins/jetpack/jetpack_vendor/automattic/jetpack-external-media/src/shared/store/types.ts
wp-content/plugins/jetpack/jetpack_vendor/automattic/jetpack-external-media/webpack.config.js
wp-content/plugins/jetpack/jetpack_vendor/automattic/jetpack-forms/CHANGELOG.md
wp-content/plugins/jetpack/jetpack_vendor/automattic/jetpack-forms/LICENSE.txt
wp-content/plugins/jetpack/jetpack_vendor/automattic/jetpack-forms/SECURITY.md
wp-content/plugins/jetpack/jetpack_vendor/automattic/jetpack-forms/assets/images/ai-forms.png
wp-content/plugins/jetpack/jetpack_vendor/automattic/jetpack-forms/assets/images/appointment-form.png
wp-content/plugins/jetpack/jetpack_vendor/automattic/jetpack-forms/assets/images/contact-form.png
wp-content/plugins/jetpack/jetpack_vendor/automattic/jetpack-forms/assets/images/feedback-form.png
wp-content/plugins/jetpack/jetpack_vendor/automattic/jetpack-forms/assets/images/google-sheets-icon.png
wp-content/plugins/jetpack/jetpack_vendor/automattic/jetpack-forms/assets/images/registration-form.png
wp-content/plugins/jetpack/jetpack_vendor/automattic/jetpack-forms/assets/images/responses-inbox-wp-com.png
wp-content/plugins/jetpack/jetpack_vendor/automattic/jetpack-forms/assets/images/responses-inbox.png
wp-content/plugins/jetpack/jetpack_vendor/automattic/jetpack-forms/assets/images/rsvp-form.png
wp-content/plugins/jetpack/jetpack_vendor/automattic/jetpack-forms/assets/images/salesforce-form.png
wp-content/plugins/jetpack/jetpack_vendor/automattic/jetpack-forms/assets/images/salesforce-icon.png
wp-content/plugins/jetpack/jetpack_vendor/automattic/jetpack-forms/dist/blocks/block.json
wp-content/plugins/jetpack/jetpack_vendor/automattic/jetpack-forms/dist/blocks/editor.asset.php
wp-content/plugins/jetpack/jetpack_vendor/automattic/jetpack-forms/dist/blocks/editor.css
wp-content/plugins/jetpack/jetpack_vendor/automattic/jetpack-forms/dist/blocks/editor.js
wp-content/plugins/jetpack/jetpack_vendor/automattic/jetpack-forms/dist/blocks/editor.rtl.css
wp-content/plugins/jetpack/jetpack_vendor/automattic/jetpack-forms/dist/blocks/view.asset.php
wp-content/plugins/jetpack/jetpack_vendor/automattic/jetpack-forms/dist/blocks/view.js
wp-content/plugins/jetpack/jetpack_vendor/automattic/jetpack-forms/dist/contact-form/css/editor-inline-editing-style.css
wp-content/plugins/jetpack/jetpack_vendor/automattic/jetpack-forms/dist/contact-form/css/editor-inline-editing-style.rtl.css
wp-content/plugins/jetpack/jetpack_vendor/automattic/jetpack-forms/dist/contact-form/css/editor-style.css
wp-content/plugins/jetpack/jetpack_vendor/automattic/jetpack-forms/dist/contact-form/css/editor-style.rtl.css
wp-content/plugins/jetpack/jetpack_vendor/automattic/jetpack-forms/dist/contact-form/css/editor-ui-rtl.css
wp-content/plugins/jetpack/jetpack_vendor/automattic/jetpack-forms/dist/contact-form/css/editor-ui.css
wp-content/plugins/jetpack/jetpack_vendor/automattic/jetpack-forms/dist/contact-form/css/file-field.css
wp-content/plugins/jetpack/jetpack_vendor/automattic/jetpack-forms/dist/contact-form/css/file-field.rtl.css
wp-content/plugins/jetpack/jetpack_vendor/automattic/jetpack-forms/dist/contact-form/css/grunion-admin-rtl.css
wp-content/plugins/jetpack/jetpack_vendor/automattic/jetpack-forms/dist/contact-form/css/grunion-admin.css
wp-content/plugins/jetpack/jetpack_vendor/automattic/jetpack-forms/dist/contact-form/css/grunion-rtl.css
wp-content/plugins/jetpack/jetpack_vendor/automattic/jetpack-forms/dist/contact-form/css/grunion.css
wp-content/plugins/jetpack/jetpack_vendor/automattic/jetpack-forms/dist/contact-form/css/jquery-ui-datepicker.css
wp-content/plugins/jetpack/jetpack_vendor/automattic/jetpack-forms/dist/contact-form/css/jquery-ui-datepicker.rtl.css
wp-content/plugins/jetpack/jetpack_vendor/automattic/jetpack-forms/dist/contact-form/js/accessible-form.js
wp-content/plugins/jetpack/jetpack_vendor/automattic/jetpack-forms/dist/contact-form/js/editor-view.js
wp-content/plugins/jetpack/jetpack_vendor/automattic/jetpack-forms/dist/contact-form/js/form-errors.js
wp-content/plugins/jetpack/jetpack_vendor/automattic/jetpack-forms/dist/contact-form/js/grunion-admin.js
wp-content/plugins/jetpack/jetpack_vendor/automattic/jetpack-forms/dist/contact-form/js/grunion-frontend.js
wp-content/plugins/jetpack/jetpack_vendor/automattic/jetpack-forms/dist/contact-form/js/grunion.js
wp-content/plugins/jetpack/jetpack_vendor/automattic/jetpack-forms/dist/contact-form/js/tinymce-plugin-form-button.js
wp-content/plugins/jetpack/jetpack_vendor/automattic/jetpack-forms/dist/contact-form/js/validate-helper.js
wp-content/plugins/jetpack/jetpack_vendor/automattic/jetpack-forms/dist/dashboard/jetpack-forms-dashboard.asset.php
wp-content/plugins/jetpack/jetpack_vendor/automattic/jetpack-forms/dist/dashboard/jetpack-forms-dashboard.css
wp-content/plugins/jetpack/jetpack_vendor/automattic/jetpack-forms/dist/dashboard/jetpack-forms-dashboard.js
wp-content/plugins/jetpack/jetpack_vendor/automattic/jetpack-forms/dist/dashboard/jetpack-forms-dashboard.js.LICENSE.txt
wp-content/plugins/jetpack/jetpack_vendor/automattic/jetpack-forms/dist/dashboard/jetpack-forms-dashboard.rtl.css
wp-content/plugins/jetpack/jetpack_vendor/automattic/jetpack-forms/dist/modules/file-field/view.asset.php
wp-content/plugins/jetpack/jetpack_vendor/automattic/jetpack-forms/dist/modules/file-field/view.js
wp-content/plugins/jetpack/jetpack_vendor/automattic/jetpack-forms/src/blocks/contact-form/block.json
wp-content/plugins/jetpack/jetpack_vendor/automattic/jetpack-forms/src/blocks/contact-form/class-contact-form-block.php
wp-content/plugins/jetpack/jetpack_vendor/automattic/jetpack-forms/src/blocks/contact-form/components/jetpack-field-file/editor.css
wp-content/plugins/jetpack/jetpack_vendor/automattic/jetpack-forms/src/class-jetpack-forms.php
wp-content/plugins/jetpack/jetpack_vendor/automattic/jetpack-forms/src/contact-form/class-admin.php
wp-content/plugins/jetpack/jetpack_vendor/automattic/jetpack-forms/src/contact-form/class-contact-form-endpoint.php
wp-content/plugins/jetpack/jetpack_vendor/automattic/jetpack-forms/src/contact-form/class-contact-form-field.php
wp-content/plugins/jetpack/jetpack_vendor/automattic/jetpack-forms/src/contact-form/class-contact-form-plugin.php
wp-content/plugins/jetpack/jetpack_vendor/automattic/jetpack-forms/src/contact-form/class-contact-form-shortcode.php
wp-content/plugins/jetpack/jetpack_vendor/automattic/jetpack-forms/src/contact-form/class-contact-form.php
wp-content/plugins/jetpack/jetpack_vendor/automattic/jetpack-forms/src/contact-form/class-editor-view.php
wp-content/plugins/jetpack/jetpack_vendor/automattic/jetpack-forms/src/contact-form/class-form-view.php
wp-content/plugins/jetpack/jetpack_vendor/automattic/jetpack-forms/src/contact-form/class-util.php
wp-content/plugins/jetpack/jetpack_vendor/automattic/jetpack-forms/src/contact-form/css/editor-inline-editing-style.css
wp-content/plugins/jetpack/jetpack_vendor/automattic/jetpack-forms/src/contact-form/css/editor-style.css
wp-content/plugins/jetpack/jetpack_vendor/automattic/jetpack-forms/src/contact-form/css/editor-ui.css
wp-content/plugins/jetpack/jetpack_vendor/automattic/jetpack-forms/src/contact-form/css/file-field.css
wp-content/plugins/jetpack/jetpack_vendor/automattic/jetpack-forms/src/contact-form/css/grunion-admin.css
wp-content/plugins/jetpack/jetpack_vendor/automattic/jetpack-forms/src/contact-form/css/grunion.css
wp-content/plugins/jetpack/jetpack_vendor/automattic/jetpack-forms/src/contact-form/css/jquery-ui-datepicker.css
wp-content/plugins/jetpack/jetpack_vendor/automattic/jetpack-forms/src/contact-form/images/blank-screen-akismet.png
wp-content/plugins/jetpack/jetpack_vendor/automattic/jetpack-forms/src/contact-form/images/blank-screen-button.png
wp-content/plugins/jetpack/jetpack_vendor/automattic/jetpack-forms/src/contact-form/images/grunion-form-2x.png
wp-content/plugins/jetpack/jetpack_vendor/automattic/jetpack-forms/src/contact-form/images/grunion-form.png
wp-content/plugins/jetpack/jetpack_vendor/automattic/jetpack-forms/src/contact-form/images/grunion-remove-field-2x.png
wp-content/plugins/jetpack/jetpack_vendor/automattic/jetpack-forms/src/contact-form/images/grunion-remove-field-hover-2x.png
wp-content/plugins/jetpack/jetpack_vendor/automattic/jetpack-forms/src/contact-form/images/grunion-remove-field-hover.gif
wp-content/plugins/jetpack/jetpack_vendor/automattic/jetpack-forms/src/contact-form/images/grunion-remove-field.gif
wp-content/plugins/jetpack/jetpack_vendor/automattic/jetpack-forms/src/contact-form/images/grunion-remove-option-2x.png
wp-content/plugins/jetpack/jetpack_vendor/automattic/jetpack-forms/src/contact-form/images/grunion-remove-option-hover-2x.png
wp-content/plugins/jetpack/jetpack_vendor/automattic/jetpack-forms/src/contact-form/images/grunion-remove-option-hover.gif
wp-content/plugins/jetpack/jetpack_vendor/automattic/jetpack-forms/src/contact-form/images/grunion-remove-option.gif
wp-content/plugins/jetpack/jetpack_vendor/automattic/jetpack-forms/src/contact-form/images/twitter-dark.png
wp-content/plugins/jetpack/jetpack_vendor/automattic/jetpack-forms/src/contact-form/js/accessible-form.js
wp-content/plugins/jetpack/jetpack_vendor/automattic/jetpack-forms/src/contact-form/js/editor-view.js
wp-content/plugins/jetpack/jetpack_vendor/automattic/jetpack-forms/src/contact-form/js/form-errors.js
wp-content/plugins/jetpack/jetpack_vendor/automattic/jetpack-forms/src/contact-form/js/grunion-admin.js
wp-content/plugins/jetpack/jetpack_vendor/automattic/jetpack-forms/src/contact-form/js/grunion-frontend.js
wp-content/plugins/jetpack/jetpack_vendor/automattic/jetpack-forms/src/contact-form/js/grunion.js
wp-content/plugins/jetpack/jetpack_vendor/automattic/jetpack-forms/src/contact-form/js/tinymce-plugin-form-button.js
wp-content/plugins/jetpack/jetpack_vendor/automattic/jetpack-forms/src/contact-form/js/validate-helper.js
wp-content/plugins/jetpack/jetpack_vendor/automattic/jetpack-forms/src/contact-form/templates/email-response.php
wp-content/plugins/jetpack/jetpack_vendor/automattic/jetpack-forms/src/dashboard/about/index.tsx
wp-content/plugins/jetpack/jetpack_vendor/automattic/jetpack-forms/src/dashboard/about/svg/check-svg.tsx
wp-content/plugins/jetpack/jetpack_vendor/automattic/jetpack-forms/src/dashboard/about/svg/close-svg.tsx
wp-content/plugins/jetpack/jetpack_vendor/automattic/jetpack-forms/src/dashboard/about/svg/export-svg.tsx
wp-content/plugins/jetpack/jetpack_vendor/automattic/jetpack-forms/src/dashboard/about/svg/notifications-svg.tsx
wp-content/plugins/jetpack/jetpack_vendor/automattic/jetpack-forms/src/dashboard/about/svg/wordpress-svg.tsx
wp-content/plugins/jetpack/jetpack_vendor/automattic/jetpack-forms/src/dashboard/class-dashboard-view-switch.php
wp-content/plugins/jetpack/jetpack_vendor/automattic/jetpack-forms/src/dashboard/class-dashboard.php
wp-content/plugins/jetpack/jetpack_vendor/automattic/jetpack-forms/src/dashboard/components/create-form-button/index.tsx
wp-content/plugins/jetpack/jetpack_vendor/automattic/jetpack-forms/src/icons/akismet.tsx
wp-content/plugins/jetpack/jetpack_vendor/automattic/jetpack-forms/src/icons/creative-mail.tsx
wp-content/plugins/jetpack/jetpack_vendor/automattic/jetpack-forms/src/icons/salesforce.js
wp-content/plugins/jetpack/jetpack_vendor/automattic/jetpack-forms/src/modules/file-field/view.js
wp-content/plugins/jetpack/jetpack_vendor/automattic/jetpack-forms/src/service/class-google-drive.php
wp-content/plugins/jetpack/jetpack_vendor/automattic/jetpack-forms/src/service/class-post-to-url.php
wp-content/plugins/jetpack/jetpack_vendor/automattic/jetpack-forms/src/util/get-preferred-responses-view.js
wp-content/plugins/jetpack/jetpack_vendor/automattic/jetpack-image-cdn/CHANGELOG.md
wp-content/plugins/jetpack/jetpack_vendor/automattic/jetpack-image-cdn/LICENSE.txt
wp-content/plugins/jetpack/jetpack_vendor/automattic/jetpack-image-cdn/SECURITY.md
wp-content/plugins/jetpack/jetpack_vendor/automattic/jetpack-image-cdn/src/class-image-cdn-core.php
wp-content/plugins/jetpack/jetpack_vendor/automattic/jetpack-image-cdn/src/class-image-cdn-image-sizes.php
wp-content/plugins/jetpack/jetpack_vendor/automattic/jetpack-image-cdn/src/class-image-cdn-image.php
wp-content/plugins/jetpack/jetpack_vendor/automattic/jetpack-image-cdn/src/class-image-cdn-setup.php
wp-content/plugins/jetpack/jetpack_vendor/automattic/jetpack-image-cdn/src/class-image-cdn.php
wp-content/plugins/jetpack/jetpack_vendor/automattic/jetpack-image-cdn/src/compatibility/activitypub.php
wp-content/plugins/jetpack/jetpack_vendor/automattic/jetpack-image-cdn/src/compatibility/photon.php
wp-content/plugins/jetpack/jetpack_vendor/automattic/jetpack-import/CHANGELOG.md
wp-content/plugins/jetpack/jetpack_vendor/automattic/jetpack-import/LICENSE.txt
wp-content/plugins/jetpack/jetpack_vendor/automattic/jetpack-import/SECURITY.md
wp-content/plugins/jetpack/jetpack_vendor/automattic/jetpack-import/src/class-main.php
wp-content/plugins/jetpack/jetpack_vendor/automattic/jetpack-import/src/endpoints/class-attachment.php
wp-content/plugins/jetpack/jetpack_vendor/automattic/jetpack-import/src/endpoints/class-block.php
wp-content/plugins/jetpack/jetpack_vendor/automattic/jetpack-import/src/endpoints/class-category.php
wp-content/plugins/jetpack/jetpack_vendor/automattic/jetpack-import/src/endpoints/class-comment.php
wp-content/plugins/jetpack/jetpack_vendor/automattic/jetpack-import/src/endpoints/class-custom-css.php
wp-content/plugins/jetpack/jetpack_vendor/automattic/jetpack-import/src/endpoints/class-end.php
wp-content/plugins/jetpack/jetpack_vendor/automattic/jetpack-import/src/endpoints/class-global-style.php
wp-content/plugins/jetpack/jetpack_vendor/automattic/jetpack-import/src/endpoints/class-menu-item.php
wp-content/plugins/jetpack/jetpack_vendor/automattic/jetpack-import/src/endpoints/class-menu.php
wp-content/plugins/jetpack/jetpack_vendor/automattic/jetpack-import/src/endpoints/class-navigation.php
wp-content/plugins/jetpack/jetpack_vendor/automattic/jetpack-import/src/endpoints/class-page.php
wp-content/plugins/jetpack/jetpack_vendor/automattic/jetpack-import/src/endpoints/class-post.php
wp-content/plugins/jetpack/jetpack_vendor/automattic/jetpack-import/src/endpoints/class-start.php
wp-content/plugins/jetpack/jetpack_vendor/automattic/jetpack-import/src/endpoints/class-tag.php
wp-content/plugins/jetpack/jetpack_vendor/automattic/jetpack-import/src/endpoints/class-template-part.php
wp-content/plugins/jetpack/jetpack_vendor/automattic/jetpack-import/src/endpoints/class-template.php
wp-content/plugins/jetpack/jetpack_vendor/automattic/jetpack-import/src/endpoints/trait-import-id.php
wp-content/plugins/jetpack/jetpack_vendor/automattic/jetpack-import/src/endpoints/trait-import.php
wp-content/plugins/jetpack/jetpack_vendor/automattic/jetpack-ip/CHANGELOG.md
wp-content/plugins/jetpack/jetpack_vendor/automattic/jetpack-ip/LICENSE.txt
wp-content/plugins/jetpack/jetpack_vendor/automattic/jetpack-ip/SECURITY.md
wp-content/plugins/jetpack/jetpack_vendor/automattic/jetpack-ip/src/class-utils.php
wp-content/plugins/jetpack/jetpack_vendor/automattic/jetpack-jitm/CHANGELOG.md
wp-content/plugins/jetpack/jetpack_vendor/automattic/jetpack-jitm/LICENSE.txt
wp-content/plugins/jetpack/jetpack_vendor/automattic/jetpack-jitm/SECURITY.md
wp-content/plugins/jetpack/jetpack_vendor/automattic/jetpack-jitm/build/images/background-f9c9ff650c08ee46f153.png
wp-content/plugins/jetpack/jetpack_vendor/automattic/jetpack-jitm/build/index.asset.php
wp-content/plugins/jetpack/jetpack_vendor/automattic/jetpack-jitm/build/index.css
wp-content/plugins/jetpack/jetpack_vendor/automattic/jetpack-jitm/build/index.js
wp-content/plugins/jetpack/jetpack_vendor/automattic/jetpack-jitm/build/index.rtl.css
wp-content/plugins/jetpack/jetpack_vendor/automattic/jetpack-jitm/src/class-jitm.php
wp-content/plugins/jetpack/jetpack_vendor/automattic/jetpack-jitm/src/class-post-connection-jitm.php
wp-content/plugins/jetpack/jetpack_vendor/automattic/jetpack-jitm/src/class-pre-connection-jitm.php
wp-content/plugins/jetpack/jetpack_vendor/automattic/jetpack-jitm/src/class-rest-api-endpoints.php
wp-content/plugins/jetpack/jetpack_vendor/automattic/jetpack-jitm/src/images/background.png
wp-content/plugins/jetpack/jetpack_vendor/automattic/jetpack-licensing/CHANGELOG.md
wp-content/plugins/jetpack/jetpack_vendor/automattic/jetpack-licensing/LICENSE.txt
wp-content/plugins/jetpack/jetpack_vendor/automattic/jetpack-licensing/SECURITY.md
wp-content/plugins/jetpack/jetpack_vendor/automattic/jetpack-licensing/src/class-endpoints.php
wp-content/plugins/jetpack/jetpack_vendor/automattic/jetpack-licensing/src/class-licensing.php
wp-content/plugins/jetpack/jetpack_vendor/automattic/jetpack-logo/CHANGELOG.md
wp-content/plugins/jetpack/jetpack_vendor/automattic/jetpack-logo/LICENSE.txt
wp-content/plugins/jetpack/jetpack_vendor/automattic/jetpack-logo/SECURITY.md
wp-content/plugins/jetpack/jetpack_vendor/automattic/jetpack-logo/src/class-logo.php
wp-content/plugins/jetpack/jetpack_vendor/automattic/jetpack-masterbar/CHANGELOG.md
wp-content/plugins/jetpack/jetpack_vendor/automattic/jetpack-masterbar/LICENSE.txt
wp-content/plugins/jetpack/jetpack_vendor/automattic/jetpack-masterbar/SECURITY.md
wp-content/plugins/jetpack/jetpack_vendor/automattic/jetpack-masterbar/dist/admin-color-schemes/colors/aquatic/colors.css
wp-content/plugins/jetpack/jetpack_vendor/automattic/jetpack-masterbar/dist/admin-color-schemes/colors/aquatic/sidebar-notice.css
wp-content/plugins/jetpack/jetpack_vendor/automattic/jetpack-masterbar/dist/admin-color-schemes/colors/blue/sidebar-notice.css
wp-content/plugins/jetpack/jetpack_vendor/automattic/jetpack-masterbar/dist/admin-color-schemes/colors/classic-blue/colors.css
wp-content/plugins/jetpack/jetpack_vendor/automattic/jetpack-masterbar/dist/admin-color-schemes/colors/classic-blue/sidebar-notice.css
wp-content/plugins/jetpack/jetpack_vendor/automattic/jetpack-masterbar/dist/admin-color-schemes/colors/classic-bright/colors.css
wp-content/plugins/jetpack/jetpack_vendor/automattic/jetpack-masterbar/dist/admin-color-schemes/colors/classic-bright/sidebar-notice.css
wp-content/plugins/jetpack/jetpack_vendor/automattic/jetpack-masterbar/dist/admin-color-schemes/colors/classic-dark/colors.css
wp-content/plugins/jetpack/jetpack_vendor/automattic/jetpack-masterbar/dist/admin-color-schemes/colors/classic-dark/sidebar-notice.css
wp-content/plugins/jetpack/jetpack_vendor/automattic/jetpack-masterbar/dist/admin-color-schemes/colors/coffee/sidebar-notice.css
wp-content/plugins/jetpack/jetpack_vendor/automattic/jetpack-masterbar/dist/admin-color-schemes/colors/contrast/colors.css
wp-content/plugins/jetpack/jetpack_vendor/automattic/jetpack-masterbar/dist/admin-color-schemes/colors/contrast/sidebar-notice.css
wp-content/plugins/jetpack/jetpack_vendor/automattic/jetpack-masterbar/dist/admin-color-schemes/colors/ectoplasm/sidebar-notice.css
wp-content/plugins/jetpack/jetpack_vendor/automattic/jetpack-masterbar/dist/admin-color-schemes/colors/fresh/colors.css
wp-content/plugins/jetpack/jetpack_vendor/automattic/jetpack-masterbar/dist/admin-color-schemes/colors/fresh/sidebar-notice.css
wp-content/plugins/jetpack/jetpack_vendor/automattic/jetpack-masterbar/dist/admin-color-schemes/colors/light/sidebar-notice.css
wp-content/plugins/jetpack/jetpack_vendor/automattic/jetpack-masterbar/dist/admin-color-schemes/colors/midnight/sidebar-notice.css
wp-content/plugins/jetpack/jetpack_vendor/automattic/jetpack-masterbar/dist/admin-color-schemes/colors/modern/sidebar-notice.css
wp-content/plugins/jetpack/jetpack_vendor/automattic/jetpack-masterbar/dist/admin-color-schemes/colors/nightfall/colors.css
wp-content/plugins/jetpack/jetpack_vendor/automattic/jetpack-masterbar/dist/admin-color-schemes/colors/nightfall/sidebar-notice.css
wp-content/plugins/jetpack/jetpack_vendor/automattic/jetpack-masterbar/dist/admin-color-schemes/colors/ocean/sidebar-notice.css
wp-content/plugins/jetpack/jetpack_vendor/automattic/jetpack-masterbar/dist/admin-color-schemes/colors/powder-snow/colors.css
wp-content/plugins/jetpack/jetpack_vendor/automattic/jetpack-masterbar/dist/admin-color-schemes/colors/powder-snow/sidebar-notice.css
wp-content/plugins/jetpack/jetpack_vendor/automattic/jetpack-masterbar/dist/admin-color-schemes/colors/sakura/colors.css
wp-content/plugins/jetpack/jetpack_vendor/automattic/jetpack-masterbar/dist/admin-color-schemes/colors/sakura/sidebar-notice.css
wp-content/plugins/jetpack/jetpack_vendor/automattic/jetpack-masterbar/dist/admin-color-schemes/colors/sunrise/sidebar-notice.css
wp-content/plugins/jetpack/jetpack_vendor/automattic/jetpack-masterbar/dist/admin-color-schemes/colors/sunset/colors.css
wp-content/plugins/jetpack/jetpack_vendor/automattic/jetpack-masterbar/dist/admin-color-schemes/colors/sunset/sidebar-notice.css
wp-content/plugins/jetpack/jetpack_vendor/automattic/jetpack-masterbar/dist/admin-menu/admin-menu.asset.php
wp-content/plugins/jetpack/jetpack_vendor/automattic/jetpack-masterbar/dist/admin-menu/admin-menu.css
wp-content/plugins/jetpack/jetpack_vendor/automattic/jetpack-masterbar/dist/admin-menu/admin-menu.js
wp-content/plugins/jetpack/jetpack_vendor/automattic/jetpack-masterbar/dist/admin-menu/admin-menu.rtl.css
wp-content/plugins/jetpack/jetpack_vendor/automattic/jetpack-masterbar/dist/admin-menu/wpcom-upsell-nudge-jitm-fix.asset.php
wp-content/plugins/jetpack/jetpack_vendor/automattic/jetpack-masterbar/dist/admin-menu/wpcom-upsell-nudge-jitm-fix.js
wp-content/plugins/jetpack/jetpack_vendor/automattic/jetpack-masterbar/dist/inline-help/inline-help.asset.php
wp-content/plugins/jetpack/jetpack_vendor/automattic/jetpack-masterbar/dist/inline-help/inline-help.css
wp-content/plugins/jetpack/jetpack_vendor/automattic/jetpack-masterbar/dist/inline-help/inline-help.js
wp-content/plugins/jetpack/jetpack_vendor/automattic/jetpack-masterbar/dist/inline-help/inline-help.rtl.css
wp-content/plugins/jetpack/jetpack_vendor/automattic/jetpack-masterbar/dist/nudges/additional-css/additional-css.asset.php
wp-content/plugins/jetpack/jetpack_vendor/automattic/jetpack-masterbar/dist/nudges/additional-css/additional-css.css
wp-content/plugins/jetpack/jetpack_vendor/automattic/jetpack-masterbar/dist/nudges/additional-css/additional-css.js
wp-content/plugins/jetpack/jetpack_vendor/automattic/jetpack-masterbar/dist/nudges/additional-css/additional-css.rtl.css
wp-content/plugins/jetpack/jetpack_vendor/automattic/jetpack-masterbar/dist/wp-posts-list/wp-posts-list.asset.php
wp-content/plugins/jetpack/jetpack_vendor/automattic/jetpack-masterbar/dist/wp-posts-list/wp-posts-list.css
wp-content/plugins/jetpack/jetpack_vendor/automattic/jetpack-masterbar/dist/wp-posts-list/wp-posts-list.js
wp-content/plugins/jetpack/jetpack_vendor/automattic/jetpack-masterbar/dist/wp-posts-list/wp-posts-list.rtl.css
wp-content/plugins/jetpack/jetpack_vendor/automattic/jetpack-masterbar/src/admin-color-schemes/class-admin-color-schemes.php
wp-content/plugins/jetpack/jetpack_vendor/automattic/jetpack-masterbar/src/admin-menu/class-admin-menu.php
wp-content/plugins/jetpack/jetpack_vendor/automattic/jetpack-masterbar/src/admin-menu/class-atomic-admin-menu.php
wp-content/plugins/jetpack/jetpack_vendor/automattic/jetpack-masterbar/src/admin-menu/class-base-admin-menu.php
wp-content/plugins/jetpack/jetpack_vendor/automattic/jetpack-masterbar/src/admin-menu/class-dashboard-switcher-tracking.php
wp-content/plugins/jetpack/jetpack_vendor/automattic/jetpack-masterbar/src/admin-menu/class-domain-only-admin-menu.php
wp-content/plugins/jetpack/jetpack_vendor/automattic/jetpack-masterbar/src/admin-menu/class-jetpack-admin-menu.php
wp-content/plugins/jetpack/jetpack_vendor/automattic/jetpack-masterbar/src/admin-menu/class-p2-admin-menu.php
wp-content/plugins/jetpack/jetpack_vendor/automattic/jetpack-masterbar/src/admin-menu/class-wpcom-admin-menu.php
wp-content/plugins/jetpack/jetpack_vendor/automattic/jetpack-masterbar/src/admin-menu/class-wpcom-email-subscription-checker.php
wp-content/plugins/jetpack/jetpack_vendor/automattic/jetpack-masterbar/src/admin-menu/dashicon-set.php
wp-content/plugins/jetpack/jetpack_vendor/automattic/jetpack-masterbar/src/admin-menu/globe-icon.svg
wp-content/plugins/jetpack/jetpack_vendor/automattic/jetpack-masterbar/src/admin-menu/load.php
wp-content/plugins/jetpack/jetpack_vendor/automattic/jetpack-masterbar/src/admin-menu/menu-mappings.php
wp-content/plugins/jetpack/jetpack_vendor/automattic/jetpack-masterbar/src/class-main.php
wp-content/plugins/jetpack/jetpack_vendor/automattic/jetpack-masterbar/src/inline-help/class-inline-help.php
wp-content/plugins/jetpack/jetpack_vendor/automattic/jetpack-masterbar/src/inline-help/gridicon-help.svg
wp-content/plugins/jetpack/jetpack_vendor/automattic/jetpack-masterbar/src/inline-help/inline-help-template.php
wp-content/plugins/jetpack/jetpack_vendor/automattic/jetpack-masterbar/src/nudges/additional-css/class-atomic-additional-css-manager.php
wp-content/plugins/jetpack/jetpack_vendor/automattic/jetpack-masterbar/src/nudges/additional-css/class-css-customizer-nudge.php
wp-content/plugins/jetpack/jetpack_vendor/automattic/jetpack-masterbar/src/nudges/additional-css/class-css-nudge-customize-control.php
wp-content/plugins/jetpack/jetpack_vendor/automattic/jetpack-masterbar/src/nudges/additional-css/class-wpcom-additional-css-manager.php
wp-content/plugins/jetpack/jetpack_vendor/automattic/jetpack-masterbar/src/nudges/bootstrap.php
wp-content/plugins/jetpack/jetpack_vendor/automattic/jetpack-masterbar/src/profile-edit/bootstrap.php
wp-content/plugins/jetpack/jetpack_vendor/automattic/jetpack-masterbar/src/profile-edit/class-wpcom-user-profile-fields-revert.php
wp-content/plugins/jetpack/jetpack_vendor/automattic/jetpack-masterbar/src/profile-edit/profile-edit.php
wp-content/plugins/jetpack/jetpack_vendor/automattic/jetpack-masterbar/src/wp-posts-list/bootstrap.php
wp-content/plugins/jetpack/jetpack_vendor/automattic/jetpack-masterbar/src/wp-posts-list/class-posts-list-page-notification.php
wp-content/plugins/jetpack/jetpack_vendor/automattic/jetpack-my-jetpack/CHANGELOG.md
wp-content/plugins/jetpack/jetpack_vendor/automattic/jetpack-my-jetpack/LICENSE.txt
wp-content/plugins/jetpack/jetpack_vendor/automattic/jetpack-my-jetpack/SECURITY.md
wp-content/plugins/jetpack/jetpack_vendor/automattic/jetpack-my-jetpack/babel.config.js
wp-content/plugins/jetpack/jetpack_vendor/automattic/jetpack-my-jetpack/build/images/apple-92dacafad84e79708a74.svg
wp-content/plugins/jetpack/jetpack_vendor/automattic/jetpack-my-jetpack/build/images/boost-9e9a227e7e7280d0aa85.png
wp-content/plugins/jetpack/jetpack_vendor/automattic/jetpack-my-jetpack/build/images/cloud-81ac85ba680343200f54.svg
wp-content/plugins/jetpack/jetpack_vendor/automattic/jetpack-my-jetpack/build/images/complete-f4bd1db5fb786efbc9d5.png
wp-content/plugins/jetpack/jetpack_vendor/automattic/jetpack-my-jetpack/build/images/connect-c399837fe1621b176d10.png
wp-content/plugins/jetpack/jetpack_vendor/automattic/jetpack-my-jetpack/build/images/crm-8a2b204e2c720730e928.png
wp-content/plugins/jetpack/jetpack_vendor/automattic/jetpack-my-jetpack/build/images/empty-avatar-fea23feddfa99b07c2e8.svg
wp-content/plugins/jetpack/jetpack_vendor/automattic/jetpack-my-jetpack/build/images/evaluation-blank-fbbfbcd75b50ade0f092.png
wp-content/plugins/jetpack/jetpack_vendor/automattic/jetpack-my-jetpack/build/images/evaluation-selected-196d1790b76830f9b73a.png
wp-content/plugins/jetpack/jetpack_vendor/automattic/jetpack-my-jetpack/build/images/extras-c6bd0796750901faa7fd.png
wp-content/plugins/jetpack/jetpack_vendor/automattic/jetpack-my-jetpack/build/images/github-45c648158e3e86b560f5.svg
wp-content/plugins/jetpack/jetpack_vendor/automattic/jetpack-my-jetpack/build/images/google-dec2a429bf1d8e83f9ad.svg
wp-content/plugins/jetpack/jetpack_vendor/automattic/jetpack-my-jetpack/build/images/grow-your-audience-50a6cea99dd115244acc.png
wp-content/plugins/jetpack/jetpack_vendor/automattic/jetpack-my-jetpack/build/images/jetpack-9de1caef5eb5c22da5d6.svg
wp-content/plugins/jetpack/jetpack_vendor/automattic/jetpack-my-jetpack/build/images/jetpack-ai-d29bf65dcea46074d72f.png
wp-content/plugins/jetpack/jetpack_vendor/automattic/jetpack-my-jetpack/build/images/jetpack-gray-7eeb5eb060c8adea8622.svg
wp-content/plugins/jetpack/jetpack_vendor/automattic/jetpack-my-jetpack/build/images/jetpack-license-activation-with-lock-cef570e11997f185e23d.png
wp-content/plugins/jetpack/jetpack_vendor/automattic/jetpack-my-jetpack/build/images/jetpack-license-activation-with-success-c5c132e713a79e05985f.png
wp-content/plugins/jetpack/jetpack_vendor/automattic/jetpack-my-jetpack/build/images/jetpack-manage-3a7ecaa604823c98c3cf.svg
wp-content/plugins/jetpack/jetpack_vendor/automattic/jetpack-my-jetpack/build/images/jp_onboarding_tour_1-2d3cde3530ed733dd078.png
wp-content/plugins/jetpack/jetpack_vendor/automattic/jetpack-my-jetpack/build/images/jp_onboarding_tour_1-2x-e7cc7539e838411021fc.png
wp-content/plugins/jetpack/jetpack_vendor/automattic/jetpack-my-jetpack/build/images/jp_onboarding_tour_2-2x-2007558d09f4da6c6de8.png
wp-content/plugins/jetpack/jetpack_vendor/automattic/jetpack-my-jetpack/build/images/jp_onboarding_tour_2-906571935a444eba3033.png
wp-content/plugins/jetpack/jetpack_vendor/automattic/jetpack-my-jetpack/build/images/jp_onboarding_tour_4-2x-130ffe6b55329721d701.png
wp-content/plugins/jetpack/jetpack_vendor/automattic/jetpack-my-jetpack/build/images/jp_onboarding_tour_4-f955ec821253f3755407.png
wp-content/plugins/jetpack/jetpack_vendor/automattic/jetpack-my-jetpack/build/images/sasha-endoh-3cb07a6ffb90cbff28e3.png
wp-content/plugins/jetpack/jetpack_vendor/automattic/jetpack-my-jetpack/build/images/search-d177a31292d96d5ccbc2.png
wp-content/plugins/jetpack/jetpack_vendor/automattic/jetpack-my-jetpack/build/images/security-53b7f3ddc8dcbe17b0c1.png
wp-content/plugins/jetpack/jetpack_vendor/automattic/jetpack-my-jetpack/build/images/shield-inactive-cba3b43d918377b506e5.svg
wp-content/plugins/jetpack/jetpack_vendor/automattic/jetpack-my-jetpack/build/images/shield-off-47426e7b562ef20ae513.svg
wp-content/plugins/jetpack/jetpack_vendor/automattic/jetpack-my-jetpack/build/images/shield-partial-48b279219c6389a129b9.svg
wp-content/plugins/jetpack/jetpack_vendor/automattic/jetpack-my-jetpack/build/images/shield-success-e64a26c3a6d0888fba06.svg
wp-content/plugins/jetpack/jetpack_vendor/automattic/jetpack-my-jetpack/build/images/site-cards-29522f090d5422fd7afd.png
wp-content/plugins/jetpack/jetpack_vendor/automattic/jetpack-my-jetpack/build/images/stats-95b42796ede4f632b642.png
wp-content/plugins/jetpack/jetpack_vendor/automattic/jetpack-my-jetpack/build/images/tim-ferriss-testimonial-07879dba699458550716.png
wp-content/plugins/jetpack/jetpack_vendor/automattic/jetpack-my-jetpack/build/images/videopress-9c064bc7b89c386e5e50.png
wp-content/plugins/jetpack/jetpack_vendor/automattic/jetpack-my-jetpack/build/images/wordpress-1fc3e0ba6c52e9707900.svg
wp-content/plugins/jetpack/jetpack_vendor/automattic/jetpack-my-jetpack/build/index.asset.php
wp-content/plugins/jetpack/jetpack_vendor/automattic/jetpack-my-jetpack/build/index.css
wp-content/plugins/jetpack/jetpack_vendor/automattic/jetpack-my-jetpack/build/index.js
wp-content/plugins/jetpack/jetpack_vendor/automattic/jetpack-my-jetpack/build/index.js.LICENSE.txt
wp-content/plugins/jetpack/jetpack_vendor/automattic/jetpack-my-jetpack/build/index.rtl.css
wp-content/plugins/jetpack/jetpack_vendor/automattic/jetpack-my-jetpack/src/class-activitylog.php
wp-content/plugins/jetpack/jetpack_vendor/automattic/jetpack-my-jetpack/src/class-historically-active-modules.php
wp-content/plugins/jetpack/jetpack_vendor/automattic/jetpack-my-jetpack/src/class-initializer.php
wp-content/plugins/jetpack/jetpack_vendor/automattic/jetpack-my-jetpack/src/class-jetpack-manage.php
wp-content/plugins/jetpack/jetpack_vendor/automattic/jetpack-my-jetpack/src/class-products.php
wp-content/plugins/jetpack/jetpack_vendor/automattic/jetpack-my-jetpack/src/class-red-bubble-notifications.php
wp-content/plugins/jetpack/jetpack_vendor/automattic/jetpack-my-jetpack/src/class-rest-ai.php
wp-content/plugins/jetpack/jetpack_vendor/automattic/jetpack-my-jetpack/src/class-rest-products.php
wp-content/plugins/jetpack/jetpack_vendor/automattic/jetpack-my-jetpack/src/class-rest-purchases.php
wp-content/plugins/jetpack/jetpack_vendor/automattic/jetpack-my-jetpack/src/class-rest-recommendations-evaluation.php
wp-content/plugins/jetpack/jetpack_vendor/automattic/jetpack-my-jetpack/src/class-rest-zendesk-chat.php
wp-content/plugins/jetpack/jetpack_vendor/automattic/jetpack-my-jetpack/src/class-wpcom-products.php
wp-content/plugins/jetpack/jetpack_vendor/automattic/jetpack-my-jetpack/src/products/class-anti-spam.php
wp-content/plugins/jetpack/jetpack_vendor/automattic/jetpack-my-jetpack/src/products/class-backup.php
wp-content/plugins/jetpack/jetpack_vendor/automattic/jetpack-my-jetpack/src/products/class-boost.php
wp-content/plugins/jetpack/jetpack_vendor/automattic/jetpack-my-jetpack/src/products/class-complete.php
wp-content/plugins/jetpack/jetpack_vendor/automattic/jetpack-my-jetpack/src/products/class-creator.php
wp-content/plugins/jetpack/jetpack_vendor/automattic/jetpack-my-jetpack/src/products/class-crm.php
wp-content/plugins/jetpack/jetpack_vendor/automattic/jetpack-my-jetpack/src/products/class-extras.php
wp-content/plugins/jetpack/jetpack_vendor/automattic/jetpack-my-jetpack/src/products/class-growth.php
wp-content/plugins/jetpack/jetpack_vendor/automattic/jetpack-my-jetpack/src/products/class-hybrid-product.php
wp-content/plugins/jetpack/jetpack_vendor/automattic/jetpack-my-jetpack/src/products/class-jetpack-ai.php
wp-content/plugins/jetpack/jetpack_vendor/automattic/jetpack-my-jetpack/src/products/class-module-product.php
wp-content/plugins/jetpack/jetpack_vendor/automattic/jetpack-my-jetpack/src/products/class-newsletter.php
wp-content/plugins/jetpack/jetpack_vendor/automattic/jetpack-my-jetpack/src/products/class-product.php
wp-content/plugins/jetpack/jetpack_vendor/automattic/jetpack-my-jetpack/src/products/class-protect.php
wp-content/plugins/jetpack/jetpack_vendor/automattic/jetpack-my-jetpack/src/products/class-related-posts.php
wp-content/plugins/jetpack/jetpack_vendor/automattic/jetpack-my-jetpack/src/products/class-scan.php
wp-content/plugins/jetpack/jetpack_vendor/automattic/jetpack-my-jetpack/src/products/class-search-stats.php
wp-content/plugins/jetpack/jetpack_vendor/automattic/jetpack-my-jetpack/src/products/class-search.php
wp-content/plugins/jetpack/jetpack_vendor/automattic/jetpack-my-jetpack/src/products/class-security.php
wp-content/plugins/jetpack/jetpack_vendor/automattic/jetpack-my-jetpack/src/products/class-site-accelerator.php
wp-content/plugins/jetpack/jetpack_vendor/automattic/jetpack-my-jetpack/src/products/class-social.php
wp-content/plugins/jetpack/jetpack_vendor/automattic/jetpack-my-jetpack/src/products/class-starter.php
wp-content/plugins/jetpack/jetpack_vendor/automattic/jetpack-my-jetpack/src/products/class-stats.php
wp-content/plugins/jetpack/jetpack_vendor/automattic/jetpack-my-jetpack/src/products/class-videopress.php
wp-content/plugins/jetpack/jetpack_vendor/automattic/jetpack-my-jetpack/webpack.config.js
wp-content/plugins/jetpack/jetpack_vendor/automattic/jetpack-password-checker/CHANGELOG.md
wp-content/plugins/jetpack/jetpack_vendor/automattic/jetpack-password-checker/LICENSE.txt
wp-content/plugins/jetpack/jetpack_vendor/automattic/jetpack-password-checker/SECURITY.md
wp-content/plugins/jetpack/jetpack_vendor/automattic/jetpack-password-checker/src/class-password-checker.php
wp-content/plugins/jetpack/jetpack_vendor/automattic/jetpack-plugins-installer/CHANGELOG.md
wp-content/plugins/jetpack/jetpack_vendor/automattic/jetpack-plugins-installer/LICENSE.txt
wp-content/plugins/jetpack/jetpack_vendor/automattic/jetpack-plugins-installer/SECURITY.md
wp-content/plugins/jetpack/jetpack_vendor/automattic/jetpack-plugins-installer/src/class-automatic-install-skin.php
wp-content/plugins/jetpack/jetpack_vendor/automattic/jetpack-plugins-installer/src/class-plugins-installer.php
wp-content/plugins/jetpack/jetpack_vendor/automattic/jetpack-post-list/CHANGELOG.md
wp-content/plugins/jetpack/jetpack_vendor/automattic/jetpack-post-list/LICENSE.txt
wp-content/plugins/jetpack/jetpack_vendor/automattic/jetpack-post-list/SECURITY.md
wp-content/plugins/jetpack/jetpack_vendor/automattic/jetpack-post-list/build/index.asset.php
wp-content/plugins/jetpack/jetpack_vendor/automattic/jetpack-post-list/build/index.js
wp-content/plugins/jetpack/jetpack_vendor/automattic/jetpack-post-list/src/class-post-list.php
wp-content/plugins/jetpack/jetpack_vendor/automattic/jetpack-post-list/src/class-post-thumbnail.php
wp-content/plugins/jetpack/jetpack_vendor/automattic/jetpack-post-list/src/rtl.css
wp-content/plugins/jetpack/jetpack_vendor/automattic/jetpack-post-list/src/style.css
wp-content/plugins/jetpack/jetpack_vendor/automattic/jetpack-protect-models/CHANGELOG.md
wp-content/plugins/jetpack/jetpack_vendor/automattic/jetpack-protect-models/LICENSE.txt
wp-content/plugins/jetpack/jetpack_vendor/automattic/jetpack-protect-models/SECURITY.md
wp-content/plugins/jetpack/jetpack_vendor/automattic/jetpack-protect-models/src/class-extension-model.php
wp-content/plugins/jetpack/jetpack_vendor/automattic/jetpack-protect-models/src/class-history-model.php
wp-content/plugins/jetpack/jetpack_vendor/automattic/jetpack-protect-models/src/class-protect-models.php
wp-content/plugins/jetpack/jetpack_vendor/automattic/jetpack-protect-models/src/class-status-model.php
wp-content/plugins/jetpack/jetpack_vendor/automattic/jetpack-protect-models/src/class-threat-model.php
wp-content/plugins/jetpack/jetpack_vendor/automattic/jetpack-protect-models/src/class-vulnerability-model.php
wp-content/plugins/jetpack/jetpack_vendor/automattic/jetpack-protect-status/CHANGELOG.md
wp-content/plugins/jetpack/jetpack_vendor/automattic/jetpack-protect-status/LICENSE.txt
wp-content/plugins/jetpack/jetpack_vendor/automattic/jetpack-protect-status/SECURITY.md
wp-content/plugins/jetpack/jetpack_vendor/automattic/jetpack-protect-status/src/class-plan.php
wp-content/plugins/jetpack/jetpack_vendor/automattic/jetpack-protect-status/src/class-protect-status.php
wp-content/plugins/jetpack/jetpack_vendor/automattic/jetpack-protect-status/src/class-rest-controller.php
wp-content/plugins/jetpack/jetpack_vendor/automattic/jetpack-protect-status/src/class-scan-status.php
wp-content/plugins/jetpack/jetpack_vendor/automattic/jetpack-protect-status/src/class-status.php
wp-content/plugins/jetpack/jetpack_vendor/automattic/jetpack-publicize/CHANGELOG.md
wp-content/plugins/jetpack/jetpack_vendor/automattic/jetpack-publicize/LICENSE.txt
wp-content/plugins/jetpack/jetpack_vendor/automattic/jetpack-publicize/SECURITY.md
wp-content/plugins/jetpack/jetpack_vendor/automattic/jetpack-publicize/actions.php
wp-content/plugins/jetpack/jetpack_vendor/automattic/jetpack-publicize/babel.config.js
wp-content/plugins/jetpack/jetpack_vendor/automattic/jetpack-publicize/build/classic-editor-connections.asset.php
wp-content/plugins/jetpack/jetpack_vendor/automattic/jetpack-publicize/build/classic-editor-connections.js
wp-content/plugins/jetpack/jetpack_vendor/automattic/jetpack-publicize/build/classic-editor-share-limits.asset.php
wp-content/plugins/jetpack/jetpack_vendor/automattic/jetpack-publicize/build/classic-editor-share-limits.js
wp-content/plugins/jetpack/jetpack_vendor/automattic/jetpack-publicize/build/editor-jetpack-sidebar.asset.php
wp-content/plugins/jetpack/jetpack_vendor/automattic/jetpack-publicize/build/editor-jetpack-sidebar.css
wp-content/plugins/jetpack/jetpack_vendor/automattic/jetpack-publicize/build/editor-jetpack-sidebar.js
wp-content/plugins/jetpack/jetpack_vendor/automattic/jetpack-publicize/build/editor-jetpack-sidebar.rtl.css
wp-content/plugins/jetpack/jetpack_vendor/automattic/jetpack-publicize/build/editor-social-sidebar.asset.php
wp-content/plugins/jetpack/jetpack_vendor/automattic/jetpack-publicize/build/editor-social-sidebar.css
wp-content/plugins/jetpack/jetpack_vendor/automattic/jetpack-publicize/build/editor-social-sidebar.js
wp-content/plugins/jetpack/jetpack_vendor/automattic/jetpack-publicize/build/editor-social-sidebar.rtl.css
wp-content/plugins/jetpack/jetpack_vendor/automattic/jetpack-publicize/build/images/background-adca5912a15bcc675a12.svg
wp-content/plugins/jetpack/jetpack_vendor/automattic/jetpack-publicize/build/images/connections-facebook-c8a9715c8b6c8707594f.png
wp-content/plugins/jetpack/jetpack_vendor/automattic/jetpack-publicize/build/images/connections-instagram-business-53d4764803db1a7b3cbc.png
wp-content/plugins/jetpack/jetpack_vendor/automattic/jetpack-publicize/build/images/connections-linkedin-553fcb77cb734fc8d08f.png
wp-content/plugins/jetpack/jetpack_vendor/automattic/jetpack-publicize/build/images/connections-nextdoor-6e76141465483081fde8.png
wp-content/plugins/jetpack/jetpack_vendor/automattic/jetpack-publicize/build/images/connections-threads-1c941351fac252724ae7.png
wp-content/plugins/jetpack/jetpack_vendor/automattic/jetpack-publicize/build/images/connections-tumblr-ac23dad7016040416331.png
wp-content/plugins/jetpack/jetpack_vendor/automattic/jetpack-publicize/build/images/dois-66b3f018328e8f585646.jpg
wp-content/plugins/jetpack/jetpack_vendor/automattic/jetpack-publicize/build/images/edge-e1adff73f2dc1c1dc64e.jpg
wp-content/plugins/jetpack/jetpack_vendor/automattic/jetpack-publicize/build/images/fullscreen-21ca1ee2bafcb1c8eb55.jpg
wp-content/plugins/jetpack/jetpack_vendor/automattic/jetpack-publicize/build/images/highway-205f94656e2fcc4aeb86.jpg
wp-content/plugins/jetpack/jetpack_vendor/automattic/jetpack-publicize/build/images/illustration-77dfe189dd76498975de.png
wp-content/plugins/jetpack/jetpack_vendor/automattic/jetpack-publicize/build/social-admin-page.asset.php
wp-content/plugins/jetpack/jetpack_vendor/automattic/jetpack-publicize/build/social-admin-page.css
wp-content/plugins/jetpack/jetpack_vendor/automattic/jetpack-publicize/build/social-admin-page.js
wp-content/plugins/jetpack/jetpack_vendor/automattic/jetpack-publicize/build/social-admin-page.rtl.css
wp-content/plugins/jetpack/jetpack_vendor/automattic/jetpack-publicize/postcss.config.js
wp-content/plugins/jetpack/jetpack_vendor/automattic/jetpack-publicize/src/class-connections.php
wp-content/plugins/jetpack/jetpack_vendor/automattic/jetpack-publicize/src/class-keyring-helper.php
wp-content/plugins/jetpack/jetpack_vendor/automattic/jetpack-publicize/src/class-publicize-assets.php
wp-content/plugins/jetpack/jetpack_vendor/automattic/jetpack-publicize/src/class-publicize-base.php
wp-content/plugins/jetpack/jetpack_vendor/automattic/jetpack-publicize/src/class-publicize-script-data.php
wp-content/plugins/jetpack/jetpack_vendor/automattic/jetpack-publicize/src/class-publicize-setup.php
wp-content/plugins/jetpack/jetpack_vendor/automattic/jetpack-publicize/src/class-publicize-ui.php
wp-content/plugins/jetpack/jetpack_vendor/automattic/jetpack-publicize/src/class-publicize-utils.php
wp-content/plugins/jetpack/jetpack_vendor/automattic/jetpack-publicize/src/class-publicize.php
wp-content/plugins/jetpack/jetpack_vendor/automattic/jetpack-publicize/src/class-rest-controller.php
wp-content/plugins/jetpack/jetpack_vendor/automattic/jetpack-publicize/src/class-services.php
wp-content/plugins/jetpack/jetpack_vendor/automattic/jetpack-publicize/src/class-share-limits.php
wp-content/plugins/jetpack/jetpack_vendor/automattic/jetpack-publicize/src/class-share-status.php
wp-content/plugins/jetpack/jetpack_vendor/automattic/jetpack-publicize/src/class-social-admin-page.php
wp-content/plugins/jetpack/jetpack_vendor/automattic/jetpack-publicize/src/jetpack-social-settings/class-dismissed-notices.php
wp-content/plugins/jetpack/jetpack_vendor/automattic/jetpack-publicize/src/jetpack-social-settings/class-settings.php
wp-content/plugins/jetpack/jetpack_vendor/automattic/jetpack-publicize/src/js/classic-editor-connections.js
wp-content/plugins/jetpack/jetpack_vendor/automattic/jetpack-publicize/src/js/classic-editor-share-limits.js
wp-content/plugins/jetpack/jetpack_vendor/automattic/jetpack-publicize/src/js/editor-jetpack-sidebar.js
wp-content/plugins/jetpack/jetpack_vendor/automattic/jetpack-publicize/src/js/editor-social-sidebar.js
wp-content/plugins/jetpack/jetpack_vendor/automattic/jetpack-publicize/src/js/social-admin-page.js
wp-content/plugins/jetpack/jetpack_vendor/automattic/jetpack-publicize/src/rest-api/class-base-controller.php
wp-content/plugins/jetpack/jetpack_vendor/automattic/jetpack-publicize/src/rest-api/class-connections-controller.php
wp-content/plugins/jetpack/jetpack_vendor/automattic/jetpack-publicize/src/rest-api/class-connections-post-field.php
wp-content/plugins/jetpack/jetpack_vendor/automattic/jetpack-publicize/src/rest-api/class-proxy-requests.php
wp-content/plugins/jetpack/jetpack_vendor/automattic/jetpack-publicize/src/rest-api/class-scheduled-actions-controller.php
wp-content/plugins/jetpack/jetpack_vendor/automattic/jetpack-publicize/src/rest-api/class-services-controller.php
wp-content/plugins/jetpack/jetpack_vendor/automattic/jetpack-publicize/src/rest-api/class-share-post-controller.php
wp-content/plugins/jetpack/jetpack_vendor/automattic/jetpack-publicize/src/rest-api/class-share-status-controller.php
wp-content/plugins/jetpack/jetpack_vendor/automattic/jetpack-publicize/src/rest-api/class-shares-data-controller.php
wp-content/plugins/jetpack/jetpack_vendor/automattic/jetpack-publicize/src/rest-api/class-social-image-generator-controller.php
wp-content/plugins/jetpack/jetpack_vendor/automattic/jetpack-publicize/src/social-image-generator/class-post-settings.php
wp-content/plugins/jetpack/jetpack_vendor/automattic/jetpack-publicize/src/social-image-generator/class-rest-settings-controller.php
wp-content/plugins/jetpack/jetpack_vendor/automattic/jetpack-publicize/src/social-image-generator/class-rest-token-controller.php
wp-content/plugins/jetpack/jetpack_vendor/automattic/jetpack-publicize/src/social-image-generator/class-settings.php
wp-content/plugins/jetpack/jetpack_vendor/automattic/jetpack-publicize/src/social-image-generator/class-setup.php
wp-content/plugins/jetpack/jetpack_vendor/automattic/jetpack-publicize/src/social-image-generator/class-templates.php
wp-content/plugins/jetpack/jetpack_vendor/automattic/jetpack-publicize/src/social-image-generator/utilities.php
wp-content/plugins/jetpack/jetpack_vendor/automattic/jetpack-publicize/webpack.config.js
wp-content/plugins/jetpack/jetpack_vendor/automattic/jetpack-redirect/CHANGELOG.md
wp-content/plugins/jetpack/jetpack_vendor/automattic/jetpack-redirect/LICENSE.txt
wp-content/plugins/jetpack/jetpack_vendor/automattic/jetpack-redirect/SECURITY.md
wp-content/plugins/jetpack/jetpack_vendor/automattic/jetpack-redirect/src/class-redirect.php
wp-content/plugins/jetpack/jetpack_vendor/automattic/jetpack-roles/CHANGELOG.md
wp-content/plugins/jetpack/jetpack_vendor/automattic/jetpack-roles/LICENSE.txt
wp-content/plugins/jetpack/jetpack_vendor/automattic/jetpack-roles/SECURITY.md
wp-content/plugins/jetpack/jetpack_vendor/automattic/jetpack-roles/src/class-roles.php
wp-content/plugins/jetpack/jetpack_vendor/automattic/jetpack-search/CHANGELOG.md
wp-content/plugins/jetpack/jetpack_vendor/automattic/jetpack-search/LICENSE.txt
wp-content/plugins/jetpack/jetpack_vendor/automattic/jetpack-search/SECURITY.md
wp-content/plugins/jetpack/jetpack_vendor/automattic/jetpack-search/build/customberg/jp-search-configure.asset.php
wp-content/plugins/jetpack/jetpack_vendor/automattic/jetpack-search/build/customberg/jp-search-configure.css
wp-content/plugins/jetpack/jetpack_vendor/automattic/jetpack-search/build/customberg/jp-search-configure.js
wp-content/plugins/jetpack/jetpack_vendor/automattic/jetpack-search/build/customberg/jp-search-configure.js.LICENSE.txt
wp-content/plugins/jetpack/jetpack_vendor/automattic/jetpack-search/build/customberg/jp-search-configure.rtl.css
wp-content/plugins/jetpack/jetpack_vendor/automattic/jetpack-search/build/dashboard/jp-search-dashboard.asset.php
wp-content/plugins/jetpack/jetpack_vendor/automattic/jetpack-search/build/dashboard/jp-search-dashboard.css
wp-content/plugins/jetpack/jetpack_vendor/automattic/jetpack-search/build/dashboard/jp-search-dashboard.js
wp-content/plugins/jetpack/jetpack_vendor/automattic/jetpack-search/build/dashboard/jp-search-dashboard.rtl.css
wp-content/plugins/jetpack/jetpack_vendor/automattic/jetpack-search/build/inline-search/corrected-query.asset.php
wp-content/plugins/jetpack/jetpack_vendor/automattic/jetpack-search/build/inline-search/corrected-query.css
wp-content/plugins/jetpack/jetpack_vendor/automattic/jetpack-search/build/inline-search/corrected-query.js
wp-content/plugins/jetpack/jetpack_vendor/automattic/jetpack-search/build/inline-search/corrected-query.rtl.css
wp-content/plugins/jetpack/jetpack_vendor/automattic/jetpack-search/build/inline-search/jp-search-inline.asset.php
wp-content/plugins/jetpack/jetpack_vendor/automattic/jetpack-search/build/inline-search/jp-search-inline.css
wp-content/plugins/jetpack/jetpack_vendor/automattic/jetpack-search/build/inline-search/jp-search-inline.js
wp-content/plugins/jetpack/jetpack_vendor/automattic/jetpack-search/build/inline-search/jp-search-inline.rtl.css
wp-content/plugins/jetpack/jetpack_vendor/automattic/jetpack-search/build/instant-search/jp-search.asset.php
wp-content/plugins/jetpack/jetpack_vendor/automattic/jetpack-search/build/instant-search/jp-search.chunk-main-payload.css
wp-content/plugins/jetpack/jetpack_vendor/automattic/jetpack-search/build/instant-search/jp-search.chunk-main-payload.js
wp-content/plugins/jetpack/jetpack_vendor/automattic/jetpack-search/build/instant-search/jp-search.chunk-main-payload.rtl.css
wp-content/plugins/jetpack/jetpack_vendor/automattic/jetpack-search/build/instant-search/jp-search.defaultVendors.js
wp-content/plugins/jetpack/jetpack_vendor/automattic/jetpack-search/build/instant-search/jp-search.defaultVendors.js.LICENSE.txt
wp-content/plugins/jetpack/jetpack_vendor/automattic/jetpack-search/build/instant-search/jp-search.js
wp-content/plugins/jetpack/jetpack_vendor/automattic/jetpack-search/compatibility/jetpack.php
wp-content/plugins/jetpack/jetpack_vendor/automattic/jetpack-search/compatibility/search-0.15.2.php
wp-content/plugins/jetpack/jetpack_vendor/automattic/jetpack-search/compatibility/search-0.17.0.php
wp-content/plugins/jetpack/jetpack_vendor/automattic/jetpack-search/compatibility/unsupported-browsers.php
wp-content/plugins/jetpack/jetpack_vendor/automattic/jetpack-search/src/class-cli.php
wp-content/plugins/jetpack/jetpack_vendor/automattic/jetpack-search/src/class-helper.php
wp-content/plugins/jetpack/jetpack_vendor/automattic/jetpack-search/src/class-module-control.php
wp-content/plugins/jetpack/jetpack_vendor/automattic/jetpack-search/src/class-options.php
wp-content/plugins/jetpack/jetpack_vendor/automattic/jetpack-search/src/class-package.php
wp-content/plugins/jetpack/jetpack_vendor/automattic/jetpack-search/src/class-plan.php
wp-content/plugins/jetpack/jetpack_vendor/automattic/jetpack-search/src/class-rest-controller.php
wp-content/plugins/jetpack/jetpack_vendor/automattic/jetpack-search/src/class-settings.php
wp-content/plugins/jetpack/jetpack_vendor/automattic/jetpack-search/src/class-stats.php
wp-content/plugins/jetpack/jetpack_vendor/automattic/jetpack-search/src/class-template-tags.php
wp-content/plugins/jetpack/jetpack_vendor/automattic/jetpack-search/src/classic-search/class-classic-search.php
wp-content/plugins/jetpack/jetpack_vendor/automattic/jetpack-search/src/customberg/class-customberg.php
wp-content/plugins/jetpack/jetpack_vendor/automattic/jetpack-search/src/customizer/class-customizer.php
wp-content/plugins/jetpack/jetpack_vendor/automattic/jetpack-search/src/customizer/customize-controls/class-excluded-post-types-control.css
wp-content/plugins/jetpack/jetpack_vendor/automattic/jetpack-search/src/customizer/customize-controls/class-excluded-post-types-control.js
wp-content/plugins/jetpack/jetpack_vendor/automattic/jetpack-search/src/customizer/customize-controls/class-excluded-post-types-control.php
wp-content/plugins/jetpack/jetpack_vendor/automattic/jetpack-search/src/customizer/customize-controls/class-label-control.php
wp-content/plugins/jetpack/jetpack_vendor/automattic/jetpack-search/src/customizer/customize-controls/customize-controls.css
wp-content/plugins/jetpack/jetpack_vendor/automattic/jetpack-search/src/customizer/customize-controls/customize-controls.js
wp-content/plugins/jetpack/jetpack_vendor/automattic/jetpack-search/src/dashboard/class-dashboard.php
wp-content/plugins/jetpack/jetpack_vendor/automattic/jetpack-search/src/dashboard/class-initial-state.php
wp-content/plugins/jetpack/jetpack_vendor/automattic/jetpack-search/src/initializers/class-initializer.php
wp-content/plugins/jetpack/jetpack_vendor/automattic/jetpack-search/src/inline-search/class-inline-search-correction.php
wp-content/plugins/jetpack/jetpack_vendor/automattic/jetpack-search/src/inline-search/class-inline-search.php
wp-content/plugins/jetpack/jetpack_vendor/automattic/jetpack-search/src/inline-search/js/corrected-query.js
wp-content/plugins/jetpack/jetpack_vendor/automattic/jetpack-search/src/inline-search/js/index.js
wp-content/plugins/jetpack/jetpack_vendor/automattic/jetpack-search/src/inline-search/styles/corrected-query.scss
wp-content/plugins/jetpack/jetpack_vendor/automattic/jetpack-search/src/instant-search/class-instant-search.php
wp-content/plugins/jetpack/jetpack_vendor/automattic/jetpack-search/src/widgets/class-search-widget.php
wp-content/plugins/jetpack/jetpack_vendor/automattic/jetpack-search/src/widgets/css/search-widget-admin-ui.css
wp-content/plugins/jetpack/jetpack_vendor/automattic/jetpack-search/src/widgets/css/search-widget-frontend.css
wp-content/plugins/jetpack/jetpack_vendor/automattic/jetpack-search/src/widgets/js/search-widget-admin.js
wp-content/plugins/jetpack/jetpack_vendor/automattic/jetpack-search/src/widgets/js/search-widget.js
wp-content/plugins/jetpack/jetpack_vendor/automattic/jetpack-search/src/wpes/class-query-builder.php
wp-content/plugins/jetpack/jetpack_vendor/automattic/jetpack-search/src/wpes/class-query-parser.php
wp-content/plugins/jetpack/jetpack_vendor/automattic/jetpack-stats-admin/CHANGELOG.md
wp-content/plugins/jetpack/jetpack_vendor/automattic/jetpack-stats-admin/LICENSE.txt
wp-content/plugins/jetpack/jetpack_vendor/automattic/jetpack-stats-admin/SECURITY.md
wp-content/plugins/jetpack/jetpack_vendor/automattic/jetpack-stats-admin/src/class-admin-post-list-column.php
wp-content/plugins/jetpack/jetpack_vendor/automattic/jetpack-stats-admin/src/class-dashboard.php
wp-content/plugins/jetpack/jetpack_vendor/automattic/jetpack-stats-admin/src/class-main.php
wp-content/plugins/jetpack/jetpack_vendor/automattic/jetpack-stats-admin/src/class-notices.php
wp-content/plugins/jetpack/jetpack_vendor/automattic/jetpack-stats-admin/src/class-odyssey-assets.php
wp-content/plugins/jetpack/jetpack_vendor/automattic/jetpack-stats-admin/src/class-odyssey-config-data.php
wp-content/plugins/jetpack/jetpack_vendor/automattic/jetpack-stats-admin/src/class-rest-controller.php
wp-content/plugins/jetpack/jetpack_vendor/automattic/jetpack-stats-admin/src/class-wp-dashboard-odyssey-widget.php
wp-content/plugins/jetpack/jetpack_vendor/automattic/jetpack-stats-admin/src/class-wpcom-client.php
wp-content/plugins/jetpack/jetpack_vendor/automattic/jetpack-stats/CHANGELOG.md
wp-content/plugins/jetpack/jetpack_vendor/automattic/jetpack-stats/LICENSE.txt
wp-content/plugins/jetpack/jetpack_vendor/automattic/jetpack-stats/SECURITY.md
wp-content/plugins/jetpack/jetpack_vendor/automattic/jetpack-stats/src/class-main.php
wp-content/plugins/jetpack/jetpack_vendor/automattic/jetpack-stats/src/class-options.php
wp-content/plugins/jetpack/jetpack_vendor/automattic/jetpack-stats/src/class-package-version.php
wp-content/plugins/jetpack/jetpack_vendor/automattic/jetpack-stats/src/class-rest-provider.php
wp-content/plugins/jetpack/jetpack_vendor/automattic/jetpack-stats/src/class-tracking-pixel.php
wp-content/plugins/jetpack/jetpack_vendor/automattic/jetpack-stats/src/class-wpcom-stats.php
wp-content/plugins/jetpack/jetpack_vendor/automattic/jetpack-stats/src/class-xmlrpc-provider.php
wp-content/plugins/jetpack/jetpack_vendor/automattic/jetpack-status/CHANGELOG.md
wp-content/plugins/jetpack/jetpack_vendor/automattic/jetpack-status/LICENSE.txt
wp-content/plugins/jetpack/jetpack_vendor/automattic/jetpack-status/SECURITY.md
wp-content/plugins/jetpack/jetpack_vendor/automattic/jetpack-status/src/class-cache.php
wp-content/plugins/jetpack/jetpack_vendor/automattic/jetpack-status/src/class-cookiestate.php
wp-content/plugins/jetpack/jetpack_vendor/automattic/jetpack-status/src/class-errors.php
wp-content/plugins/jetpack/jetpack_vendor/automattic/jetpack-status/src/class-files.php
wp-content/plugins/jetpack/jetpack_vendor/automattic/jetpack-status/src/class-host.php
wp-content/plugins/jetpack/jetpack_vendor/automattic/jetpack-status/src/class-modules.php
wp-content/plugins/jetpack/jetpack_vendor/automattic/jetpack-status/src/class-paths.php
wp-content/plugins/jetpack/jetpack_vendor/automattic/jetpack-status/src/class-status.php
wp-content/plugins/jetpack/jetpack_vendor/automattic/jetpack-status/src/class-visitor.php
wp-content/plugins/jetpack/jetpack_vendor/automattic/jetpack-subscribers-dashboard/CHANGELOG.md
wp-content/plugins/jetpack/jetpack_vendor/automattic/jetpack-subscribers-dashboard/LICENSE.txt
wp-content/plugins/jetpack/jetpack_vendor/automattic/jetpack-subscribers-dashboard/SECURITY.md
wp-content/plugins/jetpack/jetpack_vendor/automattic/jetpack-subscribers-dashboard/_inc/test/admin.tsx
wp-content/plugins/jetpack/jetpack_vendor/automattic/jetpack-subscribers-dashboard/build/index.asset.php
wp-content/plugins/jetpack/jetpack_vendor/automattic/jetpack-subscribers-dashboard/build/index.css
wp-content/plugins/jetpack/jetpack_vendor/automattic/jetpack-subscribers-dashboard/build/index.js
wp-content/plugins/jetpack/jetpack_vendor/automattic/jetpack-subscribers-dashboard/build/index.rtl.css
wp-content/plugins/jetpack/jetpack_vendor/automattic/jetpack-subscribers-dashboard/src/class-dashboard.php
wp-content/plugins/jetpack/jetpack_vendor/automattic/jetpack-subscribers-dashboard/webpack.config.js
wp-content/plugins/jetpack/jetpack_vendor/automattic/jetpack-sync/CHANGELOG.md
wp-content/plugins/jetpack/jetpack_vendor/automattic/jetpack-sync/LICENSE.txt
wp-content/plugins/jetpack/jetpack_vendor/automattic/jetpack-sync/SECURITY.md
wp-content/plugins/jetpack/jetpack_vendor/automattic/jetpack-sync/src/class-actions.php
wp-content/plugins/jetpack/jetpack_vendor/automattic/jetpack-sync/src/class-data-settings.php
wp-content/plugins/jetpack/jetpack_vendor/automattic/jetpack-sync/src/class-dedicated-sender.php
wp-content/plugins/jetpack/jetpack_vendor/automattic/jetpack-sync/src/class-default-filter-settings.php
wp-content/plugins/jetpack/jetpack_vendor/automattic/jetpack-sync/src/class-defaults.php
wp-content/plugins/jetpack/jetpack_vendor/automattic/jetpack-sync/src/class-functions.php
wp-content/plugins/jetpack/jetpack_vendor/automattic/jetpack-sync/src/class-health.php
wp-content/plugins/jetpack/jetpack_vendor/automattic/jetpack-sync/src/class-json-deflate-array-codec.php
wp-content/plugins/jetpack/jetpack_vendor/automattic/jetpack-sync/src/class-listener.php
wp-content/plugins/jetpack/jetpack_vendor/automattic/jetpack-sync/src/class-lock.php
wp-content/plugins/jetpack/jetpack_vendor/automattic/jetpack-sync/src/class-main.php
wp-content/plugins/jetpack/jetpack_vendor/automattic/jetpack-sync/src/class-modules.php
wp-content/plugins/jetpack/jetpack_vendor/automattic/jetpack-sync/src/class-package-version.php
wp-content/plugins/jetpack/jetpack_vendor/automattic/jetpack-sync/src/class-queue-buffer.php
wp-content/plugins/jetpack/jetpack_vendor/automattic/jetpack-sync/src/class-queue.php
wp-content/plugins/jetpack/jetpack_vendor/automattic/jetpack-sync/src/class-replicastore.php
wp-content/plugins/jetpack/jetpack_vendor/automattic/jetpack-sync/src/class-rest-endpoints.php
wp-content/plugins/jetpack/jetpack_vendor/automattic/jetpack-sync/src/class-rest-sender.php
wp-content/plugins/jetpack/jetpack_vendor/automattic/jetpack-sync/src/class-sender.php
wp-content/plugins/jetpack/jetpack_vendor/automattic/jetpack-sync/src/class-server.php
wp-content/plugins/jetpack/jetpack_vendor/automattic/jetpack-sync/src/class-settings.php
wp-content/plugins/jetpack/jetpack_vendor/automattic/jetpack-sync/src/class-simple-codec.php
wp-content/plugins/jetpack/jetpack_vendor/automattic/jetpack-sync/src/class-users.php
wp-content/plugins/jetpack/jetpack_vendor/automattic/jetpack-sync/src/class-utils.php
wp-content/plugins/jetpack/jetpack_vendor/automattic/jetpack-sync/src/interface-codec.php
wp-content/plugins/jetpack/jetpack_vendor/automattic/jetpack-sync/src/interface-replicastore.php
wp-content/plugins/jetpack/jetpack_vendor/automattic/jetpack-sync/src/modules/class-attachments.php
wp-content/plugins/jetpack/jetpack_vendor/automattic/jetpack-sync/src/modules/class-callables.php
wp-content/plugins/jetpack/jetpack_vendor/automattic/jetpack-sync/src/modules/class-comments.php
wp-content/plugins/jetpack/jetpack_vendor/automattic/jetpack-sync/src/modules/class-constants.php
wp-content/plugins/jetpack/jetpack_vendor/automattic/jetpack-sync/src/modules/class-full-sync-immediately.php
wp-content/plugins/jetpack/jetpack_vendor/automattic/jetpack-sync/src/modules/class-full-sync.php
wp-content/plugins/jetpack/jetpack_vendor/automattic/jetpack-sync/src/modules/class-import.php
wp-content/plugins/jetpack/jetpack_vendor/automattic/jetpack-sync/src/modules/class-menus.php
wp-content/plugins/jetpack/jetpack_vendor/automattic/jetpack-sync/src/modules/class-meta.php
wp-content/plugins/jetpack/jetpack_vendor/automattic/jetpack-sync/src/modules/class-module.php
wp-content/plugins/jetpack/jetpack_vendor/automattic/jetpack-sync/src/modules/class-network-options.php
wp-content/plugins/jetpack/jetpack_vendor/automattic/jetpack-sync/src/modules/class-options.php
wp-content/plugins/jetpack/jetpack_vendor/automattic/jetpack-sync/src/modules/class-plugins.php
wp-content/plugins/jetpack/jetpack_vendor/automattic/jetpack-sync/src/modules/class-posts.php
wp-content/plugins/jetpack/jetpack_vendor/automattic/jetpack-sync/src/modules/class-protect.php
wp-content/plugins/jetpack/jetpack_vendor/automattic/jetpack-sync/src/modules/class-search.php
wp-content/plugins/jetpack/jetpack_vendor/automattic/jetpack-sync/src/modules/class-stats.php
wp-content/plugins/jetpack/jetpack_vendor/automattic/jetpack-sync/src/modules/class-term-relationships.php
wp-content/plugins/jetpack/jetpack_vendor/automattic/jetpack-sync/src/modules/class-terms.php
wp-content/plugins/jetpack/jetpack_vendor/automattic/jetpack-sync/src/modules/class-themes.php
wp-content/plugins/jetpack/jetpack_vendor/automattic/jetpack-sync/src/modules/class-updates.php
wp-content/plugins/jetpack/jetpack_vendor/automattic/jetpack-sync/src/modules/class-users.php
wp-content/plugins/jetpack/jetpack_vendor/automattic/jetpack-sync/src/modules/class-woocommerce-hpos-orders.php
wp-content/plugins/jetpack/jetpack_vendor/automattic/jetpack-sync/src/modules/class-woocommerce.php
wp-content/plugins/jetpack/jetpack_vendor/automattic/jetpack-sync/src/modules/class-wp-super-cache.php
wp-content/plugins/jetpack/jetpack_vendor/automattic/jetpack-sync/src/replicastore/class-table-checksum-usermeta.php
wp-content/plugins/jetpack/jetpack_vendor/automattic/jetpack-sync/src/replicastore/class-table-checksum-users.php
wp-content/plugins/jetpack/jetpack_vendor/automattic/jetpack-sync/src/replicastore/class-table-checksum.php
wp-content/plugins/jetpack/jetpack_vendor/automattic/jetpack-sync/src/sync-queue/class-queue-storage-options.php
wp-content/plugins/jetpack/jetpack_vendor/automattic/jetpack-sync/src/sync-queue/class-queue-storage-table.php
wp-content/plugins/jetpack/jetpack_vendor/automattic/jetpack-videopress/CHANGELOG.md
wp-content/plugins/jetpack/jetpack_vendor/automattic/jetpack-videopress/LICENSE.txt
wp-content/plugins/jetpack/jetpack_vendor/automattic/jetpack-videopress/SECURITY.md
wp-content/plugins/jetpack/jetpack_vendor/automattic/jetpack-videopress/build/admin/index.asset.php
wp-content/plugins/jetpack/jetpack_vendor/automattic/jetpack-videopress/build/admin/index.css
wp-content/plugins/jetpack/jetpack_vendor/automattic/jetpack-videopress/build/admin/index.js
wp-content/plugins/jetpack/jetpack_vendor/automattic/jetpack-videopress/build/admin/index.js.LICENSE.txt
wp-content/plugins/jetpack/jetpack_vendor/automattic/jetpack-videopress/build/admin/index.rtl.css
wp-content/plugins/jetpack/jetpack_vendor/automattic/jetpack-videopress/build/block-editor/blocks/video/block.json
wp-content/plugins/jetpack/jetpack_vendor/automattic/jetpack-videopress/build/block-editor/blocks/video/index.asset.php
wp-content/plugins/jetpack/jetpack_vendor/automattic/jetpack-videopress/build/block-editor/blocks/video/index.css
wp-content/plugins/jetpack/jetpack_vendor/automattic/jetpack-videopress/build/block-editor/blocks/video/index.js
wp-content/plugins/jetpack/jetpack_vendor/automattic/jetpack-videopress/build/block-editor/blocks/video/index.js.LICENSE.txt
wp-content/plugins/jetpack/jetpack_vendor/automattic/jetpack-videopress/build/block-editor/blocks/video/index.rtl.css
wp-content/plugins/jetpack/jetpack_vendor/automattic/jetpack-videopress/build/block-editor/blocks/video/view.asset.php
wp-content/plugins/jetpack/jetpack_vendor/automattic/jetpack-videopress/build/block-editor/blocks/video/view.css
wp-content/plugins/jetpack/jetpack_vendor/automattic/jetpack-videopress/build/block-editor/blocks/video/view.js
wp-content/plugins/jetpack/jetpack_vendor/automattic/jetpack-videopress/build/block-editor/blocks/video/view.rtl.css
wp-content/plugins/jetpack/jetpack_vendor/automattic/jetpack-videopress/build/block-editor/extensions/index.json
wp-content/plugins/jetpack/jetpack_vendor/automattic/jetpack-videopress/build/block-editor/index.asset.php
wp-content/plugins/jetpack/jetpack_vendor/automattic/jetpack-videopress/build/block-editor/index.css
wp-content/plugins/jetpack/jetpack_vendor/automattic/jetpack-videopress/build/block-editor/index.js
wp-content/plugins/jetpack/jetpack_vendor/automattic/jetpack-videopress/build/block-editor/index.rtl.css
wp-content/plugins/jetpack/jetpack_vendor/automattic/jetpack-videopress/build/divi-editor/index.asset.php
wp-content/plugins/jetpack/jetpack_vendor/automattic/jetpack-videopress/build/divi-editor/index.css
wp-content/plugins/jetpack/jetpack_vendor/automattic/jetpack-videopress/build/divi-editor/index.js
wp-content/plugins/jetpack/jetpack_vendor/automattic/jetpack-videopress/build/divi-editor/index.rtl.css
wp-content/plugins/jetpack/jetpack_vendor/automattic/jetpack-videopress/build/images/dynamic-colors-34cf384d91fb0fd3a9d5.png
wp-content/plugins/jetpack/jetpack_vendor/automattic/jetpack-videopress/build/images/videopress-block-example-image-d7dd9fae6ff49181bfca.jpg
wp-content/plugins/jetpack/jetpack_vendor/automattic/jetpack-videopress/build/lib/player-bridge.asset.php
wp-content/plugins/jetpack/jetpack_vendor/automattic/jetpack-videopress/build/lib/player-bridge.js
wp-content/plugins/jetpack/jetpack_vendor/automattic/jetpack-videopress/build/lib/token-bridge.asset.php
wp-content/plugins/jetpack/jetpack_vendor/automattic/jetpack-videopress/build/lib/token-bridge.js
wp-content/plugins/jetpack/jetpack_vendor/automattic/jetpack-videopress/build/lib/videopress-token-bridge.asset.php
wp-content/plugins/jetpack/jetpack_vendor/automattic/jetpack-videopress/build/lib/videopress-token-bridge.js
wp-content/plugins/jetpack/jetpack_vendor/automattic/jetpack-videopress/src/Readme.md
wp-content/plugins/jetpack/jetpack_vendor/automattic/jetpack-videopress/src/class-access-control.php
wp-content/plugins/jetpack/jetpack_vendor/automattic/jetpack-videopress/src/class-admin-ui.php
wp-content/plugins/jetpack/jetpack_vendor/automattic/jetpack-videopress/src/class-ajax.php
wp-content/plugins/jetpack/jetpack_vendor/automattic/jetpack-videopress/src/class-attachment-handler.php
wp-content/plugins/jetpack/jetpack_vendor/automattic/jetpack-videopress/src/class-block-editor-content.php
wp-content/plugins/jetpack/jetpack_vendor/automattic/jetpack-videopress/src/class-block-editor-extensions.php
wp-content/plugins/jetpack/jetpack_vendor/automattic/jetpack-videopress/src/class-block-replacement.php
wp-content/plugins/jetpack/jetpack_vendor/automattic/jetpack-videopress/src/class-data.php
wp-content/plugins/jetpack/jetpack_vendor/automattic/jetpack-videopress/src/class-divi.php
wp-content/plugins/jetpack/jetpack_vendor/automattic/jetpack-videopress/src/class-initializer.php
wp-content/plugins/jetpack/jetpack_vendor/automattic/jetpack-videopress/src/class-jwt-token-bridge.php
wp-content/plugins/jetpack/jetpack_vendor/automattic/jetpack-videopress/src/class-module-control.php
wp-content/plugins/jetpack/jetpack_vendor/automattic/jetpack-videopress/src/class-options.php
wp-content/plugins/jetpack/jetpack_vendor/automattic/jetpack-videopress/src/class-package-version.php
wp-content/plugins/jetpack/jetpack_vendor/automattic/jetpack-videopress/src/class-plan.php
wp-content/plugins/jetpack/jetpack_vendor/automattic/jetpack-videopress/src/class-site.php
wp-content/plugins/jetpack/jetpack_vendor/automattic/jetpack-videopress/src/class-stats.php
wp-content/plugins/jetpack/jetpack_vendor/automattic/jetpack-videopress/src/class-status.php
wp-content/plugins/jetpack/jetpack_vendor/automattic/jetpack-videopress/src/class-upload-exception.php
wp-content/plugins/jetpack/jetpack_vendor/automattic/jetpack-videopress/src/class-uploader-rest-endpoints.php
wp-content/plugins/jetpack/jetpack_vendor/automattic/jetpack-videopress/src/class-uploader.php
wp-content/plugins/jetpack/jetpack_vendor/automattic/jetpack-videopress/src/class-utils.php
wp-content/plugins/jetpack/jetpack_vendor/automattic/jetpack-videopress/src/class-videopress-rest-api-v1-settings.php
wp-content/plugins/jetpack/jetpack_vendor/automattic/jetpack-videopress/src/class-videopress-rest-api-v1-site.php
wp-content/plugins/jetpack/jetpack_vendor/automattic/jetpack-videopress/src/class-videopress-rest-api-v1-stats.php
wp-content/plugins/jetpack/jetpack_vendor/automattic/jetpack-videopress/src/class-videopresstoken.php
wp-content/plugins/jetpack/jetpack_vendor/automattic/jetpack-videopress/src/class-wpcom-rest-api-v2-attachment-field-videopress.php
wp-content/plugins/jetpack/jetpack_vendor/automattic/jetpack-videopress/src/class-wpcom-rest-api-v2-attachment-videopress-data.php
wp-content/plugins/jetpack/jetpack_vendor/automattic/jetpack-videopress/src/class-wpcom-rest-api-v2-endpoint-videopress.php
wp-content/plugins/jetpack/jetpack_vendor/automattic/jetpack-videopress/src/class-xmlrpc.php
wp-content/plugins/jetpack/jetpack_vendor/automattic/jetpack-videopress/src/tus/class-file-exception.php
wp-content/plugins/jetpack/jetpack_vendor/automattic/jetpack-videopress/src/tus/class-transient-store.php
wp-content/plugins/jetpack/jetpack_vendor/automattic/jetpack-videopress/src/tus/class-tus-abstract-cache.php
wp-content/plugins/jetpack/jetpack_vendor/automattic/jetpack-videopress/src/tus/class-tus-client.php
wp-content/plugins/jetpack/jetpack_vendor/automattic/jetpack-videopress/src/tus/class-tus-date-utils.php
wp-content/plugins/jetpack/jetpack_vendor/automattic/jetpack-videopress/src/tus/class-tus-exception.php
wp-content/plugins/jetpack/jetpack_vendor/automattic/jetpack-videopress/src/tus/class-tus-file.php
wp-content/plugins/jetpack/jetpack_vendor/automattic/jetpack-videopress/src/utility-functions.php
wp-content/plugins/jetpack/jetpack_vendor/automattic/jetpack-videopress/src/videopress-divi/class-videopress-divi-extension.php
wp-content/plugins/jetpack/jetpack_vendor/automattic/jetpack-videopress/src/videopress-divi/class-videopress-divi-module.php
wp-content/plugins/jetpack/jetpack_vendor/automattic/jetpack-waf/CHANGELOG.md
wp-content/plugins/jetpack/jetpack_vendor/automattic/jetpack-waf/LICENSE.txt
wp-content/plugins/jetpack/jetpack_vendor/automattic/jetpack-waf/SECURITY.md
wp-content/plugins/jetpack/jetpack_vendor/automattic/jetpack-waf/cli.php
wp-content/plugins/jetpack/jetpack_vendor/automattic/jetpack-waf/src/brute-force-protection/class-blocked-login-page.php
wp-content/plugins/jetpack/jetpack_vendor/automattic/jetpack-waf/src/brute-force-protection/class-math-fallback.php
wp-content/plugins/jetpack/jetpack_vendor/automattic/jetpack-waf/src/brute-force-protection/class-shared-functions.php
wp-content/plugins/jetpack/jetpack_vendor/automattic/jetpack-waf/src/brute-force-protection/class-transient-cleanup.php
wp-content/plugins/jetpack/jetpack_vendor/automattic/jetpack-waf/src/class-brute-force-protection.php
wp-content/plugins/jetpack/jetpack_vendor/automattic/jetpack-waf/src/class-compatibility.php
wp-content/plugins/jetpack/jetpack_vendor/automattic/jetpack-waf/src/class-rest-controller.php
wp-content/plugins/jetpack/jetpack_vendor/automattic/jetpack-waf/src/class-waf-blocklog-manager.php
wp-content/plugins/jetpack/jetpack_vendor/automattic/jetpack-waf/src/class-waf-cli.php
wp-content/plugins/jetpack/jetpack_vendor/automattic/jetpack-waf/src/class-waf-constants.php
wp-content/plugins/jetpack/jetpack_vendor/automattic/jetpack-waf/src/class-waf-initializer.php
wp-content/plugins/jetpack/jetpack_vendor/automattic/jetpack-waf/src/class-waf-operators.php
wp-content/plugins/jetpack/jetpack_vendor/automattic/jetpack-waf/src/class-waf-request.php
wp-content/plugins/jetpack/jetpack_vendor/automattic/jetpack-waf/src/class-waf-rules-manager.php
wp-content/plugins/jetpack/jetpack_vendor/automattic/jetpack-waf/src/class-waf-runner.php
wp-content/plugins/jetpack/jetpack_vendor/automattic/jetpack-waf/src/class-waf-runtime.php
wp-content/plugins/jetpack/jetpack_vendor/automattic/jetpack-waf/src/class-waf-standalone-bootstrap.php
wp-content/plugins/jetpack/jetpack_vendor/automattic/jetpack-waf/src/class-waf-stats.php
wp-content/plugins/jetpack/jetpack_vendor/automattic/jetpack-waf/src/class-waf-transforms.php
wp-content/plugins/jetpack/jetpack_vendor/automattic/jetpack-waf/src/exceptions/class-file-system-exception.php
wp-content/plugins/jetpack/jetpack_vendor/automattic/jetpack-waf/src/exceptions/class-rules-api-exception.php
wp-content/plugins/jetpack/jetpack_vendor/automattic/jetpack-waf/src/exceptions/class-waf-exception.php
wp-content/plugins/jetpack/jetpack_vendor/automattic/jetpack-waf/src/functions.php
wp-content/plugins/jetpack/jetpack_vendor/automattic/jetpack-wordads/CHANGELOG.md
wp-content/plugins/jetpack/jetpack_vendor/automattic/jetpack-wordads/LICENSE.txt
wp-content/plugins/jetpack/jetpack_vendor/automattic/jetpack-wordads/SECURITY.md
wp-content/plugins/jetpack/jetpack_vendor/automattic/jetpack-wordads/babel.config.js
wp-content/plugins/jetpack/jetpack_vendor/automattic/jetpack-wordads/build/dashboard/jp-wordads-dashboard.asset.php
wp-content/plugins/jetpack/jetpack_vendor/automattic/jetpack-wordads/build/dashboard/jp-wordads-dashboard.css
wp-content/plugins/jetpack/jetpack_vendor/automattic/jetpack-wordads/build/dashboard/jp-wordads-dashboard.js
wp-content/plugins/jetpack/jetpack_vendor/automattic/jetpack-wordads/build/dashboard/jp-wordads-dashboard.rtl.css
wp-content/plugins/jetpack/jetpack_vendor/automattic/jetpack-wordads/jest.config.js
wp-content/plugins/jetpack/jetpack_vendor/automattic/jetpack-wordads/src/class-helper.php
wp-content/plugins/jetpack/jetpack_vendor/automattic/jetpack-wordads/src/class-package.php
wp-content/plugins/jetpack/jetpack_vendor/automattic/jetpack-wordads/src/class-rest-controller.php
wp-content/plugins/jetpack/jetpack_vendor/automattic/jetpack-wordads/src/dashboard/class-dashboard.php
wp-content/plugins/jetpack/jetpack_vendor/automattic/jetpack-wordads/src/dashboard/class-initial-state.php
wp-content/plugins/jetpack/jetpack_vendor/automattic/jetpack-wordads/src/dashboard/components/button/index.jsx
wp-content/plugins/jetpack/jetpack_vendor/automattic/jetpack-wordads/src/dashboard/components/button/style.scss
wp-content/plugins/jetpack/jetpack_vendor/automattic/jetpack-wordads/src/dashboard/components/button/test/index.test.jsx
wp-content/plugins/jetpack/jetpack_vendor/automattic/jetpack-wordads/src/dashboard/components/card/compact.jsx
wp-content/plugins/jetpack/jetpack_vendor/automattic/jetpack-wordads/src/dashboard/components/card/index.jsx
wp-content/plugins/jetpack/jetpack_vendor/automattic/jetpack-wordads/src/dashboard/components/card/style.scss
wp-content/plugins/jetpack/jetpack_vendor/automattic/jetpack-wordads/src/dashboard/components/card/test/index.test.jsx
wp-content/plugins/jetpack/jetpack_vendor/automattic/jetpack-wordads/src/dashboard/components/dashboard/index.jsx
wp-content/plugins/jetpack/jetpack_vendor/automattic/jetpack-wordads/src/dashboard/components/dashboard/style.scss
wp-content/plugins/jetpack/jetpack_vendor/automattic/jetpack-wordads/src/dashboard/components/form-toggle/compact.jsx
wp-content/plugins/jetpack/jetpack_vendor/automattic/jetpack-wordads/src/dashboard/components/form-toggle/index.jsx
wp-content/plugins/jetpack/jetpack_vendor/automattic/jetpack-wordads/src/dashboard/components/form-toggle/style.scss
wp-content/plugins/jetpack/jetpack_vendor/automattic/jetpack-wordads/src/dashboard/components/form-toggle/test/index.test.jsx
wp-content/plugins/jetpack/jetpack_vendor/automattic/jetpack-wordads/src/dashboard/components/global-notices/index.jsx
wp-content/plugins/jetpack/jetpack_vendor/automattic/jetpack-wordads/src/dashboard/components/global-notices/store/actions.js
wp-content/plugins/jetpack/jetpack_vendor/automattic/jetpack-wordads/src/dashboard/components/global-notices/store/reducer.js
wp-content/plugins/jetpack/jetpack_vendor/automattic/jetpack-wordads/src/dashboard/components/global-notices/store/selectors.js
wp-content/plugins/jetpack/jetpack_vendor/automattic/jetpack-wordads/src/dashboard/components/global-notices/style.scss
wp-content/plugins/jetpack/jetpack_vendor/automattic/jetpack-wordads/src/dashboard/components/global-notices/test/index.test.jsx
wp-content/plugins/jetpack/jetpack_vendor/automattic/jetpack-wordads/src/dashboard/components/module-control/index.jsx
wp-content/plugins/jetpack/jetpack_vendor/automattic/jetpack-wordads/src/dashboard/components/module-control/style.scss
wp-content/plugins/jetpack/jetpack_vendor/automattic/jetpack-wordads/src/dashboard/components/notice/index.jsx
wp-content/plugins/jetpack/jetpack_vendor/automattic/jetpack-wordads/src/dashboard/components/notice/notice-action.jsx
wp-content/plugins/jetpack/jetpack_vendor/automattic/jetpack-wordads/src/dashboard/components/notice/style.scss
wp-content/plugins/jetpack/jetpack_vendor/automattic/jetpack-wordads/src/dashboard/components/notice/test/index.test.jsx
wp-content/plugins/jetpack/jetpack_vendor/automattic/jetpack-wordads/src/dashboard/scss/_variables.scss
wp-content/plugins/jetpack/jetpack_vendor/automattic/jetpack-wordads/src/dashboard/scss/calypso-colors.scss
wp-content/plugins/jetpack/jetpack_vendor/automattic/jetpack-wordads/src/dashboard/scss/calypso-mixins.scss
wp-content/plugins/jetpack/jetpack_vendor/automattic/jetpack-wordads/src/dashboard/scss/color-functions.scss
wp-content/plugins/jetpack/jetpack_vendor/automattic/jetpack-wordads/src/dashboard/scss/functions/colors.scss
wp-content/plugins/jetpack/jetpack_vendor/automattic/jetpack-wordads/src/dashboard/scss/functions/rem.scss
wp-content/plugins/jetpack/jetpack_vendor/automattic/jetpack-wordads/src/dashboard/scss/layout.scss
wp-content/plugins/jetpack/jetpack_vendor/automattic/jetpack-wordads/src/dashboard/scss/mixin_breakpoint.scss
wp-content/plugins/jetpack/jetpack_vendor/automattic/jetpack-wordads/src/dashboard/scss/mixin_icons.scss
wp-content/plugins/jetpack/jetpack_vendor/automattic/jetpack-wordads/src/dashboard/scss/rna-styles.scss
wp-content/plugins/jetpack/jetpack_vendor/automattic/jetpack-wordads/src/dashboard/scss/typography.scss
wp-content/plugins/jetpack/jetpack_vendor/automattic/jetpack-wordads/src/dashboard/scss/z-index.scss
wp-content/plugins/jetpack/jetpack_vendor/automattic/jetpack-wordads/src/dashboard/store/actions/index.js
wp-content/plugins/jetpack/jetpack_vendor/automattic/jetpack-wordads/src/dashboard/store/actions/jetpack-settings.js
wp-content/plugins/jetpack/jetpack_vendor/automattic/jetpack-wordads/src/dashboard/store/actions/test/jetpack-settings.test.js
wp-content/plugins/jetpack/jetpack_vendor/automattic/jetpack-wordads/src/dashboard/store/controls.js
wp-content/plugins/jetpack/jetpack_vendor/automattic/jetpack-wordads/src/dashboard/store/index.js
wp-content/plugins/jetpack/jetpack_vendor/automattic/jetpack-wordads/src/dashboard/store/reducer/feature.js
wp-content/plugins/jetpack/jetpack_vendor/automattic/jetpack-wordads/src/dashboard/store/reducer/index.js
wp-content/plugins/jetpack/jetpack_vendor/automattic/jetpack-wordads/src/dashboard/store/reducer/jetpack-settings.js
wp-content/plugins/jetpack/jetpack_vendor/automattic/jetpack-wordads/src/dashboard/store/reducer/site-data.js
wp-content/plugins/jetpack/jetpack_vendor/automattic/jetpack-wordads/src/dashboard/store/reducer/test/jetpack-settings.test.js
wp-content/plugins/jetpack/jetpack_vendor/automattic/jetpack-wordads/src/dashboard/store/reducer/user-data.js
wp-content/plugins/jetpack/jetpack_vendor/automattic/jetpack-wordads/src/dashboard/store/resolvers.js
wp-content/plugins/jetpack/jetpack_vendor/automattic/jetpack-wordads/src/dashboard/store/selectors/feature.js
wp-content/plugins/jetpack/jetpack_vendor/automattic/jetpack-wordads/src/dashboard/store/selectors/index.js
wp-content/plugins/jetpack/jetpack_vendor/automattic/jetpack-wordads/src/dashboard/store/selectors/jetpack-settings.js
wp-content/plugins/jetpack/jetpack_vendor/automattic/jetpack-wordads/src/dashboard/store/selectors/site-data.js
wp-content/plugins/jetpack/jetpack_vendor/automattic/jetpack-wordads/src/dashboard/store/selectors/user-data.js
wp-content/plugins/jetpack/jetpack_vendor/automattic/jetpack-wordads/src/initializers/class-initializer.php
wp-content/plugins/jetpack/jetpack_vendor/automattic/jetpack-wordads/tools/babel.config.js
wp-content/plugins/jetpack/jetpack_vendor/automattic/jetpack-wordads/tools/define-palette-colors-as-static-variables.js
wp-content/plugins/jetpack/jetpack_vendor/automattic/jetpack-wordads/tools/webpack.dashboard.config.js
wp-content/plugins/jetpack/jetpack_vendor/automattic/woocommerce-analytics/CHANGELOG.md
wp-content/plugins/jetpack/jetpack_vendor/automattic/woocommerce-analytics/LICENSE.txt
wp-content/plugins/jetpack/jetpack_vendor/automattic/woocommerce-analytics/SECURITY.md
wp-content/plugins/jetpack/jetpack_vendor/automattic/woocommerce-analytics/src/class-my-account.php
wp-content/plugins/jetpack/jetpack_vendor/automattic/woocommerce-analytics/src/class-universal.php
wp-content/plugins/jetpack/jetpack_vendor/automattic/woocommerce-analytics/src/class-woo-analytics-trait.php
wp-content/plugins/jetpack/jetpack_vendor/automattic/woocommerce-analytics/src/class-woocommerce-analytics.php
wp-content/plugins/jetpack/jetpack_vendor/i18n-map.php
wp-content/plugins/jetpack/json-api-config.php
wp-content/plugins/jetpack/json-endpoints.php
wp-content/plugins/jetpack/json-endpoints/class.wpcom-json-api-add-widget-endpoint.php
wp-content/plugins/jetpack/json-endpoints/class.wpcom-json-api-autosave-post-v1-1-endpoint.php
wp-content/plugins/jetpack/json-endpoints/class.wpcom-json-api-bulk-delete-post-endpoint.php
wp-content/plugins/jetpack/json-endpoints/class.wpcom-json-api-bulk-restore-post-endpoint.php
wp-content/plugins/jetpack/json-endpoints/class.wpcom-json-api-bulk-update-comments-endpoint.php
wp-content/plugins/jetpack/json-endpoints/class.wpcom-json-api-comment-endpoint.php
wp-content/plugins/jetpack/json-endpoints/class.wpcom-json-api-delete-media-endpoint.php
wp-content/plugins/jetpack/json-endpoints/class.wpcom-json-api-delete-media-v1-1-endpoint.php
wp-content/plugins/jetpack/json-endpoints/class.wpcom-json-api-edit-media-v1-2-endpoint.php
wp-content/plugins/jetpack/json-endpoints/class.wpcom-json-api-get-autosave-v1-1-endpoint.php
wp-content/plugins/jetpack/json-endpoints/class.wpcom-json-api-get-comment-counts-endpoint.php
wp-content/plugins/jetpack/json-endpoints/class.wpcom-json-api-get-comment-endpoint.php
wp-content/plugins/jetpack/json-endpoints/class.wpcom-json-api-get-comment-history-endpoint.php
wp-content/plugins/jetpack/json-endpoints/class.wpcom-json-api-get-comments-tree-endpoint.php
wp-content/plugins/jetpack/json-endpoints/class.wpcom-json-api-get-comments-tree-v1-1-endpoint.php
wp-content/plugins/jetpack/json-endpoints/class.wpcom-json-api-get-comments-tree-v1-2-endpoint.php
wp-content/plugins/jetpack/json-endpoints/class.wpcom-json-api-get-customcss.php
wp-content/plugins/jetpack/json-endpoints/class.wpcom-json-api-get-media-endpoint.php
wp-content/plugins/jetpack/json-endpoints/class.wpcom-json-api-get-media-v1-1-endpoint.php
wp-content/plugins/jetpack/json-endpoints/class.wpcom-json-api-get-media-v1-2-endpoint.php
wp-content/plugins/jetpack/json-endpoints/class.wpcom-json-api-get-post-counts-v1-1-endpoint.php
wp-content/plugins/jetpack/json-endpoints/class.wpcom-json-api-get-post-endpoint.php
wp-content/plugins/jetpack/json-endpoints/class.wpcom-json-api-get-post-v1-1-endpoint.php
wp-content/plugins/jetpack/json-endpoints/class.wpcom-json-api-get-site-endpoint.php
wp-content/plugins/jetpack/json-endpoints/class.wpcom-json-api-get-site-v1-2-endpoint.php
wp-content/plugins/jetpack/json-endpoints/class.wpcom-json-api-get-taxonomies-endpoint.php
wp-content/plugins/jetpack/json-endpoints/class.wpcom-json-api-get-taxonomy-endpoint.php
wp-content/plugins/jetpack/json-endpoints/class.wpcom-json-api-get-term-endpoint.php
wp-content/plugins/jetpack/json-endpoints/class.wpcom-json-api-list-comments-endpoint.php
wp-content/plugins/jetpack/json-endpoints/class.wpcom-json-api-list-dropdown-pages-endpoint.php
wp-content/plugins/jetpack/json-endpoints/class.wpcom-json-api-list-embeds-endpoint.php
wp-content/plugins/jetpack/json-endpoints/class.wpcom-json-api-list-media-endpoint.php
wp-content/plugins/jetpack/json-endpoints/class.wpcom-json-api-list-media-v1-1-endpoint.php
wp-content/plugins/jetpack/json-endpoints/class.wpcom-json-api-list-media-v1-2-endpoint.php
wp-content/plugins/jetpack/json-endpoints/class.wpcom-json-api-list-post-type-taxonomies-endpoint.php
wp-content/plugins/jetpack/json-endpoints/class.wpcom-json-api-list-post-types-endpoint.php
wp-content/plugins/jetpack/json-endpoints/class.wpcom-json-api-list-posts-endpoint.php
wp-content/plugins/jetpack/json-endpoints/class.wpcom-json-api-list-posts-v1-1-endpoint.php
wp-content/plugins/jetpack/json-endpoints/class.wpcom-json-api-list-posts-v1-2-endpoint.php
wp-content/plugins/jetpack/json-endpoints/class.wpcom-json-api-list-roles-endpoint.php
wp-content/plugins/jetpack/json-endpoints/class.wpcom-json-api-list-shortcodes-endpoint.php
wp-content/plugins/jetpack/json-endpoints/class.wpcom-json-api-list-terms-endpoint.php
wp-content/plugins/jetpack/json-endpoints/class.wpcom-json-api-list-users-endpoint.php
wp-content/plugins/jetpack/json-endpoints/class.wpcom-json-api-menus-v1-1-endpoint.php
wp-content/plugins/jetpack/json-endpoints/class.wpcom-json-api-post-endpoint.php
wp-content/plugins/jetpack/json-endpoints/class.wpcom-json-api-post-v1-1-endpoint.php
wp-content/plugins/jetpack/json-endpoints/class.wpcom-json-api-render-embed-endpoint.php
wp-content/plugins/jetpack/json-endpoints/class.wpcom-json-api-render-embed-reversal-endpoint.php
wp-content/plugins/jetpack/json-endpoints/class.wpcom-json-api-render-endpoint.php
wp-content/plugins/jetpack/json-endpoints/class.wpcom-json-api-render-shortcode-endpoint.php
wp-content/plugins/jetpack/json-endpoints/class.wpcom-json-api-sharing-buttons-endpoint.php
wp-content/plugins/jetpack/json-endpoints/class.wpcom-json-api-site-settings-endpoint.php
wp-content/plugins/jetpack/json-endpoints/class.wpcom-json-api-site-settings-v1-2-endpoint.php
wp-content/plugins/jetpack/json-endpoints/class.wpcom-json-api-site-settings-v1-3-endpoint.php
wp-content/plugins/jetpack/json-endpoints/class.wpcom-json-api-site-settings-v1-4-endpoint.php
wp-content/plugins/jetpack/json-endpoints/class.wpcom-json-api-site-user-endpoint.php
wp-content/plugins/jetpack/json-endpoints/class.wpcom-json-api-taxonomy-endpoint.php
wp-content/plugins/jetpack/json-endpoints/class.wpcom-json-api-update-comment-endpoint.php
wp-content/plugins/jetpack/json-endpoints/class.wpcom-json-api-update-customcss.php
wp-content/plugins/jetpack/json-endpoints/class.wpcom-json-api-update-media-endpoint.php
wp-content/plugins/jetpack/json-endpoints/class.wpcom-json-api-update-media-v1-1-endpoint.php
wp-content/plugins/jetpack/json-endpoints/class.wpcom-json-api-update-post-endpoint.php
wp-content/plugins/jetpack/json-endpoints/class.wpcom-json-api-update-post-v1-1-endpoint.php
wp-content/plugins/jetpack/json-endpoints/class.wpcom-json-api-update-post-v1-2-endpoint.php
wp-content/plugins/jetpack/json-endpoints/class.wpcom-json-api-update-site-homepage-endpoint.php
wp-content/plugins/jetpack/json-endpoints/class.wpcom-json-api-update-site-logo-endpoint.php
wp-content/plugins/jetpack/json-endpoints/class.wpcom-json-api-update-taxonomy-endpoint.php
wp-content/plugins/jetpack/json-endpoints/class.wpcom-json-api-update-term-endpoint.php
wp-content/plugins/jetpack/json-endpoints/class.wpcom-json-api-update-user-endpoint.php
wp-content/plugins/jetpack/json-endpoints/class.wpcom-json-api-upload-media-endpoint.php
wp-content/plugins/jetpack/json-endpoints/class.wpcom-json-api-upload-media-v1-1-endpoint.php
wp-content/plugins/jetpack/json-endpoints/jetpack/class-jetpack-json-api-delete-backup-helper-script-endpoint.php
wp-content/plugins/jetpack/json-endpoints/jetpack/class-jetpack-json-api-install-backup-helper-script-endpoint.php
wp-content/plugins/jetpack/json-endpoints/jetpack/class-jetpack-json-api-modules-list-v1-2-endpoint.php
wp-content/plugins/jetpack/json-endpoints/jetpack/class.jetpack-json-api-check-capabilities-endpoint.php
wp-content/plugins/jetpack/json-endpoints/jetpack/class.jetpack-json-api-core-endpoint.php
wp-content/plugins/jetpack/json-endpoints/jetpack/class.jetpack-json-api-core-modify-endpoint.php
wp-content/plugins/jetpack/json-endpoints/jetpack/class.jetpack-json-api-cron-endpoint.php
wp-content/plugins/jetpack/json-endpoints/jetpack/class.jetpack-json-api-endpoint.php
wp-content/plugins/jetpack/json-endpoints/jetpack/class.jetpack-json-api-get-comment-backup-endpoint.php
wp-content/plugins/jetpack/json-endpoints/jetpack/class.jetpack-json-api-get-database-object-backup-endpoint.php
wp-content/plugins/jetpack/json-endpoints/jetpack/class.jetpack-json-api-get-option-backup-endpoint.php
wp-content/plugins/jetpack/json-endpoints/jetpack/class.jetpack-json-api-get-post-backup-endpoint.php
wp-content/plugins/jetpack/json-endpoints/jetpack/class.jetpack-json-api-get-term-backup-endpoint.php
wp-content/plugins/jetpack/json-endpoints/jetpack/class.jetpack-json-api-get-user-backup-endpoint.php
wp-content/plugins/jetpack/json-endpoints/jetpack/class.jetpack-json-api-jps-woocommerce-connect-endpoint.php
wp-content/plugins/jetpack/json-endpoints/jetpack/class.jetpack-json-api-log-endpoint.php
wp-content/plugins/jetpack/json-endpoints/jetpack/class.jetpack-json-api-maybe-auto-update-endpoint.php
wp-content/plugins/jetpack/json-endpoints/jetpack/class.jetpack-json-api-modules-endpoint.php
wp-content/plugins/jetpack/json-endpoints/jetpack/class.jetpack-json-api-modules-get-endpoint.php
wp-content/plugins/jetpack/json-endpoints/jetpack/class.jetpack-json-api-modules-list-endpoint.php
wp-content/plugins/jetpack/json-endpoints/jetpack/class.jetpack-json-api-modules-modify-endpoint.php
wp-content/plugins/jetpack/json-endpoints/jetpack/class.jetpack-json-api-plugins-delete-endpoint.php
wp-content/plugins/jetpack/json-endpoints/jetpack/class.jetpack-json-api-plugins-endpoint.php
wp-content/plugins/jetpack/json-endpoints/jetpack/class.jetpack-json-api-plugins-get-endpoint.php
wp-content/plugins/jetpack/json-endpoints/jetpack/class.jetpack-json-api-plugins-install-endpoint.php
wp-content/plugins/jetpack/json-endpoints/jetpack/class.jetpack-json-api-plugins-list-endpoint.php
wp-content/plugins/jetpack/json-endpoints/jetpack/class.jetpack-json-api-plugins-modify-endpoint.php
wp-content/plugins/jetpack/json-endpoints/jetpack/class.jetpack-json-api-plugins-modify-v1-2-endpoint.php
wp-content/plugins/jetpack/json-endpoints/jetpack/class.jetpack-json-api-plugins-new-endpoint.php
wp-content/plugins/jetpack/json-endpoints/jetpack/class.jetpack-json-api-sync-endpoint.php
wp-content/plugins/jetpack/json-endpoints/jetpack/class.jetpack-json-api-themes-active-endpoint.php
wp-content/plugins/jetpack/json-endpoints/jetpack/class.jetpack-json-api-themes-delete-endpoint.php
wp-content/plugins/jetpack/json-endpoints/jetpack/class.jetpack-json-api-themes-endpoint.php
wp-content/plugins/jetpack/json-endpoints/jetpack/class.jetpack-json-api-themes-get-endpoint.php
wp-content/plugins/jetpack/json-endpoints/jetpack/class.jetpack-json-api-themes-install-endpoint.php
wp-content/plugins/jetpack/json-endpoints/jetpack/class.jetpack-json-api-themes-list-endpoint.php
wp-content/plugins/jetpack/json-endpoints/jetpack/class.jetpack-json-api-themes-modify-endpoint.php
wp-content/plugins/jetpack/json-endpoints/jetpack/class.jetpack-json-api-themes-new-endpoint.php
wp-content/plugins/jetpack/json-endpoints/jetpack/class.jetpack-json-api-translations-endpoint.php
wp-content/plugins/jetpack/json-endpoints/jetpack/class.jetpack-json-api-translations-modify-endpoint.php
wp-content/plugins/jetpack/json-endpoints/jetpack/class.jetpack-json-api-updates-status-endpoint.php
wp-content/plugins/jetpack/json-endpoints/jetpack/class.jetpack-json-api-user-connect-endpoint.php
wp-content/plugins/jetpack/json-endpoints/jetpack/class.jetpack-json-api-user-create-endpoint.php
wp-content/plugins/jetpack/json-endpoints/jetpack/class.wpcom-json-api-get-option-endpoint.php
wp-content/plugins/jetpack/json-endpoints/jetpack/class.wpcom-json-api-update-option-endpoint.php
wp-content/plugins/jetpack/json-endpoints/jetpack/json-api-jetpack-endpoints.php
wp-content/plugins/jetpack/load-jetpack.php
wp-content/plugins/jetpack/locales.php
wp-content/plugins/jetpack/modules/account-protection.php
wp-content/plugins/jetpack/modules/blaze.php
wp-content/plugins/jetpack/modules/blocks.php
wp-content/plugins/jetpack/modules/carousel.php
wp-content/plugins/jetpack/modules/carousel/jetpack-carousel-rtl.css
wp-content/plugins/jetpack/modules/carousel/jetpack-carousel.css
wp-content/plugins/jetpack/modules/carousel/jetpack-carousel.js
wp-content/plugins/jetpack/modules/carousel/jetpack-carousel.php
wp-content/plugins/jetpack/modules/carousel/readme.md
wp-content/plugins/jetpack/modules/carousel/swiper-bundle.css
wp-content/plugins/jetpack/modules/carousel/swiper-bundle.js
wp-content/plugins/jetpack/modules/comment-likes.php
wp-content/plugins/jetpack/modules/comment-likes/admin-style.css
wp-content/plugins/jetpack/modules/comment-likes/comment-like-count.js
wp-content/plugins/jetpack/modules/comments.php
wp-content/plugins/jetpack/modules/comments/admin.php
wp-content/plugins/jetpack/modules/comments/base.php
wp-content/plugins/jetpack/modules/comments/comments.php
wp-content/plugins/jetpack/modules/comments/subscription-modal-on-comment/class-jetpack-subscription-modal-on-comment.php
wp-content/plugins/jetpack/modules/comments/subscription-modal-on-comment/subscription-modal.css
wp-content/plugins/jetpack/modules/comments/subscription-modal-on-comment/subscription-modal.js
wp-content/plugins/jetpack/modules/contact-form.php
wp-content/plugins/jetpack/modules/copy-post.php
wp-content/plugins/jetpack/modules/custom-content-types.php
wp-content/plugins/jetpack/modules/custom-post-types/css/edit-items.css
wp-content/plugins/jetpack/modules/custom-post-types/css/many-items.css
wp-content/plugins/jetpack/modules/custom-post-types/css/nova-font.css
wp-content/plugins/jetpack/modules/custom-post-types/css/nova.css
wp-content/plugins/jetpack/modules/custom-post-types/css/portfolio-shortcode.css
wp-content/plugins/jetpack/modules/custom-post-types/css/testimonial-shortcode.css
wp-content/plugins/jetpack/modules/custom-post-types/js/many-items.js
wp-content/plugins/jetpack/modules/custom-post-types/js/menu-checkboxes.js
wp-content/plugins/jetpack/modules/custom-post-types/js/nova-drag-drop.js
wp-content/plugins/jetpack/modules/custom-post-types/nova.php
wp-content/plugins/jetpack/modules/custom-post-types/portfolios.php
wp-content/plugins/jetpack/modules/custom-post-types/testimonial.php
wp-content/plugins/jetpack/modules/external-media/external-media.php
wp-content/plugins/jetpack/modules/google-fonts.php
wp-content/plugins/jetpack/modules/google-fonts/current/class-jetpack-google-font-face.php
wp-content/plugins/jetpack/modules/google-fonts/current/load-google-fonts.php
wp-content/plugins/jetpack/modules/google-fonts/load.php
wp-content/plugins/jetpack/modules/gravatar-hovercards.php
wp-content/plugins/jetpack/modules/gravatar/gravatar-hovercards-amp.css
wp-content/plugins/jetpack/modules/infinite-scroll.php
wp-content/plugins/jetpack/modules/infinite-scroll/infinity-customizer.js
wp-content/plugins/jetpack/modules/infinite-scroll/infinity.css
wp-content/plugins/jetpack/modules/infinite-scroll/infinity.js
wp-content/plugins/jetpack/modules/infinite-scroll/infinity.php
wp-content/plugins/jetpack/modules/infinite-scroll/themes/twentyeleven.css
wp-content/plugins/jetpack/modules/infinite-scroll/themes/twentyeleven.php
wp-content/plugins/jetpack/modules/infinite-scroll/themes/twentyfifteen-rtl.css
wp-content/plugins/jetpack/modules/infinite-scroll/themes/twentyfifteen.css
wp-content/plugins/jetpack/modules/infinite-scroll/themes/twentyfifteen.php
wp-content/plugins/jetpack/modules/infinite-scroll/themes/twentyfourteen.css
wp-content/plugins/jetpack/modules/infinite-scroll/themes/twentyfourteen.php
wp-content/plugins/jetpack/modules/infinite-scroll/themes/twentyseventeen-rtl.css
wp-content/plugins/jetpack/modules/infinite-scroll/themes/twentyseventeen.css
wp-content/plugins/jetpack/modules/infinite-scroll/themes/twentyseventeen.php
wp-content/plugins/jetpack/modules/infinite-scroll/themes/twentysixteen-rtl.css
wp-content/plugins/jetpack/modules/infinite-scroll/themes/twentysixteen.css
wp-content/plugins/jetpack/modules/infinite-scroll/themes/twentysixteen.php
wp-content/plugins/jetpack/modules/infinite-scroll/themes/twentyten.css
wp-content/plugins/jetpack/modules/infinite-scroll/themes/twentyten.php
wp-content/plugins/jetpack/modules/infinite-scroll/themes/twentythirteen.css
wp-content/plugins/jetpack/modules/infinite-scroll/themes/twentythirteen.php
wp-content/plugins/jetpack/modules/infinite-scroll/themes/twentytwelve.css
wp-content/plugins/jetpack/modules/infinite-scroll/themes/twentytwelve.php
wp-content/plugins/jetpack/modules/json-api.php
wp-content/plugins/jetpack/modules/latex.php
wp-content/plugins/jetpack/modules/likes.php
wp-content/plugins/jetpack/modules/likes/jetpack-likes-master-iframe.php
wp-content/plugins/jetpack/modules/likes/jetpack-likes-settings.php
wp-content/plugins/jetpack/modules/likes/post-count-jetpack.js
wp-content/plugins/jetpack/modules/likes/post-count.js
wp-content/plugins/jetpack/modules/likes/queuehandler.js
wp-content/plugins/jetpack/modules/likes/style.css
wp-content/plugins/jetpack/modules/markdown.php
wp-content/plugins/jetpack/modules/markdown/easy-markdown.php
wp-content/plugins/jetpack/modules/memberships/class-jetpack-memberships.php
wp-content/plugins/jetpack/modules/module-extras.php
wp-content/plugins/jetpack/modules/module-headings.php
wp-content/plugins/jetpack/modules/module-info.php
wp-content/plugins/jetpack/modules/monitor.php
wp-content/plugins/jetpack/modules/notes.php
wp-content/plugins/jetpack/modules/photon-cdn.php
wp-content/plugins/jetpack/modules/photon-cdn/jetpack-manifest.php
wp-content/plugins/jetpack/modules/photon.php
wp-content/plugins/jetpack/modules/plugin-search.php
wp-content/plugins/jetpack/modules/plugin-search/plugin-search.css
wp-content/plugins/jetpack/modules/plugin-search/plugin-search.js
wp-content/plugins/jetpack/modules/plugin-search/psh-128.png
wp-content/plugins/jetpack/modules/plugin-search/psh-256.png
wp-content/plugins/jetpack/modules/plugin-search/psh.svg
wp-content/plugins/jetpack/modules/post-by-email.php
wp-content/plugins/jetpack/modules/post-by-email/class-jetpack-post-by-email.php
wp-content/plugins/jetpack/modules/post-by-email/post-by-email-rtl.css
wp-content/plugins/jetpack/modules/post-by-email/post-by-email-rtl.min.css
wp-content/plugins/jetpack/modules/post-by-email/post-by-email.css
wp-content/plugins/jetpack/modules/post-by-email/post-by-email.js
wp-content/plugins/jetpack/modules/post-by-email/post-by-email.min.css
wp-content/plugins/jetpack/modules/post-list.php
wp-content/plugins/jetpack/modules/protect.php
wp-content/plugins/jetpack/modules/publicize.php
wp-content/plugins/jetpack/modules/related-posts.php
wp-content/plugins/jetpack/modules/related-posts/class.related-posts-customize.php
wp-content/plugins/jetpack/modules/related-posts/jetpack-related-posts.php
wp-content/plugins/jetpack/modules/related-posts/readme.md
wp-content/plugins/jetpack/modules/related-posts/related-posts-customizer.js
wp-content/plugins/jetpack/modules/related-posts/related-posts-rtl.css
wp-content/plugins/jetpack/modules/related-posts/related-posts.css
wp-content/plugins/jetpack/modules/related-posts/related-posts.js
wp-content/plugins/jetpack/modules/related-posts/rtl/related-posts-rtl.css
wp-content/plugins/jetpack/modules/scan/admin-bar-notice.js
wp-content/plugins/jetpack/modules/scan/class-admin-bar-notice.php
wp-content/plugins/jetpack/modules/scan/class-admin-sidebar-link.php
wp-content/plugins/jetpack/modules/scan/scan.php
wp-content/plugins/jetpack/modules/search.php
wp-content/plugins/jetpack/modules/seo-tools.php
wp-content/plugins/jetpack/modules/seo-tools/class-jetpack-seo-posts.php
wp-content/plugins/jetpack/modules/seo-tools/class-jetpack-seo-titles.php
wp-content/plugins/jetpack/modules/seo-tools/class-jetpack-seo-utils.php
wp-content/plugins/jetpack/modules/seo-tools/class-jetpack-seo.php
wp-content/plugins/jetpack/modules/sharedaddy.php
wp-content/plugins/jetpack/modules/sharedaddy/admin-sharing-rtl.css
wp-content/plugins/jetpack/modules/sharedaddy/admin-sharing-rtl.min.css
wp-content/plugins/jetpack/modules/sharedaddy/admin-sharing.css
wp-content/plugins/jetpack/modules/sharedaddy/admin-sharing.js
wp-content/plugins/jetpack/modules/sharedaddy/admin-sharing.min.css
wp-content/plugins/jetpack/modules/sharedaddy/amp-sharing.css
wp-content/plugins/jetpack/modules/sharedaddy/images/after-the-deadline@2x.png
wp-content/plugins/jetpack/modules/sharedaddy/images/comments@2x.png
wp-content/plugins/jetpack/modules/sharedaddy/images/contact-form@2x.png
wp-content/plugins/jetpack/modules/sharedaddy/images/custom.png
wp-content/plugins/jetpack/modules/sharedaddy/images/custom@2x.png
wp-content/plugins/jetpack/modules/sharedaddy/images/designfloat.png
wp-content/plugins/jetpack/modules/sharedaddy/images/digg.png
wp-content/plugins/jetpack/modules/sharedaddy/images/digg@2x.png
wp-content/plugins/jetpack/modules/sharedaddy/images/divider.png
wp-content/plugins/jetpack/modules/sharedaddy/images/divider@2x.png
wp-content/plugins/jetpack/modules/sharedaddy/images/draggy.png
wp-content/plugins/jetpack/modules/sharedaddy/images/draggy@2x.png
wp-content/plugins/jetpack/modules/sharedaddy/images/email.png
wp-content/plugins/jetpack/modules/sharedaddy/images/email@2x.png
wp-content/plugins/jetpack/modules/sharedaddy/images/ember.png
wp-content/plugins/jetpack/modules/sharedaddy/images/enhanced-distribution@2x.png
wp-content/plugins/jetpack/modules/sharedaddy/images/facebook.png
wp-content/plugins/jetpack/modules/sharedaddy/images/facebook@2x.png
wp-content/plugins/jetpack/modules/sharedaddy/images/feed.png
wp-content/plugins/jetpack/modules/sharedaddy/images/icon-facebook-2x.png
wp-content/plugins/jetpack/modules/sharedaddy/images/icon-facebook.png
wp-content/plugins/jetpack/modules/sharedaddy/images/icon-twitter-2x.png
wp-content/plugins/jetpack/modules/sharedaddy/images/icon-twitter.png
wp-content/plugins/jetpack/modules/sharedaddy/images/icon-wordpress-2x.png
wp-content/plugins/jetpack/modules/sharedaddy/images/icon-wordpress.png
wp-content/plugins/jetpack/modules/sharedaddy/images/kindle.png
wp-content/plugins/jetpack/modules/sharedaddy/images/kindle@2x.png
wp-content/plugins/jetpack/modules/sharedaddy/images/linkedin-horizontal.png
wp-content/plugins/jetpack/modules/sharedaddy/images/linkedin-horizontal@2x.png
wp-content/plugins/jetpack/modules/sharedaddy/images/linkedin-nocount.png
wp-content/plugins/jetpack/modules/sharedaddy/images/linkedin-nocount@2x.png
wp-content/plugins/jetpack/modules/sharedaddy/images/linkedin-smart.png
wp-content/plugins/jetpack/modules/sharedaddy/images/linkedin-smart@2x.png
wp-content/plugins/jetpack/modules/sharedaddy/images/linkedin-vertical.png
wp-content/plugins/jetpack/modules/sharedaddy/images/linkedin-vertical@2x.png
wp-content/plugins/jetpack/modules/sharedaddy/images/linkedin.png
wp-content/plugins/jetpack/modules/sharedaddy/images/linkedin@2x.png
wp-content/plugins/jetpack/modules/sharedaddy/images/loading.gif
wp-content/plugins/jetpack/modules/sharedaddy/images/more.png
wp-content/plugins/jetpack/modules/sharedaddy/images/more@2x.png
wp-content/plugins/jetpack/modules/sharedaddy/images/pinterest.png
wp-content/plugins/jetpack/modules/sharedaddy/images/pinterest@2x.png
wp-content/plugins/jetpack/modules/sharedaddy/images/pocket.png
wp-content/plugins/jetpack/modules/sharedaddy/images/pocket@2x.png
wp-content/plugins/jetpack/modules/sharedaddy/images/print.png
wp-content/plugins/jetpack/modules/sharedaddy/images/print@2x.png
wp-content/plugins/jetpack/modules/sharedaddy/images/reddit.png
wp-content/plugins/jetpack/modules/sharedaddy/images/reddit@2x.png
wp-content/plugins/jetpack/modules/sharedaddy/images/rss.png
wp-content/plugins/jetpack/modules/sharedaddy/images/rss@2x.png
wp-content/plugins/jetpack/modules/sharedaddy/images/share-bg.png
wp-content/plugins/jetpack/modules/sharedaddy/images/sharing-hidden.png
wp-content/plugins/jetpack/modules/sharedaddy/images/sharing-hidden@2x.png
wp-content/plugins/jetpack/modules/sharedaddy/images/smart-digg.png
wp-content/plugins/jetpack/modules/sharedaddy/images/smart-digg@2x.png
wp-content/plugins/jetpack/modules/sharedaddy/images/smart-facebook.png
wp-content/plugins/jetpack/modules/sharedaddy/images/smart-facebook@2x.png
wp-content/plugins/jetpack/modules/sharedaddy/images/smart-like.png
wp-content/plugins/jetpack/modules/sharedaddy/images/smart-like@2x.png
wp-content/plugins/jetpack/modules/sharedaddy/images/smart-pinterest.png
wp-content/plugins/jetpack/modules/sharedaddy/images/smart-pinterest@2x.png
wp-content/plugins/jetpack/modules/sharedaddy/images/smart-pocket.png
wp-content/plugins/jetpack/modules/sharedaddy/images/smart-pocket@2x.png
wp-content/plugins/jetpack/modules/sharedaddy/images/smart-stumbleupon.png
wp-content/plugins/jetpack/modules/sharedaddy/images/smart-stumbleupon@2x.png
wp-content/plugins/jetpack/modules/sharedaddy/images/smart-tumblr.png
wp-content/plugins/jetpack/modules/sharedaddy/images/smart-tumblr@2x.png
wp-content/plugins/jetpack/modules/sharedaddy/images/smart-x.png
wp-content/plugins/jetpack/modules/sharedaddy/images/smart-x@2x.png
wp-content/plugins/jetpack/modules/sharedaddy/images/tumblr.png
wp-content/plugins/jetpack/modules/sharedaddy/images/tumblr@2x.png
wp-content/plugins/jetpack/modules/sharedaddy/images/twitter.png
wp-content/plugins/jetpack/modules/sharedaddy/images/twitter@2x.png
wp-content/plugins/jetpack/modules/sharedaddy/images/wordpress.png
wp-content/plugins/jetpack/modules/sharedaddy/images/wordpress@2x.png
wp-content/plugins/jetpack/modules/sharedaddy/recaptcha.php
wp-content/plugins/jetpack/modules/sharedaddy/services/class-jetpack-mastodon-modal.php
wp-content/plugins/jetpack/modules/sharedaddy/sharedaddy.php
wp-content/plugins/jetpack/modules/sharedaddy/sharing-service.php
wp-content/plugins/jetpack/modules/sharedaddy/sharing-sources.php
wp-content/plugins/jetpack/modules/sharedaddy/sharing.css
wp-content/plugins/jetpack/modules/sharedaddy/sharing.js
wp-content/plugins/jetpack/modules/sharedaddy/sharing.php
wp-content/plugins/jetpack/modules/shortcodes.php
wp-content/plugins/jetpack/modules/shortcodes/archiveorg-book.php
wp-content/plugins/jetpack/modules/shortcodes/archiveorg.php
wp-content/plugins/jetpack/modules/shortcodes/archives.php
wp-content/plugins/jetpack/modules/shortcodes/bandcamp.php
wp-content/plugins/jetpack/modules/shortcodes/brightcove.php
wp-content/plugins/jetpack/modules/shortcodes/cartodb.php
wp-content/plugins/jetpack/modules/shortcodes/class.filter-embedded-html-objects.php
wp-content/plugins/jetpack/modules/shortcodes/codepen.php
wp-content/plugins/jetpack/modules/shortcodes/crowdsignal.php
wp-content/plugins/jetpack/modules/shortcodes/css/gravatar-amp.css
wp-content/plugins/jetpack/modules/shortcodes/css/quiz.css
wp-content/plugins/jetpack/modules/shortcodes/css/recipes-print-rtl.css
wp-content/plugins/jetpack/modules/shortcodes/css/recipes-print-rtl.min.css
wp-content/plugins/jetpack/modules/shortcodes/css/recipes-print.css
wp-content/plugins/jetpack/modules/shortcodes/css/recipes-print.min.css
wp-content/plugins/jetpack/modules/shortcodes/css/recipes-rtl.css
wp-content/plugins/jetpack/modules/shortcodes/css/recipes-rtl.min.css
wp-content/plugins/jetpack/modules/shortcodes/css/recipes.css
wp-content/plugins/jetpack/modules/shortcodes/css/recipes.min.css
wp-content/plugins/jetpack/modules/shortcodes/css/slideshow-shortcode-rtl.css
wp-content/plugins/jetpack/modules/shortcodes/css/slideshow-shortcode-rtl.min.css
wp-content/plugins/jetpack/modules/shortcodes/css/slideshow-shortcode.css
wp-content/plugins/jetpack/modules/shortcodes/css/slideshow-shortcode.min.css
wp-content/plugins/jetpack/modules/shortcodes/css/style.css
wp-content/plugins/jetpack/modules/shortcodes/dailymotion.php
wp-content/plugins/jetpack/modules/shortcodes/descript.php
wp-content/plugins/jetpack/modules/shortcodes/facebook.php
wp-content/plugins/jetpack/modules/shortcodes/flatio.php
wp-content/plugins/jetpack/modules/shortcodes/flickr.php
wp-content/plugins/jetpack/modules/shortcodes/getty.php
wp-content/plugins/jetpack/modules/shortcodes/gist.php
wp-content/plugins/jetpack/modules/shortcodes/googleapps.php
wp-content/plugins/jetpack/modules/shortcodes/googlemaps.php
wp-content/plugins/jetpack/modules/shortcodes/googleplus.php
wp-content/plugins/jetpack/modules/shortcodes/gravatar.php
wp-content/plugins/jetpack/modules/shortcodes/houzz.php
wp-content/plugins/jetpack/modules/shortcodes/images/collapse.png
wp-content/plugins/jetpack/modules/shortcodes/images/expand.png
wp-content/plugins/jetpack/modules/shortcodes/images/slide-nav.png
wp-content/plugins/jetpack/modules/shortcodes/img/slideshow-controls-2x.png
wp-content/plugins/jetpack/modules/shortcodes/img/slideshow-controls.png
wp-content/plugins/jetpack/modules/shortcodes/img/slideshow-loader.gif
wp-content/plugins/jetpack/modules/shortcodes/inline-pdfs.php
wp-content/plugins/jetpack/modules/shortcodes/instagram.php
wp-content/plugins/jetpack/modules/shortcodes/js/brightcove.js
wp-content/plugins/jetpack/modules/shortcodes/js/jmpress.js
wp-content/plugins/jetpack/modules/shortcodes/js/jquery.cycle.min.js
wp-content/plugins/jetpack/modules/shortcodes/js/main.js
wp-content/plugins/jetpack/modules/shortcodes/js/quiz.js
wp-content/plugins/jetpack/modules/shortcodes/js/recipes-printthis.js
wp-content/plugins/jetpack/modules/shortcodes/js/recipes.js
wp-content/plugins/jetpack/modules/shortcodes/js/slideshow-shortcode.js
wp-content/plugins/jetpack/modules/shortcodes/kickstarter.php
wp-content/plugins/jetpack/modules/shortcodes/mailchimp.php
wp-content/plugins/jetpack/modules/shortcodes/medium.php
wp-content/plugins/jetpack/modules/shortcodes/mixcloud.php
wp-content/plugins/jetpack/modules/shortcodes/others.php
wp-content/plugins/jetpack/modules/shortcodes/pinterest.php
wp-content/plugins/jetpack/modules/shortcodes/presentations.php
wp-content/plugins/jetpack/modules/shortcodes/quiz.php
wp-content/plugins/jetpack/modules/shortcodes/recipe.php
wp-content/plugins/jetpack/modules/shortcodes/scribd.php
wp-content/plugins/jetpack/modules/shortcodes/sitemap.php
wp-content/plugins/jetpack/modules/shortcodes/slideshare.php
wp-content/plugins/jetpack/modules/shortcodes/slideshow.php
wp-content/plugins/jetpack/modules/shortcodes/smartframe.php
wp-content/plugins/jetpack/modules/shortcodes/soundcloud.php
wp-content/plugins/jetpack/modules/shortcodes/spotify.php
wp-content/plugins/jetpack/modules/shortcodes/ted.php
wp-content/plugins/jetpack/modules/shortcodes/tweet.php
wp-content/plugins/jetpack/modules/shortcodes/twitchtv.php
wp-content/plugins/jetpack/modules/shortcodes/twitter-timeline.php
wp-content/plugins/jetpack/modules/shortcodes/twitter.php
wp-content/plugins/jetpack/modules/shortcodes/unavailable.php
wp-content/plugins/jetpack/modules/shortcodes/untappd-menu.php
wp-content/plugins/jetpack/modules/shortcodes/upcoming-events.php
wp-content/plugins/jetpack/modules/shortcodes/ustream.php
wp-content/plugins/jetpack/modules/shortcodes/videopress.php
wp-content/plugins/jetpack/modules/shortcodes/vimeo.php
wp-content/plugins/jetpack/modules/shortcodes/vine.php
wp-content/plugins/jetpack/modules/shortcodes/vr.php
wp-content/plugins/jetpack/modules/shortcodes/wufoo.php
wp-content/plugins/jetpack/modules/shortcodes/youtube.php
wp-content/plugins/jetpack/modules/shortlinks.php
wp-content/plugins/jetpack/modules/simple-payments/paypal-express-checkout.js
wp-content/plugins/jetpack/modules/simple-payments/simple-payments.css
wp-content/plugins/jetpack/modules/simple-payments/simple-payments.php
wp-content/plugins/jetpack/modules/site-icon/site-icon-functions.php
wp-content/plugins/jetpack/modules/sitemaps.php
wp-content/plugins/jetpack/modules/sitemaps/sitemap-buffer-factory.php
wp-content/plugins/jetpack/modules/sitemaps/sitemap-buffer-fallback.php
wp-content/plugins/jetpack/modules/sitemaps/sitemap-buffer-image-fallback.php
wp-content/plugins/jetpack/modules/sitemaps/sitemap-buffer-image-xmlwriter.php
wp-content/plugins/jetpack/modules/sitemaps/sitemap-buffer-image.php
wp-content/plugins/jetpack/modules/sitemaps/sitemap-buffer-master-fallback.php
wp-content/plugins/jetpack/modules/sitemaps/sitemap-buffer-master-xmlwriter.php
wp-content/plugins/jetpack/modules/sitemaps/sitemap-buffer-master.php
wp-content/plugins/jetpack/modules/sitemaps/sitemap-buffer-news-fallback.php
wp-content/plugins/jetpack/modules/sitemaps/sitemap-buffer-news-xmlwriter.php
wp-content/plugins/jetpack/modules/sitemaps/sitemap-buffer-news.php
wp-content/plugins/jetpack/modules/sitemaps/sitemap-buffer-page-fallback.php
wp-content/plugins/jetpack/modules/sitemaps/sitemap-buffer-page-xmlwriter.php
wp-content/plugins/jetpack/modules/sitemaps/sitemap-buffer-page.php
wp-content/plugins/jetpack/modules/sitemaps/sitemap-buffer-video-fallback.php
wp-content/plugins/jetpack/modules/sitemaps/sitemap-buffer-video-xmlwriter.php
wp-content/plugins/jetpack/modules/sitemaps/sitemap-buffer-video.php
wp-content/plugins/jetpack/modules/sitemaps/sitemap-buffer-xmlwriter.php
wp-content/plugins/jetpack/modules/sitemaps/sitemap-buffer.php
wp-content/plugins/jetpack/modules/sitemaps/sitemap-builder.php
wp-content/plugins/jetpack/modules/sitemaps/sitemap-constants.php
wp-content/plugins/jetpack/modules/sitemaps/sitemap-finder.php
wp-content/plugins/jetpack/modules/sitemaps/sitemap-librarian.php
wp-content/plugins/jetpack/modules/sitemaps/sitemap-logger.php
wp-content/plugins/jetpack/modules/sitemaps/sitemap-state.php
wp-content/plugins/jetpack/modules/sitemaps/sitemap-stylist.php
wp-content/plugins/jetpack/modules/sitemaps/sitemaps.php
wp-content/plugins/jetpack/modules/sso.php
wp-content/plugins/jetpack/modules/stats.php
wp-content/plugins/jetpack/modules/stats/class-jetpack-stats-upgrade-nudges.php
wp-content/plugins/jetpack/modules/subscriptions.php
wp-content/plugins/jetpack/modules/subscriptions/class-settings.php
wp-content/plugins/jetpack/modules/subscriptions/jetpack-user-content-link-redirection.php
wp-content/plugins/jetpack/modules/subscriptions/newsletter-widget/class-jetpack-newsletter-dashboard-widget.php
wp-content/plugins/jetpack/modules/subscriptions/readme.md
wp-content/plugins/jetpack/modules/subscriptions/subscribe-floating-button/class-jetpack-subscribe-floating-button.php
wp-content/plugins/jetpack/modules/subscriptions/subscribe-floating-button/subscribe-floating-button.css
wp-content/plugins/jetpack/modules/subscriptions/subscribe-modal/class-jetpack-subscribe-modal.php
wp-content/plugins/jetpack/modules/subscriptions/subscribe-modal/subscribe-modal.css
wp-content/plugins/jetpack/modules/subscriptions/subscribe-modal/subscribe-modal.js
wp-content/plugins/jetpack/modules/subscriptions/subscribe-overlay/class-jetpack-subscribe-overlay.php
wp-content/plugins/jetpack/modules/subscriptions/subscribe-overlay/subscribe-overlay.css
wp-content/plugins/jetpack/modules/subscriptions/subscribe-overlay/subscribe-overlay.js
wp-content/plugins/jetpack/modules/subscriptions/subscriptions.css
wp-content/plugins/jetpack/modules/subscriptions/views.php
wp-content/plugins/jetpack/modules/theme-tools.php
wp-content/plugins/jetpack/modules/theme-tools/compat/twentyfifteen-rtl.css
wp-content/plugins/jetpack/modules/theme-tools/compat/twentyfifteen.css
wp-content/plugins/jetpack/modules/theme-tools/compat/twentyfifteen.php
wp-content/plugins/jetpack/modules/theme-tools/compat/twentyfourteen-rtl.css
wp-content/plugins/jetpack/modules/theme-tools/compat/twentyfourteen.css
wp-content/plugins/jetpack/modules/theme-tools/compat/twentyfourteen.php
wp-content/plugins/jetpack/modules/theme-tools/compat/twentynineteen-rtl.css
wp-content/plugins/jetpack/modules/theme-tools/compat/twentynineteen.css
wp-content/plugins/jetpack/modules/theme-tools/compat/twentynineteen.php
wp-content/plugins/jetpack/modules/theme-tools/compat/twentysixteen-rtl.css
wp-content/plugins/jetpack/modules/theme-tools/compat/twentysixteen.css
wp-content/plugins/jetpack/modules/theme-tools/compat/twentysixteen.php
wp-content/plugins/jetpack/modules/theme-tools/compat/twentytwenty-rtl.css
wp-content/plugins/jetpack/modules/theme-tools/compat/twentytwenty.css
wp-content/plugins/jetpack/modules/theme-tools/compat/twentytwenty.php
wp-content/plugins/jetpack/modules/theme-tools/compat/twentytwentyone-rtl.css
wp-content/plugins/jetpack/modules/theme-tools/compat/twentytwentyone.css
wp-content/plugins/jetpack/modules/theme-tools/compat/twentytwentyone.php
wp-content/plugins/jetpack/modules/theme-tools/content-options.php
wp-content/plugins/jetpack/modules/theme-tools/content-options/author-bio.php
wp-content/plugins/jetpack/modules/theme-tools/content-options/blog-display.php
wp-content/plugins/jetpack/modules/theme-tools/content-options/customizer.js
wp-content/plugins/jetpack/modules/theme-tools/content-options/customizer.php
wp-content/plugins/jetpack/modules/theme-tools/content-options/featured-images-fallback.php
wp-content/plugins/jetpack/modules/theme-tools/content-options/featured-images.php
wp-content/plugins/jetpack/modules/theme-tools/content-options/post-details.php
wp-content/plugins/jetpack/modules/theme-tools/featured-content.php
wp-content/plugins/jetpack/modules/theme-tools/js/suggest.js
wp-content/plugins/jetpack/modules/theme-tools/responsive-videos.php
wp-content/plugins/jetpack/modules/theme-tools/responsive-videos/responsive-videos.css
wp-content/plugins/jetpack/modules/theme-tools/responsive-videos/responsive-videos.js
wp-content/plugins/jetpack/modules/theme-tools/site-breadcrumbs.php
wp-content/plugins/jetpack/modules/theme-tools/site-logo.php
wp-content/plugins/jetpack/modules/theme-tools/site-logo/inc/class-site-logo.php
wp-content/plugins/jetpack/modules/theme-tools/site-logo/inc/compat.php
wp-content/plugins/jetpack/modules/theme-tools/site-logo/inc/functions.php
wp-content/plugins/jetpack/modules/theme-tools/site-logo/js/site-logo-header-text.js
wp-content/plugins/jetpack/modules/theme-tools/site-logo/js/site-logo-header-text.min.js
wp-content/plugins/jetpack/modules/theme-tools/social-links.php
wp-content/plugins/jetpack/modules/theme-tools/social-menu.php
wp-content/plugins/jetpack/modules/theme-tools/social-menu/icon-functions.php
wp-content/plugins/jetpack/modules/theme-tools/social-menu/social-menu.css
wp-content/plugins/jetpack/modules/theme-tools/social-menu/social-menu.svg
wp-content/plugins/jetpack/modules/tiled-gallery.php
wp-content/plugins/jetpack/modules/tiled-gallery/math/class-constrained-array-rounding.php
wp-content/plugins/jetpack/modules/tiled-gallery/tiled-gallery.php
wp-content/plugins/jetpack/modules/tiled-gallery/tiled-gallery/rtl/tiled-gallery-rtl.css
wp-content/plugins/jetpack/modules/tiled-gallery/tiled-gallery/templates/carousel-container.php
wp-content/plugins/jetpack/modules/tiled-gallery/tiled-gallery/templates/circle-layout.php
wp-content/plugins/jetpack/modules/tiled-gallery/tiled-gallery/templates/partials/carousel-image-args.php
wp-content/plugins/jetpack/modules/tiled-gallery/tiled-gallery/templates/partials/item.php
wp-content/plugins/jetpack/modules/tiled-gallery/tiled-gallery/templates/rectangular-layout.php
wp-content/plugins/jetpack/modules/tiled-gallery/tiled-gallery/templates/square-layout.php
wp-content/plugins/jetpack/modules/tiled-gallery/tiled-gallery/tiled-gallery-circle.php
wp-content/plugins/jetpack/modules/tiled-gallery/tiled-gallery/tiled-gallery-item.php
wp-content/plugins/jetpack/modules/tiled-gallery/tiled-gallery/tiled-gallery-layout.php
wp-content/plugins/jetpack/modules/tiled-gallery/tiled-gallery/tiled-gallery-rectangular.php
wp-content/plugins/jetpack/modules/tiled-gallery/tiled-gallery/tiled-gallery-rtl.css
wp-content/plugins/jetpack/modules/tiled-gallery/tiled-gallery/tiled-gallery-shape.php
wp-content/plugins/jetpack/modules/tiled-gallery/tiled-gallery/tiled-gallery-square.php
wp-content/plugins/jetpack/modules/tiled-gallery/tiled-gallery/tiled-gallery.css
wp-content/plugins/jetpack/modules/tiled-gallery/tiled-gallery/tiled-gallery.js
wp-content/plugins/jetpack/modules/vaultpress.php
wp-content/plugins/jetpack/modules/verification-tools.php
wp-content/plugins/jetpack/modules/verification-tools/blog-verification-tools.php
wp-content/plugins/jetpack/modules/verification-tools/verification-tools-utils.php
wp-content/plugins/jetpack/modules/videopress.php
wp-content/plugins/jetpack/modules/videopress/class-videopress-attachment-metadata.php
wp-content/plugins/jetpack/modules/videopress/class.jetpack-videopress.php
wp-content/plugins/jetpack/modules/videopress/class.videopress-cli.php
wp-content/plugins/jetpack/modules/videopress/class.videopress-edit-attachment.php
wp-content/plugins/jetpack/modules/videopress/class.videopress-gutenberg.php
wp-content/plugins/jetpack/modules/videopress/class.videopress-options.php
wp-content/plugins/jetpack/modules/videopress/class.videopress-player.php
wp-content/plugins/jetpack/modules/videopress/class.videopress-scheduler.php
wp-content/plugins/jetpack/modules/videopress/class.videopress-video.php
wp-content/plugins/jetpack/modules/videopress/class.videopress-xmlrpc.php
wp-content/plugins/jetpack/modules/videopress/css/editor-rtl.css
wp-content/plugins/jetpack/modules/videopress/css/editor-rtl.min.css
wp-content/plugins/jetpack/modules/videopress/css/editor.css
wp-content/plugins/jetpack/modules/videopress/css/editor.min.css
wp-content/plugins/jetpack/modules/videopress/css/videopress-editor-style-rtl.css
wp-content/plugins/jetpack/modules/videopress/css/videopress-editor-style-rtl.min.css
wp-content/plugins/jetpack/modules/videopress/css/videopress-editor-style.css
wp-content/plugins/jetpack/modules/videopress/css/videopress-editor-style.min.css
wp-content/plugins/jetpack/modules/videopress/editor-media-view.php
wp-content/plugins/jetpack/modules/videopress/js/editor-view.js
wp-content/plugins/jetpack/modules/videopress/js/gutenberg-video-upload.js
wp-content/plugins/jetpack/modules/videopress/js/media-video-widget-extensions.js
wp-content/plugins/jetpack/modules/videopress/js/videopress-add-resumable-upload-support.js
wp-content/plugins/jetpack/modules/videopress/js/videopress-plupload.js
wp-content/plugins/jetpack/modules/videopress/js/videopress-uploader.js
wp-content/plugins/jetpack/modules/videopress/shortcode.php
wp-content/plugins/jetpack/modules/videopress/videopress-admin-rtl.css
wp-content/plugins/jetpack/modules/videopress/videopress-admin-rtl.min.css
wp-content/plugins/jetpack/modules/videopress/videopress-admin.css
wp-content/plugins/jetpack/modules/videopress/videopress-admin.min.css
wp-content/plugins/jetpack/modules/waf.php
wp-content/plugins/jetpack/modules/widget-visibility.php
wp-content/plugins/jetpack/modules/widget-visibility/widget-conditions.php
wp-content/plugins/jetpack/modules/widget-visibility/widget-conditions/rtl/widget-conditions-rtl.css
wp-content/plugins/jetpack/modules/widget-visibility/widget-conditions/widget-conditions-rtl.css
wp-content/plugins/jetpack/modules/widget-visibility/widget-conditions/widget-conditions-rtl.min.css
wp-content/plugins/jetpack/modules/widget-visibility/widget-conditions/widget-conditions.css
wp-content/plugins/jetpack/modules/widget-visibility/widget-conditions/widget-conditions.js
wp-content/plugins/jetpack/modules/widget-visibility/widget-conditions/widget-conditions.min.css
wp-content/plugins/jetpack/modules/widgets.php
wp-content/plugins/jetpack/modules/widgets/authors.php
wp-content/plugins/jetpack/modules/widgets/authors/style.css
wp-content/plugins/jetpack/modules/widgets/blog-stats.php
wp-content/plugins/jetpack/modules/widgets/class-jetpack-eu-cookie-law-widget.php
wp-content/plugins/jetpack/modules/widgets/class-jetpack-instagram-widget.php
wp-content/plugins/jetpack/modules/widgets/contact-info.php
wp-content/plugins/jetpack/modules/widgets/contact-info/contact-info-admin.js
wp-content/plugins/jetpack/modules/widgets/contact-info/contact-info-map.css
wp-content/plugins/jetpack/modules/widgets/customizer-controls.css
wp-content/plugins/jetpack/modules/widgets/customizer-utils.js
wp-content/plugins/jetpack/modules/widgets/eu-cookie-law/eu-cookie-law-admin.js
wp-content/plugins/jetpack/modules/widgets/eu-cookie-law/eu-cookie-law.js
wp-content/plugins/jetpack/modules/widgets/eu-cookie-law/form.php
wp-content/plugins/jetpack/modules/widgets/eu-cookie-law/style.css
wp-content/plugins/jetpack/modules/widgets/eu-cookie-law/widget-amp.php
wp-content/plugins/jetpack/modules/widgets/eu-cookie-law/widget.php
wp-content/plugins/jetpack/modules/widgets/facebook-likebox.php
wp-content/plugins/jetpack/modules/widgets/facebook-likebox/style.css
wp-content/plugins/jetpack/modules/widgets/flickr.php
wp-content/plugins/jetpack/modules/widgets/flickr/form.php
wp-content/plugins/jetpack/modules/widgets/flickr/style.css
wp-content/plugins/jetpack/modules/widgets/flickr/widget.php
wp-content/plugins/jetpack/modules/widgets/gallery.php
wp-content/plugins/jetpack/modules/widgets/gallery/css/admin-rtl.css
wp-content/plugins/jetpack/modules/widgets/gallery/css/admin-rtl.min.css
wp-content/plugins/jetpack/modules/widgets/gallery/css/admin.css
wp-content/plugins/jetpack/modules/widgets/gallery/css/admin.min.css
wp-content/plugins/jetpack/modules/widgets/gallery/css/rtl/admin-rtl.css
wp-content/plugins/jetpack/modules/widgets/gallery/js/admin.js
wp-content/plugins/jetpack/modules/widgets/gallery/js/gallery.js
wp-content/plugins/jetpack/modules/widgets/gallery/templates/form.php
wp-content/plugins/jetpack/modules/widgets/goodreads.php
wp-content/plugins/jetpack/modules/widgets/goodreads/css/goodreads.css
wp-content/plugins/jetpack/modules/widgets/goodreads/css/rtl/goodreads-rtl.css
wp-content/plugins/jetpack/modules/widgets/google-translate.php
wp-content/plugins/jetpack/modules/widgets/google-translate/google-translate.js
wp-content/plugins/jetpack/modules/widgets/gravatar-profile.css
wp-content/plugins/jetpack/modules/widgets/gravatar-profile.php
wp-content/plugins/jetpack/modules/widgets/image-widget.php
wp-content/plugins/jetpack/modules/widgets/image-widget/style.css
wp-content/plugins/jetpack/modules/widgets/instagram/instagram.css
wp-content/plugins/jetpack/modules/widgets/internet-defense-league.php
wp-content/plugins/jetpack/modules/widgets/internet-defense-league/shield_badge.png
wp-content/plugins/jetpack/modules/widgets/internet-defense-league/side_bar_badge.png
wp-content/plugins/jetpack/modules/widgets/internet-defense-league/super_badge.png
wp-content/plugins/jetpack/modules/widgets/mailchimp.php
wp-content/plugins/jetpack/modules/widgets/milestone.php
wp-content/plugins/jetpack/modules/widgets/milestone/admin.js
wp-content/plugins/jetpack/modules/widgets/milestone/class-milestone-widget.php
wp-content/plugins/jetpack/modules/widgets/milestone/milestone-widget.css
wp-content/plugins/jetpack/modules/widgets/milestone/milestone.js
wp-content/plugins/jetpack/modules/widgets/milestone/milestone.php
wp-content/plugins/jetpack/modules/widgets/milestone/style-admin.css
wp-content/plugins/jetpack/modules/widgets/my-community.php
wp-content/plugins/jetpack/modules/widgets/my-community/style.css
wp-content/plugins/jetpack/modules/widgets/rsslinks-widget.php
wp-content/plugins/jetpack/modules/widgets/simple-payments.php
wp-content/plugins/jetpack/modules/widgets/simple-payments/admin-warning.php
wp-content/plugins/jetpack/modules/widgets/simple-payments/customizer.css
wp-content/plugins/jetpack/modules/widgets/simple-payments/customizer.js
wp-content/plugins/jetpack/modules/widgets/simple-payments/form.php
wp-content/plugins/jetpack/modules/widgets/simple-payments/style.css
wp-content/plugins/jetpack/modules/widgets/simple-payments/widget.php
wp-content/plugins/jetpack/modules/widgets/social-icons.php
wp-content/plugins/jetpack/modules/widgets/social-icons/social-icons-admin.css
wp-content/plugins/jetpack/modules/widgets/social-icons/social-icons-admin.js
wp-content/plugins/jetpack/modules/widgets/social-icons/social-icons.css
wp-content/plugins/jetpack/modules/widgets/social-media-icons.php
wp-content/plugins/jetpack/modules/widgets/social-media-icons/style.css
wp-content/plugins/jetpack/modules/widgets/top-posts.php
wp-content/plugins/jetpack/modules/widgets/top-posts/style.css
wp-content/plugins/jetpack/modules/widgets/twitter-timeline-admin.js
wp-content/plugins/jetpack/modules/widgets/twitter-timeline.php
wp-content/plugins/jetpack/modules/widgets/upcoming-events.php
wp-content/plugins/jetpack/modules/widgets/wordpress-post-widget.php
wp-content/plugins/jetpack/modules/widgets/wordpress-post-widget/class.jetpack-display-posts-widget-base.php
wp-content/plugins/jetpack/modules/widgets/wordpress-post-widget/class.jetpack-display-posts-widget.php
wp-content/plugins/jetpack/modules/widgets/wordpress-post-widget/style.css
wp-content/plugins/jetpack/modules/woocommerce-analytics.php
wp-content/plugins/jetpack/modules/woocommerce-analytics/class-jetpack-woocommerce-analytics.php
wp-content/plugins/jetpack/modules/woocommerce-analytics/classes/class-jetpack-woocommerce-analytics-checkout-flow.php
wp-content/plugins/jetpack/modules/woocommerce-analytics/classes/class-jetpack-woocommerce-analytics-my-account.php
wp-content/plugins/jetpack/modules/woocommerce-analytics/classes/class-jetpack-woocommerce-analytics-trait.php
wp-content/plugins/jetpack/modules/woocommerce-analytics/classes/class-jetpack-woocommerce-analytics-universal.php
wp-content/plugins/jetpack/modules/wordads.php
wp-content/plugins/jetpack/modules/wordads/class-wordads.php
wp-content/plugins/jetpack/modules/wordads/css/style.css
wp-content/plugins/jetpack/modules/wordads/js/adflow-loader.js
wp-content/plugins/jetpack/modules/wordads/js/cmp-loader.js
wp-content/plugins/jetpack/modules/wordads/js/wordads-ccpa.js
wp-content/plugins/jetpack/modules/wordads/php/class-wordads-admin.php
wp-content/plugins/jetpack/modules/wordads/php/class-wordads-api.php
wp-content/plugins/jetpack/modules/wordads/php/class-wordads-array-utils.php
wp-content/plugins/jetpack/modules/wordads/php/class-wordads-california-privacy.php
wp-content/plugins/jetpack/modules/wordads/php/class-wordads-ccpa-do-not-sell-link-widget.php
wp-content/plugins/jetpack/modules/wordads/php/class-wordads-consent-management-provider.php
wp-content/plugins/jetpack/modules/wordads/php/class-wordads-cron.php
wp-content/plugins/jetpack/modules/wordads/php/class-wordads-params.php
wp-content/plugins/jetpack/modules/wordads/php/class-wordads-shortcode.php
wp-content/plugins/jetpack/modules/wordads/php/class-wordads-sidebar-widget.php
wp-content/plugins/jetpack/modules/wordads/php/class-wordads-smart.php
wp-content/plugins/jetpack/modules/wordads/php/networks/amazon.php
wp-content/plugins/jetpack/modules/wpcom-tos/wpcom-tos.php
wp-content/plugins/jetpack/modules/wpgroho.js
wp-content/plugins/jetpack/readme.txt
wp-content/plugins/jetpack/sal/class.json-api-date.php
wp-content/plugins/jetpack/sal/class.json-api-links.php
wp-content/plugins/jetpack/sal/class.json-api-metadata.php
wp-content/plugins/jetpack/sal/class.json-api-platform-jetpack.php
wp-content/plugins/jetpack/sal/class.json-api-platform.php
wp-content/plugins/jetpack/sal/class.json-api-post-base.php
wp-content/plugins/jetpack/sal/class.json-api-post-jetpack.php
wp-content/plugins/jetpack/sal/class.json-api-site-base.php
wp-content/plugins/jetpack/sal/class.json-api-site-jetpack-base.php
wp-content/plugins/jetpack/sal/class.json-api-site-jetpack.php
wp-content/plugins/jetpack/sal/class.json-api-token.php
wp-content/plugins/jetpack/src/class-deprecate.php
wp-content/plugins/jetpack/src/class-jetpack-crm-data.php
wp-content/plugins/jetpack/src/class-jetpack-modules-overrides.php
wp-content/plugins/jetpack/src/class-tracking.php
wp-content/plugins/jetpack/unauth-file-upload.php
wp-content/plugins/jetpack/uninstall.php
wp-content/plugins/jetpack/vendor/autoload.php
wp-content/plugins/jetpack/vendor/autoload_packages.php
wp-content/plugins/jetpack/vendor/automattic/jetpack-backup/src/class-package-version.php
wp-content/plugins/jetpack/vendor/automattic/jetpack-connection/legacy/class-jetpack-ixr-client.php
wp-content/plugins/jetpack/vendor/automattic/jetpack-connection/legacy/class-jetpack-signature.php
wp-content/plugins/jetpack/vendor/automattic/jetpack-connection/src/class-client.php
wp-content/plugins/jetpack/vendor/automattic/jetpack-connection/src/class-package-version.php
wp-content/plugins/jetpack/vendor/automattic/jetpack-connection/src/class-urls.php
wp-content/plugins/jetpack/vendor/automattic/jetpack-plans/CHANGELOG.md
wp-content/plugins/jetpack/vendor/automattic/jetpack-plans/LICENSE.txt
wp-content/plugins/jetpack/vendor/automattic/jetpack-plans/SECURITY.md
wp-content/plugins/jetpack/vendor/automattic/jetpack-plans/src/class-current-plan.php
wp-content/plugins/jetpack/vendor/automattic/jetpack-plans/src/class-plans.php
wp-content/plugins/jetpack/vendor/automattic/jetpack-roles/src/class-roles.php
wp-content/plugins/jetpack/vendor/automattic/jetpack-sync/src/class-functions.php
wp-content/plugins/jetpack/vendor/automattic/jetpack-sync/src/class-package-version.php
wp-content/plugins/jetpack/vendor/automattic/jetpack-sync/src/class-queue-buffer.php
wp-content/plugins/jetpack/vendor/automattic/jetpack-sync/src/class-utils.php
wp-content/plugins/jetpack/vendor/composer/ClassLoader.php
wp-content/plugins/jetpack/vendor/composer/InstalledVersions.php
wp-content/plugins/jetpack/vendor/composer/LICENSE
wp-content/plugins/jetpack/vendor/composer/autoload_classmap.php
wp-content/plugins/jetpack/vendor/composer/autoload_files.php
wp-content/plugins/jetpack/vendor/composer/autoload_namespaces.php
wp-content/plugins/jetpack/vendor/composer/autoload_psr4.php
wp-content/plugins/jetpack/vendor/composer/autoload_real.php
wp-content/plugins/jetpack/vendor/composer/autoload_static.php
wp-content/plugins/jetpack/vendor/composer/installed.json
wp-content/plugins/jetpack/vendor/composer/installed.php
wp-content/plugins/jetpack/vendor/composer/jetpack_autoload_classmap.php
wp-content/plugins/jetpack/vendor/composer/jetpack_autoload_filemap.php
wp-content/plugins/jetpack/vendor/composer/platform_check.php
wp-content/plugins/jetpack/vendor/jetpack-autoloader/class-autoloader-handler.php
wp-content/plugins/jetpack/vendor/jetpack-autoloader/class-autoloader-locator.php
wp-content/plugins/jetpack/vendor/jetpack-autoloader/class-autoloader.php
wp-content/plugins/jetpack/vendor/jetpack-autoloader/class-container.php
wp-content/plugins/jetpack/vendor/jetpack-autoloader/class-hook-manager.php
wp-content/plugins/jetpack/vendor/jetpack-autoloader/class-latest-autoloader-guard.php
wp-content/plugins/jetpack/vendor/jetpack-autoloader/class-manifest-reader.php
wp-content/plugins/jetpack/vendor/jetpack-autoloader/class-path-processor.php
wp-content/plugins/jetpack/vendor/jetpack-autoloader/class-php-autoloader.php
wp-content/plugins/jetpack/vendor/jetpack-autoloader/class-plugin-locator.php
wp-content/plugins/jetpack/vendor/jetpack-autoloader/class-plugins-handler.php
wp-content/plugins/jetpack/vendor/jetpack-autoloader/class-shutdown-handler.php
wp-content/plugins/jetpack/vendor/jetpack-autoloader/class-version-loader.php
wp-content/plugins/jetpack/vendor/jetpack-autoloader/class-version-selector.php
wp-content/plugins/jetpack/vendor/scssphp/scssphp/LICENSE.md
wp-content/plugins/jetpack/vendor/scssphp/scssphp/README.md
wp-content/plugins/jetpack/vendor/scssphp/scssphp/bin/pscss
wp-content/plugins/jetpack/vendor/scssphp/scssphp/composer.json
wp-content/plugins/jetpack/vendor/scssphp/scssphp/scss.inc.php
wp-content/plugins/jetpack/vendor/scssphp/scssphp/src/Base/Range.php
wp-content/plugins/jetpack/vendor/scssphp/scssphp/src/Block.php
wp-content/plugins/jetpack/vendor/scssphp/scssphp/src/Block/AtRootBlock.php
wp-content/plugins/jetpack/vendor/scssphp/scssphp/src/Block/CallableBlock.php
wp-content/plugins/jetpack/vendor/scssphp/scssphp/src/Block/ContentBlock.php
wp-content/plugins/jetpack/vendor/scssphp/scssphp/src/Block/DirectiveBlock.php
wp-content/plugins/jetpack/vendor/scssphp/scssphp/src/Block/EachBlock.php
wp-content/plugins/jetpack/vendor/scssphp/scssphp/src/Block/ElseBlock.php
wp-content/plugins/jetpack/vendor/scssphp/scssphp/src/Block/ElseifBlock.php
wp-content/plugins/jetpack/vendor/scssphp/scssphp/src/Block/ForBlock.php
wp-content/plugins/jetpack/vendor/scssphp/scssphp/src/Block/IfBlock.php
wp-content/plugins/jetpack/vendor/scssphp/scssphp/src/Block/MediaBlock.php
wp-content/plugins/jetpack/vendor/scssphp/scssphp/src/Block/NestedPropertyBlock.php
wp-content/plugins/jetpack/vendor/scssphp/scssphp/src/Block/WhileBlock.php
wp-content/plugins/jetpack/vendor/scssphp/scssphp/src/Cache.php
wp-content/plugins/jetpack/vendor/scssphp/scssphp/src/Colors.php
wp-content/plugins/jetpack/vendor/scssphp/scssphp/src/CompilationResult.php
wp-content/plugins/jetpack/vendor/scssphp/scssphp/src/Compiler.php
wp-content/plugins/jetpack/vendor/scssphp/scssphp/src/Compiler/CachedResult.php
wp-content/plugins/jetpack/vendor/scssphp/scssphp/src/Compiler/Environment.php
wp-content/plugins/jetpack/vendor/scssphp/scssphp/src/Exception/CompilerException.php
wp-content/plugins/jetpack/vendor/scssphp/scssphp/src/Exception/ParserException.php
wp-content/plugins/jetpack/vendor/scssphp/scssphp/src/Exception/RangeException.php
wp-content/plugins/jetpack/vendor/scssphp/scssphp/src/Exception/SassException.php
wp-content/plugins/jetpack/vendor/scssphp/scssphp/src/Exception/SassScriptException.php
wp-content/plugins/jetpack/vendor/scssphp/scssphp/src/Exception/ServerException.php
wp-content/plugins/jetpack/vendor/scssphp/scssphp/src/Formatter.php
wp-content/plugins/jetpack/vendor/scssphp/scssphp/src/Formatter/Compact.php
wp-content/plugins/jetpack/vendor/scssphp/scssphp/src/Formatter/Compressed.php
wp-content/plugins/jetpack/vendor/scssphp/scssphp/src/Formatter/Crunched.php
wp-content/plugins/jetpack/vendor/scssphp/scssphp/src/Formatter/Debug.php
wp-content/plugins/jetpack/vendor/scssphp/scssphp/src/Formatter/Expanded.php
wp-content/plugins/jetpack/vendor/scssphp/scssphp/src/Formatter/Nested.php
wp-content/plugins/jetpack/vendor/scssphp/scssphp/src/Formatter/OutputBlock.php
wp-content/plugins/jetpack/vendor/scssphp/scssphp/src/Logger/LoggerInterface.php
wp-content/plugins/jetpack/vendor/scssphp/scssphp/src/Logger/QuietLogger.php
wp-content/plugins/jetpack/vendor/scssphp/scssphp/src/Logger/StreamLogger.php
wp-content/plugins/jetpack/vendor/scssphp/scssphp/src/Node.php
wp-content/plugins/jetpack/vendor/scssphp/scssphp/src/Node/Number.php
wp-content/plugins/jetpack/vendor/scssphp/scssphp/src/OutputStyle.php
wp-content/plugins/jetpack/vendor/scssphp/scssphp/src/Parser.php
wp-content/plugins/jetpack/vendor/scssphp/scssphp/src/SourceMap/Base64.php
wp-content/plugins/jetpack/vendor/scssphp/scssphp/src/SourceMap/Base64VLQ.php
wp-content/plugins/jetpack/vendor/scssphp/scssphp/src/SourceMap/SourceMapGenerator.php
wp-content/plugins/jetpack/vendor/scssphp/scssphp/src/Type.php
wp-content/plugins/jetpack/vendor/scssphp/scssphp/src/Util.php
wp-content/plugins/jetpack/vendor/scssphp/scssphp/src/Util/Path.php
wp-content/plugins/jetpack/vendor/scssphp/scssphp/src/ValueConverter.php
wp-content/plugins/jetpack/vendor/scssphp/scssphp/src/Version.php
wp-content/plugins/jetpack/vendor/scssphp/scssphp/src/Warn.php
wp-content/plugins/jetpack/vendor/wikimedia/aho-corasick/LICENSE
wp-content/plugins/jetpack/vendor/wikimedia/aho-corasick/NOTICE
wp-content/plugins/jetpack/vendor/wikimedia/aho-corasick/README.md
wp-content/plugins/jetpack/vendor/wikimedia/aho-corasick/bench/bench.php
wp-content/plugins/jetpack/vendor/wikimedia/aho-corasick/bench/check.php
wp-content/plugins/jetpack/vendor/wikimedia/aho-corasick/src/MultiStringMatcher.php
wp-content/plugins/jetpack/vendor/wikimedia/aho-corasick/src/MultiStringReplacer.php
wp-content/plugins/jetpack/views/admin/jetpack-plugin-portal-containers.php
wp-content/plugins/jetpack/views/admin/must-connect-main-blog.php
wp-content/plugins/jetpack/views/admin/network-activated-notice.php
wp-content/plugins/jetpack/views/admin/network-admin-header.php
wp-content/plugins/jetpack/views/admin/network-settings.php
wp-content/plugins/jetpack/wpml-config.xml
wp-content/plugins/layout-grid/block.json
wp-content/plugins/layout-grid/blocks/layout-grid.php
wp-content/plugins/layout-grid/editor.css
wp-content/plugins/layout-grid/index.asset.php
wp-content/plugins/layout-grid/index.js
wp-content/plugins/layout-grid/index.php
wp-content/plugins/layout-grid/layout-grid-ar-168726dbe96b3ce427e7fedce31bb0bc.json
wp-content/plugins/layout-grid/layout-grid-ar.mo
wp-content/plugins/layout-grid/layout-grid-ar.po
wp-content/plugins/layout-grid/layout-grid-ca-168726dbe96b3ce427e7fedce31bb0bc.json
wp-content/plugins/layout-grid/layout-grid-ca.l10n.php
wp-content/plugins/layout-grid/layout-grid-ca.mo
wp-content/plugins/layout-grid/layout-grid-ca.po
wp-content/plugins/layout-grid/layout-grid-de_DE-168726dbe96b3ce427e7fedce31bb0bc.json
wp-content/plugins/layout-grid/layout-grid-de_DE.mo
wp-content/plugins/layout-grid/layout-grid-de_DE.po
wp-content/plugins/layout-grid/layout-grid-de_DE_formal-168726dbe96b3ce427e7fedce31bb0bc.json
wp-content/plugins/layout-grid/layout-grid-de_DE_formal.mo
wp-content/plugins/layout-grid/layout-grid-de_DE_formal.po
wp-content/plugins/layout-grid/layout-grid-es_ES-168726dbe96b3ce427e7fedce31bb0bc.json
wp-content/plugins/layout-grid/layout-grid-es_ES.mo
wp-content/plugins/layout-grid/layout-grid-es_ES.po
wp-content/plugins/layout-grid/layout-grid-es_VE-168726dbe96b3ce427e7fedce31bb0bc.json
wp-content/plugins/layout-grid/layout-grid-es_VE.mo
wp-content/plugins/layout-grid/layout-grid-es_VE.po
wp-content/plugins/layout-grid/layout-grid-fr_FR-168726dbe96b3ce427e7fedce31bb0bc.json
wp-content/plugins/layout-grid/layout-grid-fr_FR.mo
wp-content/plugins/layout-grid/layout-grid-fr_FR.po
wp-content/plugins/layout-grid/layout-grid-gl_ES-168726dbe96b3ce427e7fedce31bb0bc.json
wp-content/plugins/layout-grid/layout-grid-gl_ES.mo
wp-content/plugins/layout-grid/layout-grid-gl_ES.po
wp-content/plugins/layout-grid/layout-grid-he_IL-168726dbe96b3ce427e7fedce31bb0bc.json
wp-content/plugins/layout-grid/layout-grid-he_IL.mo
wp-content/plugins/layout-grid/layout-grid-he_IL.po
wp-content/plugins/layout-grid/layout-grid-id_ID-168726dbe96b3ce427e7fedce31bb0bc.json
wp-content/plugins/layout-grid/layout-grid-id_ID.mo
wp-content/plugins/layout-grid/layout-grid-id_ID.po
wp-content/plugins/layout-grid/layout-grid-it_IT-168726dbe96b3ce427e7fedce31bb0bc.json
wp-content/plugins/layout-grid/layout-grid-it_IT.mo
wp-content/plugins/layout-grid/layout-grid-it_IT.po
wp-content/plugins/layout-grid/layout-grid-ja-168726dbe96b3ce427e7fedce31bb0bc.json
wp-content/plugins/layout-grid/layout-grid-ja.mo
wp-content/plugins/layout-grid/layout-grid-ja.po
wp-content/plugins/layout-grid/layout-grid-ko_KR-168726dbe96b3ce427e7fedce31bb0bc.json
wp-content/plugins/layout-grid/layout-grid-ko_KR.mo
wp-content/plugins/layout-grid/layout-grid-ko_KR.po
wp-content/plugins/layout-grid/layout-grid-nb_NO-168726dbe96b3ce427e7fedce31bb0bc.json
wp-content/plugins/layout-grid/layout-grid-nb_NO.mo
wp-content/plugins/layout-grid/layout-grid-nb_NO.po
wp-content/plugins/layout-grid/layout-grid-nl_BE-168726dbe96b3ce427e7fedce31bb0bc.json
wp-content/plugins/layout-grid/layout-grid-nl_BE.mo
wp-content/plugins/layout-grid/layout-grid-nl_BE.po
wp-content/plugins/layout-grid/layout-grid-nl_NL-168726dbe96b3ce427e7fedce31bb0bc.json
wp-content/plugins/layout-grid/layout-grid-nl_NL.mo
wp-content/plugins/layout-grid/layout-grid-nl_NL.po
wp-content/plugins/layout-grid/layout-grid-pt_BR-168726dbe96b3ce427e7fedce31bb0bc.json
wp-content/plugins/layout-grid/layout-grid-pt_BR.mo
wp-content/plugins/layout-grid/layout-grid-pt_BR.po
wp-content/plugins/layout-grid/layout-grid-ru_RU-168726dbe96b3ce427e7fedce31bb0bc.json
wp-content/plugins/layout-grid/layout-grid-ru_RU.mo
wp-content/plugins/layout-grid/layout-grid-ru_RU.po
wp-content/plugins/layout-grid/layout-grid-sv_SE-168726dbe96b3ce427e7fedce31bb0bc.json
wp-content/plugins/layout-grid/layout-grid-sv_SE.mo
wp-content/plugins/layout-grid/layout-grid-sv_SE.po
wp-content/plugins/layout-grid/layout-grid-tr_TR-168726dbe96b3ce427e7fedce31bb0bc.json
wp-content/plugins/layout-grid/layout-grid-tr_TR.mo
wp-content/plugins/layout-grid/layout-grid-tr_TR.po
wp-content/plugins/layout-grid/layout-grid-zh_CN-168726dbe96b3ce427e7fedce31bb0bc.json
wp-content/plugins/layout-grid/layout-grid-zh_CN.mo
wp-content/plugins/layout-grid/layout-grid-zh_CN.po
wp-content/plugins/layout-grid/layout-grid-zh_TW-168726dbe96b3ce427e7fedce31bb0bc.json
wp-content/plugins/layout-grid/layout-grid-zh_TW.mo
wp-content/plugins/layout-grid/layout-grid-zh_TW.po
wp-content/plugins/layout-grid/license.txt
wp-content/plugins/layout-grid/readme.txt
wp-content/plugins/layout-grid/style.css
wp-content/plugins/page-optimize/LICENSE
wp-content/plugins/page-optimize/composer.json
wp-content/plugins/page-optimize/composer.lock
wp-content/plugins/page-optimize/concat-css.php
wp-content/plugins/page-optimize/concat-js.php
wp-content/plugins/page-optimize/cssmin/Colors.php
wp-content/plugins/page-optimize/cssmin/Minifier.php
wp-content/plugins/page-optimize/cssmin/Utils.php
wp-content/plugins/page-optimize/cssmin/cssmin.php
wp-content/plugins/page-optimize/dependency-path-mapping.php
wp-content/plugins/page-optimize/page-optimize.php
wp-content/plugins/page-optimize/phpunit.xml.dist
wp-content/plugins/page-optimize/readme.txt
wp-content/plugins/page-optimize/service.php
wp-content/plugins/page-optimize/settings.php
wp-content/plugins/page-optimize/tests/bootstrap.php
wp-content/plugins/page-optimize/tests/data/url-to-file-mapping/content/exists
wp-content/plugins/page-optimize/tests/data/url-to-file-mapping/content/plugins/exists
wp-content/plugins/page-optimize/tests/data/url-to-file-mapping/plugins/exists
wp-content/plugins/page-optimize/tests/data/url-to-file-mapping/site/content/exists
wp-content/plugins/page-optimize/tests/data/url-to-file-mapping/site/content/plugins/exists
wp-content/plugins/page-optimize/tests/data/url-to-file-mapping/site/exists
wp-content/plugins/page-optimize/tests/data/url-to-file-mapping/site/plugins/exists
wp-content/plugins/page-optimize/tests/test_URL_to_file_mapping.php
wp-content/plugins/page-optimize/utils.php
wp-content/plugins/polldaddy/admin-styles.css
wp-content/plugins/polldaddy/ajax.php
wp-content/plugins/polldaddy/css/automatticons-regular-webfont.eot
wp-content/plugins/polldaddy/css/automatticons-regular-webfont.svg
wp-content/plugins/polldaddy/css/automatticons-regular-webfont.ttf
wp-content/plugins/polldaddy/css/automatticons-regular-webfont.woff
wp-content/plugins/polldaddy/css/polldaddy-rtl.css
wp-content/plugins/polldaddy/css/polldaddy.css
wp-content/plugins/polldaddy/css/style-editor.css
wp-content/plugins/polldaddy/img/box-texture.png
wp-content/plugins/polldaddy/img/draggy-handle.png
wp-content/plugins/polldaddy/img/error-blue.png
wp-content/plugins/polldaddy/img/error-gray.png
wp-content/plugins/polldaddy/img/export-everywhere.png
wp-content/plugins/polldaddy/img/gif/poll-block-v1.1.gif
wp-content/plugins/polldaddy/img/grunion-menu-2x.png
wp-content/plugins/polldaddy/img/grunion-menu-hover-2x.png
wp-content/plugins/polldaddy/img/grunion-menu-hover.png
wp-content/plugins/polldaddy/img/grunion-menu.png
wp-content/plugins/polldaddy/img/icon-clear-search.png
wp-content/plugins/polldaddy/img/icon-reorder.png
wp-content/plugins/polldaddy/img/icon-report-ip-analysis.png
wp-content/plugins/polldaddy/img/info.png
wp-content/plugins/polldaddy/img/info@2x.png
wp-content/plugins/polldaddy/img/item-icons/icon-block-applause.png
wp-content/plugins/polldaddy/img/item-icons/icon-block-feedback.png
wp-content/plugins/polldaddy/img/item-icons/icon-block-nps.png
wp-content/plugins/polldaddy/img/item-icons/icon-block-poll.png
wp-content/plugins/polldaddy/img/item-icons/icon-block-survey-embed.png
wp-content/plugins/polldaddy/img/item-icons/icon-block-voting.png
wp-content/plugins/polldaddy/img/nero-hand-lrg.png
wp-content/plugins/polldaddy/img/nero-hand-lrg@2x.png
wp-content/plugins/polldaddy/img/nero-hand-med.png
wp-content/plugins/polldaddy/img/nero-hand-med@2x.png
wp-content/plugins/polldaddy/img/nero-hand-sml.png
wp-content/plugins/polldaddy/img/nero-hand-sml@2x.png
wp-content/plugins/polldaddy/img/pd-wp-icon-blue-lrg.png
wp-content/plugins/polldaddy/img/pd-wp-icon-blue-lrg@2x.png
wp-content/plugins/polldaddy/img/pd-wp-icon-blue.png
wp-content/plugins/polldaddy/img/pd-wp-icon-gray-lrg.png
wp-content/plugins/polldaddy/img/pd-wp-icon-gray-lrg@2x.png
wp-content/plugins/polldaddy/img/pd-wp-icon-gray.png
wp-content/plugins/polldaddy/img/pd-wp-icon-hover.png
wp-content/plugins/polldaddy/img/pd-wp-icon.png
wp-content/plugins/polldaddy/img/pd-wp-icons.png
wp-content/plugins/polldaddy/img/polldaddy.png
wp-content/plugins/polldaddy/img/polldaddy@2x.png
wp-content/plugins/polldaddy/img/rate-graph-dn.png
wp-content/plugins/polldaddy/img/rate-graph-up.png
wp-content/plugins/polldaddy/img/st-alum-light.png
wp-content/plugins/polldaddy/img/st-loader.gif
wp-content/plugins/polldaddy/img/st-manga.png
wp-content/plugins/polldaddy/img/st-micro.png
wp-content/plugins/polldaddy/img/st-music.png
wp-content/plugins/polldaddy/img/st-paper.png
wp-content/plugins/polldaddy/img/st-plain-dark.png
wp-content/plugins/polldaddy/img/st-plain-light.png
wp-content/plugins/polldaddy/img/st-plastic-black.png
wp-content/plugins/polldaddy/img/st-plastic-grey.png
wp-content/plugins/polldaddy/img/st-plastic-white.png
wp-content/plugins/polldaddy/img/st-skull-dark.png
wp-content/plugins/polldaddy/img/st-skull-light.png
wp-content/plugins/polldaddy/img/st-sunset.png
wp-content/plugins/polldaddy/img/st-tech-dark.png
wp-content/plugins/polldaddy/img/st-tech-grey.png
wp-content/plugins/polldaddy/img/st-tech-light.png
wp-content/plugins/polldaddy/img/st-thinking-female.png
wp-content/plugins/polldaddy/img/st-thinking-male.png
wp-content/plugins/polldaddy/img/st-working-female.png
wp-content/plugins/polldaddy/img/st-working-male.png
wp-content/plugins/polldaddy/img/star-blue-lrg.png
wp-content/plugins/polldaddy/img/star-blue-lrg@2x.png
wp-content/plugins/polldaddy/img/star-blue-med.png
wp-content/plugins/polldaddy/img/star-blue-med@2x.png
wp-content/plugins/polldaddy/img/star-blue-sml.png
wp-content/plugins/polldaddy/img/star-blue-sml@2x.png
wp-content/plugins/polldaddy/img/star-green-lrg.png
wp-content/plugins/polldaddy/img/star-green-lrg@2x.png
wp-content/plugins/polldaddy/img/star-green-med.png
wp-content/plugins/polldaddy/img/star-green-med@2x.png
wp-content/plugins/polldaddy/img/star-green-sml.png
wp-content/plugins/polldaddy/img/star-green-sml@2x.png
wp-content/plugins/polldaddy/img/star-grey-lrg.png
wp-content/plugins/polldaddy/img/star-grey-lrg@2x.png
wp-content/plugins/polldaddy/img/star-grey-med.png
wp-content/plugins/polldaddy/img/star-grey-med@2x.png
wp-content/plugins/polldaddy/img/star-grey-sml.png
wp-content/plugins/polldaddy/img/star-grey-sml@2x.png
wp-content/plugins/polldaddy/img/star-pd-sml.png
wp-content/plugins/polldaddy/img/star-red-lrg.png
wp-content/plugins/polldaddy/img/star-red-lrg@2x.png
wp-content/plugins/polldaddy/img/star-red-med.png
wp-content/plugins/polldaddy/img/star-red-med@2x.png
wp-content/plugins/polldaddy/img/star-red-sml.png
wp-content/plugins/polldaddy/img/star-red-sml@2x.png
wp-content/plugins/polldaddy/img/star-yellow-lrg.png
wp-content/plugins/polldaddy/img/star-yellow-lrg@2x.png
wp-content/plugins/polldaddy/img/star-yellow-med.png
wp-content/plugins/polldaddy/img/star-yellow-med@2x.png
wp-content/plugins/polldaddy/img/star-yellow-sml.png
wp-content/plugins/polldaddy/img/star-yellow-sml@2x.png
wp-content/plugins/polldaddy/img/svg/cs-logo.svg
wp-content/plugins/polldaddy/img/svg/cs-logo2.svg
wp-content/plugins/polldaddy/img/svg/cs-polls.svg
wp-content/plugins/polldaddy/img/svg/icon-block-applause-round.svg
wp-content/plugins/polldaddy/img/svg/icon-block-feedbackButton-round.svg
wp-content/plugins/polldaddy/img/svg/icon-block-nps-round.svg
wp-content/plugins/polldaddy/img/svg/icon-block-poll-round.svg
wp-content/plugins/polldaddy/img/svg/icon-block-project-round.svg
wp-content/plugins/polldaddy/img/svg/icon-block-quiz-round.svg
wp-content/plugins/polldaddy/img/svg/icon-block-rating-round.svg
wp-content/plugins/polldaddy/img/svg/icon-block-survey-round.svg
wp-content/plugins/polldaddy/img/svg/icon-block-voting-round.svg
wp-content/plugins/polldaddy/img/svg/lock.svg
wp-content/plugins/polldaddy/img/video/applause-block-tutorial.mp4
wp-content/plugins/polldaddy/img/video/embed-crowdsignal.mp4
wp-content/plugins/polldaddy/img/video/feedback-button-block-tutorial.mp4
wp-content/plugins/polldaddy/img/video/nps-block-tutorial.mp4
wp-content/plugins/polldaddy/img/video/poll-block-tutorial.mp4
wp-content/plugins/polldaddy/img/video/slider-crowdsignal.mp4
wp-content/plugins/polldaddy/img/video/survey-embed-tutorial.mp4
wp-content/plugins/polldaddy/img/video/vote-block-tutorial.mp4
wp-content/plugins/polldaddy/js/common.js
wp-content/plugins/polldaddy/js/jscolor.js
wp-content/plugins/polldaddy/js/poll-style-picker.js
wp-content/plugins/polldaddy/js/polldaddy-shortcode.js
wp-content/plugins/polldaddy/js/polldaddy.js
wp-content/plugins/polldaddy/js/rating.js
wp-content/plugins/polldaddy/js/style-editor.js
wp-content/plugins/polldaddy/locale/polldaddy-ar.mo
wp-content/plugins/polldaddy/locale/polldaddy-ar.po
wp-content/plugins/polldaddy/locale/polldaddy-bg.mo
wp-content/plugins/polldaddy/locale/polldaddy-bg.po
wp-content/plugins/polldaddy/locale/polldaddy-bs.mo
wp-content/plugins/polldaddy/locale/polldaddy-bs.po
wp-content/plugins/polldaddy/locale/polldaddy-cs.mo
wp-content/plugins/polldaddy/locale/polldaddy-cs.po
wp-content/plugins/polldaddy/locale/polldaddy-da.mo
wp-content/plugins/polldaddy/locale/polldaddy-da.po
wp-content/plugins/polldaddy/locale/polldaddy-de.mo
wp-content/plugins/polldaddy/locale/polldaddy-de.po
wp-content/plugins/polldaddy/locale/polldaddy-el-po.mo
wp-content/plugins/polldaddy/locale/polldaddy-el-po.po
wp-content/plugins/polldaddy/locale/polldaddy-es.mo
wp-content/plugins/polldaddy/locale/polldaddy-es.po
wp-content/plugins/polldaddy/locale/polldaddy-fa.mo
wp-content/plugins/polldaddy/locale/polldaddy-fa.po
wp-content/plugins/polldaddy/locale/polldaddy-fi.mo
wp-content/plugins/polldaddy/locale/polldaddy-fi.po
wp-content/plugins/polldaddy/locale/polldaddy-fr-ca.mo
wp-content/plugins/polldaddy/locale/polldaddy-fr-ca.po
wp-content/plugins/polldaddy/locale/polldaddy-fr-ch.mo
wp-content/plugins/polldaddy/locale/polldaddy-fr-ch.po
wp-content/plugins/polldaddy/locale/polldaddy-fr.mo
wp-content/plugins/polldaddy/locale/polldaddy-fr.po
wp-content/plugins/polldaddy/locale/polldaddy-ga.mo
wp-content/plugins/polldaddy/locale/polldaddy-ga.po
wp-content/plugins/polldaddy/locale/polldaddy-gl.mo
wp-content/plugins/polldaddy/locale/polldaddy-gl.po
wp-content/plugins/polldaddy/locale/polldaddy-he.mo
wp-content/plugins/polldaddy/locale/polldaddy-he.po
wp-content/plugins/polldaddy/locale/polldaddy-hr.mo
wp-content/plugins/polldaddy/locale/polldaddy-hr.po
wp-content/plugins/polldaddy/locale/polldaddy-hu.mo
wp-content/plugins/polldaddy/locale/polldaddy-hu.po
wp-content/plugins/polldaddy/locale/polldaddy-id.mo
wp-content/plugins/polldaddy/locale/polldaddy-id.po
wp-content/plugins/polldaddy/locale/polldaddy-it.mo
wp-content/plugins/polldaddy/locale/polldaddy-it.po
wp-content/plugins/polldaddy/locale/polldaddy-ja.mo
wp-content/plugins/polldaddy/locale/polldaddy-ja.po
wp-content/plugins/polldaddy/locale/polldaddy-km.mo
wp-content/plugins/polldaddy/locale/polldaddy-km.po
wp-content/plugins/polldaddy/locale/polldaddy-ko.mo
wp-content/plugins/polldaddy/locale/polldaddy-ko.po
wp-content/plugins/polldaddy/locale/polldaddy-lt.mo
wp-content/plugins/polldaddy/locale/polldaddy-lt.po
wp-content/plugins/polldaddy/locale/polldaddy-ms.mo
wp-content/plugins/polldaddy/locale/polldaddy-ms.po
wp-content/plugins/polldaddy/locale/polldaddy-nl.mo
wp-content/plugins/polldaddy/locale/polldaddy-nl.po
wp-content/plugins/polldaddy/locale/polldaddy-nn.mo
wp-content/plugins/polldaddy/locale/polldaddy-nn.po
wp-content/plugins/polldaddy/locale/polldaddy-pl.mo
wp-content/plugins/polldaddy/locale/polldaddy-pl.po
wp-content/plugins/polldaddy/locale/polldaddy-pt-br.mo
wp-content/plugins/polldaddy/locale/polldaddy-pt-br.po
wp-content/plugins/polldaddy/locale/polldaddy-pt.mo
wp-content/plugins/polldaddy/locale/polldaddy-pt.po
wp-content/plugins/polldaddy/locale/polldaddy-ro.mo
wp-content/plugins/polldaddy/locale/polldaddy-ro.po
wp-content/plugins/polldaddy/locale/polldaddy-sk.mo
wp-content/plugins/polldaddy/locale/polldaddy-sk.po
wp-content/plugins/polldaddy/locale/polldaddy-sr.mo
wp-content/plugins/polldaddy/locale/polldaddy-sr.po
wp-content/plugins/polldaddy/locale/polldaddy-sv.mo
wp-content/plugins/polldaddy/locale/polldaddy-sv.po
wp-content/plugins/polldaddy/locale/polldaddy-te.mo
wp-content/plugins/polldaddy/locale/polldaddy-te.po
wp-content/plugins/polldaddy/locale/polldaddy-tr.mo
wp-content/plugins/polldaddy/locale/polldaddy-tr.po
wp-content/plugins/polldaddy/locale/polldaddy-zh-tw.mo
wp-content/plugins/polldaddy/locale/polldaddy-zh-tw.po
wp-content/plugins/polldaddy/locale/polldaddy.pot
wp-content/plugins/polldaddy/partials/api-key-page.php
wp-content/plugins/polldaddy/partials/crowdsignal-landing-page.php
wp-content/plugins/polldaddy/partials/errors.php
wp-content/plugins/polldaddy/partials/html-admin-setup-footer.php
wp-content/plugins/polldaddy/partials/html-admin-setup-header.php
wp-content/plugins/polldaddy/partials/html-admin-setup-step-1.php
wp-content/plugins/polldaddy/partials/html-admin-setup-step-2.php
wp-content/plugins/polldaddy/partials/html-admin-setup-step-3.php
wp-content/plugins/polldaddy/partials/html-admin-teaser.php
wp-content/plugins/polldaddy/partials/index.php
wp-content/plugins/polldaddy/partials/poll-edit-form.php
wp-content/plugins/polldaddy/partials/polls-table.php
wp-content/plugins/polldaddy/partials/settings-2.php
wp-content/plugins/polldaddy/partials/settings.php
wp-content/plugins/polldaddy/polldaddy-client.php
wp-content/plugins/polldaddy/polldaddy-org.php
wp-content/plugins/polldaddy/polldaddy-shortcode.php
wp-content/plugins/polldaddy/polldaddy-xml.php
wp-content/plugins/polldaddy/polldaddy.php
wp-content/plugins/polldaddy/popups.php
wp-content/plugins/polldaddy/rating.php
wp-content/plugins/polldaddy/readme.txt
wp-content/plugins/restrict-content/Contributing.md
wp-content/plugins/restrict-content/LICENSE
wp-content/plugins/restrict-content/composer.json
wp-content/plugins/restrict-content/core/build/content-upgrade-redirect.asset.php
wp-content/plugins/restrict-content/core/build/content-upgrade-redirect.css
wp-content/plugins/restrict-content/core/build/content-upgrade-redirect.js
wp-content/plugins/restrict-content/core/build/index.php
wp-content/plugins/restrict-content/core/build/style-content-upgrade-redirect.css
wp-content/plugins/restrict-content/core/includes/Container.php
wp-content/plugins/restrict-content/core/includes/admin/add-ons.php
wp-content/plugins/restrict-content/core/includes/admin/admin-actions.php
wp-content/plugins/restrict-content/core/includes/admin/admin-ajax-actions.php
wp-content/plugins/restrict-content/core/includes/admin/admin-notices.php
wp-content/plugins/restrict-content/core/includes/admin/admin-pages.php
wp-content/plugins/restrict-content/core/includes/admin/batch/ajax-actions.php
wp-content/plugins/restrict-content/core/includes/admin/batch/index.php
wp-content/plugins/restrict-content/core/includes/admin/class-list-table.php
wp-content/plugins/restrict-content/core/includes/admin/class-rcp-add-on-updater.php
wp-content/plugins/restrict-content/core/includes/admin/class-rcp-upgrades.php
wp-content/plugins/restrict-content/core/includes/admin/customers/add-customer.php
wp-content/plugins/restrict-content/core/includes/admin/customers/class-customers-table.php
wp-content/plugins/restrict-content/core/includes/admin/customers/customer-actions.php
wp-content/plugins/restrict-content/core/includes/admin/customers/customers-page.php
wp-content/plugins/restrict-content/core/includes/admin/customers/edit-customer.php
wp-content/plugins/restrict-content/core/includes/admin/customers/index.php
wp-content/plugins/restrict-content/core/includes/admin/deprecated-admin-functions.php
wp-content/plugins/restrict-content/core/includes/admin/export.php
wp-content/plugins/restrict-content/core/includes/admin/export/export-actions.php
wp-content/plugins/restrict-content/core/includes/admin/export/index.php
wp-content/plugins/restrict-content/core/includes/admin/help/help-menus-setup-old.php
wp-content/plugins/restrict-content/core/includes/admin/help/help-menus-setup.php
wp-content/plugins/restrict-content/core/includes/admin/help/help-menus.php
wp-content/plugins/restrict-content/core/includes/admin/help/index.php
wp-content/plugins/restrict-content/core/includes/admin/import/import-actions.php
wp-content/plugins/restrict-content/core/includes/admin/import/import-functions.php
wp-content/plugins/restrict-content/core/includes/admin/import/index.php
wp-content/plugins/restrict-content/core/includes/admin/index.php
wp-content/plugins/restrict-content/core/includes/admin/members/edit-member.php
wp-content/plugins/restrict-content/core/includes/admin/members/index.php
wp-content/plugins/restrict-content/core/includes/admin/members/member-actions.php
wp-content/plugins/restrict-content/core/includes/admin/members/members-page.php
wp-content/plugins/restrict-content/core/includes/admin/memberships/add-membership.php
wp-content/plugins/restrict-content/core/includes/admin/memberships/cancel-membership.php
wp-content/plugins/restrict-content/core/includes/admin/memberships/class-memberships-table.php
wp-content/plugins/restrict-content/core/includes/admin/memberships/edit-membership.php
wp-content/plugins/restrict-content/core/includes/admin/memberships/index.php
wp-content/plugins/restrict-content/core/includes/admin/memberships/membership-actions.php
wp-content/plugins/restrict-content/core/includes/admin/metabox-view.php
wp-content/plugins/restrict-content/core/includes/admin/metabox.php
wp-content/plugins/restrict-content/core/includes/admin/payments/class-payments-table.php
wp-content/plugins/restrict-content/core/includes/admin/payments/edit-payment.php
wp-content/plugins/restrict-content/core/includes/admin/payments/index.php
wp-content/plugins/restrict-content/core/includes/admin/payments/new-payment.php
wp-content/plugins/restrict-content/core/includes/admin/payments/payment-actions.php
wp-content/plugins/restrict-content/core/includes/admin/payments/payments-page.php
wp-content/plugins/restrict-content/core/includes/admin/post-types/index.php
wp-content/plugins/restrict-content/core/includes/admin/post-types/restrict-post-type-view.php
wp-content/plugins/restrict-content/core/includes/admin/post-types/restrict-post-type.php
wp-content/plugins/restrict-content/core/includes/admin/reminders/index.php
wp-content/plugins/restrict-content/core/includes/admin/reminders/subscription-reminder-view.php
wp-content/plugins/restrict-content/core/includes/admin/reminders/subscription-reminders.php
wp-content/plugins/restrict-content/core/includes/admin/screen-options.php
wp-content/plugins/restrict-content/core/includes/admin/settings/index.php
wp-content/plugins/restrict-content/core/includes/admin/settings/settings.php
wp-content/plugins/restrict-content/core/includes/admin/subscriptions/class-membership-levels-table.php
wp-content/plugins/restrict-content/core/includes/admin/subscriptions/edit-subscription.php
wp-content/plugins/restrict-content/core/includes/admin/subscriptions/index.php
wp-content/plugins/restrict-content/core/includes/admin/subscriptions/subscription-actions.php
wp-content/plugins/restrict-content/core/includes/admin/subscriptions/subscription-levels.php
wp-content/plugins/restrict-content/core/includes/admin/terms.php
wp-content/plugins/restrict-content/core/includes/admin/tools/index.php
wp-content/plugins/restrict-content/core/includes/admin/tools/system-info.php
wp-content/plugins/restrict-content/core/includes/admin/tools/tools-page.php
wp-content/plugins/restrict-content/core/includes/admin/upgrades.php
wp-content/plugins/restrict-content/core/includes/ajax-actions.php
wp-content/plugins/restrict-content/core/includes/batch/abstract-job-callback.php
wp-content/plugins/restrict-content/core/includes/batch/batch-functions.php
wp-content/plugins/restrict-content/core/includes/batch/batch.js
wp-content/plugins/restrict-content/core/includes/batch/class-job.php
wp-content/plugins/restrict-content/core/includes/batch/csv-exports/class-batch-csv-export-base.php
wp-content/plugins/restrict-content/core/includes/batch/csv-exports/class-export-memberships.php
wp-content/plugins/restrict-content/core/includes/batch/csv-exports/class-export-payments.php
wp-content/plugins/restrict-content/core/includes/batch/csv-exports/index.php
wp-content/plugins/restrict-content/core/includes/batch/csv-imports/class-batch-csv-import-base.php
wp-content/plugins/restrict-content/core/includes/batch/csv-imports/class-import-memberships.php
wp-content/plugins/restrict-content/core/includes/batch/csv-imports/class-import-payments.php
wp-content/plugins/restrict-content/core/includes/batch/csv-imports/index.php
wp-content/plugins/restrict-content/core/includes/batch/index.php
wp-content/plugins/restrict-content/core/includes/batch/interface-job-callback.php
wp-content/plugins/restrict-content/core/includes/batch/v3/class-migrate-memberships.php
wp-content/plugins/restrict-content/core/includes/batch/v3/index.php
wp-content/plugins/restrict-content/core/includes/block-functions.php
wp-content/plugins/restrict-content/core/includes/captcha-functions.php
wp-content/plugins/restrict-content/core/includes/class-rcp-base-object.php
wp-content/plugins/restrict-content/core/includes/class-rcp-capabilities.php
wp-content/plugins/restrict-content/core/includes/class-rcp-cli.php
wp-content/plugins/restrict-content/core/includes/class-rcp-component.php
wp-content/plugins/restrict-content/core/includes/class-rcp-emails.php
wp-content/plugins/restrict-content/core/includes/class-rcp-export.php
wp-content/plugins/restrict-content/core/includes/class-rcp-helper-cast.php
wp-content/plugins/restrict-content/core/includes/class-rcp-integrations.php
wp-content/plugins/restrict-content/core/includes/class-rcp-levels.php
wp-content/plugins/restrict-content/core/includes/class-rcp-logging.php
wp-content/plugins/restrict-content/core/includes/class-rcp-member.php
wp-content/plugins/restrict-content/core/includes/class-rcp-payments.php
wp-content/plugins/restrict-content/core/includes/class-rcp-registration.php
wp-content/plugins/restrict-content/core/includes/class-rcp-reminders.php
wp-content/plugins/restrict-content/core/includes/class-rcp-telemetry-info.php
wp-content/plugins/restrict-content/core/includes/class-restrict-content.php
wp-content/plugins/restrict-content/core/includes/compat/class-base.php
wp-content/plugins/restrict-content/core/includes/compat/class-member.php
wp-content/plugins/restrict-content/core/includes/compat/index.php
wp-content/plugins/restrict-content/core/includes/component-functions.php
wp-content/plugins/restrict-content/core/includes/content-filters.php
wp-content/plugins/restrict-content/core/includes/cron-functions.php
wp-content/plugins/restrict-content/core/includes/css/admin-styles.css
wp-content/plugins/restrict-content/core/includes/css/admin-styles.min.css
wp-content/plugins/restrict-content/core/includes/css/fonts/index.php
wp-content/plugins/restrict-content/core/includes/css/fonts/neurial-grotesk-bold.otf
wp-content/plugins/restrict-content/core/includes/css/fonts/neurial-grotesk-regular.otf
wp-content/plugins/restrict-content/core/includes/css/forms.css
wp-content/plugins/restrict-content/core/includes/css/forms.min.css
wp-content/plugins/restrict-content/core/includes/css/icons/freemius-icon-notice.svg
wp-content/plugins/restrict-content/core/includes/css/icons/freemius-icon-plugin.svg
wp-content/plugins/restrict-content/core/includes/css/icons/freemius-icon-profile.svg
wp-content/plugins/restrict-content/core/includes/css/icons/freemius-icon-site.svg
wp-content/plugins/restrict-content/core/includes/css/icons/freemius-icon-themes.svg
wp-content/plugins/restrict-content/core/includes/css/icons/freemius-logo.svg
wp-content/plugins/restrict-content/core/includes/css/icons/index.php
wp-content/plugins/restrict-content/core/includes/css/images/index.php
wp-content/plugins/restrict-content/core/includes/css/images/stripe_setup_background.svg
wp-content/plugins/restrict-content/core/includes/css/images/ui-bg_flat_0_aaaaaa_40x100.png
wp-content/plugins/restrict-content/core/includes/css/images/ui-bg_flat_75_ffffff_40x100.png
wp-content/plugins/restrict-content/core/includes/css/images/ui-bg_glass_55_fbf9ee_1x400.png
wp-content/plugins/restrict-content/core/includes/css/images/ui-bg_glass_65_ffffff_1x400.png
wp-content/plugins/restrict-content/core/includes/css/images/ui-bg_glass_75_dadada_1x400.png
wp-content/plugins/restrict-content/core/includes/css/images/ui-bg_glass_75_e6e6e6_1x400.png
wp-content/plugins/restrict-content/core/includes/css/images/ui-bg_glass_95_fef1ec_1x400.png
wp-content/plugins/restrict-content/core/includes/css/images/ui-bg_highlight-soft_75_cccccc_1x100.png
wp-content/plugins/restrict-content/core/includes/css/images/ui-icons_222222_256x240.png
wp-content/plugins/restrict-content/core/includes/css/images/ui-icons_2e83ff_256x240.png
wp-content/plugins/restrict-content/core/includes/css/images/ui-icons_454545_256x240.png
wp-content/plugins/restrict-content/core/includes/css/images/ui-icons_888888_256x240.png
wp-content/plugins/restrict-content/core/includes/css/images/ui-icons_cd0a0a_256x240.png
wp-content/plugins/restrict-content/core/includes/css/index.php
wp-content/plugins/restrict-content/core/includes/css/rcp-global-admin.css
wp-content/plugins/restrict-content/core/includes/css/rcp-global-admin.min.css
wp-content/plugins/restrict-content/core/includes/css/rcp-wp-overrides.css
wp-content/plugins/restrict-content/core/includes/css/rcp-wp-overrides.min.css
wp-content/plugins/restrict-content/core/includes/customers/class-rcp-customer.php
wp-content/plugins/restrict-content/core/includes/customers/customer-actions.php
wp-content/plugins/restrict-content/core/includes/customers/customer-functions.php
wp-content/plugins/restrict-content/core/includes/customers/index.php
wp-content/plugins/restrict-content/core/includes/database/customers/class-customer-query.php
wp-content/plugins/restrict-content/core/includes/database/customers/class-customers-schema.php
wp-content/plugins/restrict-content/core/includes/database/customers/class-customers-table.php
wp-content/plugins/restrict-content/core/includes/database/customers/index.php
wp-content/plugins/restrict-content/core/includes/database/discounts/class-discount-query.php
wp-content/plugins/restrict-content/core/includes/database/discounts/class-discounts-schema.php
wp-content/plugins/restrict-content/core/includes/database/discounts/class-discounts-table.php
wp-content/plugins/restrict-content/core/includes/database/discounts/index.php
wp-content/plugins/restrict-content/core/includes/database/engine/class-base.php
wp-content/plugins/restrict-content/core/includes/database/engine/class-column.php
wp-content/plugins/restrict-content/core/includes/database/engine/class-compare.php
wp-content/plugins/restrict-content/core/includes/database/engine/class-date.php
wp-content/plugins/restrict-content/core/includes/database/engine/class-query.php
wp-content/plugins/restrict-content/core/includes/database/engine/class-row.php
wp-content/plugins/restrict-content/core/includes/database/engine/class-schema.php
wp-content/plugins/restrict-content/core/includes/database/engine/class-table.php
wp-content/plugins/restrict-content/core/includes/database/engine/index.php
wp-content/plugins/restrict-content/core/includes/database/index.php
wp-content/plugins/restrict-content/core/includes/database/logs/class-log-query.php
wp-content/plugins/restrict-content/core/includes/database/logs/class-logs-schema.php
wp-content/plugins/restrict-content/core/includes/database/logs/class-logs-table.php
wp-content/plugins/restrict-content/core/includes/database/logs/index.php
wp-content/plugins/restrict-content/core/includes/database/membership-counts/class-membership-count-query.php
wp-content/plugins/restrict-content/core/includes/database/membership-counts/class-membership-counts-schema.php
wp-content/plugins/restrict-content/core/includes/database/membership-counts/class-membership-counts-table.php
wp-content/plugins/restrict-content/core/includes/database/membership-counts/index.php
wp-content/plugins/restrict-content/core/includes/database/membership-levels/class-membership-level-query.php
wp-content/plugins/restrict-content/core/includes/database/membership-levels/class-membership-levels-schema.php
wp-content/plugins/restrict-content/core/includes/database/membership-levels/class-membership-levels-table.php
wp-content/plugins/restrict-content/core/includes/database/membership-levels/index.php
wp-content/plugins/restrict-content/core/includes/database/memberships/class-membership-meta-table.php
wp-content/plugins/restrict-content/core/includes/database/memberships/class-membership-query.php
wp-content/plugins/restrict-content/core/includes/database/memberships/class-memberships-schema.php
wp-content/plugins/restrict-content/core/includes/database/memberships/class-memberships-table.php
wp-content/plugins/restrict-content/core/includes/database/memberships/index.php
wp-content/plugins/restrict-content/core/includes/database/queue/class-queue-query.php
wp-content/plugins/restrict-content/core/includes/database/queue/class-queue-schema.php
wp-content/plugins/restrict-content/core/includes/database/queue/class-queue-table.php
wp-content/plugins/restrict-content/core/includes/database/queue/index.php
wp-content/plugins/restrict-content/core/includes/deactivation.php
wp-content/plugins/restrict-content/core/includes/deprecated/class-rcp-discounts.php
wp-content/plugins/restrict-content/core/includes/deprecated/class-rcp-export-members.php
wp-content/plugins/restrict-content/core/includes/deprecated/class-rcp-export-payments.php
wp-content/plugins/restrict-content/core/includes/deprecated/class-wp-logging.php
wp-content/plugins/restrict-content/core/includes/deprecated/functions.php
wp-content/plugins/restrict-content/core/includes/deprecated/index.php
wp-content/plugins/restrict-content/core/includes/deprecated/subscription-functions.php
wp-content/plugins/restrict-content/core/includes/discounts/class-rcp-discount.php
wp-content/plugins/restrict-content/core/includes/discounts/discount-functions.php
wp-content/plugins/restrict-content/core/includes/discounts/index.php
wp-content/plugins/restrict-content/core/includes/email-functions.php
wp-content/plugins/restrict-content/core/includes/error-tracking.php
wp-content/plugins/restrict-content/core/includes/export-functions.php
wp-content/plugins/restrict-content/core/includes/gateways/class-rcp-payment-gateway-manual.php
wp-content/plugins/restrict-content/core/includes/gateways/class-rcp-payment-gateway-stripe.php
wp-content/plugins/restrict-content/core/includes/gateways/class-rcp-payment-gateway.php
wp-content/plugins/restrict-content/core/includes/gateways/class-rcp-payment-gateways.php
wp-content/plugins/restrict-content/core/includes/gateways/gateway-actions.php
wp-content/plugins/restrict-content/core/includes/gateways/gateway-functions.php
wp-content/plugins/restrict-content/core/includes/gateways/index.php
wp-content/plugins/restrict-content/core/includes/gateways/stripe/functions.php
wp-content/plugins/restrict-content/core/includes/gateways/stripe/index.php
wp-content/plugins/restrict-content/core/includes/gateways/stripe/js/index.php
wp-content/plugins/restrict-content/core/includes/gateways/stripe/js/profile.js
wp-content/plugins/restrict-content/core/includes/gateways/stripe/js/profile.min.js
wp-content/plugins/restrict-content/core/includes/gateways/stripe/js/profile.min.js.map
wp-content/plugins/restrict-content/core/includes/gateways/stripe/js/register.js
wp-content/plugins/restrict-content/core/includes/gateways/stripe/js/register.min.js
wp-content/plugins/restrict-content/core/includes/gateways/stripe/js/register.min.js.map
wp-content/plugins/restrict-content/core/includes/gateways/stripe/js/stripe.js
wp-content/plugins/restrict-content/core/includes/gateways/stripe/js/stripe.min.js
wp-content/plugins/restrict-content/core/includes/images/BuddyPress-addon.png
wp-content/plugins/restrict-content/core/includes/images/Full-Logo-1.svg
wp-content/plugins/restrict-content/core/includes/images/Group-Account-addon.png
wp-content/plugins/restrict-content/core/includes/images/Per-Level-Email-addon.png
wp-content/plugins/restrict-content/core/includes/images/Stacked_Logo_V2.svg
wp-content/plugins/restrict-content/core/includes/images/Ultimate-Member-addon.png
wp-content/plugins/restrict-content/core/includes/images/WooCommerce-addon.png
wp-content/plugins/restrict-content/core/includes/images/banners/bf2024/close.svg
wp-content/plugins/restrict-content/core/includes/images/banners/bf2024/full.svg
wp-content/plugins/restrict-content/core/includes/images/banners/bf2024/index.php
wp-content/plugins/restrict-content/core/includes/images/banners/bf2024/mobile.svg
wp-content/plugins/restrict-content/core/includes/images/banners/bf2024/regular.svg
wp-content/plugins/restrict-content/core/includes/images/banners/index.php
wp-content/plugins/restrict-content/core/includes/images/bfcm-header.svg
wp-content/plugins/restrict-content/core/includes/images/bug-purple.svg
wp-content/plugins/restrict-content/core/includes/images/bug-white.svg
wp-content/plugins/restrict-content/core/includes/images/close.svg
wp-content/plugins/restrict-content/core/includes/images/collect-payments.svg
wp-content/plugins/restrict-content/core/includes/images/cross-hair.png
wp-content/plugins/restrict-content/core/includes/images/customer-dash.svg
wp-content/plugins/restrict-content/core/includes/images/download-monitor-addon.png
wp-content/plugins/restrict-content/core/includes/images/drip-content-addon.png
wp-content/plugins/restrict-content/core/includes/images/drip-content.svg
wp-content/plugins/restrict-content/core/includes/images/flying_rex.png
wp-content/plugins/restrict-content/core/includes/images/group-acct.svg
wp-content/plugins/restrict-content/core/includes/images/help-purple.svg
wp-content/plugins/restrict-content/core/includes/images/help-white.svg
wp-content/plugins/restrict-content/core/includes/images/help_icon.png
wp-content/plugins/restrict-content/core/includes/images/help_images/help-tab.png
wp-content/plugins/restrict-content/core/includes/images/help_images/index.php
wp-content/plugins/restrict-content/core/includes/images/help_images/metabox.png
wp-content/plugins/restrict-content/core/includes/images/index.php
wp-content/plugins/restrict-content/core/includes/images/loading.gif
wp-content/plugins/restrict-content/core/includes/images/lock.png
wp-content/plugins/restrict-content/core/includes/images/memb-levels.svg
wp-content/plugins/restrict-content/core/includes/images/mkt-integration.svg
wp-content/plugins/restrict-content/core/includes/images/offer-discounts.svg
wp-content/plugins/restrict-content/core/includes/images/premium-support.svg
wp-content/plugins/restrict-content/core/includes/images/purple-arrow-right.svg
wp-content/plugins/restrict-content/core/includes/images/rc_logo_horizontal_black.svg
wp-content/plugins/restrict-content/core/includes/images/restrict-content-levels.svg
wp-content/plugins/restrict-content/core/includes/images/restrict-content-pro-logo-light.svg
wp-content/plugins/restrict-content/core/includes/images/restrict-content-pro-logo-vertical-blue-black.svg
wp-content/plugins/restrict-content/core/includes/images/restrict-content-pro-logo.svg
wp-content/plugins/restrict-content/core/includes/images/restrict-content-pro-rex-standing.png
wp-content/plugins/restrict-content/core/includes/images/restrict-content.svg
wp-content/plugins/restrict-content/core/includes/images/restrict_content_logo.svg
wp-content/plugins/restrict-content/core/includes/images/restrict_content_logo_white.svg
wp-content/plugins/restrict-content/core/includes/images/sale_burst.png
wp-content/plugins/restrict-content/core/includes/images/stellar-sale23-in-app-graphic.png
wp-content/plugins/restrict-content/core/includes/images/stripe_setup_background.svg
wp-content/plugins/restrict-content/core/includes/images/support-purple.svg
wp-content/plugins/restrict-content/core/includes/images/support-white.svg
wp-content/plugins/restrict-content/core/includes/images/ui-bg_flat_0_aaaaaa_40x100.png
wp-content/plugins/restrict-content/core/includes/images/ui-bg_flat_75_ffffff_40x100.png
wp-content/plugins/restrict-content/core/includes/images/ui-bg_glass_55_fbf9ee_1x400.png
wp-content/plugins/restrict-content/core/includes/images/ui-bg_glass_65_ffffff_1x400.png
wp-content/plugins/restrict-content/core/includes/images/ui-bg_glass_75_dadada_1x400.png
wp-content/plugins/restrict-content/core/includes/images/ui-bg_glass_75_e6e6e6_1x400.png
wp-content/plugins/restrict-content/core/includes/images/ui-bg_glass_95_fef1ec_1x400.png
wp-content/plugins/restrict-content/core/includes/images/ui-bg_highlight-soft_75_cccccc_1x100.png
wp-content/plugins/restrict-content/core/includes/images/ui-icons_222222_256x240.png
wp-content/plugins/restrict-content/core/includes/images/ui-icons_2e83ff_256x240.png
wp-content/plugins/restrict-content/core/includes/images/ui-icons_454545_256x240.png
wp-content/plugins/restrict-content/core/includes/images/ui-icons_888888_256x240.png
wp-content/plugins/restrict-content/core/includes/images/ui-icons_cd0a0a_256x240.png
wp-content/plugins/restrict-content/core/includes/index.php
wp-content/plugins/restrict-content/core/includes/install.php
wp-content/plugins/restrict-content/core/includes/integrations/class-rcp-easy-digital-downloads.php
wp-content/plugins/restrict-content/core/includes/integrations/class-rcp-google-authenticator.php
wp-content/plugins/restrict-content/core/includes/integrations/class-rcp-telemetry.php
wp-content/plugins/restrict-content/core/includes/integrations/class-rcp-woocommerce.php
wp-content/plugins/restrict-content/core/includes/integrations/class-rcp-wp-approve-user.php
wp-content/plugins/restrict-content/core/includes/integrations/index.php
wp-content/plugins/restrict-content/core/includes/invoice-functions.php
wp-content/plugins/restrict-content/core/includes/js/account.js
wp-content/plugins/restrict-content/core/includes/js/account.min.js
wp-content/plugins/restrict-content/core/includes/js/admin-csv-import.js
wp-content/plugins/restrict-content/core/includes/js/admin-csv-import.min.js
wp-content/plugins/restrict-content/core/includes/js/admin-reports.js
wp-content/plugins/restrict-content/core/includes/js/admin-reports.min.js
wp-content/plugins/restrict-content/core/includes/js/admin-scripts.js
wp-content/plugins/restrict-content/core/includes/js/admin-scripts.min.js
wp-content/plugins/restrict-content/core/includes/js/general.js
wp-content/plugins/restrict-content/core/includes/js/general.min.js
wp-content/plugins/restrict-content/core/includes/js/index.php
wp-content/plugins/restrict-content/core/includes/js/register.js
wp-content/plugins/restrict-content/core/includes/js/register.min.js
wp-content/plugins/restrict-content/core/includes/js/restrict-content-pro-admin-notices.js
wp-content/plugins/restrict-content/core/includes/js/restrict-content-pro-admin-notices.min.js
wp-content/plugins/restrict-content/core/includes/js/restrict-content-stripe-marketing.js
wp-content/plugins/restrict-content/core/includes/js/restrict-content-stripe-marketing.min.js
wp-content/plugins/restrict-content/core/includes/levels/index.php
wp-content/plugins/restrict-content/core/includes/levels/level-actions.php
wp-content/plugins/restrict-content/core/includes/levels/meta.php
wp-content/plugins/restrict-content/core/includes/libraries/css/datepicker.css
wp-content/plugins/restrict-content/core/includes/libraries/css/datepicker.min.css
wp-content/plugins/restrict-content/core/includes/libraries/css/index.php
wp-content/plugins/restrict-content/core/includes/libraries/css/jquery.snippet.min.css
wp-content/plugins/restrict-content/core/includes/libraries/index.php
wp-content/plugins/restrict-content/core/includes/libraries/js/chart.min.js
wp-content/plugins/restrict-content/core/includes/libraries/js/es6-promise.auto.min.js
wp-content/plugins/restrict-content/core/includes/libraries/js/index.php
wp-content/plugins/restrict-content/core/includes/libraries/js/jquery-ui-timepicker-addon.js
wp-content/plugins/restrict-content/core/includes/libraries/js/jquery-ui-timepicker-addon.min.js
wp-content/plugins/restrict-content/core/includes/libraries/js/jquery.blockUI.js
wp-content/plugins/restrict-content/core/includes/libraries/js/jquery.flot.min.js
wp-content/plugins/restrict-content/core/includes/libraries/stripe/CHANGELOG.md
wp-content/plugins/restrict-content/core/includes/libraries/stripe/CODE_OF_CONDUCT.md
wp-content/plugins/restrict-content/core/includes/libraries/stripe/LICENSE
wp-content/plugins/restrict-content/core/includes/libraries/stripe/Makefile
wp-content/plugins/restrict-content/core/includes/libraries/stripe/OPENAPI_VERSION
wp-content/plugins/restrict-content/core/includes/libraries/stripe/README.md
wp-content/plugins/restrict-content/core/includes/libraries/stripe/VERSION
wp-content/plugins/restrict-content/core/includes/libraries/stripe/build.php
wp-content/plugins/restrict-content/core/includes/libraries/stripe/composer.json
wp-content/plugins/restrict-content/core/includes/libraries/stripe/data/ca-certificates.crt
wp-content/plugins/restrict-content/core/includes/libraries/stripe/data/index.php
wp-content/plugins/restrict-content/core/includes/libraries/stripe/index.php
wp-content/plugins/restrict-content/core/includes/libraries/stripe/init.php
wp-content/plugins/restrict-content/core/includes/libraries/stripe/lib/Account.php
wp-content/plugins/restrict-content/core/includes/libraries/stripe/lib/AccountLink.php
wp-content/plugins/restrict-content/core/includes/libraries/stripe/lib/ApiOperations/All.php
wp-content/plugins/restrict-content/core/includes/libraries/stripe/lib/ApiOperations/Create.php
wp-content/plugins/restrict-content/core/includes/libraries/stripe/lib/ApiOperations/Delete.php
wp-content/plugins/restrict-content/core/includes/libraries/stripe/lib/ApiOperations/NestedResource.php
wp-content/plugins/restrict-content/core/includes/libraries/stripe/lib/ApiOperations/Request.php
wp-content/plugins/restrict-content/core/includes/libraries/stripe/lib/ApiOperations/Retrieve.php
wp-content/plugins/restrict-content/core/includes/libraries/stripe/lib/ApiOperations/Search.php
wp-content/plugins/restrict-content/core/includes/libraries/stripe/lib/ApiOperations/SingletonRetrieve.php
wp-content/plugins/restrict-content/core/includes/libraries/stripe/lib/ApiOperations/Update.php
wp-content/plugins/restrict-content/core/includes/libraries/stripe/lib/ApiOperations/index.php
wp-content/plugins/restrict-content/core/includes/libraries/stripe/lib/ApiRequestor.php
wp-content/plugins/restrict-content/core/includes/libraries/stripe/lib/ApiResource.php
wp-content/plugins/restrict-content/core/includes/libraries/stripe/lib/ApiResponse.php
wp-content/plugins/restrict-content/core/includes/libraries/stripe/lib/ApplePayDomain.php
wp-content/plugins/restrict-content/core/includes/libraries/stripe/lib/ApplicationFee.php
wp-content/plugins/restrict-content/core/includes/libraries/stripe/lib/ApplicationFeeRefund.php
wp-content/plugins/restrict-content/core/includes/libraries/stripe/lib/Apps/Secret.php
wp-content/plugins/restrict-content/core/includes/libraries/stripe/lib/Apps/index.php
wp-content/plugins/restrict-content/core/includes/libraries/stripe/lib/Balance.php
wp-content/plugins/restrict-content/core/includes/libraries/stripe/lib/BalanceTransaction.php
wp-content/plugins/restrict-content/core/includes/libraries/stripe/lib/BankAccount.php
wp-content/plugins/restrict-content/core/includes/libraries/stripe/lib/BaseStripeClient.php
wp-content/plugins/restrict-content/core/includes/libraries/stripe/lib/BaseStripeClientInterface.php
wp-content/plugins/restrict-content/core/includes/libraries/stripe/lib/BillingPortal/Configuration.php
wp-content/plugins/restrict-content/core/includes/libraries/stripe/lib/BillingPortal/Session.php
wp-content/plugins/restrict-content/core/includes/libraries/stripe/lib/BillingPortal/index.php
wp-content/plugins/restrict-content/core/includes/libraries/stripe/lib/Capability.php
wp-content/plugins/restrict-content/core/includes/libraries/stripe/lib/Card.php
wp-content/plugins/restrict-content/core/includes/libraries/stripe/lib/CashBalance.php
wp-content/plugins/restrict-content/core/includes/libraries/stripe/lib/Charge.php
wp-content/plugins/restrict-content/core/includes/libraries/stripe/lib/Checkout/Session.php
wp-content/plugins/restrict-content/core/includes/libraries/stripe/lib/Checkout/index.php
wp-content/plugins/restrict-content/core/includes/libraries/stripe/lib/Collection.php
wp-content/plugins/restrict-content/core/includes/libraries/stripe/lib/CountrySpec.php
wp-content/plugins/restrict-content/core/includes/libraries/stripe/lib/Coupon.php
wp-content/plugins/restrict-content/core/includes/libraries/stripe/lib/CreditNote.php
wp-content/plugins/restrict-content/core/includes/libraries/stripe/lib/CreditNoteLineItem.php
wp-content/plugins/restrict-content/core/includes/libraries/stripe/lib/Customer.php
wp-content/plugins/restrict-content/core/includes/libraries/stripe/lib/CustomerBalanceTransaction.php
wp-content/plugins/restrict-content/core/includes/libraries/stripe/lib/CustomerCashBalanceTransaction.php
wp-content/plugins/restrict-content/core/includes/libraries/stripe/lib/Discount.php
wp-content/plugins/restrict-content/core/includes/libraries/stripe/lib/Dispute.php
wp-content/plugins/restrict-content/core/includes/libraries/stripe/lib/EphemeralKey.php
wp-content/plugins/restrict-content/core/includes/libraries/stripe/lib/ErrorObject.php
wp-content/plugins/restrict-content/core/includes/libraries/stripe/lib/Event.php
wp-content/plugins/restrict-content/core/includes/libraries/stripe/lib/Exception/ApiConnectionException.php
wp-content/plugins/restrict-content/core/includes/libraries/stripe/lib/Exception/ApiErrorException.php
wp-content/plugins/restrict-content/core/includes/libraries/stripe/lib/Exception/AuthenticationException.php
wp-content/plugins/restrict-content/core/includes/libraries/stripe/lib/Exception/BadMethodCallException.php
wp-content/plugins/restrict-content/core/includes/libraries/stripe/lib/Exception/CardException.php
wp-content/plugins/restrict-content/core/includes/libraries/stripe/lib/Exception/ExceptionInterface.php
wp-content/plugins/restrict-content/core/includes/libraries/stripe/lib/Exception/IdempotencyException.php
wp-content/plugins/restrict-content/core/includes/libraries/stripe/lib/Exception/InvalidArgumentException.php
wp-content/plugins/restrict-content/core/includes/libraries/stripe/lib/Exception/InvalidRequestException.php
wp-content/plugins/restrict-content/core/includes/libraries/stripe/lib/Exception/OAuth/ExceptionInterface.php
wp-content/plugins/restrict-content/core/includes/libraries/stripe/lib/Exception/OAuth/InvalidClientException.php
wp-content/plugins/restrict-content/core/includes/libraries/stripe/lib/Exception/OAuth/InvalidGrantException.php
wp-content/plugins/restrict-content/core/includes/libraries/stripe/lib/Exception/OAuth/InvalidRequestException.php
wp-content/plugins/restrict-content/core/includes/libraries/stripe/lib/Exception/OAuth/InvalidScopeException.php
wp-content/plugins/restrict-content/core/includes/libraries/stripe/lib/Exception/OAuth/OAuthErrorException.php
wp-content/plugins/restrict-content/core/includes/libraries/stripe/lib/Exception/OAuth/UnknownOAuthErrorException.php
wp-content/plugins/restrict-content/core/includes/libraries/stripe/lib/Exception/OAuth/UnsupportedGrantTypeException.php
wp-content/plugins/restrict-content/core/includes/libraries/stripe/lib/Exception/OAuth/UnsupportedResponseTypeException.php
wp-content/plugins/restrict-content/core/includes/libraries/stripe/lib/Exception/OAuth/index.php
wp-content/plugins/restrict-content/core/includes/libraries/stripe/lib/Exception/PermissionException.php
wp-content/plugins/restrict-content/core/includes/libraries/stripe/lib/Exception/RateLimitException.php
wp-content/plugins/restrict-content/core/includes/libraries/stripe/lib/Exception/SignatureVerificationException.php
wp-content/plugins/restrict-content/core/includes/libraries/stripe/lib/Exception/UnexpectedValueException.php
wp-content/plugins/restrict-content/core/includes/libraries/stripe/lib/Exception/UnknownApiErrorException.php
wp-content/plugins/restrict-content/core/includes/libraries/stripe/lib/Exception/index.php
wp-content/plugins/restrict-content/core/includes/libraries/stripe/lib/ExchangeRate.php
wp-content/plugins/restrict-content/core/includes/libraries/stripe/lib/File.php
wp-content/plugins/restrict-content/core/includes/libraries/stripe/lib/FileLink.php
wp-content/plugins/restrict-content/core/includes/libraries/stripe/lib/FinancialConnections/Account.php
wp-content/plugins/restrict-content/core/includes/libraries/stripe/lib/FinancialConnections/AccountOwner.php
wp-content/plugins/restrict-content/core/includes/libraries/stripe/lib/FinancialConnections/AccountOwnership.php
wp-content/plugins/restrict-content/core/includes/libraries/stripe/lib/FinancialConnections/Session.php
wp-content/plugins/restrict-content/core/includes/libraries/stripe/lib/FinancialConnections/index.php
wp-content/plugins/restrict-content/core/includes/libraries/stripe/lib/FundingInstructions.php
wp-content/plugins/restrict-content/core/includes/libraries/stripe/lib/HttpClient/ClientInterface.php
wp-content/plugins/restrict-content/core/includes/libraries/stripe/lib/HttpClient/CurlClient.php
wp-content/plugins/restrict-content/core/includes/libraries/stripe/lib/HttpClient/StreamingClientInterface.php
wp-content/plugins/restrict-content/core/includes/libraries/stripe/lib/HttpClient/index.php
wp-content/plugins/restrict-content/core/includes/libraries/stripe/lib/Identity/VerificationReport.php
wp-content/plugins/restrict-content/core/includes/libraries/stripe/lib/Identity/VerificationSession.php
wp-content/plugins/restrict-content/core/includes/libraries/stripe/lib/Identity/index.php
wp-content/plugins/restrict-content/core/includes/libraries/stripe/lib/Invoice.php
wp-content/plugins/restrict-content/core/includes/libraries/stripe/lib/InvoiceItem.php
wp-content/plugins/restrict-content/core/includes/libraries/stripe/lib/InvoiceLineItem.php
wp-content/plugins/restrict-content/core/includes/libraries/stripe/lib/Issuing/Authorization.php
wp-content/plugins/restrict-content/core/includes/libraries/stripe/lib/Issuing/Card.php
wp-content/plugins/restrict-content/core/includes/libraries/stripe/lib/Issuing/CardDetails.php
wp-content/plugins/restrict-content/core/includes/libraries/stripe/lib/Issuing/Cardholder.php
wp-content/plugins/restrict-content/core/includes/libraries/stripe/lib/Issuing/Dispute.php
wp-content/plugins/restrict-content/core/includes/libraries/stripe/lib/Issuing/Transaction.php
wp-content/plugins/restrict-content/core/includes/libraries/stripe/lib/Issuing/index.php
wp-content/plugins/restrict-content/core/includes/libraries/stripe/lib/LineItem.php
wp-content/plugins/restrict-content/core/includes/libraries/stripe/lib/LoginLink.php
wp-content/plugins/restrict-content/core/includes/libraries/stripe/lib/Mandate.php
wp-content/plugins/restrict-content/core/includes/libraries/stripe/lib/OAuth.php
wp-content/plugins/restrict-content/core/includes/libraries/stripe/lib/OAuthErrorObject.php
wp-content/plugins/restrict-content/core/includes/libraries/stripe/lib/PaymentIntent.php
wp-content/plugins/restrict-content/core/includes/libraries/stripe/lib/PaymentLink.php
wp-content/plugins/restrict-content/core/includes/libraries/stripe/lib/PaymentMethod.php
wp-content/plugins/restrict-content/core/includes/libraries/stripe/lib/Payout.php
wp-content/plugins/restrict-content/core/includes/libraries/stripe/lib/Person.php
wp-content/plugins/restrict-content/core/includes/libraries/stripe/lib/Plan.php
wp-content/plugins/restrict-content/core/includes/libraries/stripe/lib/Price.php
wp-content/plugins/restrict-content/core/includes/libraries/stripe/lib/Product.php
wp-content/plugins/restrict-content/core/includes/libraries/stripe/lib/PromotionCode.php
wp-content/plugins/restrict-content/core/includes/libraries/stripe/lib/Quote.php
wp-content/plugins/restrict-content/core/includes/libraries/stripe/lib/Radar/EarlyFraudWarning.php
wp-content/plugins/restrict-content/core/includes/libraries/stripe/lib/Radar/ValueList.php
wp-content/plugins/restrict-content/core/includes/libraries/stripe/lib/Radar/ValueListItem.php
wp-content/plugins/restrict-content/core/includes/libraries/stripe/lib/Radar/index.php
wp-content/plugins/restrict-content/core/includes/libraries/stripe/lib/RecipientTransfer.php
wp-content/plugins/restrict-content/core/includes/libraries/stripe/lib/Refund.php
wp-content/plugins/restrict-content/core/includes/libraries/stripe/lib/Reporting/ReportRun.php
wp-content/plugins/restrict-content/core/includes/libraries/stripe/lib/Reporting/ReportType.php
wp-content/plugins/restrict-content/core/includes/libraries/stripe/lib/Reporting/index.php
wp-content/plugins/restrict-content/core/includes/libraries/stripe/lib/RequestTelemetry.php
wp-content/plugins/restrict-content/core/includes/libraries/stripe/lib/Review.php
wp-content/plugins/restrict-content/core/includes/libraries/stripe/lib/SearchResult.php
wp-content/plugins/restrict-content/core/includes/libraries/stripe/lib/Service/AbstractService.php
wp-content/plugins/restrict-content/core/includes/libraries/stripe/lib/Service/AbstractServiceFactory.php
wp-content/plugins/restrict-content/core/includes/libraries/stripe/lib/Service/AccountLinkService.php
wp-content/plugins/restrict-content/core/includes/libraries/stripe/lib/Service/AccountService.php
wp-content/plugins/restrict-content/core/includes/libraries/stripe/lib/Service/ApplePayDomainService.php
wp-content/plugins/restrict-content/core/includes/libraries/stripe/lib/Service/ApplicationFeeService.php
wp-content/plugins/restrict-content/core/includes/libraries/stripe/lib/Service/Apps/AppsServiceFactory.php
wp-content/plugins/restrict-content/core/includes/libraries/stripe/lib/Service/Apps/SecretService.php
wp-content/plugins/restrict-content/core/includes/libraries/stripe/lib/Service/Apps/index.php
wp-content/plugins/restrict-content/core/includes/libraries/stripe/lib/Service/BalanceService.php
wp-content/plugins/restrict-content/core/includes/libraries/stripe/lib/Service/BalanceTransactionService.php
wp-content/plugins/restrict-content/core/includes/libraries/stripe/lib/Service/BillingPortal/BillingPortalServiceFactory.php
wp-content/plugins/restrict-content/core/includes/libraries/stripe/lib/Service/BillingPortal/ConfigurationService.php
wp-content/plugins/restrict-content/core/includes/libraries/stripe/lib/Service/BillingPortal/SessionService.php
wp-content/plugins/restrict-content/core/includes/libraries/stripe/lib/Service/BillingPortal/index.php
wp-content/plugins/restrict-content/core/includes/libraries/stripe/lib/Service/ChargeService.php
wp-content/plugins/restrict-content/core/includes/libraries/stripe/lib/Service/Checkout/CheckoutServiceFactory.php
wp-content/plugins/restrict-content/core/includes/libraries/stripe/lib/Service/Checkout/SessionService.php
wp-content/plugins/restrict-content/core/includes/libraries/stripe/lib/Service/Checkout/index.php
wp-content/plugins/restrict-content/core/includes/libraries/stripe/lib/Service/CoreServiceFactory.php
wp-content/plugins/restrict-content/core/includes/libraries/stripe/lib/Service/CountrySpecService.php
wp-content/plugins/restrict-content/core/includes/libraries/stripe/lib/Service/CouponService.php
wp-content/plugins/restrict-content/core/includes/libraries/stripe/lib/Service/CreditNoteService.php
wp-content/plugins/restrict-content/core/includes/libraries/stripe/lib/Service/CustomerService.php
wp-content/plugins/restrict-content/core/includes/libraries/stripe/lib/Service/DisputeService.php
wp-content/plugins/restrict-content/core/includes/libraries/stripe/lib/Service/EphemeralKeyService.php
wp-content/plugins/restrict-content/core/includes/libraries/stripe/lib/Service/EventService.php
wp-content/plugins/restrict-content/core/includes/libraries/stripe/lib/Service/ExchangeRateService.php
wp-content/plugins/restrict-content/core/includes/libraries/stripe/lib/Service/FileLinkService.php
wp-content/plugins/restrict-content/core/includes/libraries/stripe/lib/Service/FileService.php
wp-content/plugins/restrict-content/core/includes/libraries/stripe/lib/Service/FinancialConnections/AccountService.php
wp-content/plugins/restrict-content/core/includes/libraries/stripe/lib/Service/FinancialConnections/FinancialConnectionsServiceFactory.php
wp-content/plugins/restrict-content/core/includes/libraries/stripe/lib/Service/FinancialConnections/SessionService.php
wp-content/plugins/restrict-content/core/includes/libraries/stripe/lib/Service/FinancialConnections/index.php
wp-content/plugins/restrict-content/core/includes/libraries/stripe/lib/Service/Identity/IdentityServiceFactory.php
wp-content/plugins/restrict-content/core/includes/libraries/stripe/lib/Service/Identity/VerificationReportService.php
wp-content/plugins/restrict-content/core/includes/libraries/stripe/lib/Service/Identity/VerificationSessionService.php
wp-content/plugins/restrict-content/core/includes/libraries/stripe/lib/Service/Identity/index.php
wp-content/plugins/restrict-content/core/includes/libraries/stripe/lib/Service/InvoiceItemService.php
wp-content/plugins/restrict-content/core/includes/libraries/stripe/lib/Service/InvoiceService.php
wp-content/plugins/restrict-content/core/includes/libraries/stripe/lib/Service/Issuing/AuthorizationService.php
wp-content/plugins/restrict-content/core/includes/libraries/stripe/lib/Service/Issuing/CardService.php
wp-content/plugins/restrict-content/core/includes/libraries/stripe/lib/Service/Issuing/CardholderService.php
wp-content/plugins/restrict-content/core/includes/libraries/stripe/lib/Service/Issuing/DisputeService.php
wp-content/plugins/restrict-content/core/includes/libraries/stripe/lib/Service/Issuing/IssuingServiceFactory.php
wp-content/plugins/restrict-content/core/includes/libraries/stripe/lib/Service/Issuing/TransactionService.php
wp-content/plugins/restrict-content/core/includes/libraries/stripe/lib/Service/Issuing/index.php
wp-content/plugins/restrict-content/core/includes/libraries/stripe/lib/Service/MandateService.php
wp-content/plugins/restrict-content/core/includes/libraries/stripe/lib/Service/OAuthService.php
wp-content/plugins/restrict-content/core/includes/libraries/stripe/lib/Service/PaymentIntentService.php
wp-content/plugins/restrict-content/core/includes/libraries/stripe/lib/Service/PaymentLinkService.php
wp-content/plugins/restrict-content/core/includes/libraries/stripe/lib/Service/PaymentMethodService.php
wp-content/plugins/restrict-content/core/includes/libraries/stripe/lib/Service/PayoutService.php
wp-content/plugins/restrict-content/core/includes/libraries/stripe/lib/Service/PlanService.php
wp-content/plugins/restrict-content/core/includes/libraries/stripe/lib/Service/PriceService.php
wp-content/plugins/restrict-content/core/includes/libraries/stripe/lib/Service/ProductService.php
wp-content/plugins/restrict-content/core/includes/libraries/stripe/lib/Service/PromotionCodeService.php
wp-content/plugins/restrict-content/core/includes/libraries/stripe/lib/Service/QuoteService.php
wp-content/plugins/restrict-content/core/includes/libraries/stripe/lib/Service/Radar/EarlyFraudWarningService.php
wp-content/plugins/restrict-content/core/includes/libraries/stripe/lib/Service/Radar/RadarServiceFactory.php
wp-content/plugins/restrict-content/core/includes/libraries/stripe/lib/Service/Radar/ValueListItemService.php
wp-content/plugins/restrict-content/core/includes/libraries/stripe/lib/Service/Radar/ValueListService.php
wp-content/plugins/restrict-content/core/includes/libraries/stripe/lib/Service/Radar/index.php
wp-content/plugins/restrict-content/core/includes/libraries/stripe/lib/Service/RefundService.php
wp-content/plugins/restrict-content/core/includes/libraries/stripe/lib/Service/Reporting/ReportRunService.php
wp-content/plugins/restrict-content/core/includes/libraries/stripe/lib/Service/Reporting/ReportTypeService.php
wp-content/plugins/restrict-content/core/includes/libraries/stripe/lib/Service/Reporting/ReportingServiceFactory.php
wp-content/plugins/restrict-content/core/includes/libraries/stripe/lib/Service/Reporting/index.php
wp-content/plugins/restrict-content/core/includes/libraries/stripe/lib/Service/ReviewService.php
wp-content/plugins/restrict-content/core/includes/libraries/stripe/lib/Service/SetupAttemptService.php
wp-content/plugins/restrict-content/core/includes/libraries/stripe/lib/Service/SetupIntentService.php
wp-content/plugins/restrict-content/core/includes/libraries/stripe/lib/Service/ShippingRateService.php
wp-content/plugins/restrict-content/core/includes/libraries/stripe/lib/Service/Sigma/ScheduledQueryRunService.php
wp-content/plugins/restrict-content/core/includes/libraries/stripe/lib/Service/Sigma/SigmaServiceFactory.php
wp-content/plugins/restrict-content/core/includes/libraries/stripe/lib/Service/Sigma/index.php
wp-content/plugins/restrict-content/core/includes/libraries/stripe/lib/Service/SourceService.php
wp-content/plugins/restrict-content/core/includes/libraries/stripe/lib/Service/SubscriptionItemService.php
wp-content/plugins/restrict-content/core/includes/libraries/stripe/lib/Service/SubscriptionScheduleService.php
wp-content/plugins/restrict-content/core/includes/libraries/stripe/lib/Service/SubscriptionService.php
wp-content/plugins/restrict-content/core/includes/libraries/stripe/lib/Service/TaxCodeService.php
wp-content/plugins/restrict-content/core/includes/libraries/stripe/lib/Service/TaxRateService.php
wp-content/plugins/restrict-content/core/includes/libraries/stripe/lib/Service/Terminal/ConfigurationService.php
wp-content/plugins/restrict-content/core/includes/libraries/stripe/lib/Service/Terminal/ConnectionTokenService.php
wp-content/plugins/restrict-content/core/includes/libraries/stripe/lib/Service/Terminal/LocationService.php
wp-content/plugins/restrict-content/core/includes/libraries/stripe/lib/Service/Terminal/ReaderService.php
wp-content/plugins/restrict-content/core/includes/libraries/stripe/lib/Service/Terminal/TerminalServiceFactory.php
wp-content/plugins/restrict-content/core/includes/libraries/stripe/lib/Service/Terminal/index.php
wp-content/plugins/restrict-content/core/includes/libraries/stripe/lib/Service/TestHelpers/CustomerService.php
wp-content/plugins/restrict-content/core/includes/libraries/stripe/lib/Service/TestHelpers/Issuing/CardService.php
wp-content/plugins/restrict-content/core/includes/libraries/stripe/lib/Service/TestHelpers/Issuing/IssuingServiceFactory.php
wp-content/plugins/restrict-content/core/includes/libraries/stripe/lib/Service/TestHelpers/Issuing/index.php
wp-content/plugins/restrict-content/core/includes/libraries/stripe/lib/Service/TestHelpers/RefundService.php
wp-content/plugins/restrict-content/core/includes/libraries/stripe/lib/Service/TestHelpers/Terminal/ReaderService.php
wp-content/plugins/restrict-content/core/includes/libraries/stripe/lib/Service/TestHelpers/Terminal/TerminalServiceFactory.php
wp-content/plugins/restrict-content/core/includes/libraries/stripe/lib/Service/TestHelpers/Terminal/index.php
wp-content/plugins/restrict-content/core/includes/libraries/stripe/lib/Service/TestHelpers/TestClockService.php
wp-content/plugins/restrict-content/core/includes/libraries/stripe/lib/Service/TestHelpers/TestHelpersServiceFactory.php
wp-content/plugins/restrict-content/core/includes/libraries/stripe/lib/Service/TestHelpers/Treasury/InboundTransferService.php
wp-content/plugins/restrict-content/core/includes/libraries/stripe/lib/Service/TestHelpers/Treasury/OutboundPaymentService.php
wp-content/plugins/restrict-content/core/includes/libraries/stripe/lib/Service/TestHelpers/Treasury/OutboundTransferService.php
wp-content/plugins/restrict-content/core/includes/libraries/stripe/lib/Service/TestHelpers/Treasury/ReceivedCreditService.php
wp-content/plugins/restrict-content/core/includes/libraries/stripe/lib/Service/TestHelpers/Treasury/ReceivedDebitService.php
wp-content/plugins/restrict-content/core/includes/libraries/stripe/lib/Service/TestHelpers/Treasury/TreasuryServiceFactory.php
wp-content/plugins/restrict-content/core/includes/libraries/stripe/lib/Service/TestHelpers/Treasury/index.php
wp-content/plugins/restrict-content/core/includes/libraries/stripe/lib/Service/TestHelpers/index.php
wp-content/plugins/restrict-content/core/includes/libraries/stripe/lib/Service/TokenService.php
wp-content/plugins/restrict-content/core/includes/libraries/stripe/lib/Service/TopupService.php
wp-content/plugins/restrict-content/core/includes/libraries/stripe/lib/Service/TransferService.php
wp-content/plugins/restrict-content/core/includes/libraries/stripe/lib/Service/Treasury/CreditReversalService.php
wp-content/plugins/restrict-content/core/includes/libraries/stripe/lib/Service/Treasury/DebitReversalService.php
wp-content/plugins/restrict-content/core/includes/libraries/stripe/lib/Service/Treasury/FinancialAccountService.php
wp-content/plugins/restrict-content/core/includes/libraries/stripe/lib/Service/Treasury/InboundTransferService.php
wp-content/plugins/restrict-content/core/includes/libraries/stripe/lib/Service/Treasury/OutboundPaymentService.php
wp-content/plugins/restrict-content/core/includes/libraries/stripe/lib/Service/Treasury/OutboundTransferService.php
wp-content/plugins/restrict-content/core/includes/libraries/stripe/lib/Service/Treasury/ReceivedCreditService.php
wp-content/plugins/restrict-content/core/includes/libraries/stripe/lib/Service/Treasury/ReceivedDebitService.php
wp-content/plugins/restrict-content/core/includes/libraries/stripe/lib/Service/Treasury/TransactionEntryService.php
wp-content/plugins/restrict-content/core/includes/libraries/stripe/lib/Service/Treasury/TransactionService.php
wp-content/plugins/restrict-content/core/includes/libraries/stripe/lib/Service/Treasury/TreasuryServiceFactory.php
wp-content/plugins/restrict-content/core/includes/libraries/stripe/lib/Service/Treasury/index.php
wp-content/plugins/restrict-content/core/includes/libraries/stripe/lib/Service/WebhookEndpointService.php
wp-content/plugins/restrict-content/core/includes/libraries/stripe/lib/Service/index.php
wp-content/plugins/restrict-content/core/includes/libraries/stripe/lib/SetupAttempt.php
wp-content/plugins/restrict-content/core/includes/libraries/stripe/lib/SetupIntent.php
wp-content/plugins/restrict-content/core/includes/libraries/stripe/lib/ShippingRate.php
wp-content/plugins/restrict-content/core/includes/libraries/stripe/lib/Sigma/ScheduledQueryRun.php
wp-content/plugins/restrict-content/core/includes/libraries/stripe/lib/Sigma/index.php
wp-content/plugins/restrict-content/core/includes/libraries/stripe/lib/SingletonApiResource.php
wp-content/plugins/restrict-content/core/includes/libraries/stripe/lib/Source.php
wp-content/plugins/restrict-content/core/includes/libraries/stripe/lib/SourceTransaction.php
wp-content/plugins/restrict-content/core/includes/libraries/stripe/lib/Stripe.php
wp-content/plugins/restrict-content/core/includes/libraries/stripe/lib/StripeClient.php
wp-content/plugins/restrict-content/core/includes/libraries/stripe/lib/StripeClientInterface.php
wp-content/plugins/restrict-content/core/includes/libraries/stripe/lib/StripeObject.php
wp-content/plugins/restrict-content/core/includes/libraries/stripe/lib/StripeStreamingClientInterface.php
wp-content/plugins/restrict-content/core/includes/libraries/stripe/lib/Subscription.php
wp-content/plugins/restrict-content/core/includes/libraries/stripe/lib/SubscriptionItem.php
wp-content/plugins/restrict-content/core/includes/libraries/stripe/lib/SubscriptionSchedule.php
wp-content/plugins/restrict-content/core/includes/libraries/stripe/lib/TaxCode.php
wp-content/plugins/restrict-content/core/includes/libraries/stripe/lib/TaxId.php
wp-content/plugins/restrict-content/core/includes/libraries/stripe/lib/TaxRate.php
wp-content/plugins/restrict-content/core/includes/libraries/stripe/lib/Terminal/Configuration.php
wp-content/plugins/restrict-content/core/includes/libraries/stripe/lib/Terminal/ConnectionToken.php
wp-content/plugins/restrict-content/core/includes/libraries/stripe/lib/Terminal/Location.php
wp-content/plugins/restrict-content/core/includes/libraries/stripe/lib/Terminal/Reader.php
wp-content/plugins/restrict-content/core/includes/libraries/stripe/lib/Terminal/index.php
wp-content/plugins/restrict-content/core/includes/libraries/stripe/lib/TestHelpers/TestClock.php
wp-content/plugins/restrict-content/core/includes/libraries/stripe/lib/TestHelpers/index.php
wp-content/plugins/restrict-content/core/includes/libraries/stripe/lib/Token.php
wp-content/plugins/restrict-content/core/includes/libraries/stripe/lib/Topup.php
wp-content/plugins/restrict-content/core/includes/libraries/stripe/lib/Transfer.php
wp-content/plugins/restrict-content/core/includes/libraries/stripe/lib/TransferReversal.php
wp-content/plugins/restrict-content/core/includes/libraries/stripe/lib/Treasury/CreditReversal.php
wp-content/plugins/restrict-content/core/includes/libraries/stripe/lib/Treasury/DebitReversal.php
wp-content/plugins/restrict-content/core/includes/libraries/stripe/lib/Treasury/FinancialAccount.php
wp-content/plugins/restrict-content/core/includes/libraries/stripe/lib/Treasury/FinancialAccountFeatures.php
wp-content/plugins/restrict-content/core/includes/libraries/stripe/lib/Treasury/InboundTransfer.php
wp-content/plugins/restrict-content/core/includes/libraries/stripe/lib/Treasury/OutboundPayment.php
wp-content/plugins/restrict-content/core/includes/libraries/stripe/lib/Treasury/OutboundTransfer.php
wp-content/plugins/restrict-content/core/includes/libraries/stripe/lib/Treasury/ReceivedCredit.php
wp-content/plugins/restrict-content/core/includes/libraries/stripe/lib/Treasury/ReceivedDebit.php
wp-content/plugins/restrict-content/core/includes/libraries/stripe/lib/Treasury/Transaction.php
wp-content/plugins/restrict-content/core/includes/libraries/stripe/lib/Treasury/TransactionEntry.php
wp-content/plugins/restrict-content/core/includes/libraries/stripe/lib/Treasury/index.php
wp-content/plugins/restrict-content/core/includes/libraries/stripe/lib/UsageRecord.php
wp-content/plugins/restrict-content/core/includes/libraries/stripe/lib/UsageRecordSummary.php
wp-content/plugins/restrict-content/core/includes/libraries/stripe/lib/Util/ApiVersion.php
wp-content/plugins/restrict-content/core/includes/libraries/stripe/lib/Util/CaseInsensitiveArray.php
wp-content/plugins/restrict-content/core/includes/libraries/stripe/lib/Util/DefaultLogger.php
wp-content/plugins/restrict-content/core/includes/libraries/stripe/lib/Util/LoggerInterface.php
wp-content/plugins/restrict-content/core/includes/libraries/stripe/lib/Util/ObjectTypes.php
wp-content/plugins/restrict-content/core/includes/libraries/stripe/lib/Util/RandomGenerator.php
wp-content/plugins/restrict-content/core/includes/libraries/stripe/lib/Util/RequestOptions.php
wp-content/plugins/restrict-content/core/includes/libraries/stripe/lib/Util/Set.php
wp-content/plugins/restrict-content/core/includes/libraries/stripe/lib/Util/Util.php
wp-content/plugins/restrict-content/core/includes/libraries/stripe/lib/Util/index.php
wp-content/plugins/restrict-content/core/includes/libraries/stripe/lib/Webhook.php
wp-content/plugins/restrict-content/core/includes/libraries/stripe/lib/WebhookEndpoint.php
wp-content/plugins/restrict-content/core/includes/libraries/stripe/lib/WebhookSignature.php
wp-content/plugins/restrict-content/core/includes/libraries/stripe/lib/index.php
wp-content/plugins/restrict-content/core/includes/libraries/stripe/phpdoc.dist.xml
wp-content/plugins/restrict-content/core/includes/libraries/stripe/phpstan-baseline.neon
wp-content/plugins/restrict-content/core/includes/libraries/stripe/phpstan.neon.dist
wp-content/plugins/restrict-content/core/includes/libraries/stripe/update_certs.php
wp-content/plugins/restrict-content/core/includes/login-functions.php
wp-content/plugins/restrict-content/core/includes/logs/class-log.php
wp-content/plugins/restrict-content/core/includes/logs/index.php
wp-content/plugins/restrict-content/core/includes/logs/log-functions.php
wp-content/plugins/restrict-content/core/includes/member-forms.php
wp-content/plugins/restrict-content/core/includes/member-functions.php
wp-content/plugins/restrict-content/core/includes/membership-counts/class-rcp-membership-count.php
wp-content/plugins/restrict-content/core/includes/membership-counts/index.php
wp-content/plugins/restrict-content/core/includes/membership-counts/membership-count-functions.php
wp-content/plugins/restrict-content/core/includes/membership-levels/class-rcp-membership-level.php
wp-content/plugins/restrict-content/core/includes/membership-levels/index.php
wp-content/plugins/restrict-content/core/includes/membership-levels/membership-level-commands.php
wp-content/plugins/restrict-content/core/includes/membership-levels/membership-level-functions.php
wp-content/plugins/restrict-content/core/includes/memberships/class-rcp-membership.php
wp-content/plugins/restrict-content/core/includes/memberships/index.php
wp-content/plugins/restrict-content/core/includes/memberships/membership-actions.php
wp-content/plugins/restrict-content/core/includes/memberships/membership-functions.php
wp-content/plugins/restrict-content/core/includes/memberships/meta.php
wp-content/plugins/restrict-content/core/includes/misc-functions.php
wp-content/plugins/restrict-content/core/includes/payments/index.php
wp-content/plugins/restrict-content/core/includes/payments/meta.php
wp-content/plugins/restrict-content/core/includes/payments/payment-actions.php
wp-content/plugins/restrict-content/core/includes/payments/payment-functions.php
wp-content/plugins/restrict-content/core/includes/query-filters.php
wp-content/plugins/restrict-content/core/includes/redirects.php
wp-content/plugins/restrict-content/core/includes/registration-functions.php
wp-content/plugins/restrict-content/core/includes/scripts.php
wp-content/plugins/restrict-content/core/includes/shortcodes.php
wp-content/plugins/restrict-content/core/includes/template-functions.php
wp-content/plugins/restrict-content/core/includes/user-page-columns.php
wp-content/plugins/restrict-content/core/index.php
wp-content/plugins/restrict-content/core/integrations/index.php
wp-content/plugins/restrict-content/core/src/blocks/content-upgrade-redirect/block.json
wp-content/plugins/restrict-content/core/src/blocks/content-upgrade-redirect/edit.js
wp-content/plugins/restrict-content/core/src/blocks/content-upgrade-redirect/index.js
wp-content/plugins/restrict-content/core/src/blocks/content-upgrade-redirect/index.php
wp-content/plugins/restrict-content/core/src/blocks/content-upgrade-redirect/index.scss
wp-content/plugins/restrict-content/core/src/blocks/content-upgrade-redirect/save.js
wp-content/plugins/restrict-content/core/src/blocks/content-upgrade-redirect/style.scss
wp-content/plugins/restrict-content/core/src/blocks/index.php
wp-content/plugins/restrict-content/core/src/index.php
wp-content/plugins/restrict-content/core/templates/card-form-full.php
wp-content/plugins/restrict-content/core/templates/card-form.php
wp-content/plugins/restrict-content/core/templates/card-update-form-fields.php
wp-content/plugins/restrict-content/core/templates/card-update-form.php
wp-content/plugins/restrict-content/core/templates/change-password.php
wp-content/plugins/restrict-content/core/templates/comments-no-access.php
wp-content/plugins/restrict-content/core/templates/emails/body.php
wp-content/plugins/restrict-content/core/templates/emails/footer.php
wp-content/plugins/restrict-content/core/templates/emails/header.php
wp-content/plugins/restrict-content/core/templates/emails/index.php
wp-content/plugins/restrict-content/core/templates/index.php
wp-content/plugins/restrict-content/core/templates/invoice.php
wp-content/plugins/restrict-content/core/templates/login.php
wp-content/plugins/restrict-content/core/templates/lostpassword.php
wp-content/plugins/restrict-content/core/templates/lostpassword_checkemail.php
wp-content/plugins/restrict-content/core/templates/paypal-express-confirm.php
wp-content/plugins/restrict-content/core/templates/profile-editor.php
wp-content/plugins/restrict-content/core/templates/register-common.php
wp-content/plugins/restrict-content/core/templates/register-single.php
wp-content/plugins/restrict-content/core/templates/register-total-details.php
wp-content/plugins/restrict-content/core/templates/register.php
wp-content/plugins/restrict-content/core/templates/subscription.php
wp-content/plugins/restrict-content/core/templates/woocommerce-single-no-access.php
wp-content/plugins/restrict-content/index.php
wp-content/plugins/restrict-content/lang/index.php
wp-content/plugins/restrict-content/lang/restrict-content.pot
wp-content/plugins/restrict-content/languages/index.php
wp-content/plugins/restrict-content/languages/rcp-ar.mo
wp-content/plugins/restrict-content/languages/rcp-ar.po
wp-content/plugins/restrict-content/languages/rcp-da_DK.mo
wp-content/plugins/restrict-content/languages/rcp-da_DK.po
wp-content/plugins/restrict-content/languages/rcp-de_DE.mo
wp-content/plugins/restrict-content/languages/rcp-de_DE.po
wp-content/plugins/restrict-content/languages/rcp-es_ES.mo
wp-content/plugins/restrict-content/languages/rcp-es_ES.po
wp-content/plugins/restrict-content/languages/rcp-fa_IR.mo
wp-content/plugins/restrict-content/languages/rcp-fa_IR.po
wp-content/plugins/restrict-content/languages/rcp-fi.mo
wp-content/plugins/restrict-content/languages/rcp-fi.po
wp-content/plugins/restrict-content/languages/rcp-fr_FR.mo
wp-content/plugins/restrict-content/languages/rcp-fr_FR.po
wp-content/plugins/restrict-content/languages/rcp-he_IL.mo
wp-content/plugins/restrict-content/languages/rcp-he_IL.po
wp-content/plugins/restrict-content/languages/rcp-it_IT.mo
wp-content/plugins/restrict-content/languages/rcp-it_IT.po
wp-content/plugins/restrict-content/languages/rcp-nb_NO.mo
wp-content/plugins/restrict-content/languages/rcp-nb_NO.po
wp-content/plugins/restrict-content/languages/rcp-nl_NL.mo
wp-content/plugins/restrict-content/languages/rcp-nl_NL.po
wp-content/plugins/restrict-content/languages/rcp-pl_PL.mo
wp-content/plugins/restrict-content/languages/rcp-pl_PL.po
wp-content/plugins/restrict-content/languages/rcp-pt_BR.mo
wp-content/plugins/restrict-content/languages/rcp-pt_BR.po
wp-content/plugins/restrict-content/languages/rcp-pt_PT.mo
wp-content/plugins/restrict-content/languages/rcp-pt_PT.po
wp-content/plugins/restrict-content/languages/rcp-ru_RU.mo
wp-content/plugins/restrict-content/languages/rcp-ru_RU.po
wp-content/plugins/restrict-content/languages/rcp-sv_SE.mo
wp-content/plugins/restrict-content/languages/rcp-sv_SE.po
wp-content/plugins/restrict-content/languages/rcp.mo
wp-content/plugins/restrict-content/languages/rcp.pot
wp-content/plugins/restrict-content/legacy/includes/assets/css/index.php
wp-content/plugins/restrict-content/legacy/includes/assets/css/rc-forms.css
wp-content/plugins/restrict-content/legacy/includes/assets/css/rc-metabox.css
wp-content/plugins/restrict-content/legacy/includes/assets/css/rc-settings.css
wp-content/plugins/restrict-content/legacy/includes/assets/css/rc-wp-overrides.css
wp-content/plugins/restrict-content/legacy/includes/assets/images/bfcm-header.svg
wp-content/plugins/restrict-content/legacy/includes/assets/images/bug-purple.svg
wp-content/plugins/restrict-content/legacy/includes/assets/images/bug-white.svg
wp-content/plugins/restrict-content/legacy/includes/assets/images/collect-payments.svg
wp-content/plugins/restrict-content/legacy/includes/assets/images/customer-dash.svg
wp-content/plugins/restrict-content/legacy/includes/assets/images/drip-content.svg
wp-content/plugins/restrict-content/legacy/includes/assets/images/flying_rex.png
wp-content/plugins/restrict-content/legacy/includes/assets/images/group-acct.svg
wp-content/plugins/restrict-content/legacy/includes/assets/images/help-purple.svg
wp-content/plugins/restrict-content/legacy/includes/assets/images/help-white.svg
wp-content/plugins/restrict-content/legacy/includes/assets/images/index.php
wp-content/plugins/restrict-content/legacy/includes/assets/images/memb-levels.svg
wp-content/plugins/restrict-content/legacy/includes/assets/images/mkt-integration.svg
wp-content/plugins/restrict-content/legacy/includes/assets/images/offer-discounts.svg
wp-content/plugins/restrict-content/legacy/includes/assets/images/premium-support.svg
wp-content/plugins/restrict-content/legacy/includes/assets/images/purple-arrow-right.svg
wp-content/plugins/restrict-content/legacy/includes/assets/images/restrict-content-levels.svg
wp-content/plugins/restrict-content/legacy/includes/assets/images/restrict-content-pro-logo-light.svg
wp-content/plugins/restrict-content/legacy/includes/assets/images/restrict-content-pro-logo-vertical-blue-black.svg
wp-content/plugins/restrict-content/legacy/includes/assets/images/restrict-content-pro-logo.svg
wp-content/plugins/restrict-content/legacy/includes/assets/images/restrict-content-pro-rex-standing.png
wp-content/plugins/restrict-content/legacy/includes/assets/images/restrict-content.svg
wp-content/plugins/restrict-content/legacy/includes/assets/images/restrict_content_logo.svg
wp-content/plugins/restrict-content/legacy/includes/assets/images/restrict_content_logo_white.svg
wp-content/plugins/restrict-content/legacy/includes/assets/images/support-purple.svg
wp-content/plugins/restrict-content/legacy/includes/assets/images/support-white.svg
wp-content/plugins/restrict-content/legacy/includes/assets/index.php
wp-content/plugins/restrict-content/legacy/includes/assets/js/index.php
wp-content/plugins/restrict-content/legacy/includes/assets/js/rc-admin.js
wp-content/plugins/restrict-content/legacy/includes/assets/js/rc-register.js
wp-content/plugins/restrict-content/legacy/includes/assets/js/rc-settings.js
wp-content/plugins/restrict-content/legacy/includes/display-functions.php
wp-content/plugins/restrict-content/legacy/includes/feed-functions.php
wp-content/plugins/restrict-content/legacy/includes/forms.php
wp-content/plugins/restrict-content/legacy/includes/index.php
wp-content/plugins/restrict-content/legacy/includes/integrations.php
wp-content/plugins/restrict-content/legacy/includes/metabox.php
wp-content/plugins/restrict-content/legacy/includes/misc-functions.php
wp-content/plugins/restrict-content/legacy/includes/scripts.php
wp-content/plugins/restrict-content/legacy/includes/settings.php
wp-content/plugins/restrict-content/legacy/includes/shortcodes.php
wp-content/plugins/restrict-content/legacy/includes/upgrades.php
wp-content/plugins/restrict-content/legacy/includes/user-checks.php
wp-content/plugins/restrict-content/legacy/index.php
wp-content/plugins/restrict-content/legacy/languages/default.po
wp-content/plugins/restrict-content/legacy/languages/index.php
wp-content/plugins/restrict-content/legacy/restrictcontent.php
wp-content/plugins/restrict-content/lib/icon-fonts/fonts/fontcustom.svg
wp-content/plugins/restrict-content/lib/icon-fonts/fonts/index.php
wp-content/plugins/restrict-content/lib/icon-fonts/fonts/ithemes-icons.eot
wp-content/plugins/restrict-content/lib/icon-fonts/fonts/ithemes-icons.svg
wp-content/plugins/restrict-content/lib/icon-fonts/fonts/ithemes-icons.ttf
wp-content/plugins/restrict-content/lib/icon-fonts/fonts/ithemes-icons.woff
wp-content/plugins/restrict-content/lib/icon-fonts/history.txt
wp-content/plugins/restrict-content/lib/icon-fonts/icon-fonts.css
wp-content/plugins/restrict-content/lib/icon-fonts/index.php
wp-content/plugins/restrict-content/lib/icon-fonts/init.php
wp-content/plugins/restrict-content/lib/icon-fonts/load.php
wp-content/plugins/restrict-content/lib/index.php
wp-content/plugins/restrict-content/license.txt
wp-content/plugins/restrict-content/package.json
wp-content/plugins/restrict-content/readme.txt
wp-content/plugins/restrict-content/restrictcontent.php
wp-content/plugins/restrict-content/uninstall.php
wp-content/plugins/restrict-content/vendor/autoload.php
wp-content/plugins/restrict-content/vendor/composer/ClassLoader.php
wp-content/plugins/restrict-content/vendor/composer/LICENSE
wp-content/plugins/restrict-content/vendor/composer/autoload_classmap.php
wp-content/plugins/restrict-content/vendor/composer/autoload_namespaces.php
wp-content/plugins/restrict-content/vendor/composer/autoload_psr4.php
wp-content/plugins/restrict-content/vendor/composer/autoload_real.php
wp-content/plugins/restrict-content/vendor/composer/autoload_static.php
wp-content/plugins/restrict-content/vendor/composer/index.php
wp-content/plugins/restrict-content/vendor/composer/platform_check.php
wp-content/plugins/restrict-content/vendor/index.php
wp-content/plugins/restrict-content/vendor/strauss/autoload-classmap.php
wp-content/plugins/restrict-content/vendor/strauss/autoload.php
wp-content/plugins/restrict-content/vendor/strauss/index.php
wp-content/plugins/restrict-content/vendor/strauss/lucatume/di52/aliases.php
wp-content/plugins/restrict-content/vendor/strauss/lucatume/di52/index.php
wp-content/plugins/restrict-content/vendor/strauss/lucatume/di52/src/App.php
wp-content/plugins/restrict-content/vendor/strauss/lucatume/di52/src/Builders/BuilderInterface.php
wp-content/plugins/restrict-content/vendor/strauss/lucatume/di52/src/Builders/CallableBuilder.php
wp-content/plugins/restrict-content/vendor/strauss/lucatume/di52/src/Builders/ClassBuilder.php
wp-content/plugins/restrict-content/vendor/strauss/lucatume/di52/src/Builders/ClosureBuilder.php
wp-content/plugins/restrict-content/vendor/strauss/lucatume/di52/src/Builders/Factory.php
wp-content/plugins/restrict-content/vendor/strauss/lucatume/di52/src/Builders/Parameter.php
wp-content/plugins/restrict-content/vendor/strauss/lucatume/di52/src/Builders/ReinitializableBuilderInterface.php
wp-content/plugins/restrict-content/vendor/strauss/lucatume/di52/src/Builders/Resolver.php
wp-content/plugins/restrict-content/vendor/strauss/lucatume/di52/src/Builders/ValueBuilder.php
wp-content/plugins/restrict-content/vendor/strauss/lucatume/di52/src/Builders/index.php
wp-content/plugins/restrict-content/vendor/strauss/lucatume/di52/src/Container.php
wp-content/plugins/restrict-content/vendor/strauss/lucatume/di52/src/ContainerException.php
wp-content/plugins/restrict-content/vendor/strauss/lucatume/di52/src/NestedParseError.php
wp-content/plugins/restrict-content/vendor/strauss/lucatume/di52/src/NotFoundException.php
wp-content/plugins/restrict-content/vendor/strauss/lucatume/di52/src/ServiceProvider.php
wp-content/plugins/restrict-content/vendor/strauss/lucatume/di52/src/index.php
wp-content/plugins/restrict-content/vendor/strauss/lucatume/index.php
wp-content/plugins/restrict-content/vendor/strauss/psr/container/index.php
wp-content/plugins/restrict-content/vendor/strauss/psr/container/src/ContainerExceptionInterface.php
wp-content/plugins/restrict-content/vendor/strauss/psr/container/src/ContainerInterface.php
wp-content/plugins/restrict-content/vendor/strauss/psr/container/src/NotFoundExceptionInterface.php
wp-content/plugins/restrict-content/vendor/strauss/psr/container/src/index.php
wp-content/plugins/restrict-content/vendor/strauss/psr/index.php
wp-content/plugins/restrict-content/vendor/strauss/stellarwp/container-contract/index.php
wp-content/plugins/restrict-content/vendor/strauss/stellarwp/container-contract/src/ContainerInterface.php
wp-content/plugins/restrict-content/vendor/strauss/stellarwp/container-contract/src/index.php
wp-content/plugins/restrict-content/vendor/strauss/stellarwp/index.php
wp-content/plugins/restrict-content/vendor/strauss/stellarwp/telemetry/index.php
wp-content/plugins/restrict-content/vendor/strauss/stellarwp/telemetry/src/Telemetry/Admin/Admin_Subscriber.php
wp-content/plugins/restrict-content/vendor/strauss/stellarwp/telemetry/src/Telemetry/Admin/Resources.php
wp-content/plugins/restrict-content/vendor/strauss/stellarwp/telemetry/src/Telemetry/Admin/index.php
wp-content/plugins/restrict-content/vendor/strauss/stellarwp/telemetry/src/Telemetry/Config.php
wp-content/plugins/restrict-content/vendor/strauss/stellarwp/telemetry/src/Telemetry/Contracts/Abstract_Subscriber.php
wp-content/plugins/restrict-content/vendor/strauss/stellarwp/telemetry/src/Telemetry/Contracts/Data_Provider.php
wp-content/plugins/restrict-content/vendor/strauss/stellarwp/telemetry/src/Telemetry/Contracts/Runnable.php
wp-content/plugins/restrict-content/vendor/strauss/stellarwp/telemetry/src/Telemetry/Contracts/Subscriber_Interface.php
wp-content/plugins/restrict-content/vendor/strauss/stellarwp/telemetry/src/Telemetry/Contracts/Template_Interface.php
wp-content/plugins/restrict-content/vendor/strauss/stellarwp/telemetry/src/Telemetry/Contracts/index.php
wp-content/plugins/restrict-content/vendor/strauss/stellarwp/telemetry/src/Telemetry/Core.php
wp-content/plugins/restrict-content/vendor/strauss/stellarwp/telemetry/src/Telemetry/Data_Providers/Debug_Data.php
wp-content/plugins/restrict-content/vendor/strauss/stellarwp/telemetry/src/Telemetry/Data_Providers/Null_Data_Provider.php
wp-content/plugins/restrict-content/vendor/strauss/stellarwp/telemetry/src/Telemetry/Data_Providers/index.php
wp-content/plugins/restrict-content/vendor/strauss/stellarwp/telemetry/src/Telemetry/Events/Event.php
wp-content/plugins/restrict-content/vendor/strauss/stellarwp/telemetry/src/Telemetry/Events/Event_Subscriber.php
wp-content/plugins/restrict-content/vendor/strauss/stellarwp/telemetry/src/Telemetry/Events/index.php
wp-content/plugins/restrict-content/vendor/strauss/stellarwp/telemetry/src/Telemetry/Exit_Interview/Exit_Interview_Subscriber.php
wp-content/plugins/restrict-content/vendor/strauss/stellarwp/telemetry/src/Telemetry/Exit_Interview/Template.php
wp-content/plugins/restrict-content/vendor/strauss/stellarwp/telemetry/src/Telemetry/Exit_Interview/index.php
wp-content/plugins/restrict-content/vendor/strauss/stellarwp/telemetry/src/Telemetry/Last_Send/Last_Send.php
wp-content/plugins/restrict-content/vendor/strauss/stellarwp/telemetry/src/Telemetry/Last_Send/Last_Send_Subscriber.php
wp-content/plugins/restrict-content/vendor/strauss/stellarwp/telemetry/src/Telemetry/Last_Send/index.php
wp-content/plugins/restrict-content/vendor/strauss/stellarwp/telemetry/src/Telemetry/Opt_In/Opt_In_Subscriber.php
wp-content/plugins/restrict-content/vendor/strauss/stellarwp/telemetry/src/Telemetry/Opt_In/Opt_In_Template.php
wp-content/plugins/restrict-content/vendor/strauss/stellarwp/telemetry/src/Telemetry/Opt_In/Status.php
wp-content/plugins/restrict-content/vendor/strauss/stellarwp/telemetry/src/Telemetry/Opt_In/index.php
wp-content/plugins/restrict-content/vendor/strauss/stellarwp/telemetry/src/Telemetry/Telemetry/Telemetry.php
wp-content/plugins/restrict-content/vendor/strauss/stellarwp/telemetry/src/Telemetry/Telemetry/Telemetry_Subscriber.php
wp-content/plugins/restrict-content/vendor/strauss/stellarwp/telemetry/src/Telemetry/Telemetry/index.php
wp-content/plugins/restrict-content/vendor/strauss/stellarwp/telemetry/src/Telemetry/Uninstall.php
wp-content/plugins/restrict-content/vendor/strauss/stellarwp/telemetry/src/Telemetry/index.php
wp-content/plugins/restrict-content/vendor/strauss/stellarwp/telemetry/src/index.php
wp-content/plugins/restrict-content/vendor/strauss/stellarwp/telemetry/src/resources/css/index.php
wp-content/plugins/restrict-content/vendor/strauss/stellarwp/telemetry/src/resources/css/styles.css
wp-content/plugins/restrict-content/vendor/strauss/stellarwp/telemetry/src/resources/images/index.php
wp-content/plugins/restrict-content/vendor/strauss/stellarwp/telemetry/src/resources/images/stellar-logo.svg
wp-content/plugins/restrict-content/vendor/strauss/stellarwp/telemetry/src/resources/index.php
wp-content/plugins/restrict-content/vendor/strauss/stellarwp/telemetry/src/resources/js/index.php
wp-content/plugins/restrict-content/vendor/strauss/stellarwp/telemetry/src/resources/js/scripts.js
wp-content/plugins/restrict-content/vendor/strauss/stellarwp/telemetry/src/views/exit-interview.php
wp-content/plugins/restrict-content/vendor/strauss/stellarwp/telemetry/src/views/index.php
wp-content/plugins/restrict-content/vendor/strauss/stellarwp/telemetry/src/views/optin.php
wp-content/plugins/restrict-content/webpack.config.js
wp-content/plugins/under-construction-page/css/select2.min.css
wp-content/plugins/under-construction-page/css/ucp-admin.css
wp-content/plugins/under-construction-page/images/thumbnails/000webhost.png
wp-content/plugins/under-construction-page/images/thumbnails/ambulance.png
wp-content/plugins/under-construction-page/images/thumbnails/bulldozer.png
wp-content/plugins/under-construction-page/images/thumbnails/christmas.png
wp-content/plugins/under-construction-page/images/thumbnails/clock.png
wp-content/plugins/under-construction-page/images/thumbnails/closed.png
wp-content/plugins/under-construction-page/images/thumbnails/cyber_chick.png
wp-content/plugins/under-construction-page/images/thumbnails/cyber_chick_dark.png
wp-content/plugins/under-construction-page/images/thumbnails/dark.png
wp-content/plugins/under-construction-page/images/thumbnails/dumper_truck.png
wp-content/plugins/under-construction-page/images/thumbnails/forklift.png
wp-content/plugins/under-construction-page/images/thumbnails/hard_worker.png
wp-content/plugins/under-construction-page/images/thumbnails/hot_air_baloon.png
wp-content/plugins/under-construction-page/images/thumbnails/iot.png
wp-content/plugins/under-construction-page/images/thumbnails/laptop.png
wp-content/plugins/under-construction-page/images/thumbnails/light_bulb.png
wp-content/plugins/under-construction-page/images/thumbnails/lighthouse.png
wp-content/plugins/under-construction-page/images/thumbnails/loader.png
wp-content/plugins/under-construction-page/images/thumbnails/mad_designer.png
wp-content/plugins/under-construction-page/images/thumbnails/people.png
wp-content/plugins/under-construction-page/images/thumbnails/people_2.png
wp-content/plugins/under-construction-page/images/thumbnails/plain_text.png
wp-content/plugins/under-construction-page/images/thumbnails/pro/animated-green.jpg
wp-content/plugins/under-construction-page/images/thumbnails/pro/business-statistics.jpg
wp-content/plugins/under-construction-page/images/thumbnails/pro/cloud-business-inc.jpg
wp-content/plugins/under-construction-page/images/thumbnails/pro/custom.jpg
wp-content/plugins/under-construction-page/images/thumbnails/pro/fitness-studio.jpg
wp-content/plugins/under-construction-page/images/thumbnails/pro/forest-in-the-fog.jpg
wp-content/plugins/under-construction-page/images/thumbnails/pro/grayscale-city.jpg
wp-content/plugins/under-construction-page/images/thumbnails/pro/model-portfolio.jpg
wp-content/plugins/under-construction-page/images/thumbnails/pro/mountain.jpg
wp-content/plugins/under-construction-page/images/thumbnails/pro/photography.jpg
wp-content/plugins/under-construction-page/images/thumbnails/pro/pink-lips.jpg
wp-content/plugins/under-construction-page/images/thumbnails/pro/relaxing-screensaver.jpg
wp-content/plugins/under-construction-page/images/thumbnails/pro/simple-beige.jpg
wp-content/plugins/under-construction-page/images/thumbnails/pro/simple-office-theme.jpg
wp-content/plugins/under-construction-page/images/thumbnails/pro/small-office.jpg
wp-content/plugins/under-construction-page/images/thumbnails/pro/smoothie.jpg
wp-content/plugins/under-construction-page/images/thumbnails/pro/soothing-nature.jpg
wp-content/plugins/under-construction-page/images/thumbnails/pro/sport-shop.jpg
wp-content/plugins/under-construction-page/images/thumbnails/pro/stunning-nature.jpg
wp-content/plugins/under-construction-page/images/thumbnails/pro/sunset.jpg
wp-content/plugins/under-construction-page/images/thumbnails/pro/travel-blog.jpg
wp-content/plugins/under-construction-page/images/thumbnails/pro/watch-company.jpg
wp-content/plugins/under-construction-page/images/thumbnails/pro/wedding.jpg
wp-content/plugins/under-construction-page/images/thumbnails/puzzles.png
wp-content/plugins/under-construction-page/images/thumbnails/research.png
wp-content/plugins/under-construction-page/images/thumbnails/rocket.png
wp-content/plugins/under-construction-page/images/thumbnails/rocket_2.png
wp-content/plugins/under-construction-page/images/thumbnails/sad_site.png
wp-content/plugins/under-construction-page/images/thumbnails/safe.png
wp-content/plugins/under-construction-page/images/thumbnails/setup.png
wp-content/plugins/under-construction-page/images/thumbnails/stop.png
wp-content/plugins/under-construction-page/images/thumbnails/under_construction.png
wp-content/plugins/under-construction-page/images/thumbnails/under_construction_text.png
wp-content/plugins/under-construction-page/images/thumbnails/windmill.png
wp-content/plugins/under-construction-page/images/thumbnails/work_desk.png
wp-content/plugins/under-construction-page/images/ucp_icon.png
wp-content/plugins/under-construction-page/images/ucp_logo.png
wp-content/plugins/under-construction-page/images/ucp_logo_2.png
wp-content/plugins/under-construction-page/images/ucp_pro_logo.png
wp-content/plugins/under-construction-page/images/ucp_pro_logo_white.png
wp-content/plugins/under-construction-page/images/weglot-logo-white.png
wp-content/plugins/under-construction-page/images/wp-force-ssl-logo.png
wp-content/plugins/under-construction-page/index.php
wp-content/plugins/under-construction-page/js/select2.min.js
wp-content/plugins/under-construction-page/js/ucp-admin-pointers.js
wp-content/plugins/under-construction-page/js/ucp-admin.js
wp-content/plugins/under-construction-page/js/ucp-jquery-plugins.js
wp-content/plugins/under-construction-page/license.txt
wp-content/plugins/under-construction-page/readme.txt
wp-content/plugins/under-construction-page/themes/000webhost/000webhost.jpg
wp-content/plugins/under-construction-page/themes/000webhost/index.php
wp-content/plugins/under-construction-page/themes/000webhost/style.css
wp-content/plugins/under-construction-page/themes/ambulance/ambulance.png
wp-content/plugins/under-construction-page/themes/ambulance/index.php
wp-content/plugins/under-construction-page/themes/ambulance/style.css
wp-content/plugins/under-construction-page/themes/bulldozer/bulldozer.png
wp-content/plugins/under-construction-page/themes/bulldozer/index.php
wp-content/plugins/under-construction-page/themes/bulldozer/style.css
wp-content/plugins/under-construction-page/themes/christmas/index.php
wp-content/plugins/under-construction-page/themes/christmas/santa.png
wp-content/plugins/under-construction-page/themes/christmas/snow-bottom.png
wp-content/plugins/under-construction-page/themes/christmas/snow.png
wp-content/plugins/under-construction-page/themes/christmas/style.css
wp-content/plugins/under-construction-page/themes/clock/clock-hand.png
wp-content/plugins/under-construction-page/themes/clock/clock.png
wp-content/plugins/under-construction-page/themes/clock/index.php
wp-content/plugins/under-construction-page/themes/clock/style.css
wp-content/plugins/under-construction-page/themes/closed/closed.png
wp-content/plugins/under-construction-page/themes/closed/index.php
wp-content/plugins/under-construction-page/themes/closed/style.css
wp-content/plugins/under-construction-page/themes/css/bootstrap-theme.min.css
wp-content/plugins/under-construction-page/themes/css/bootstrap.min.css
wp-content/plugins/under-construction-page/themes/css/common.css
wp-content/plugins/under-construction-page/themes/css/font-awesome.min.css
wp-content/plugins/under-construction-page/themes/cyber_chick/cyber_chick.png
wp-content/plugins/under-construction-page/themes/cyber_chick/index.php
wp-content/plugins/under-construction-page/themes/cyber_chick/style.css
wp-content/plugins/under-construction-page/themes/cyber_chick_dark/cyber_chick_dark.png
wp-content/plugins/under-construction-page/themes/cyber_chick_dark/index.php
wp-content/plugins/under-construction-page/themes/cyber_chick_dark/style.css
wp-content/plugins/under-construction-page/themes/dark/dark.jpg
wp-content/plugins/under-construction-page/themes/dark/index.php
wp-content/plugins/under-construction-page/themes/dark/style.css
wp-content/plugins/under-construction-page/themes/dumper_truck/dumper_truck.png
wp-content/plugins/under-construction-page/themes/dumper_truck/index.php
wp-content/plugins/under-construction-page/themes/dumper_truck/style.css
wp-content/plugins/under-construction-page/themes/fonts/FontAwesome.otf
wp-content/plugins/under-construction-page/themes/fonts/fontawesome-webfont.eot
wp-content/plugins/under-construction-page/themes/fonts/fontawesome-webfont.svg
wp-content/plugins/under-construction-page/themes/fonts/fontawesome-webfont.ttf
wp-content/plugins/under-construction-page/themes/fonts/fontawesome-webfont.woff
wp-content/plugins/under-construction-page/themes/fonts/fontawesome-webfont.woff2
wp-content/plugins/under-construction-page/themes/forklift/forklift.png
wp-content/plugins/under-construction-page/themes/forklift/index.php
wp-content/plugins/under-construction-page/themes/forklift/style.css
wp-content/plugins/under-construction-page/themes/hard_worker/hard_worker.png
wp-content/plugins/under-construction-page/themes/hard_worker/index.php
wp-content/plugins/under-construction-page/themes/hard_worker/style.css
wp-content/plugins/under-construction-page/themes/hot_air_baloon/hot_air_baloon.png
wp-content/plugins/under-construction-page/themes/hot_air_baloon/index.php
wp-content/plugins/under-construction-page/themes/hot_air_baloon/style.css
wp-content/plugins/under-construction-page/themes/images/favicon.png
wp-content/plugins/under-construction-page/themes/iot/index.php
wp-content/plugins/under-construction-page/themes/iot/iot.png
wp-content/plugins/under-construction-page/themes/iot/style.css
wp-content/plugins/under-construction-page/themes/laptop/index.php
wp-content/plugins/under-construction-page/themes/laptop/laptop.png
wp-content/plugins/under-construction-page/themes/laptop/style.css
wp-content/plugins/under-construction-page/themes/light_bulb/index.php
wp-content/plugins/under-construction-page/themes/light_bulb/light_bulb_off.png
wp-content/plugins/under-construction-page/themes/light_bulb/light_bulb_on.png
wp-content/plugins/under-construction-page/themes/light_bulb/style.css
wp-content/plugins/under-construction-page/themes/lighthouse/index.php
wp-content/plugins/under-construction-page/themes/lighthouse/lighthouse.png
wp-content/plugins/under-construction-page/themes/lighthouse/style.css
wp-content/plugins/under-construction-page/themes/loader/background_grid.png
wp-content/plugins/under-construction-page/themes/loader/index.php
wp-content/plugins/under-construction-page/themes/loader/loader.png
wp-content/plugins/under-construction-page/themes/loader/style.css
wp-content/plugins/under-construction-page/themes/mad_designer/index.php
wp-content/plugins/under-construction-page/themes/mad_designer/mad-designer.png
wp-content/plugins/under-construction-page/themes/mad_designer/style.css
wp-content/plugins/under-construction-page/themes/people/index.php
wp-content/plugins/under-construction-page/themes/people/people.png
wp-content/plugins/under-construction-page/themes/people/style.css
wp-content/plugins/under-construction-page/themes/people_2/index.php
wp-content/plugins/under-construction-page/themes/people_2/people_2.png
wp-content/plugins/under-construction-page/themes/people_2/style.css
wp-content/plugins/under-construction-page/themes/plain_text/index.php
wp-content/plugins/under-construction-page/themes/plain_text/style.css
wp-content/plugins/under-construction-page/themes/plain_text/ucp-cog.png
wp-content/plugins/under-construction-page/themes/puzzles/index.php
wp-content/plugins/under-construction-page/themes/puzzles/puzzles.png
wp-content/plugins/under-construction-page/themes/puzzles/style.css
wp-content/plugins/under-construction-page/themes/research/index.php
wp-content/plugins/under-construction-page/themes/research/research.png
wp-content/plugins/under-construction-page/themes/research/style.css
wp-content/plugins/under-construction-page/themes/rocket/index.php
wp-content/plugins/under-construction-page/themes/rocket/rocket.png
wp-content/plugins/under-construction-page/themes/rocket/style.css
wp-content/plugins/under-construction-page/themes/rocket_2/index.php
wp-content/plugins/under-construction-page/themes/rocket_2/rocket.png
wp-content/plugins/under-construction-page/themes/rocket_2/style.css
wp-content/plugins/under-construction-page/themes/sad_site/index.php
wp-content/plugins/under-construction-page/themes/sad_site/sad_site.jpg
wp-content/plugins/under-construction-page/themes/sad_site/style.css
wp-content/plugins/under-construction-page/themes/safe/index.php
wp-content/plugins/under-construction-page/themes/safe/safe.png
wp-content/plugins/under-construction-page/themes/safe/style.css
wp-content/plugins/under-construction-page/themes/setup/index.php
wp-content/plugins/under-construction-page/themes/setup/setup.png
wp-content/plugins/under-construction-page/themes/setup/style.css
wp-content/plugins/under-construction-page/themes/stop/index.php
wp-content/plugins/under-construction-page/themes/stop/stop.png
wp-content/plugins/under-construction-page/themes/stop/style.css
wp-content/plugins/under-construction-page/themes/under_construction/index.php
wp-content/plugins/under-construction-page/themes/under_construction/style.css
wp-content/plugins/under-construction-page/themes/under_construction/under_construction.png
wp-content/plugins/under-construction-page/themes/under_construction_text/index.php
wp-content/plugins/under-construction-page/themes/under_construction_text/style.css
wp-content/plugins/under-construction-page/themes/under_construction_text/under_construction_text.png
wp-content/plugins/under-construction-page/themes/windmill/index.php
wp-content/plugins/under-construction-page/themes/windmill/style.css
wp-content/plugins/under-construction-page/themes/windmill/windmill.png
wp-content/plugins/under-construction-page/themes/work_desk/index.php
wp-content/plugins/under-construction-page/themes/work_desk/style.css
wp-content/plugins/under-construction-page/themes/work_desk/work_desk.png
wp-content/plugins/under-construction-page/ucp-license.php
wp-content/plugins/under-construction-page/under-construction.php
wp-content/plugins/under-construction-page/wf-flyout/config.php
wp-content/plugins/under-construction-page/wf-flyout/icons/301-logo.png
wp-content/plugins/under-construction-page/wf-flyout/icons/ucp.png
wp-content/plugins/under-construction-page/wf-flyout/icons/wp-captcha.png
wp-content/plugins/under-construction-page/wf-flyout/icons/wp-reset.png
wp-content/plugins/under-construction-page/wf-flyout/icons/wp-ssl.png
wp-content/plugins/under-construction-page/wf-flyout/wf-flyout.css
wp-content/plugins/under-construction-page/wf-flyout/wf-flyout.js
wp-content/plugins/under-construction-page/wf-flyout/wf-flyout.php
wp-content/themes/hack-audio-2024/style.css
wp-content/themes/index.php
wp-content/themes/twentytwentyfour/assets/css/button-outline.css
wp-content/themes/twentytwentyfour/assets/fonts/cardo/LICENSE.txt
wp-content/themes/twentytwentyfour/assets/fonts/cardo/cardo_italic_400.woff2
wp-content/themes/twentytwentyfour/assets/fonts/cardo/cardo_normal_400.woff2
wp-content/themes/twentytwentyfour/assets/fonts/cardo/cardo_normal_700.woff2
wp-content/themes/twentytwentyfour/assets/fonts/instrument-sans/InstrumentSans-Italic-VariableFont_wdth,wght.woff2
wp-content/themes/twentytwentyfour/assets/fonts/instrument-sans/InstrumentSans-VariableFont_wdth,wght.woff2
wp-content/themes/twentytwentyfour/assets/fonts/instrument-sans/OFL.txt
wp-content/themes/twentytwentyfour/assets/fonts/inter/Inter-VariableFont_slnt,wght.woff2
wp-content/themes/twentytwentyfour/assets/fonts/inter/LICENSE.txt
wp-content/themes/twentytwentyfour/assets/fonts/jost/Jost-Italic-VariableFont_wght.woff2
wp-content/themes/twentytwentyfour/assets/fonts/jost/Jost-VariableFont_wght.woff2
wp-content/themes/twentytwentyfour/assets/fonts/jost/OFL.txt
wp-content/themes/twentytwentyfour/assets/images/abstract-geometric-art.webp
wp-content/themes/twentytwentyfour/assets/images/angular-roof.webp
wp-content/themes/twentytwentyfour/assets/images/art-gallery.webp
wp-content/themes/twentytwentyfour/assets/images/building-exterior.webp
wp-content/themes/twentytwentyfour/assets/images/green-staircase.webp
wp-content/themes/twentytwentyfour/assets/images/hotel-facade.webp
wp-content/themes/twentytwentyfour/assets/images/icon-message.webp
wp-content/themes/twentytwentyfour/assets/images/museum.webp
wp-content/themes/twentytwentyfour/assets/images/tourist-and-building.webp
wp-content/themes/twentytwentyfour/assets/images/windows.webp
wp-content/themes/twentytwentyfour/functions.php
wp-content/themes/twentytwentyfour/parts/footer.html
wp-content/themes/twentytwentyfour/parts/header.html
wp-content/themes/twentytwentyfour/parts/post-meta.html
wp-content/themes/twentytwentyfour/parts/sidebar.html
wp-content/themes/twentytwentyfour/patterns/banner-hero.php
wp-content/themes/twentytwentyfour/patterns/banner-project-description.php
wp-content/themes/twentytwentyfour/patterns/cta-content-image-on-right.php
wp-content/themes/twentytwentyfour/patterns/cta-pricing.php
wp-content/themes/twentytwentyfour/patterns/cta-rsvp.php
wp-content/themes/twentytwentyfour/patterns/cta-services-image-left.php
wp-content/themes/twentytwentyfour/patterns/cta-subscribe-centered.php
wp-content/themes/twentytwentyfour/patterns/footer-centered-logo-nav.php
wp-content/themes/twentytwentyfour/patterns/footer-colophon-3-col.php
wp-content/themes/twentytwentyfour/patterns/footer.php
wp-content/themes/twentytwentyfour/patterns/gallery-full-screen-image.php
wp-content/themes/twentytwentyfour/patterns/gallery-offset-images-grid-2-col.php
wp-content/themes/twentytwentyfour/patterns/gallery-offset-images-grid-3-col.php
wp-content/themes/twentytwentyfour/patterns/gallery-offset-images-grid-4-col.php
wp-content/themes/twentytwentyfour/patterns/gallery-project-layout.php
wp-content/themes/twentytwentyfour/patterns/hidden-404.php
wp-content/themes/twentytwentyfour/patterns/hidden-comments.php
wp-content/themes/twentytwentyfour/patterns/hidden-no-results.php
wp-content/themes/twentytwentyfour/patterns/hidden-portfolio-hero.php
wp-content/themes/twentytwentyfour/patterns/hidden-post-meta.php
wp-content/themes/twentytwentyfour/patterns/hidden-post-navigation.php
wp-content/themes/twentytwentyfour/patterns/hidden-posts-heading.php
wp-content/themes/twentytwentyfour/patterns/hidden-search.php
wp-content/themes/twentytwentyfour/patterns/hidden-sidebar.php
wp-content/themes/twentytwentyfour/patterns/page-about-business.php
wp-content/themes/twentytwentyfour/patterns/page-home-blogging.php
wp-content/themes/twentytwentyfour/patterns/page-home-business.php
wp-content/themes/twentytwentyfour/patterns/page-home-portfolio-gallery.php
wp-content/themes/twentytwentyfour/patterns/page-home-portfolio.php
wp-content/themes/twentytwentyfour/patterns/page-newsletter-landing.php
wp-content/themes/twentytwentyfour/patterns/page-portfolio-overview.php
wp-content/themes/twentytwentyfour/patterns/page-rsvp-landing.php
wp-content/themes/twentytwentyfour/patterns/posts-1-col.php
wp-content/themes/twentytwentyfour/patterns/posts-3-col.php
wp-content/themes/twentytwentyfour/patterns/posts-grid-2-col.php
wp-content/themes/twentytwentyfour/patterns/posts-images-only-3-col.php
wp-content/themes/twentytwentyfour/patterns/posts-images-only-offset-4-col.php
wp-content/themes/twentytwentyfour/patterns/posts-list.php
wp-content/themes/twentytwentyfour/patterns/team-4-col.php
wp-content/themes/twentytwentyfour/patterns/template-archive-blogging.php
wp-content/themes/twentytwentyfour/patterns/template-archive-portfolio.php
wp-content/themes/twentytwentyfour/patterns/template-home-blogging.php
wp-content/themes/twentytwentyfour/patterns/template-home-business.php
wp-content/themes/twentytwentyfour/patterns/template-home-portfolio.php
wp-content/themes/twentytwentyfour/patterns/template-index-blogging.php
wp-content/themes/twentytwentyfour/patterns/template-index-portfolio.php
wp-content/themes/twentytwentyfour/patterns/template-search-blogging.php
wp-content/themes/twentytwentyfour/patterns/template-search-portfolio.php
wp-content/themes/twentytwentyfour/patterns/template-single-portfolio.php
wp-content/themes/twentytwentyfour/patterns/testimonial-centered.php
wp-content/themes/twentytwentyfour/patterns/text-alternating-images.php
wp-content/themes/twentytwentyfour/patterns/text-centered-statement-small.php
wp-content/themes/twentytwentyfour/patterns/text-centered-statement.php
wp-content/themes/twentytwentyfour/patterns/text-faq.php
wp-content/themes/twentytwentyfour/patterns/text-feature-grid-3-col.php
wp-content/themes/twentytwentyfour/patterns/text-project-details.php
wp-content/themes/twentytwentyfour/patterns/text-title-left-image-right.php
wp-content/themes/twentytwentyfour/readme.txt
wp-content/themes/twentytwentyfour/screenshot.png
wp-content/themes/twentytwentyfour/style.css
wp-content/themes/twentytwentyfour/styles/ember.json
wp-content/themes/twentytwentyfour/styles/fossil.json
wp-content/themes/twentytwentyfour/styles/ice.json
wp-content/themes/twentytwentyfour/styles/maelstrom.json
wp-content/themes/twentytwentyfour/styles/mint.json
wp-content/themes/twentytwentyfour/styles/onyx.json
wp-content/themes/twentytwentyfour/styles/rust.json
wp-content/themes/twentytwentyfour/templates/404.html
wp-content/themes/twentytwentyfour/templates/archive.html
wp-content/themes/twentytwentyfour/templates/home.html
wp-content/themes/twentytwentyfour/templates/index.html
wp-content/themes/twentytwentyfour/templates/page-no-title.html
wp-content/themes/twentytwentyfour/templates/page-wide.html
wp-content/themes/twentytwentyfour/templates/page-with-sidebar.html
wp-content/themes/twentytwentyfour/templates/page.html
wp-content/themes/twentytwentyfour/templates/search.html
wp-content/themes/twentytwentyfour/templates/single-with-sidebar.html
wp-content/themes/twentytwentyfour/templates/single.html
wp-content/themes/twentytwentyfour/theme.json
wp-content/uploads/2024/08/020bf-circle_cos_sin.gif
wp-content/uploads/2024/08/04d59-acfbanner.jpg
wp-content/uploads/2024/08/056b2-lpf.png
wp-content/uploads/2024/08/081e6-serieslpfhpf.png
wp-content/uploads/2024/08/08434-rms-definition.png
wp-content/uploads/2024/08/08d13-lineargainchange.png
wp-content/uploads/2024/08/0a87c-publications.png
wp-content/uploads/2024/08/0bc81-hpf.png
wp-content/uploads/2024/08/101e5-dog.jpg
wp-content/uploads/2024/08/10a22-pointtopointbackground.jpg
wp-content/uploads/2024/08/119e7-71.jpg
wp-content/uploads/2024/08/12423-phone2.png
wp-content/uploads/2024/08/12a78-signal-multiplication.png
wp-content/uploads/2024/08/1664f-8.jpg
wp-content/uploads/2024/08/178c1-6.jpg
wp-content/uploads/2024/08/1a7d2-42.jpg
wp-content/uploads/2024/08/1bfb9-logo.png
wp-content/uploads/2024/08/1d44f-unit-circle-e1464884315814.png
wp-content/uploads/2024/08/1da07-51.jpg
wp-content/uploads/2024/08/1ea6c-profile_black-bg.png
wp-content/uploads/2024/08/205e0-seriesbpf.png
wp-content/uploads/2024/08/22633-13.jpg
wp-content/uploads/2024/08/28ec2-22.jpg
wp-content/uploads/2024/08/2c210-17.jpg
wp-content/uploads/2024/08/337f1-serieslpfcombined.png
wp-content/uploads/2024/08/33b34-2.jpg
wp-content/uploads/2024/08/341c8-dsp-e1455456361215.png
wp-content/uploads/2024/08/381ff-21.jpg
wp-content/uploads/2024/08/383e9-sine-angle.png
wp-content/uploads/2024/08/3947a-32.jpg
wp-content/uploads/2024/08/3bee6-audiomerebanner.png
wp-content/uploads/2024/08/3dd0a-bandpassfilter.png
wp-content/uploads/2024/08/3ea86-hackaudiomug.png
wp-content/uploads/2024/08/417eb-cyberneticmodelmovement.pdf
wp-content/uploads/2024/08/458cd-polarity-inversion.png
wp-content/uploads/2024/08/47996-pingpongecho-e1502322233243.png
wp-content/uploads/2024/08/4a2d4-18.jpg
wp-content/uploads/2024/08/4bb18-juce-ad-website.png
wp-content/uploads/2024/08/55f30-notch-filter-e1522073930734.png
wp-content/uploads/2024/08/56c49-transformsinefunction-e1464995033955.png
wp-content/uploads/2024/08/58a8e-img3.jpg
wp-content/uploads/2024/08/58e24-myheadshotlarge.jpg
wp-content/uploads/2024/08/5e133-hackaudiotshirt.png
wp-content/uploads/2024/08/5f46a-feedforwarddelayblockdiagram-e1501185658752.png
wp-content/uploads/2024/08/61443-spectrogram-e1462897510870.png
wp-content/uploads/2024/08/65d14-16.jpg
wp-content/uploads/2024/08/69604-multitap-echo-e1501422350396.png
wp-content/uploads/2024/08/6abf6-blank_black-bg.png
wp-content/uploads/2024/08/7395a-rms-normalization.png
wp-content/uploads/2024/08/7c57f-screen-shot-2017-08-22-at-1.41.54-pm-e1503427437409.png
wp-content/uploads/2024/08/7df3d-phone3.png
wp-content/uploads/2024/08/832ef-pitch-synch-poster-final.pdf
wp-content/uploads/2024/08/8357e-subtracting-signals.png
wp-content/uploads/2024/08/85920-computerprogbannerblur.png
wp-content/uploads/2024/08/86849-iconicalgorithmsinterface.png
wp-content/uploads/2024/08/87ece-7.jpg
wp-content/uploads/2024/08/8b699-acfbanner-1.jpg
wp-content/uploads/2024/08/8cd2c-bannerunik_white-bg.png
wp-content/uploads/2024/08/8d7dc-circles.png
wp-content/uploads/2024/08/91a38-juce-launch-sale-e1498671061669.png
wp-content/uploads/2024/08/9650e-3.jpg
wp-content/uploads/2024/08/96d0e-freqzsmall.png
wp-content/uploads/2024/08/99a52-mrdoggo.jpg
wp-content/uploads/2024/08/9f454-tarrnittrouer2013.pdf
wp-content/uploads/2024/08/a2874-fdndiagram.png
wp-content/uploads/2024/08/a4e31-minia_white-bg.png
wp-content/uploads/2024/08/a5424-apfscreenshot.png
wp-content/uploads/2024/08/a5f18-111.jpg
wp-content/uploads/2024/08/a9db7-gettingstartedbanner-e1455290840487.png
wp-content/uploads/2024/08/b0679-img2.jpg
wp-content/uploads/2024/08/b0d08-pointtopointmodeling.png
wp-content/uploads/2024/08/b27b9-15.jpg
wp-content/uploads/2024/08/b35d3-23.jpg
wp-content/uploads/2024/08/b548b-12.jpg
wp-content/uploads/2024/08/b7256-lfodelayscreenshot.png
wp-content/uploads/2024/08/b97f0-screen-shot-2017-07-11-at-8.00.11-am.png
wp-content/uploads/2024/08/b9c36-math-functions-table.png
wp-content/uploads/2024/08/bannerlogo_empty-bg-1.png
wp-content/uploads/2024/08/c33da-pluginguis-e1503427917405.png
wp-content/uploads/2024/08/c3ab1-client.png
wp-content/uploads/2024/08/c6761-spectralsmearing.pdf
wp-content/uploads/2024/08/c83ae-acfbanner-2.jpg
wp-content/uploads/2024/08/c84b3-41.jpg
wp-content/uploads/2024/08/c961a-summingtarr2014.pdf
wp-content/uploads/2024/08/cb80b-1.jpg
wp-content/uploads/2024/08/d056f-img1.jpg
wp-content/uploads/2024/08/d1db2-5.jpg
wp-content/uploads/2024/08/d4c1d-tempoconversion-e1500744589795.png
wp-content/uploads/2024/08/d63ea-tubescreamerbkg.png
wp-content/uploads/2024/08/d9320-periodicgif.gif
wp-content/uploads/2024/08/dbcc1-phone1.png
wp-content/uploads/2024/08/dc8b1-delay-notation-e1501185606114.png
wp-content/uploads/2024/08/dd0f4-serieslpfs.png
wp-content/uploads/2024/08/dffb8-sos-sept-14-audiomere.pdf
wp-content/uploads/2024/08/e3988-bannerunik_black-bg-e1440018985899.png
wp-content/uploads/2024/08/e6d4e-basicechoscreenshot.png
wp-content/uploads/2024/08/e85ef-img4.jpg
wp-content/uploads/2024/08/e8c8f-feedbackdelayblockdiagram-e1501185438591.png
wp-content/uploads/2024/08/ea2ce-websitelogo-e1531522160449.png
wp-content/uploads/2024/08/ea590-juce-ad-background-blur-e1498750145129.png
wp-content/uploads/2024/08/ece68-soh.png
wp-content/uploads/2024/08/ed370-screen-shot-2016-08-03-at-8.43.24-am.png
wp-content/uploads/2024/08/ee0ff-61.jpg
wp-content/uploads/2024/08/ef5d3-freqzhpf.png
wp-content/uploads/2024/08/f40cf-myheadshot.jpg
wp-content/uploads/2024/08/f4301-line-specifications-e1472583770846.png
wp-content/uploads/2024/08/f6369-4.jpg
wp-content/uploads/2024/08/fe9cc-websitelogoedit-e1531521598244.png
wp-content/uploads/2024/08/mrdoggo-3.jpg
wp-content/uploads/2024/09/acf_screenshot.png
wp-content/uploads/2024/10/Analog-Circuit-Factory-Schematics.zip
wp-content/uploads/2024/12/ACF_Circuit_Manifest_v1.txt
wp-content/uploads/2024/12/TEST_ACF_Circuit_Defaults_v1.zip
wp-content/uploads/2024/12/TEST_ACF_Circuit_Manifest_v1.txt
wp-content/uploads/rcp/debug/.htaccess
wp-content/uploads/rcp/debug/67129750d9b31.log
wp-content/uploads/rcp/debug/index.php
wp-cron.php
wp-includes/ID3/getid3.lib.php
wp-includes/ID3/getid3.php
wp-includes/ID3/license.txt
wp-includes/ID3/module.audio-video.asf.php
wp-includes/ID3/module.audio-video.flv.php
wp-includes/ID3/module.audio-video.matroska.php
wp-includes/ID3/module.audio-video.quicktime.php
wp-includes/ID3/module.audio-video.riff.php
wp-includes/ID3/module.audio.ac3.php
wp-includes/ID3/module.audio.dts.php
wp-includes/ID3/module.audio.flac.php
wp-includes/ID3/module.audio.mp3.php
wp-includes/ID3/module.audio.ogg.php
wp-includes/ID3/module.tag.apetag.php
wp-includes/ID3/module.tag.id3v1.php
wp-includes/ID3/module.tag.id3v2.php
wp-includes/ID3/module.tag.lyrics3.php
wp-includes/ID3/readme.txt
wp-includes/IXR/class-IXR-base64.php
wp-includes/IXR/class-IXR-client.php
wp-includes/IXR/class-IXR-clientmulticall.php
wp-includes/IXR/class-IXR-date.php
wp-includes/IXR/class-IXR-error.php
wp-includes/IXR/class-IXR-introspectionserver.php
wp-includes/IXR/class-IXR-message.php
wp-includes/IXR/class-IXR-request.php
wp-includes/IXR/class-IXR-server.php
wp-includes/IXR/class-IXR-value.php
wp-includes/PHPMailer/Exception.php
wp-includes/PHPMailer/PHPMailer.php
wp-includes/PHPMailer/SMTP.php
wp-includes/Requests/library/Requests.php
wp-includes/Requests/src/Auth.php
wp-includes/Requests/src/Auth/Basic.php
wp-includes/Requests/src/Autoload.php
wp-includes/Requests/src/Capability.php
wp-includes/Requests/src/Cookie.php
wp-includes/Requests/src/Cookie/Jar.php
wp-includes/Requests/src/Exception.php
wp-includes/Requests/src/Exception/ArgumentCount.php
wp-includes/Requests/src/Exception/Http.php
wp-includes/Requests/src/Exception/Http/Status304.php
wp-includes/Requests/src/Exception/Http/Status305.php
wp-includes/Requests/src/Exception/Http/Status306.php
wp-includes/Requests/src/Exception/Http/Status400.php
wp-includes/Requests/src/Exception/Http/Status401.php
wp-includes/Requests/src/Exception/Http/Status402.php
wp-includes/Requests/src/Exception/Http/Status403.php
wp-includes/Requests/src/Exception/Http/Status404.php
wp-includes/Requests/src/Exception/Http/Status405.php
wp-includes/Requests/src/Exception/Http/Status406.php
wp-includes/Requests/src/Exception/Http/Status407.php
wp-includes/Requests/src/Exception/Http/Status408.php
wp-includes/Requests/src/Exception/Http/Status409.php
wp-includes/Requests/src/Exception/Http/Status410.php
wp-includes/Requests/src/Exception/Http/Status411.php
wp-includes/Requests/src/Exception/Http/Status412.php
wp-includes/Requests/src/Exception/Http/Status413.php
wp-includes/Requests/src/Exception/Http/Status414.php
wp-includes/Requests/src/Exception/Http/Status415.php
wp-includes/Requests/src/Exception/Http/Status416.php
wp-includes/Requests/src/Exception/Http/Status417.php
wp-includes/Requests/src/Exception/Http/Status418.php
wp-includes/Requests/src/Exception/Http/Status428.php
wp-includes/Requests/src/Exception/Http/Status429.php
wp-includes/Requests/src/Exception/Http/Status431.php
wp-includes/Requests/src/Exception/Http/Status500.php
wp-includes/Requests/src/Exception/Http/Status501.php
wp-includes/Requests/src/Exception/Http/Status502.php
wp-includes/Requests/src/Exception/Http/Status503.php
wp-includes/Requests/src/Exception/Http/Status504.php
wp-includes/Requests/src/Exception/Http/Status505.php
wp-includes/Requests/src/Exception/Http/Status511.php
wp-includes/Requests/src/Exception/Http/StatusUnknown.php
wp-includes/Requests/src/Exception/InvalidArgument.php
wp-includes/Requests/src/Exception/Transport.php
wp-includes/Requests/src/Exception/Transport/Curl.php
wp-includes/Requests/src/HookManager.php
wp-includes/Requests/src/Hooks.php
wp-includes/Requests/src/IdnaEncoder.php
wp-includes/Requests/src/Ipv6.php
wp-includes/Requests/src/Iri.php
wp-includes/Requests/src/Port.php
wp-includes/Requests/src/Proxy.php
wp-includes/Requests/src/Proxy/Http.php
wp-includes/Requests/src/Requests.php
wp-includes/Requests/src/Response.php
wp-includes/Requests/src/Response/Headers.php
wp-includes/Requests/src/Session.php
wp-includes/Requests/src/Ssl.php
wp-includes/Requests/src/Transport.php
wp-includes/Requests/src/Transport/Curl.php
wp-includes/Requests/src/Transport/Fsockopen.php
wp-includes/Requests/src/Utility/CaseInsensitiveDictionary.php
wp-includes/Requests/src/Utility/FilteredIterator.php
wp-includes/Requests/src/Utility/InputValidator.php
wp-includes/SimplePie/autoloader.php
wp-includes/SimplePie/library/SimplePie.php
wp-includes/SimplePie/library/SimplePie/Author.php
wp-includes/SimplePie/library/SimplePie/Cache.php
wp-includes/SimplePie/library/SimplePie/Cache/Base.php
wp-includes/SimplePie/library/SimplePie/Cache/DB.php
wp-includes/SimplePie/library/SimplePie/Cache/File.php
wp-includes/SimplePie/library/SimplePie/Cache/Memcache.php
wp-includes/SimplePie/library/SimplePie/Cache/Memcached.php
wp-includes/SimplePie/library/SimplePie/Cache/MySQL.php
wp-includes/SimplePie/library/SimplePie/Cache/Redis.php
wp-includes/SimplePie/library/SimplePie/Caption.php
wp-includes/SimplePie/library/SimplePie/Category.php
wp-includes/SimplePie/library/SimplePie/Content/Type/Sniffer.php
wp-includes/SimplePie/library/SimplePie/Copyright.php
wp-includes/SimplePie/library/SimplePie/Core.php
wp-includes/SimplePie/library/SimplePie/Credit.php
wp-includes/SimplePie/library/SimplePie/Decode/HTML/Entities.php
wp-includes/SimplePie/library/SimplePie/Enclosure.php
wp-includes/SimplePie/library/SimplePie/Exception.php
wp-includes/SimplePie/library/SimplePie/File.php
wp-includes/SimplePie/library/SimplePie/HTTP/Parser.php
wp-includes/SimplePie/library/SimplePie/IRI.php
wp-includes/SimplePie/library/SimplePie/Item.php
wp-includes/SimplePie/library/SimplePie/Locator.php
wp-includes/SimplePie/library/SimplePie/Misc.php
wp-includes/SimplePie/library/SimplePie/Net/IPv6.php
wp-includes/SimplePie/library/SimplePie/Parse/Date.php
wp-includes/SimplePie/library/SimplePie/Parser.php
wp-includes/SimplePie/library/SimplePie/Rating.php
wp-includes/SimplePie/library/SimplePie/Registry.php
wp-includes/SimplePie/library/SimplePie/Restriction.php
wp-includes/SimplePie/library/SimplePie/Sanitize.php
wp-includes/SimplePie/library/SimplePie/Source.php
wp-includes/SimplePie/library/SimplePie/XML/Declaration/Parser.php
wp-includes/SimplePie/library/SimplePie/gzdecode.php
wp-includes/SimplePie/src/Author.php
wp-includes/SimplePie/src/Cache.php
wp-includes/SimplePie/src/Cache/Base.php
wp-includes/SimplePie/src/Cache/BaseDataCache.php
wp-includes/SimplePie/src/Cache/CallableNameFilter.php
wp-includes/SimplePie/src/Cache/DB.php
wp-includes/SimplePie/src/Cache/DataCache.php
wp-includes/SimplePie/src/Cache/File.php
wp-includes/SimplePie/src/Cache/Memcache.php
wp-includes/SimplePie/src/Cache/Memcached.php
wp-includes/SimplePie/src/Cache/MySQL.php
wp-includes/SimplePie/src/Cache/NameFilter.php
wp-includes/SimplePie/src/Cache/Psr16.php
wp-includes/SimplePie/src/Cache/Redis.php
wp-includes/SimplePie/src/Caption.php
wp-includes/SimplePie/src/Category.php
wp-includes/SimplePie/src/Content/Type/Sniffer.php
wp-includes/SimplePie/src/Copyright.php
wp-includes/SimplePie/src/Core.php
wp-includes/SimplePie/src/Credit.php
wp-includes/SimplePie/src/Decode/HTML/Entities.php
wp-includes/SimplePie/src/Enclosure.php
wp-includes/SimplePie/src/Exception.php
wp-includes/SimplePie/src/File.php
wp-includes/SimplePie/src/Gzdecode.php
wp-includes/SimplePie/src/HTTP/Parser.php
wp-includes/SimplePie/src/IRI.php
wp-includes/SimplePie/src/Item.php
wp-includes/SimplePie/src/Locator.php
wp-includes/SimplePie/src/Misc.php
wp-includes/SimplePie/src/Net/IPv6.php
wp-includes/SimplePie/src/Parse/Date.php
wp-includes/SimplePie/src/Parser.php
wp-includes/SimplePie/src/Rating.php
wp-includes/SimplePie/src/Registry.php
wp-includes/SimplePie/src/RegistryAware.php
wp-includes/SimplePie/src/Restriction.php
wp-includes/SimplePie/src/Sanitize.php
wp-includes/SimplePie/src/SimplePie.php
wp-includes/SimplePie/src/Source.php
wp-includes/SimplePie/src/XML/Declaration/Parser.php
wp-includes/Text/Diff.php
wp-includes/Text/Diff/Engine/native.php
wp-includes/Text/Diff/Engine/shell.php
wp-includes/Text/Diff/Engine/string.php
wp-includes/Text/Diff/Engine/xdiff.php
wp-includes/Text/Diff/Renderer.php
wp-includes/Text/Diff/Renderer/inline.php
wp-includes/Text/Exception.php
wp-includes/admin-bar.php
wp-includes/assets/script-loader-packages.min.php
wp-includes/assets/script-loader-packages.php
wp-includes/assets/script-loader-react-refresh-entry.min.php
wp-includes/assets/script-loader-react-refresh-entry.php
wp-includes/assets/script-loader-react-refresh-runtime.min.php
wp-includes/assets/script-loader-react-refresh-runtime.php
wp-includes/assets/script-modules-packages.min.php
wp-includes/assets/script-modules-packages.php
wp-includes/atomlib.php
wp-includes/author-template.php
wp-includes/block-bindings.php
wp-includes/block-bindings/pattern-overrides.php
wp-includes/block-bindings/post-meta.php
wp-includes/block-editor.php
wp-includes/block-i18n.json
wp-includes/block-patterns.php
wp-includes/block-patterns/query-grid-posts.php
wp-includes/block-patterns/query-large-title-posts.php
wp-includes/block-patterns/query-medium-posts.php
wp-includes/block-patterns/query-offset-posts.php
wp-includes/block-patterns/query-small-posts.php
wp-includes/block-patterns/query-standard-posts.php
wp-includes/block-patterns/social-links-shared-background-color.php
wp-includes/block-supports/align.php
wp-includes/block-supports/aria-label.php
wp-includes/block-supports/background.php
wp-includes/block-supports/block-style-variations.php
wp-includes/block-supports/border.php
wp-includes/block-supports/colors.php
wp-includes/block-supports/custom-classname.php
wp-includes/block-supports/dimensions.php
wp-includes/block-supports/duotone.php
wp-includes/block-supports/elements.php
wp-includes/block-supports/generated-classname.php
wp-includes/block-supports/layout.php
wp-includes/block-supports/position.php
wp-includes/block-supports/settings.php
wp-includes/block-supports/shadow.php
wp-includes/block-supports/spacing.php
wp-includes/block-supports/typography.php
wp-includes/block-supports/utils.php
wp-includes/block-template-utils.php
wp-includes/block-template.php
wp-includes/blocks.php
wp-includes/blocks/archives.php
wp-includes/blocks/archives/block.json
wp-includes/blocks/archives/editor-rtl.css
wp-includes/blocks/archives/editor-rtl.min.css
wp-includes/blocks/archives/editor.css
wp-includes/blocks/archives/editor.min.css
wp-includes/blocks/archives/style-rtl.css
wp-includes/blocks/archives/style-rtl.min.css
wp-includes/blocks/archives/style.css
wp-includes/blocks/archives/style.min.css
wp-includes/blocks/audio/block.json
wp-includes/blocks/audio/editor-rtl.css
wp-includes/blocks/audio/editor-rtl.min.css
wp-includes/blocks/audio/editor.css
wp-includes/blocks/audio/editor.min.css
wp-includes/blocks/audio/style-rtl.css
wp-includes/blocks/audio/style-rtl.min.css
wp-includes/blocks/audio/style.css
wp-includes/blocks/audio/style.min.css
wp-includes/blocks/audio/theme-rtl.css
wp-includes/blocks/audio/theme-rtl.min.css
wp-includes/blocks/audio/theme.css
wp-includes/blocks/audio/theme.min.css
wp-includes/blocks/avatar.php
wp-includes/blocks/avatar/block.json
wp-includes/blocks/avatar/editor-rtl.css
wp-includes/blocks/avatar/editor-rtl.min.css
wp-includes/blocks/avatar/editor.css
wp-includes/blocks/avatar/editor.min.css
wp-includes/blocks/avatar/style-rtl.css
wp-includes/blocks/avatar/style-rtl.min.css
wp-includes/blocks/avatar/style.css
wp-includes/blocks/avatar/style.min.css
wp-includes/blocks/block.php
wp-includes/blocks/block/block.json
wp-includes/blocks/blocks-json.php
wp-includes/blocks/button.php
wp-includes/blocks/button/block.json
wp-includes/blocks/button/editor-rtl.css
wp-includes/blocks/button/editor-rtl.min.css
wp-includes/blocks/button/editor.css
wp-includes/blocks/button/editor.min.css
wp-includes/blocks/button/style-rtl.css
wp-includes/blocks/button/style-rtl.min.css
wp-includes/blocks/button/style.css
wp-includes/blocks/button/style.min.css
wp-includes/blocks/buttons/block.json
wp-includes/blocks/buttons/editor-rtl.css
wp-includes/blocks/buttons/editor-rtl.min.css
wp-includes/blocks/buttons/editor.css
wp-includes/blocks/buttons/editor.min.css
wp-includes/blocks/buttons/style-rtl.css
wp-includes/blocks/buttons/style-rtl.min.css
wp-includes/blocks/buttons/style.css
wp-includes/blocks/buttons/style.min.css
wp-includes/blocks/calendar.php
wp-includes/blocks/calendar/block.json
wp-includes/blocks/calendar/style-rtl.css
wp-includes/blocks/calendar/style-rtl.min.css
wp-includes/blocks/calendar/style.css
wp-includes/blocks/calendar/style.min.css
wp-includes/blocks/categories.php
wp-includes/blocks/categories/block.json
wp-includes/blocks/categories/editor-rtl.css
wp-includes/blocks/categories/editor-rtl.min.css
wp-includes/blocks/categories/editor.css
wp-includes/blocks/categories/editor.min.css
wp-includes/blocks/categories/style-rtl.css
wp-includes/blocks/categories/style-rtl.min.css
wp-includes/blocks/categories/style.css
wp-includes/blocks/categories/style.min.css
wp-includes/blocks/code/block.json
wp-includes/blocks/code/editor-rtl.css
wp-includes/blocks/code/editor-rtl.min.css
wp-includes/blocks/code/editor.css
wp-includes/blocks/code/editor.min.css
wp-includes/blocks/code/style-rtl.css
wp-includes/blocks/code/style-rtl.min.css
wp-includes/blocks/code/style.css
wp-includes/blocks/code/style.min.css
wp-includes/blocks/code/theme-rtl.css
wp-includes/blocks/code/theme-rtl.min.css
wp-includes/blocks/code/theme.css
wp-includes/blocks/code/theme.min.css
wp-includes/blocks/column/block.json
wp-includes/blocks/columns/block.json
wp-includes/blocks/columns/editor-rtl.css
wp-includes/blocks/columns/editor-rtl.min.css
wp-includes/blocks/columns/editor.css
wp-includes/blocks/columns/editor.min.css
wp-includes/blocks/columns/style-rtl.css
wp-includes/blocks/columns/style-rtl.min.css
wp-includes/blocks/columns/style.css
wp-includes/blocks/columns/style.min.css
wp-includes/blocks/comment-author-name.php
wp-includes/blocks/comment-author-name/block.json
wp-includes/blocks/comment-author-name/style-rtl.css
wp-includes/blocks/comment-author-name/style-rtl.min.css
wp-includes/blocks/comment-author-name/style.css
wp-includes/blocks/comment-author-name/style.min.css
wp-includes/blocks/comment-content.php
wp-includes/blocks/comment-content/block.json
wp-includes/blocks/comment-content/style-rtl.css
wp-includes/blocks/comment-content/style-rtl.min.css
wp-includes/blocks/comment-content/style.css
wp-includes/blocks/comment-content/style.min.css
wp-includes/blocks/comment-date.php
wp-includes/blocks/comment-date/block.json
wp-includes/blocks/comment-date/style-rtl.css
wp-includes/blocks/comment-date/style-rtl.min.css
wp-includes/blocks/comment-date/style.css
wp-includes/blocks/comment-date/style.min.css
wp-includes/blocks/comment-edit-link.php
wp-includes/blocks/comment-edit-link/block.json
wp-includes/blocks/comment-edit-link/style-rtl.css
wp-includes/blocks/comment-edit-link/style-rtl.min.css
wp-includes/blocks/comment-edit-link/style.css
wp-includes/blocks/comment-edit-link/style.min.css
wp-includes/blocks/comment-reply-link.php
wp-includes/blocks/comment-reply-link/block.json
wp-includes/blocks/comment-reply-link/style-rtl.css
wp-includes/blocks/comment-reply-link/style-rtl.min.css
wp-includes/blocks/comment-reply-link/style.css
wp-includes/blocks/comment-reply-link/style.min.css
wp-includes/blocks/comment-template.php
wp-includes/blocks/comment-template/block.json
wp-includes/blocks/comment-template/style-rtl.css
wp-includes/blocks/comment-template/style-rtl.min.css
wp-includes/blocks/comment-template/style.css
wp-includes/blocks/comment-template/style.min.css
wp-includes/blocks/comments-pagination-next.php
wp-includes/blocks/comments-pagination-next/block.json
wp-includes/blocks/comments-pagination-numbers.php
wp-includes/blocks/comments-pagination-numbers/block.json
wp-includes/blocks/comments-pagination-numbers/editor-rtl.css
wp-includes/blocks/comments-pagination-numbers/editor-rtl.min.css
wp-includes/blocks/comments-pagination-numbers/editor.css
wp-includes/blocks/comments-pagination-numbers/editor.min.css
wp-includes/blocks/comments-pagination-previous.php
wp-includes/blocks/comments-pagination-previous/block.json
wp-includes/blocks/comments-pagination.php
wp-includes/blocks/comments-pagination/block.json
wp-includes/blocks/comments-pagination/editor-rtl.css
wp-includes/blocks/comments-pagination/editor-rtl.min.css
wp-includes/blocks/comments-pagination/editor.css
wp-includes/blocks/comments-pagination/editor.min.css
wp-includes/blocks/comments-pagination/style-rtl.css
wp-includes/blocks/comments-pagination/style-rtl.min.css
wp-includes/blocks/comments-pagination/style.css
wp-includes/blocks/comments-pagination/style.min.css
wp-includes/blocks/comments-title.php
wp-includes/blocks/comments-title/block.json
wp-includes/blocks/comments-title/editor-rtl.css
wp-includes/blocks/comments-title/editor-rtl.min.css
wp-includes/blocks/comments-title/editor.css
wp-includes/blocks/comments-title/editor.min.css
wp-includes/blocks/comments.php
wp-includes/blocks/comments/block.json
wp-includes/blocks/comments/editor-rtl.css
wp-includes/blocks/comments/editor-rtl.min.css
wp-includes/blocks/comments/editor.css
wp-includes/blocks/comments/editor.min.css
wp-includes/blocks/comments/style-rtl.css
wp-includes/blocks/comments/style-rtl.min.css
wp-includes/blocks/comments/style.css
wp-includes/blocks/comments/style.min.css
wp-includes/blocks/cover.php
wp-includes/blocks/cover/block.json
wp-includes/blocks/cover/editor-rtl.css
wp-includes/blocks/cover/editor-rtl.min.css
wp-includes/blocks/cover/editor.css
wp-includes/blocks/cover/editor.min.css
wp-includes/blocks/cover/style-rtl.css
wp-includes/blocks/cover/style-rtl.min.css
wp-includes/blocks/cover/style.css
wp-includes/blocks/cover/style.min.css
wp-includes/blocks/details/block.json
wp-includes/blocks/details/editor-rtl.css
wp-includes/blocks/details/editor-rtl.min.css
wp-includes/blocks/details/editor.css
wp-includes/blocks/details/editor.min.css
wp-includes/blocks/details/style-rtl.css
wp-includes/blocks/details/style-rtl.min.css
wp-includes/blocks/details/style.css
wp-includes/blocks/details/style.min.css
wp-includes/blocks/embed/block.json
wp-includes/blocks/embed/editor-rtl.css
wp-includes/blocks/embed/editor-rtl.min.css
wp-includes/blocks/embed/editor.css
wp-includes/blocks/embed/editor.min.css
wp-includes/blocks/embed/style-rtl.css
wp-includes/blocks/embed/style-rtl.min.css
wp-includes/blocks/embed/style.css
wp-includes/blocks/embed/style.min.css
wp-includes/blocks/embed/theme-rtl.css
wp-includes/blocks/embed/theme-rtl.min.css
wp-includes/blocks/embed/theme.css
wp-includes/blocks/embed/theme.min.css
wp-includes/blocks/file.php
wp-includes/blocks/file/block.json
wp-includes/blocks/file/editor-rtl.css
wp-includes/blocks/file/editor-rtl.min.css
wp-includes/blocks/file/editor.css
wp-includes/blocks/file/editor.min.css
wp-includes/blocks/file/style-rtl.css
wp-includes/blocks/file/style-rtl.min.css
wp-includes/blocks/file/style.css
wp-includes/blocks/file/style.min.css
wp-includes/blocks/file/view.asset.php
wp-includes/blocks/file/view.js
wp-includes/blocks/file/view.min.asset.php
wp-includes/blocks/file/view.min.js
wp-includes/blocks/footnotes.php
wp-includes/blocks/footnotes/block.json
wp-includes/blocks/footnotes/style-rtl.css
wp-includes/blocks/footnotes/style-rtl.min.css
wp-includes/blocks/footnotes/style.css
wp-includes/blocks/footnotes/style.min.css
wp-includes/blocks/freeform/block.json
wp-includes/blocks/freeform/editor-rtl.css
wp-includes/blocks/freeform/editor-rtl.min.css
wp-includes/blocks/freeform/editor.css
wp-includes/blocks/freeform/editor.min.css
wp-includes/blocks/gallery.php
wp-includes/blocks/gallery/block.json
wp-includes/blocks/gallery/editor-rtl.css
wp-includes/blocks/gallery/editor-rtl.min.css
wp-includes/blocks/gallery/editor.css
wp-includes/blocks/gallery/editor.min.css
wp-includes/blocks/gallery/style-rtl.css
wp-includes/blocks/gallery/style-rtl.min.css
wp-includes/blocks/gallery/style.css
wp-includes/blocks/gallery/style.min.css
wp-includes/blocks/gallery/theme-rtl.css
wp-includes/blocks/gallery/theme-rtl.min.css
wp-includes/blocks/gallery/theme.css
wp-includes/blocks/gallery/theme.min.css
wp-includes/blocks/group/block.json
wp-includes/blocks/group/editor-rtl.css
wp-includes/blocks/group/editor-rtl.min.css
wp-includes/blocks/group/editor.css
wp-includes/blocks/group/editor.min.css
wp-includes/blocks/group/style-rtl.css
wp-includes/blocks/group/style-rtl.min.css
wp-includes/blocks/group/style.css
wp-includes/blocks/group/style.min.css
wp-includes/blocks/group/theme-rtl.css
wp-includes/blocks/group/theme-rtl.min.css
wp-includes/blocks/group/theme.css
wp-includes/blocks/group/theme.min.css
wp-includes/blocks/heading.php
wp-includes/blocks/heading/block.json
wp-includes/blocks/heading/style-rtl.css
wp-includes/blocks/heading/style-rtl.min.css
wp-includes/blocks/heading/style.css
wp-includes/blocks/heading/style.min.css
wp-includes/blocks/home-link.php
wp-includes/blocks/home-link/block.json
wp-includes/blocks/html/block.json
wp-includes/blocks/html/editor-rtl.css
wp-includes/blocks/html/editor-rtl.min.css
wp-includes/blocks/html/editor.css
wp-includes/blocks/html/editor.min.css
wp-includes/blocks/image.php
wp-includes/blocks/image/block.json
wp-includes/blocks/image/editor-rtl.css
wp-includes/blocks/image/editor-rtl.min.css
wp-includes/blocks/image/editor.css
wp-includes/blocks/image/editor.min.css
wp-includes/blocks/image/style-rtl.css
wp-includes/blocks/image/style-rtl.min.css
wp-includes/blocks/image/style.css
wp-includes/blocks/image/style.min.css
wp-includes/blocks/image/theme-rtl.css
wp-includes/blocks/image/theme-rtl.min.css
wp-includes/blocks/image/theme.css
wp-includes/blocks/image/theme.min.css
wp-includes/blocks/image/view.asset.php
wp-includes/blocks/image/view.js
wp-includes/blocks/image/view.min.asset.php
wp-includes/blocks/image/view.min.js
wp-includes/blocks/index.php
wp-includes/blocks/latest-comments.php
wp-includes/blocks/latest-comments/block.json
wp-includes/blocks/latest-comments/style-rtl.css
wp-includes/blocks/latest-comments/style-rtl.min.css
wp-includes/blocks/latest-comments/style.css
wp-includes/blocks/latest-comments/style.min.css
wp-includes/blocks/latest-posts.php
wp-includes/blocks/latest-posts/block.json
wp-includes/blocks/latest-posts/editor-rtl.css
wp-includes/blocks/latest-posts/editor-rtl.min.css
wp-includes/blocks/latest-posts/editor.css
wp-includes/blocks/latest-posts/editor.min.css
wp-includes/blocks/latest-posts/style-rtl.css
wp-includes/blocks/latest-posts/style-rtl.min.css
wp-includes/blocks/latest-posts/style.css
wp-includes/blocks/latest-posts/style.min.css
wp-includes/blocks/legacy-widget.php
wp-includes/blocks/legacy-widget/block.json
wp-includes/blocks/list-item/block.json
wp-includes/blocks/list.php
wp-includes/blocks/list/block.json
wp-includes/blocks/list/style-rtl.css
wp-includes/blocks/list/style-rtl.min.css
wp-includes/blocks/list/style.css
wp-includes/blocks/list/style.min.css
wp-includes/blocks/loginout.php
wp-includes/blocks/loginout/block.json
wp-includes/blocks/loginout/style-rtl.css
wp-includes/blocks/loginout/style-rtl.min.css
wp-includes/blocks/loginout/style.css
wp-includes/blocks/loginout/style.min.css
wp-includes/blocks/media-text.php
wp-includes/blocks/media-text/block.json
wp-includes/blocks/media-text/editor-rtl.css
wp-includes/blocks/media-text/editor-rtl.min.css
wp-includes/blocks/media-text/editor.css
wp-includes/blocks/media-text/editor.min.css
wp-includes/blocks/media-text/style-rtl.css
wp-includes/blocks/media-text/style-rtl.min.css
wp-includes/blocks/media-text/style.css
wp-includes/blocks/media-text/style.min.css
wp-includes/blocks/missing/block.json
wp-includes/blocks/more/block.json
wp-includes/blocks/more/editor-rtl.css
wp-includes/blocks/more/editor-rtl.min.css
wp-includes/blocks/more/editor.css
wp-includes/blocks/more/editor.min.css
wp-includes/blocks/navigation-link.php
wp-includes/blocks/navigation-link/block.json
wp-includes/blocks/navigation-link/editor-rtl.css
wp-includes/blocks/navigation-link/editor-rtl.min.css
wp-includes/blocks/navigation-link/editor.css
wp-includes/blocks/navigation-link/editor.min.css
wp-includes/blocks/navigation-link/style-rtl.css
wp-includes/blocks/navigation-link/style-rtl.min.css
wp-includes/blocks/navigation-link/style.css
wp-includes/blocks/navigation-link/style.min.css
wp-includes/blocks/navigation-submenu.php
wp-includes/blocks/navigation-submenu/block.json
wp-includes/blocks/navigation-submenu/editor-rtl.css
wp-includes/blocks/navigation-submenu/editor-rtl.min.css
wp-includes/blocks/navigation-submenu/editor.css
wp-includes/blocks/navigation-submenu/editor.min.css
wp-includes/blocks/navigation.php
wp-includes/blocks/navigation/block.json
wp-includes/blocks/navigation/editor-rtl.css
wp-includes/blocks/navigation/editor-rtl.min.css
wp-includes/blocks/navigation/editor.css
wp-includes/blocks/navigation/editor.min.css
wp-includes/blocks/navigation/style-rtl.css
wp-includes/blocks/navigation/style-rtl.min.css
wp-includes/blocks/navigation/style.css
wp-includes/blocks/navigation/style.min.css
wp-includes/blocks/navigation/view-modal.asset.php
wp-includes/blocks/navigation/view-modal.min.asset.php
wp-includes/blocks/navigation/view.asset.php
wp-includes/blocks/navigation/view.js
wp-includes/blocks/navigation/view.min.asset.php
wp-includes/blocks/navigation/view.min.js
wp-includes/blocks/nextpage/block.json
wp-includes/blocks/nextpage/editor-rtl.css
wp-includes/blocks/nextpage/editor-rtl.min.css
wp-includes/blocks/nextpage/editor.css
wp-includes/blocks/nextpage/editor.min.css
wp-includes/blocks/page-list-item.php
wp-includes/blocks/page-list-item/block.json
wp-includes/blocks/page-list.php
wp-includes/blocks/page-list/block.json
wp-includes/blocks/page-list/editor-rtl.css
wp-includes/blocks/page-list/editor-rtl.min.css
wp-includes/blocks/page-list/editor.css
wp-includes/blocks/page-list/editor.min.css
wp-includes/blocks/page-list/style-rtl.css
wp-includes/blocks/page-list/style-rtl.min.css
wp-includes/blocks/page-list/style.css
wp-includes/blocks/page-list/style.min.css
wp-includes/blocks/paragraph/block.json
wp-includes/blocks/paragraph/editor-rtl.css
wp-includes/blocks/paragraph/editor-rtl.min.css
wp-includes/blocks/paragraph/editor.css
wp-includes/blocks/paragraph/editor.min.css
wp-includes/blocks/paragraph/style-rtl.css
wp-includes/blocks/paragraph/style-rtl.min.css
wp-includes/blocks/paragraph/style.css
wp-includes/blocks/paragraph/style.min.css
wp-includes/blocks/pattern.php
wp-includes/blocks/pattern/block.json
wp-includes/blocks/post-author-biography.php
wp-includes/blocks/post-author-biography/block.json
wp-includes/blocks/post-author-biography/style-rtl.css
wp-includes/blocks/post-author-biography/style-rtl.min.css
wp-includes/blocks/post-author-biography/style.css
wp-includes/blocks/post-author-biography/style.min.css
wp-includes/blocks/post-author-name.php
wp-includes/blocks/post-author-name/block.json
wp-includes/blocks/post-author-name/style-rtl.css
wp-includes/blocks/post-author-name/style-rtl.min.css
wp-includes/blocks/post-author-name/style.css
wp-includes/blocks/post-author-name/style.min.css
wp-includes/blocks/post-author.php
wp-includes/blocks/post-author/block.json
wp-includes/blocks/post-author/editor-rtl.css
wp-includes/blocks/post-author/editor-rtl.min.css
wp-includes/blocks/post-author/editor.css
wp-includes/blocks/post-author/editor.min.css
wp-includes/blocks/post-author/style-rtl.css
wp-includes/blocks/post-author/style-rtl.min.css
wp-includes/blocks/post-author/style.css
wp-includes/blocks/post-author/style.min.css
wp-includes/blocks/post-comments-form.php
wp-includes/blocks/post-comments-form/block.json
wp-includes/blocks/post-comments-form/editor-rtl.css
wp-includes/blocks/post-comments-form/editor-rtl.min.css
wp-includes/blocks/post-comments-form/editor.css
wp-includes/blocks/post-comments-form/editor.min.css
wp-includes/blocks/post-comments-form/style-rtl.css
wp-includes/blocks/post-comments-form/style-rtl.min.css
wp-includes/blocks/post-comments-form/style.css
wp-includes/blocks/post-comments-form/style.min.css
wp-includes/blocks/post-content.php
wp-includes/blocks/post-content/block.json
wp-includes/blocks/post-content/style-rtl.css
wp-includes/blocks/post-content/style-rtl.min.css
wp-includes/blocks/post-content/style.css
wp-includes/blocks/post-content/style.min.css
wp-includes/blocks/post-date.php
wp-includes/blocks/post-date/block.json
wp-includes/blocks/post-date/style-rtl.css
wp-includes/blocks/post-date/style-rtl.min.css
wp-includes/blocks/post-date/style.css
wp-includes/blocks/post-date/style.min.css
wp-includes/blocks/post-excerpt.php
wp-includes/blocks/post-excerpt/block.json
wp-includes/blocks/post-excerpt/editor-rtl.css
wp-includes/blocks/post-excerpt/editor-rtl.min.css
wp-includes/blocks/post-excerpt/editor.css
wp-includes/blocks/post-excerpt/editor.min.css
wp-includes/blocks/post-excerpt/style-rtl.css
wp-includes/blocks/post-excerpt/style-rtl.min.css
wp-includes/blocks/post-excerpt/style.css
wp-includes/blocks/post-excerpt/style.min.css
wp-includes/blocks/post-featured-image.php
wp-includes/blocks/post-featured-image/block.json
wp-includes/blocks/post-featured-image/editor-rtl.css
wp-includes/blocks/post-featured-image/editor-rtl.min.css
wp-includes/blocks/post-featured-image/editor.css
wp-includes/blocks/post-featured-image/editor.min.css
wp-includes/blocks/post-featured-image/style-rtl.css
wp-includes/blocks/post-featured-image/style-rtl.min.css
wp-includes/blocks/post-featured-image/style.css
wp-includes/blocks/post-featured-image/style.min.css
wp-includes/blocks/post-navigation-link.php
wp-includes/blocks/post-navigation-link/block.json
wp-includes/blocks/post-navigation-link/style-rtl.css
wp-includes/blocks/post-navigation-link/style-rtl.min.css
wp-includes/blocks/post-navigation-link/style.css
wp-includes/blocks/post-navigation-link/style.min.css
wp-includes/blocks/post-template.php
wp-includes/blocks/post-template/block.json
wp-includes/blocks/post-template/style-rtl.css
wp-includes/blocks/post-template/style-rtl.min.css
wp-includes/blocks/post-template/style.css
wp-includes/blocks/post-template/style.min.css
wp-includes/blocks/post-terms.php
wp-includes/blocks/post-terms/block.json
wp-includes/blocks/post-terms/style-rtl.css
wp-includes/blocks/post-terms/style-rtl.min.css
wp-includes/blocks/post-terms/style.css
wp-includes/blocks/post-terms/style.min.css
wp-includes/blocks/post-title.php
wp-includes/blocks/post-title/block.json
wp-includes/blocks/post-title/style-rtl.css
wp-includes/blocks/post-title/style-rtl.min.css
wp-includes/blocks/post-title/style.css
wp-includes/blocks/post-title/style.min.css
wp-includes/blocks/preformatted/block.json
wp-includes/blocks/preformatted/style-rtl.css
wp-includes/blocks/preformatted/style-rtl.min.css
wp-includes/blocks/preformatted/style.css
wp-includes/blocks/preformatted/style.min.css
wp-includes/blocks/pullquote/block.json
wp-includes/blocks/pullquote/editor-rtl.css
wp-includes/blocks/pullquote/editor-rtl.min.css
wp-includes/blocks/pullquote/editor.css
wp-includes/blocks/pullquote/editor.min.css
wp-includes/blocks/pullquote/style-rtl.css
wp-includes/blocks/pullquote/style-rtl.min.css
wp-includes/blocks/pullquote/style.css
wp-includes/blocks/pullquote/style.min.css
wp-includes/blocks/pullquote/theme-rtl.css
wp-includes/blocks/pullquote/theme-rtl.min.css
wp-includes/blocks/pullquote/theme.css
wp-includes/blocks/pullquote/theme.min.css
wp-includes/blocks/query-no-results.php
wp-includes/blocks/query-no-results/block.json
wp-includes/blocks/query-pagination-next.php
wp-includes/blocks/query-pagination-next/block.json
wp-includes/blocks/query-pagination-numbers.php
wp-includes/blocks/query-pagination-numbers/block.json
wp-includes/blocks/query-pagination-numbers/editor-rtl.css
wp-includes/blocks/query-pagination-numbers/editor-rtl.min.css
wp-includes/blocks/query-pagination-numbers/editor.css
wp-includes/blocks/query-pagination-numbers/editor.min.css
wp-includes/blocks/query-pagination-previous.php
wp-includes/blocks/query-pagination-previous/block.json
wp-includes/blocks/query-pagination.php
wp-includes/blocks/query-pagination/block.json
wp-includes/blocks/query-pagination/editor-rtl.css
wp-includes/blocks/query-pagination/editor-rtl.min.css
wp-includes/blocks/query-pagination/editor.css
wp-includes/blocks/query-pagination/editor.min.css
wp-includes/blocks/query-pagination/style-rtl.css
wp-includes/blocks/query-pagination/style-rtl.min.css
wp-includes/blocks/query-pagination/style.css
wp-includes/blocks/query-pagination/style.min.css
wp-includes/blocks/query-title.php
wp-includes/blocks/query-title/block.json
wp-includes/blocks/query-title/style-rtl.css
wp-includes/blocks/query-title/style-rtl.min.css
wp-includes/blocks/query-title/style.css
wp-includes/blocks/query-title/style.min.css
wp-includes/blocks/query-total.php
wp-includes/blocks/query-total/block.json
wp-includes/blocks/query-total/style-rtl.css
wp-includes/blocks/query-total/style-rtl.min.css
wp-includes/blocks/query-total/style.css
wp-includes/blocks/query-total/style.min.css
wp-includes/blocks/query.php
wp-includes/blocks/query/block.json
wp-includes/blocks/query/editor-rtl.css
wp-includes/blocks/query/editor-rtl.min.css
wp-includes/blocks/query/editor.css
wp-includes/blocks/query/editor.min.css
wp-includes/blocks/query/view.asset.php
wp-includes/blocks/query/view.js
wp-includes/blocks/query/view.min.asset.php
wp-includes/blocks/query/view.min.js
wp-includes/blocks/quote/block.json
wp-includes/blocks/quote/style-rtl.css
wp-includes/blocks/quote/style-rtl.min.css
wp-includes/blocks/quote/style.css
wp-includes/blocks/quote/style.min.css
wp-includes/blocks/quote/theme-rtl.css
wp-includes/blocks/quote/theme-rtl.min.css
wp-includes/blocks/quote/theme.css
wp-includes/blocks/quote/theme.min.css
wp-includes/blocks/read-more.php
wp-includes/blocks/read-more/block.json
wp-includes/blocks/read-more/style-rtl.css
wp-includes/blocks/read-more/style-rtl.min.css
wp-includes/blocks/read-more/style.css
wp-includes/blocks/read-more/style.min.css
wp-includes/blocks/require-dynamic-blocks.php
wp-includes/blocks/require-static-blocks.php
wp-includes/blocks/rss.php
wp-includes/blocks/rss/block.json
wp-includes/blocks/rss/editor-rtl.css
wp-includes/blocks/rss/editor-rtl.min.css
wp-includes/blocks/rss/editor.css
wp-includes/blocks/rss/editor.min.css
wp-includes/blocks/rss/style-rtl.css
wp-includes/blocks/rss/style-rtl.min.css
wp-includes/blocks/rss/style.css
wp-includes/blocks/rss/style.min.css
wp-includes/blocks/search.php
wp-includes/blocks/search/block.json
wp-includes/blocks/search/editor-rtl.css
wp-includes/blocks/search/editor-rtl.min.css
wp-includes/blocks/search/editor.css
wp-includes/blocks/search/editor.min.css
wp-includes/blocks/search/style-rtl.css
wp-includes/blocks/search/style-rtl.min.css
wp-includes/blocks/search/style.css
wp-includes/blocks/search/style.min.css
wp-includes/blocks/search/theme-rtl.css
wp-includes/blocks/search/theme-rtl.min.css
wp-includes/blocks/search/theme.css
wp-includes/blocks/search/theme.min.css
wp-includes/blocks/search/view.asset.php
wp-includes/blocks/search/view.js
wp-includes/blocks/search/view.min.asset.php
wp-includes/blocks/search/view.min.js
wp-includes/blocks/separator/block.json
wp-includes/blocks/separator/editor-rtl.css
wp-includes/blocks/separator/editor-rtl.min.css
wp-includes/blocks/separator/editor.css
wp-includes/blocks/separator/editor.min.css
wp-includes/blocks/separator/style-rtl.css
wp-includes/blocks/separator/style-rtl.min.css
wp-includes/blocks/separator/style.css
wp-includes/blocks/separator/style.min.css
wp-includes/blocks/separator/theme-rtl.css
wp-includes/blocks/separator/theme-rtl.min.css
wp-includes/blocks/separator/theme.css
wp-includes/blocks/separator/theme.min.css
wp-includes/blocks/shortcode.php
wp-includes/blocks/shortcode/block.json
wp-includes/blocks/shortcode/editor-rtl.css
wp-includes/blocks/shortcode/editor-rtl.min.css
wp-includes/blocks/shortcode/editor.css
wp-includes/blocks/shortcode/editor.min.css
wp-includes/blocks/site-logo.php
wp-includes/blocks/site-logo/block.json
wp-includes/blocks/site-logo/editor-rtl.css
wp-includes/blocks/site-logo/editor-rtl.min.css
wp-includes/blocks/site-logo/editor.css
wp-includes/blocks/site-logo/editor.min.css
wp-includes/blocks/site-logo/style-rtl.css
wp-includes/blocks/site-logo/style-rtl.min.css
wp-includes/blocks/site-logo/style.css
wp-includes/blocks/site-logo/style.min.css
wp-includes/blocks/site-tagline.php
wp-includes/blocks/site-tagline/block.json
wp-includes/blocks/site-tagline/editor-rtl.css
wp-includes/blocks/site-tagline/editor-rtl.min.css
wp-includes/blocks/site-tagline/editor.css
wp-includes/blocks/site-tagline/editor.min.css
wp-includes/blocks/site-tagline/style-rtl.css
wp-includes/blocks/site-tagline/style-rtl.min.css
wp-includes/blocks/site-tagline/style.css
wp-includes/blocks/site-tagline/style.min.css
wp-includes/blocks/site-title.php
wp-includes/blocks/site-title/block.json
wp-includes/blocks/site-title/editor-rtl.css
wp-includes/blocks/site-title/editor-rtl.min.css
wp-includes/blocks/site-title/editor.css
wp-includes/blocks/site-title/editor.min.css
wp-includes/blocks/site-title/style-rtl.css
wp-includes/blocks/site-title/style-rtl.min.css
wp-includes/blocks/site-title/style.css
wp-includes/blocks/site-title/style.min.css
wp-includes/blocks/social-link.php
wp-includes/blocks/social-link/block.json
wp-includes/blocks/social-link/editor-rtl.css
wp-includes/blocks/social-link/editor-rtl.min.css
wp-includes/blocks/social-link/editor.css
wp-includes/blocks/social-link/editor.min.css
wp-includes/blocks/social-links/block.json
wp-includes/blocks/social-links/editor-rtl.css
wp-includes/blocks/social-links/editor-rtl.min.css
wp-includes/blocks/social-links/editor.css
wp-includes/blocks/social-links/editor.min.css
wp-includes/blocks/social-links/style-rtl.css
wp-includes/blocks/social-links/style-rtl.min.css
wp-includes/blocks/social-links/style.css
wp-includes/blocks/social-links/style.min.css
wp-includes/blocks/spacer/block.json
wp-includes/blocks/spacer/editor-rtl.css
wp-includes/blocks/spacer/editor-rtl.min.css
wp-includes/blocks/spacer/editor.css
wp-includes/blocks/spacer/editor.min.css
wp-includes/blocks/spacer/style-rtl.css
wp-includes/blocks/spacer/style-rtl.min.css
wp-includes/blocks/spacer/style.css
wp-includes/blocks/spacer/style.min.css
wp-includes/blocks/table/block.json
wp-includes/blocks/table/editor-rtl.css
wp-includes/blocks/table/editor-rtl.min.css
wp-includes/blocks/table/editor.css
wp-includes/blocks/table/editor.min.css
wp-includes/blocks/table/style-rtl.css
wp-includes/blocks/table/style-rtl.min.css
wp-includes/blocks/table/style.css
wp-includes/blocks/table/style.min.css
wp-includes/blocks/table/theme-rtl.css
wp-includes/blocks/table/theme-rtl.min.css
wp-includes/blocks/table/theme.css
wp-includes/blocks/table/theme.min.css
wp-includes/blocks/tag-cloud.php
wp-includes/blocks/tag-cloud/block.json
wp-includes/blocks/tag-cloud/editor-rtl.css
wp-includes/blocks/tag-cloud/editor-rtl.min.css
wp-includes/blocks/tag-cloud/editor.css
wp-includes/blocks/tag-cloud/editor.min.css
wp-includes/blocks/tag-cloud/style-rtl.css
wp-includes/blocks/tag-cloud/style-rtl.min.css
wp-includes/blocks/tag-cloud/style.css
wp-includes/blocks/tag-cloud/style.min.css
wp-includes/blocks/template-part.php
wp-includes/blocks/template-part/block.json
wp-includes/blocks/template-part/editor-rtl.css
wp-includes/blocks/template-part/editor-rtl.min.css
wp-includes/blocks/template-part/editor.css
wp-includes/blocks/template-part/editor.min.css
wp-includes/blocks/template-part/theme-rtl.css
wp-includes/blocks/template-part/theme-rtl.min.css
wp-includes/blocks/template-part/theme.css
wp-includes/blocks/template-part/theme.min.css
wp-includes/blocks/term-description.php
wp-includes/blocks/term-description/block.json
wp-includes/blocks/term-description/style-rtl.css
wp-includes/blocks/term-description/style-rtl.min.css
wp-includes/blocks/term-description/style.css
wp-includes/blocks/term-description/style.min.css
wp-includes/blocks/text-columns/block.json
wp-includes/blocks/text-columns/editor-rtl.css
wp-includes/blocks/text-columns/editor-rtl.min.css
wp-includes/blocks/text-columns/editor.css
wp-includes/blocks/text-columns/editor.min.css
wp-includes/blocks/text-columns/style-rtl.css
wp-includes/blocks/text-columns/style-rtl.min.css
wp-includes/blocks/text-columns/style.css
wp-includes/blocks/text-columns/style.min.css
wp-includes/blocks/verse/block.json
wp-includes/blocks/verse/style-rtl.css
wp-includes/blocks/verse/style-rtl.min.css
wp-includes/blocks/verse/style.css
wp-includes/blocks/verse/style.min.css
wp-includes/blocks/video/block.json
wp-includes/blocks/video/editor-rtl.css
wp-includes/blocks/video/editor-rtl.min.css
wp-includes/blocks/video/editor.css
wp-includes/blocks/video/editor.min.css
wp-includes/blocks/video/style-rtl.css
wp-includes/blocks/video/style-rtl.min.css
wp-includes/blocks/video/style.css
wp-includes/blocks/video/style.min.css
wp-includes/blocks/video/theme-rtl.css
wp-includes/blocks/video/theme-rtl.min.css
wp-includes/blocks/video/theme.css
wp-includes/blocks/video/theme.min.css
wp-includes/blocks/widget-group.php
wp-includes/blocks/widget-group/block.json
wp-includes/bookmark-template.php
wp-includes/bookmark.php
wp-includes/cache-compat.php
wp-includes/cache.php
wp-includes/canonical.php
wp-includes/capabilities.php
wp-includes/category-template.php
wp-includes/category.php
wp-includes/certificates/ca-bundle.crt
wp-includes/class-IXR.php
wp-includes/class-avif-info.php
wp-includes/class-feed.php
wp-includes/class-http.php
wp-includes/class-json.php
wp-includes/class-oembed.php
wp-includes/class-phpass.php
wp-includes/class-phpmailer.php
wp-includes/class-pop3.php
wp-includes/class-requests.php
wp-includes/class-simplepie.php
wp-includes/class-smtp.php
wp-includes/class-snoopy.php
wp-includes/class-walker-category-dropdown.php
wp-includes/class-walker-category.php
wp-includes/class-walker-comment.php
wp-includes/class-walker-nav-menu.php
wp-includes/class-walker-page-dropdown.php
wp-includes/class-walker-page.php
wp-includes/class-wp-admin-bar.php
wp-includes/class-wp-ajax-response.php
wp-includes/class-wp-application-passwords.php
wp-includes/class-wp-block-bindings-registry.php
wp-includes/class-wp-block-bindings-source.php
wp-includes/class-wp-block-editor-context.php
wp-includes/class-wp-block-list.php
wp-includes/class-wp-block-metadata-registry.php
wp-includes/class-wp-block-parser-block.php
wp-includes/class-wp-block-parser-frame.php
wp-includes/class-wp-block-parser.php
wp-includes/class-wp-block-pattern-categories-registry.php
wp-includes/class-wp-block-patterns-registry.php
wp-includes/class-wp-block-styles-registry.php
wp-includes/class-wp-block-supports.php
wp-includes/class-wp-block-template.php
wp-includes/class-wp-block-templates-registry.php
wp-includes/class-wp-block-type-registry.php
wp-includes/class-wp-block-type.php
wp-includes/class-wp-block.php
wp-includes/class-wp-classic-to-block-menu-converter.php
wp-includes/class-wp-comment-query.php
wp-includes/class-wp-comment.php
wp-includes/class-wp-customize-control.php
wp-includes/class-wp-customize-manager.php
wp-includes/class-wp-customize-nav-menus.php
wp-includes/class-wp-customize-panel.php
wp-includes/class-wp-customize-section.php
wp-includes/class-wp-customize-setting.php
wp-includes/class-wp-customize-widgets.php
wp-includes/class-wp-date-query.php
wp-includes/class-wp-dependencies.php
wp-includes/class-wp-dependency.php
wp-includes/class-wp-duotone.php
wp-includes/class-wp-editor.php
wp-includes/class-wp-embed.php
wp-includes/class-wp-error.php
wp-includes/class-wp-exception.php
wp-includes/class-wp-fatal-error-handler.php
wp-includes/class-wp-feed-cache-transient.php
wp-includes/class-wp-feed-cache.php
wp-includes/class-wp-hook.php
wp-includes/class-wp-http-cookie.php
wp-includes/class-wp-http-curl.php
wp-includes/class-wp-http-encoding.php
wp-includes/class-wp-http-ixr-client.php
wp-includes/class-wp-http-proxy.php
wp-includes/class-wp-http-requests-hooks.php
wp-includes/class-wp-http-requests-response.php
wp-includes/class-wp-http-response.php
wp-includes/class-wp-http-streams.php
wp-includes/class-wp-http.php
wp-includes/class-wp-image-editor-gd.php
wp-includes/class-wp-image-editor-imagick.php
wp-includes/class-wp-image-editor.php
wp-includes/class-wp-list-util.php
wp-includes/class-wp-locale-switcher.php
wp-includes/class-wp-locale.php
wp-includes/class-wp-matchesmapregex.php
wp-includes/class-wp-meta-query.php
wp-includes/class-wp-metadata-lazyloader.php
wp-includes/class-wp-navigation-fallback.php
wp-includes/class-wp-network-query.php
wp-includes/class-wp-network.php
wp-includes/class-wp-object-cache.php
wp-includes/class-wp-oembed-controller.php
wp-includes/class-wp-oembed.php
wp-includes/class-wp-paused-extensions-storage.php
wp-includes/class-wp-phpmailer.php
wp-includes/class-wp-plugin-dependencies.php
wp-includes/class-wp-post-type.php
wp-includes/class-wp-post.php
wp-includes/class-wp-query.php
wp-includes/class-wp-recovery-mode-cookie-service.php
wp-includes/class-wp-recovery-mode-email-service.php
wp-includes/class-wp-recovery-mode-key-service.php
wp-includes/class-wp-recovery-mode-link-service.php
wp-includes/class-wp-recovery-mode.php
wp-includes/class-wp-rewrite.php
wp-includes/class-wp-role.php
wp-includes/class-wp-roles.php
wp-includes/class-wp-script-modules.php
wp-includes/class-wp-scripts.php
wp-includes/class-wp-session-tokens.php
wp-includes/class-wp-simplepie-file.php
wp-includes/class-wp-simplepie-sanitize-kses.php
wp-includes/class-wp-site-query.php
wp-includes/class-wp-site.php
wp-includes/class-wp-speculation-rules.php
wp-includes/class-wp-styles.php
wp-includes/class-wp-tax-query.php
wp-includes/class-wp-taxonomy.php
wp-includes/class-wp-term-query.php
wp-includes/class-wp-term.php
wp-includes/class-wp-text-diff-renderer-inline.php
wp-includes/class-wp-text-diff-renderer-table.php
wp-includes/class-wp-textdomain-registry.php
wp-includes/class-wp-theme-json-data.php
wp-includes/class-wp-theme-json-resolver.php
wp-includes/class-wp-theme-json-schema.php
wp-includes/class-wp-theme-json.php
wp-includes/class-wp-theme.php
wp-includes/class-wp-token-map.php
wp-includes/class-wp-url-pattern-prefixer.php
wp-includes/class-wp-user-meta-session-tokens.php
wp-includes/class-wp-user-query.php
wp-includes/class-wp-user-request.php
wp-includes/class-wp-user.php
wp-includes/class-wp-walker.php
wp-includes/class-wp-widget-factory.php
wp-includes/class-wp-widget.php
wp-includes/class-wp-xmlrpc-server.php
wp-includes/class-wp.php
wp-includes/class-wpdb.php
wp-includes/class.wp-dependencies.php
wp-includes/class.wp-scripts.php
wp-includes/class.wp-styles.php
wp-includes/comment-template.php
wp-includes/comment.php
wp-includes/compat.php
wp-includes/cron.php
wp-includes/css/admin-bar-rtl.css
wp-includes/css/admin-bar-rtl.min.css
wp-includes/css/admin-bar.css
wp-includes/css/admin-bar.min.css
wp-includes/css/buttons-rtl.css
wp-includes/css/buttons-rtl.min.css
wp-includes/css/buttons.css
wp-includes/css/buttons.min.css
wp-includes/css/classic-themes.css
wp-includes/css/classic-themes.min.css
wp-includes/css/customize-preview-rtl.css
wp-includes/css/customize-preview-rtl.min.css
wp-includes/css/customize-preview.css
wp-includes/css/customize-preview.min.css
wp-includes/css/dashicons.css
wp-includes/css/dashicons.min.css
wp-includes/css/dist/block-directory/style-rtl.css
wp-includes/css/dist/block-directory/style-rtl.min.css
wp-includes/css/dist/block-directory/style.css
wp-includes/css/dist/block-directory/style.min.css
wp-includes/css/dist/block-editor/content-rtl.css
wp-includes/css/dist/block-editor/content-rtl.min.css
wp-includes/css/dist/block-editor/content.css
wp-includes/css/dist/block-editor/content.min.css
wp-includes/css/dist/block-editor/default-editor-styles-rtl.css
wp-includes/css/dist/block-editor/default-editor-styles-rtl.min.css
wp-includes/css/dist/block-editor/default-editor-styles.css
wp-includes/css/dist/block-editor/default-editor-styles.min.css
wp-includes/css/dist/block-editor/style-rtl.css
wp-includes/css/dist/block-editor/style-rtl.min.css
wp-includes/css/dist/block-editor/style.css
wp-includes/css/dist/block-editor/style.min.css
wp-includes/css/dist/block-library/classic-rtl.css
wp-includes/css/dist/block-library/classic-rtl.min.css
wp-includes/css/dist/block-library/classic.css
wp-includes/css/dist/block-library/classic.min.css
wp-includes/css/dist/block-library/common-rtl.css
wp-includes/css/dist/block-library/common-rtl.min.css
wp-includes/css/dist/block-library/common.css
wp-includes/css/dist/block-library/common.min.css
wp-includes/css/dist/block-library/editor-elements-rtl.css
wp-includes/css/dist/block-library/editor-elements-rtl.min.css
wp-includes/css/dist/block-library/editor-elements.css
wp-includes/css/dist/block-library/editor-elements.min.css
wp-includes/css/dist/block-library/editor-rtl.css
wp-includes/css/dist/block-library/editor-rtl.min.css
wp-includes/css/dist/block-library/editor.css
wp-includes/css/dist/block-library/editor.min.css
wp-includes/css/dist/block-library/elements-rtl.css
wp-includes/css/dist/block-library/elements-rtl.min.css
wp-includes/css/dist/block-library/elements.css
wp-includes/css/dist/block-library/elements.min.css
wp-includes/css/dist/block-library/reset-rtl.css
wp-includes/css/dist/block-library/reset-rtl.min.css
wp-includes/css/dist/block-library/reset.css
wp-includes/css/dist/block-library/reset.min.css
wp-includes/css/dist/block-library/style-rtl.css
wp-includes/css/dist/block-library/style-rtl.min.css
wp-includes/css/dist/block-library/style.css
wp-includes/css/dist/block-library/style.min.css
wp-includes/css/dist/block-library/theme-rtl.css
wp-includes/css/dist/block-library/theme-rtl.min.css
wp-includes/css/dist/block-library/theme.css
wp-includes/css/dist/block-library/theme.min.css
wp-includes/css/dist/commands/style-rtl.css
wp-includes/css/dist/commands/style-rtl.min.css
wp-includes/css/dist/commands/style.css
wp-includes/css/dist/commands/style.min.css
wp-includes/css/dist/components/style-rtl.css
wp-includes/css/dist/components/style-rtl.min.css
wp-includes/css/dist/components/style.css
wp-includes/css/dist/components/style.min.css
wp-includes/css/dist/customize-widgets/style-rtl.css
wp-includes/css/dist/customize-widgets/style-rtl.min.css
wp-includes/css/dist/customize-widgets/style.css
wp-includes/css/dist/customize-widgets/style.min.css
wp-includes/css/dist/edit-post/classic-rtl.css
wp-includes/css/dist/edit-post/classic-rtl.min.css
wp-includes/css/dist/edit-post/classic.css
wp-includes/css/dist/edit-post/classic.min.css
wp-includes/css/dist/edit-post/style-rtl.css
wp-includes/css/dist/edit-post/style-rtl.min.css
wp-includes/css/dist/edit-post/style.css
wp-includes/css/dist/edit-post/style.min.css
wp-includes/css/dist/edit-site/posts-rtl.css
wp-includes/css/dist/edit-site/posts-rtl.min.css
wp-includes/css/dist/edit-site/posts.css
wp-includes/css/dist/edit-site/posts.min.css
wp-includes/css/dist/edit-site/style-rtl.css
wp-includes/css/dist/edit-site/style-rtl.min.css
wp-includes/css/dist/edit-site/style.css
wp-includes/css/dist/edit-site/style.min.css
wp-includes/css/dist/edit-widgets/style-rtl.css
wp-includes/css/dist/edit-widgets/style-rtl.min.css
wp-includes/css/dist/edit-widgets/style.css
wp-includes/css/dist/edit-widgets/style.min.css
wp-includes/css/dist/editor/style-rtl.css
wp-includes/css/dist/editor/style-rtl.min.css
wp-includes/css/dist/editor/style.css
wp-includes/css/dist/editor/style.min.css
wp-includes/css/dist/format-library/style-rtl.css
wp-includes/css/dist/format-library/style-rtl.min.css
wp-includes/css/dist/format-library/style.css
wp-includes/css/dist/format-library/style.min.css
wp-includes/css/dist/list-reusable-blocks/style-rtl.css
wp-includes/css/dist/list-reusable-blocks/style-rtl.min.css
wp-includes/css/dist/list-reusable-blocks/style.css
wp-includes/css/dist/list-reusable-blocks/style.min.css
wp-includes/css/dist/nux/style-rtl.css
wp-includes/css/dist/nux/style-rtl.min.css
wp-includes/css/dist/nux/style.css
wp-includes/css/dist/nux/style.min.css
wp-includes/css/dist/patterns/style-rtl.css
wp-includes/css/dist/patterns/style-rtl.min.css
wp-includes/css/dist/patterns/style.css
wp-includes/css/dist/patterns/style.min.css
wp-includes/css/dist/preferences/style-rtl.css
wp-includes/css/dist/preferences/style-rtl.min.css
wp-includes/css/dist/preferences/style.css
wp-includes/css/dist/preferences/style.min.css
wp-includes/css/dist/reusable-blocks/style-rtl.css
wp-includes/css/dist/reusable-blocks/style-rtl.min.css
wp-includes/css/dist/reusable-blocks/style.css
wp-includes/css/dist/reusable-blocks/style.min.css
wp-includes/css/dist/widgets/style-rtl.css
wp-includes/css/dist/widgets/style-rtl.min.css
wp-includes/css/dist/widgets/style.css
wp-includes/css/dist/widgets/style.min.css
wp-includes/css/editor-rtl.css
wp-includes/css/editor-rtl.min.css
wp-includes/css/editor.css
wp-includes/css/editor.min.css
wp-includes/css/jquery-ui-dialog-rtl.css
wp-includes/css/jquery-ui-dialog-rtl.min.css
wp-includes/css/jquery-ui-dialog.css
wp-includes/css/jquery-ui-dialog.min.css
wp-includes/css/media-views-rtl.css
wp-includes/css/media-views-rtl.min.css
wp-includes/css/media-views.css
wp-includes/css/media-views.min.css
wp-includes/css/wp-auth-check-rtl.css
wp-includes/css/wp-auth-check-rtl.min.css
wp-includes/css/wp-auth-check.css
wp-includes/css/wp-auth-check.min.css
wp-includes/css/wp-embed-template-ie.css
wp-includes/css/wp-embed-template-ie.min.css
wp-includes/css/wp-embed-template.css
wp-includes/css/wp-embed-template.min.css
wp-includes/css/wp-empty-template-alert.css
wp-includes/css/wp-empty-template-alert.min.css
wp-includes/css/wp-pointer-rtl.css
wp-includes/css/wp-pointer-rtl.min.css
wp-includes/css/wp-pointer.css
wp-includes/css/wp-pointer.min.css
wp-includes/customize/class-wp-customize-background-image-control.php
wp-includes/customize/class-wp-customize-background-image-setting.php
wp-includes/customize/class-wp-customize-background-position-control.php
wp-includes/customize/class-wp-customize-code-editor-control.php
wp-includes/customize/class-wp-customize-color-control.php
wp-includes/customize/class-wp-customize-cropped-image-control.php
wp-includes/customize/class-wp-customize-custom-css-setting.php
wp-includes/customize/class-wp-customize-date-time-control.php
wp-includes/customize/class-wp-customize-filter-setting.php
wp-includes/customize/class-wp-customize-header-image-control.php
wp-includes/customize/class-wp-customize-header-image-setting.php
wp-includes/customize/class-wp-customize-image-control.php
wp-includes/customize/class-wp-customize-media-control.php
wp-includes/customize/class-wp-customize-nav-menu-auto-add-control.php
wp-includes/customize/class-wp-customize-nav-menu-control.php
wp-includes/customize/class-wp-customize-nav-menu-item-control.php
wp-includes/customize/class-wp-customize-nav-menu-item-setting.php
wp-includes/customize/class-wp-customize-nav-menu-location-control.php
wp-includes/customize/class-wp-customize-nav-menu-locations-control.php
wp-includes/customize/class-wp-customize-nav-menu-name-control.php
wp-includes/customize/class-wp-customize-nav-menu-section.php
wp-includes/customize/class-wp-customize-nav-menu-setting.php
wp-includes/customize/class-wp-customize-nav-menus-panel.php
wp-includes/customize/class-wp-customize-new-menu-control.php
wp-includes/customize/class-wp-customize-new-menu-section.php
wp-includes/customize/class-wp-customize-partial.php
wp-includes/customize/class-wp-customize-selective-refresh.php
wp-includes/customize/class-wp-customize-sidebar-section.php
wp-includes/customize/class-wp-customize-site-icon-control.php
wp-includes/customize/class-wp-customize-theme-control.php
wp-includes/customize/class-wp-customize-themes-panel.php
wp-includes/customize/class-wp-customize-themes-section.php
wp-includes/customize/class-wp-customize-upload-control.php
wp-includes/customize/class-wp-sidebar-block-editor-control.php
wp-includes/customize/class-wp-widget-area-customize-control.php
wp-includes/customize/class-wp-widget-form-customize-control.php
wp-includes/date.php
wp-includes/default-constants.php
wp-includes/default-filters.php
wp-includes/default-widgets.php
wp-includes/deprecated.php
wp-includes/embed-template.php
wp-includes/embed.php
wp-includes/error-protection.php
wp-includes/feed-atom-comments.php
wp-includes/feed-atom.php
wp-includes/feed-rdf.php
wp-includes/feed-rss.php
wp-includes/feed-rss2-comments.php
wp-includes/feed-rss2.php
wp-includes/feed.php
wp-includes/fonts.php
wp-includes/fonts/class-wp-font-collection.php
wp-includes/fonts/class-wp-font-face-resolver.php
wp-includes/fonts/class-wp-font-face.php
wp-includes/fonts/class-wp-font-library.php
wp-includes/fonts/class-wp-font-utils.php
wp-includes/fonts/dashicons.eot
wp-includes/fonts/dashicons.svg
wp-includes/fonts/dashicons.ttf
wp-includes/fonts/dashicons.woff
wp-includes/fonts/dashicons.woff2
wp-includes/formatting.php
wp-includes/functions.php
wp-includes/functions.wp-scripts.php
wp-includes/functions.wp-styles.php
wp-includes/general-template.php
wp-includes/global-styles-and-settings.php
wp-includes/html-api/class-wp-html-active-formatting-elements.php
wp-includes/html-api/class-wp-html-attribute-token.php
wp-includes/html-api/class-wp-html-decoder.php
wp-includes/html-api/class-wp-html-doctype-info.php
wp-includes/html-api/class-wp-html-open-elements.php
wp-includes/html-api/class-wp-html-processor-state.php
wp-includes/html-api/class-wp-html-processor.php
wp-includes/html-api/class-wp-html-span.php
wp-includes/html-api/class-wp-html-stack-event.php
wp-includes/html-api/class-wp-html-tag-processor.php
wp-includes/html-api/class-wp-html-text-replacement.php
wp-includes/html-api/class-wp-html-token.php
wp-includes/html-api/class-wp-html-unsupported-exception.php
wp-includes/html-api/html5-named-character-references.php
wp-includes/http.php
wp-includes/https-detection.php
wp-includes/https-migration.php
wp-includes/images/admin-bar-sprite-2x.png
wp-includes/images/admin-bar-sprite.png
wp-includes/images/arrow-pointer-blue-2x.png
wp-includes/images/arrow-pointer-blue.png
wp-includes/images/blank.gif
wp-includes/images/crystal/archive.png
wp-includes/images/crystal/audio.png
wp-includes/images/crystal/code.png
wp-includes/images/crystal/default.png
wp-includes/images/crystal/document.png
wp-includes/images/crystal/interactive.png
wp-includes/images/crystal/license.txt
wp-includes/images/crystal/spreadsheet.png
wp-includes/images/crystal/text.png
wp-includes/images/crystal/video.png
wp-includes/images/down_arrow-2x.gif
wp-includes/images/down_arrow.gif
wp-includes/images/icon-pointer-flag-2x.png
wp-includes/images/icon-pointer-flag.png
wp-includes/images/media/archive.png
wp-includes/images/media/archive.svg
wp-includes/images/media/audio.png
wp-includes/images/media/audio.svg
wp-includes/images/media/code.png
wp-includes/images/media/code.svg
wp-includes/images/media/default.png
wp-includes/images/media/default.svg
wp-includes/images/media/document.png
wp-includes/images/media/document.svg
wp-includes/images/media/interactive.png
wp-includes/images/media/interactive.svg
wp-includes/images/media/spreadsheet.png
wp-includes/images/media/spreadsheet.svg
wp-includes/images/media/text.png
wp-includes/images/media/text.svg
wp-includes/images/media/video.png
wp-includes/images/media/video.svg
wp-includes/images/rss-2x.png
wp-includes/images/rss.png
wp-includes/images/smilies/frownie.png
wp-includes/images/smilies/icon_arrow.gif
wp-includes/images/smilies/icon_biggrin.gif
wp-includes/images/smilies/icon_confused.gif
wp-includes/images/smilies/icon_cool.gif
wp-includes/images/smilies/icon_cry.gif
wp-includes/images/smilies/icon_eek.gif
wp-includes/images/smilies/icon_evil.gif
wp-includes/images/smilies/icon_exclaim.gif
wp-includes/images/smilies/icon_idea.gif
wp-includes/images/smilies/icon_lol.gif
wp-includes/images/smilies/icon_mad.gif
wp-includes/images/smilies/icon_mrgreen.gif
wp-includes/images/smilies/icon_neutral.gif
wp-includes/images/smilies/icon_question.gif
wp-includes/images/smilies/icon_razz.gif
wp-includes/images/smilies/icon_redface.gif
wp-includes/images/smilies/icon_rolleyes.gif
wp-includes/images/smilies/icon_sad.gif
wp-includes/images/smilies/icon_smile.gif
wp-includes/images/smilies/icon_surprised.gif
wp-includes/images/smilies/icon_twisted.gif
wp-includes/images/smilies/icon_wink.gif
wp-includes/images/smilies/mrgreen.png
wp-includes/images/smilies/rolleyes.png
wp-includes/images/smilies/simple-smile.png
wp-includes/images/spinner-2x.gif
wp-includes/images/spinner.gif
wp-includes/images/toggle-arrow-2x.png
wp-includes/images/toggle-arrow.png
wp-includes/images/uploader-icons-2x.png
wp-includes/images/uploader-icons.png
wp-includes/images/w-logo-blue-white-bg.png
wp-includes/images/w-logo-blue.png
wp-includes/images/wpicons-2x.png
wp-includes/images/wpicons.png
wp-includes/images/wpspin-2x.gif
wp-includes/images/wpspin.gif
wp-includes/images/xit-2x.gif
wp-includes/images/xit.gif
wp-includes/interactivity-api/class-wp-interactivity-api-directives-processor.php
wp-includes/interactivity-api/class-wp-interactivity-api.php
wp-includes/interactivity-api/interactivity-api.php
wp-includes/js/admin-bar.js
wp-includes/js/admin-bar.min.js
wp-includes/js/api-request.js
wp-includes/js/api-request.min.js
wp-includes/js/autosave.js
wp-includes/js/autosave.min.js
wp-includes/js/backbone.js
wp-includes/js/backbone.min.js
wp-includes/js/clipboard.js
wp-includes/js/clipboard.min.js
wp-includes/js/codemirror/codemirror.min.css
wp-includes/js/codemirror/codemirror.min.js
wp-includes/js/codemirror/csslint.js
wp-includes/js/codemirror/esprima.js
wp-includes/js/codemirror/fakejshint.js
wp-includes/js/codemirror/htmlhint-kses.js
wp-includes/js/codemirror/htmlhint.js
wp-includes/js/codemirror/jsonlint.js
wp-includes/js/colorpicker.js
wp-includes/js/colorpicker.min.js
wp-includes/js/comment-reply.js
wp-includes/js/comment-reply.min.js
wp-includes/js/crop/cropper.css
wp-includes/js/crop/cropper.js
wp-includes/js/crop/marqueeHoriz.gif
wp-includes/js/crop/marqueeVert.gif
wp-includes/js/customize-base.js
wp-includes/js/customize-base.min.js
wp-includes/js/customize-loader.js
wp-includes/js/customize-loader.min.js
wp-includes/js/customize-models.js
wp-includes/js/customize-models.min.js
wp-includes/js/customize-preview-nav-menus.js
wp-includes/js/customize-preview-nav-menus.min.js
wp-includes/js/customize-preview-widgets.js
wp-includes/js/customize-preview-widgets.min.js
wp-includes/js/customize-preview.js
wp-includes/js/customize-preview.min.js
wp-includes/js/customize-selective-refresh.js
wp-includes/js/customize-selective-refresh.min.js
wp-includes/js/customize-views.js
wp-includes/js/customize-views.min.js
wp-includes/js/dist/a11y.js
wp-includes/js/dist/a11y.min.js
wp-includes/js/dist/annotations.js
wp-includes/js/dist/annotations.min.js
wp-includes/js/dist/api-fetch.js
wp-includes/js/dist/api-fetch.min.js
wp-includes/js/dist/autop.js
wp-includes/js/dist/autop.min.js
wp-includes/js/dist/blob.js
wp-includes/js/dist/blob.min.js
wp-includes/js/dist/block-directory.js
wp-includes/js/dist/block-directory.min.js
wp-includes/js/dist/block-editor.js
wp-includes/js/dist/block-editor.min.js
wp-includes/js/dist/block-library.js
wp-includes/js/dist/block-library.min.js
wp-includes/js/dist/block-serialization-default-parser.js
wp-includes/js/dist/block-serialization-default-parser.min.js
wp-includes/js/dist/blocks.js
wp-includes/js/dist/blocks.min.js
wp-includes/js/dist/commands.js
wp-includes/js/dist/commands.min.js
wp-includes/js/dist/components.js
wp-includes/js/dist/components.min.js
wp-includes/js/dist/compose.js
wp-includes/js/dist/compose.min.js
wp-includes/js/dist/core-commands.js
wp-includes/js/dist/core-commands.min.js
wp-includes/js/dist/core-data.js
wp-includes/js/dist/core-data.min.js
wp-includes/js/dist/customize-widgets.js
wp-includes/js/dist/customize-widgets.min.js
wp-includes/js/dist/data-controls.js
wp-includes/js/dist/data-controls.min.js
wp-includes/js/dist/data.js
wp-includes/js/dist/data.min.js
wp-includes/js/dist/date.js
wp-includes/js/dist/date.min.js
wp-includes/js/dist/deprecated.js
wp-includes/js/dist/deprecated.min.js
wp-includes/js/dist/development/react-refresh-entry.js
wp-includes/js/dist/development/react-refresh-entry.min.js
wp-includes/js/dist/development/react-refresh-runtime.js
wp-includes/js/dist/development/react-refresh-runtime.min.js
wp-includes/js/dist/dom-ready.js
wp-includes/js/dist/dom-ready.min.js
wp-includes/js/dist/dom.js
wp-includes/js/dist/dom.min.js
wp-includes/js/dist/edit-post.js
wp-includes/js/dist/edit-post.min.js
wp-includes/js/dist/edit-site.js
wp-includes/js/dist/edit-site.min.js
wp-includes/js/dist/edit-widgets.js
wp-includes/js/dist/edit-widgets.min.js
wp-includes/js/dist/editor.js
wp-includes/js/dist/editor.min.js
wp-includes/js/dist/element.js
wp-includes/js/dist/element.min.js
wp-includes/js/dist/escape-html.js
wp-includes/js/dist/escape-html.min.js
wp-includes/js/dist/format-library.js
wp-includes/js/dist/format-library.min.js
wp-includes/js/dist/hooks.js
wp-includes/js/dist/hooks.min.js
wp-includes/js/dist/html-entities.js
wp-includes/js/dist/html-entities.min.js
wp-includes/js/dist/i18n.js
wp-includes/js/dist/i18n.min.js
wp-includes/js/dist/is-shallow-equal.js
wp-includes/js/dist/is-shallow-equal.min.js
wp-includes/js/dist/keyboard-shortcuts.js
wp-includes/js/dist/keyboard-shortcuts.min.js
wp-includes/js/dist/keycodes.js
wp-includes/js/dist/keycodes.min.js
wp-includes/js/dist/list-reusable-blocks.js
wp-includes/js/dist/list-reusable-blocks.min.js
wp-includes/js/dist/media-utils.js
wp-includes/js/dist/media-utils.min.js
wp-includes/js/dist/notices.js
wp-includes/js/dist/notices.min.js
wp-includes/js/dist/nux.js
wp-includes/js/dist/nux.min.js
wp-includes/js/dist/patterns.js
wp-includes/js/dist/patterns.min.js
wp-includes/js/dist/plugins.js
wp-includes/js/dist/plugins.min.js
wp-includes/js/dist/preferences-persistence.js
wp-includes/js/dist/preferences-persistence.min.js
wp-includes/js/dist/preferences.js
wp-includes/js/dist/preferences.min.js
wp-includes/js/dist/primitives.js
wp-includes/js/dist/primitives.min.js
wp-includes/js/dist/priority-queue.js
wp-includes/js/dist/priority-queue.min.js
wp-includes/js/dist/private-apis.js
wp-includes/js/dist/private-apis.min.js
wp-includes/js/dist/redux-routine.js
wp-includes/js/dist/redux-routine.min.js
wp-includes/js/dist/reusable-blocks.js
wp-includes/js/dist/reusable-blocks.min.js
wp-includes/js/dist/rich-text.js
wp-includes/js/dist/rich-text.min.js
wp-includes/js/dist/router.js
wp-includes/js/dist/router.min.js
wp-includes/js/dist/script-modules/a11y/index.js
wp-includes/js/dist/script-modules/a11y/index.min.js
wp-includes/js/dist/script-modules/block-library/file/view.js
wp-includes/js/dist/script-modules/block-library/file/view.min.js
wp-includes/js/dist/script-modules/block-library/form/view.js
wp-includes/js/dist/script-modules/block-library/form/view.min.js
wp-includes/js/dist/script-modules/block-library/image/view.js
wp-includes/js/dist/script-modules/block-library/image/view.min.js
wp-includes/js/dist/script-modules/block-library/navigation/view.js
wp-includes/js/dist/script-modules/block-library/navigation/view.min.js
wp-includes/js/dist/script-modules/block-library/query/view.js
wp-includes/js/dist/script-modules/block-library/query/view.min.js
wp-includes/js/dist/script-modules/block-library/search/view.js
wp-includes/js/dist/script-modules/block-library/search/view.min.js
wp-includes/js/dist/script-modules/interactivity-router/index.js
wp-includes/js/dist/script-modules/interactivity-router/index.min.js
wp-includes/js/dist/script-modules/interactivity/debug.js
wp-includes/js/dist/script-modules/interactivity/debug.min.js
wp-includes/js/dist/script-modules/interactivity/index.js
wp-includes/js/dist/script-modules/interactivity/index.min.js
wp-includes/js/dist/server-side-render.js
wp-includes/js/dist/server-side-render.min.js
wp-includes/js/dist/shortcode.js
wp-includes/js/dist/shortcode.min.js
wp-includes/js/dist/style-engine.js
wp-includes/js/dist/style-engine.min.js
wp-includes/js/dist/token-list.js
wp-includes/js/dist/token-list.min.js
wp-includes/js/dist/url.js
wp-includes/js/dist/url.min.js
wp-includes/js/dist/vendor/lodash.js
wp-includes/js/dist/vendor/lodash.min.js
wp-includes/js/dist/vendor/moment.js
wp-includes/js/dist/vendor/moment.min.js
wp-includes/js/dist/vendor/react-dom.js
wp-includes/js/dist/vendor/react-dom.min.js
wp-includes/js/dist/vendor/react-jsx-runtime.js
wp-includes/js/dist/vendor/react-jsx-runtime.min.js
wp-includes/js/dist/vendor/react-jsx-runtime.min.js.LICENSE.txt
wp-includes/js/dist/vendor/react.js
wp-includes/js/dist/vendor/react.min.js
wp-includes/js/dist/vendor/regenerator-runtime.js
wp-includes/js/dist/vendor/regenerator-runtime.min.js
wp-includes/js/dist/vendor/wp-polyfill-dom-rect.js
wp-includes/js/dist/vendor/wp-polyfill-dom-rect.min.js
wp-includes/js/dist/vendor/wp-polyfill-element-closest.js
wp-includes/js/dist/vendor/wp-polyfill-element-closest.min.js
wp-includes/js/dist/vendor/wp-polyfill-fetch.js
wp-includes/js/dist/vendor/wp-polyfill-fetch.min.js
wp-includes/js/dist/vendor/wp-polyfill-formdata.js
wp-includes/js/dist/vendor/wp-polyfill-formdata.min.js
wp-includes/js/dist/vendor/wp-polyfill-inert.js
wp-includes/js/dist/vendor/wp-polyfill-inert.min.js
wp-includes/js/dist/vendor/wp-polyfill-node-contains.js
wp-includes/js/dist/vendor/wp-polyfill-node-contains.min.js
wp-includes/js/dist/vendor/wp-polyfill-object-fit.js
wp-includes/js/dist/vendor/wp-polyfill-object-fit.min.js
wp-includes/js/dist/vendor/wp-polyfill-url.js
wp-includes/js/dist/vendor/wp-polyfill-url.min.js
wp-includes/js/dist/vendor/wp-polyfill.js
wp-includes/js/dist/vendor/wp-polyfill.min.js
wp-includes/js/dist/viewport.js
wp-includes/js/dist/viewport.min.js
wp-includes/js/dist/warning.js
wp-includes/js/dist/warning.min.js
wp-includes/js/dist/widgets.js
wp-includes/js/dist/widgets.min.js
wp-includes/js/dist/wordcount.js
wp-includes/js/dist/wordcount.min.js
wp-includes/js/heartbeat.js
wp-includes/js/heartbeat.min.js
wp-includes/js/hoverIntent.js
wp-includes/js/hoverIntent.min.js
wp-includes/js/hoverintent-js.min.js
wp-includes/js/imagesloaded.min.js
wp-includes/js/imgareaselect/border-anim-h.gif
wp-includes/js/imgareaselect/border-anim-v.gif
wp-includes/js/imgareaselect/imgareaselect.css
wp-includes/js/imgareaselect/jquery.imgareaselect.js
wp-includes/js/imgareaselect/jquery.imgareaselect.min.js
wp-includes/js/jcrop/Jcrop.gif
wp-includes/js/jcrop/jquery.Jcrop.min.css
wp-includes/js/jcrop/jquery.Jcrop.min.js
wp-includes/js/jquery/jquery-migrate.js
wp-includes/js/jquery/jquery-migrate.min.js
wp-includes/js/jquery/jquery.color.min.js
wp-includes/js/jquery/jquery.form.js
wp-includes/js/jquery/jquery.form.min.js
wp-includes/js/jquery/jquery.hotkeys.js
wp-includes/js/jquery/jquery.hotkeys.min.js
wp-includes/js/jquery/jquery.js
wp-includes/js/jquery/jquery.masonry.min.js
wp-includes/js/jquery/jquery.min.js
wp-includes/js/jquery/jquery.query.js
wp-includes/js/jquery/jquery.schedule.js
wp-includes/js/jquery/jquery.serialize-object.js
wp-includes/js/jquery/jquery.table-hotkeys.js
wp-includes/js/jquery/jquery.table-hotkeys.min.js
wp-includes/js/jquery/jquery.ui.touch-punch.js
wp-includes/js/jquery/suggest.js
wp-includes/js/jquery/suggest.min.js
wp-includes/js/jquery/ui/accordion.js
wp-includes/js/jquery/ui/accordion.min.js
wp-includes/js/jquery/ui/autocomplete.js
wp-includes/js/jquery/ui/autocomplete.min.js
wp-includes/js/jquery/ui/button.js
wp-includes/js/jquery/ui/button.min.js
wp-includes/js/jquery/ui/checkboxradio.js
wp-includes/js/jquery/ui/checkboxradio.min.js
wp-includes/js/jquery/ui/controlgroup.js
wp-includes/js/jquery/ui/controlgroup.min.js
wp-includes/js/jquery/ui/core.js
wp-includes/js/jquery/ui/core.min.js
wp-includes/js/jquery/ui/datepicker.js
wp-includes/js/jquery/ui/datepicker.min.js
wp-includes/js/jquery/ui/dialog.js
wp-includes/js/jquery/ui/dialog.min.js
wp-includes/js/jquery/ui/draggable.js
wp-includes/js/jquery/ui/draggable.min.js
wp-includes/js/jquery/ui/droppable.js
wp-includes/js/jquery/ui/droppable.min.js
wp-includes/js/jquery/ui/effect-blind.js
wp-includes/js/jquery/ui/effect-blind.min.js
wp-includes/js/jquery/ui/effect-bounce.js
wp-includes/js/jquery/ui/effect-bounce.min.js
wp-includes/js/jquery/ui/effect-clip.js
wp-includes/js/jquery/ui/effect-clip.min.js
wp-includes/js/jquery/ui/effect-drop.js
wp-includes/js/jquery/ui/effect-drop.min.js
wp-includes/js/jquery/ui/effect-explode.js
wp-includes/js/jquery/ui/effect-explode.min.js
wp-includes/js/jquery/ui/effect-fade.js
wp-includes/js/jquery/ui/effect-fade.min.js
wp-includes/js/jquery/ui/effect-fold.js
wp-includes/js/jquery/ui/effect-fold.min.js
wp-includes/js/jquery/ui/effect-highlight.js
wp-includes/js/jquery/ui/effect-highlight.min.js
wp-includes/js/jquery/ui/effect-puff.js
wp-includes/js/jquery/ui/effect-puff.min.js
wp-includes/js/jquery/ui/effect-pulsate.js
wp-includes/js/jquery/ui/effect-pulsate.min.js
wp-includes/js/jquery/ui/effect-scale.js
wp-includes/js/jquery/ui/effect-scale.min.js
wp-includes/js/jquery/ui/effect-shake.js
wp-includes/js/jquery/ui/effect-shake.min.js
wp-includes/js/jquery/ui/effect-size.js
wp-includes/js/jquery/ui/effect-size.min.js
wp-includes/js/jquery/ui/effect-slide.js
wp-includes/js/jquery/ui/effect-slide.min.js
wp-includes/js/jquery/ui/effect-transfer.js
wp-includes/js/jquery/ui/effect-transfer.min.js
wp-includes/js/jquery/ui/effect.js
wp-includes/js/jquery/ui/effect.min.js
wp-includes/js/jquery/ui/menu.js
wp-includes/js/jquery/ui/menu.min.js
wp-includes/js/jquery/ui/mouse.js
wp-includes/js/jquery/ui/mouse.min.js
wp-includes/js/jquery/ui/progressbar.js
wp-includes/js/jquery/ui/progressbar.min.js
wp-includes/js/jquery/ui/resizable.js
wp-includes/js/jquery/ui/resizable.min.js
wp-includes/js/jquery/ui/selectable.js
wp-includes/js/jquery/ui/selectable.min.js
wp-includes/js/jquery/ui/selectmenu.js
wp-includes/js/jquery/ui/selectmenu.min.js
wp-includes/js/jquery/ui/slider.js
wp-includes/js/jquery/ui/slider.min.js
wp-includes/js/jquery/ui/sortable.js
wp-includes/js/jquery/ui/sortable.min.js
wp-includes/js/jquery/ui/spinner.js
wp-includes/js/jquery/ui/spinner.min.js
wp-includes/js/jquery/ui/tabs.js
wp-includes/js/jquery/ui/tabs.min.js
wp-includes/js/jquery/ui/tooltip.js
wp-includes/js/jquery/ui/tooltip.min.js
wp-includes/js/json2.js
wp-includes/js/json2.min.js
wp-includes/js/masonry.min.js
wp-includes/js/mce-view.js
wp-includes/js/mce-view.min.js
wp-includes/js/media-audiovideo.js
wp-includes/js/media-audiovideo.min.js
wp-includes/js/media-editor.js
wp-includes/js/media-editor.min.js
wp-includes/js/media-grid.js
wp-includes/js/media-grid.min.js
wp-includes/js/media-models.js
wp-includes/js/media-models.min.js
wp-includes/js/media-views.js
wp-includes/js/media-views.min.js
wp-includes/js/mediaelement/mediaelement-and-player.js
wp-includes/js/mediaelement/mediaelement-and-player.min.js
wp-includes/js/mediaelement/mediaelement-migrate.js
wp-includes/js/mediaelement/mediaelement-migrate.min.js
wp-includes/js/mediaelement/mediaelement.js
wp-includes/js/mediaelement/mediaelement.min.js
wp-includes/js/mediaelement/mediaelementplayer-legacy.css
wp-includes/js/mediaelement/mediaelementplayer-legacy.min.css
wp-includes/js/mediaelement/mediaelementplayer.css
wp-includes/js/mediaelement/mediaelementplayer.min.css
wp-includes/js/mediaelement/mejs-controls.png
wp-includes/js/mediaelement/mejs-controls.svg
wp-includes/js/mediaelement/renderers/vimeo.js
wp-includes/js/mediaelement/renderers/vimeo.min.js
wp-includes/js/mediaelement/wp-mediaelement.css
wp-includes/js/mediaelement/wp-mediaelement.js
wp-includes/js/mediaelement/wp-mediaelement.min.css
wp-includes/js/mediaelement/wp-mediaelement.min.js
wp-includes/js/mediaelement/wp-playlist.js
wp-includes/js/mediaelement/wp-playlist.min.js
wp-includes/js/plupload/handlers.js
wp-includes/js/plupload/handlers.min.js
wp-includes/js/plupload/license.txt
wp-includes/js/plupload/moxie.js
wp-includes/js/plupload/moxie.min.js
wp-includes/js/plupload/plupload.js
wp-includes/js/plupload/plupload.min.js
wp-includes/js/plupload/wp-plupload.js
wp-includes/js/plupload/wp-plupload.min.js
wp-includes/js/quicktags.js
wp-includes/js/quicktags.min.js
wp-includes/js/shortcode.js
wp-includes/js/shortcode.min.js
wp-includes/js/swfobject.js
wp-includes/js/swfupload/handlers.js
wp-includes/js/swfupload/handlers.min.js
wp-includes/js/swfupload/license.txt
wp-includes/js/swfupload/swfupload.js
wp-includes/js/thickbox/loadingAnimation.gif
wp-includes/js/thickbox/macFFBgHack.png
wp-includes/js/thickbox/thickbox.css
wp-includes/js/thickbox/thickbox.js
wp-includes/js/tinymce/langs/wp-langs-en.js
wp-includes/js/tinymce/license.txt
wp-includes/js/tinymce/plugins/charmap/plugin.js
wp-includes/js/tinymce/plugins/charmap/plugin.min.js
wp-includes/js/tinymce/plugins/colorpicker/plugin.js
wp-includes/js/tinymce/plugins/colorpicker/plugin.min.js
wp-includes/js/tinymce/plugins/compat3x/css/dialog.css
wp-includes/js/tinymce/plugins/compat3x/plugin.js
wp-includes/js/tinymce/plugins/compat3x/plugin.min.js
wp-includes/js/tinymce/plugins/directionality/plugin.js
wp-includes/js/tinymce/plugins/directionality/plugin.min.js
wp-includes/js/tinymce/plugins/fullscreen/plugin.js
wp-includes/js/tinymce/plugins/fullscreen/plugin.min.js
wp-includes/js/tinymce/plugins/hr/plugin.js
wp-includes/js/tinymce/plugins/hr/plugin.min.js
wp-includes/js/tinymce/plugins/image/plugin.js
wp-includes/js/tinymce/plugins/image/plugin.min.js
wp-includes/js/tinymce/plugins/link/plugin.js
wp-includes/js/tinymce/plugins/link/plugin.min.js
wp-includes/js/tinymce/plugins/lists/plugin.js
wp-includes/js/tinymce/plugins/lists/plugin.min.js
wp-includes/js/tinymce/plugins/media/plugin.js
wp-includes/js/tinymce/plugins/media/plugin.min.js
wp-includes/js/tinymce/plugins/paste/plugin.js
wp-includes/js/tinymce/plugins/paste/plugin.min.js
wp-includes/js/tinymce/plugins/tabfocus/plugin.js
wp-includes/js/tinymce/plugins/tabfocus/plugin.min.js
wp-includes/js/tinymce/plugins/textcolor/plugin.js
wp-includes/js/tinymce/plugins/textcolor/plugin.min.js
wp-includes/js/tinymce/plugins/wordpress/plugin.js
wp-includes/js/tinymce/plugins/wordpress/plugin.min.js
wp-includes/js/tinymce/plugins/wpautoresize/plugin.js
wp-includes/js/tinymce/plugins/wpautoresize/plugin.min.js
wp-includes/js/tinymce/plugins/wpdialogs/plugin.js
wp-includes/js/tinymce/plugins/wpdialogs/plugin.min.js
wp-includes/js/tinymce/plugins/wpeditimage/plugin.js
wp-includes/js/tinymce/plugins/wpeditimage/plugin.min.js
wp-includes/js/tinymce/plugins/wpemoji/plugin.js
wp-includes/js/tinymce/plugins/wpemoji/plugin.min.js
wp-includes/js/tinymce/plugins/wpgallery/plugin.js
wp-includes/js/tinymce/plugins/wpgallery/plugin.min.js
wp-includes/js/tinymce/plugins/wplink/plugin.js
wp-includes/js/tinymce/plugins/wplink/plugin.min.js
wp-includes/js/tinymce/plugins/wptextpattern/plugin.js
wp-includes/js/tinymce/plugins/wptextpattern/plugin.min.js
wp-includes/js/tinymce/plugins/wpview/plugin.js
wp-includes/js/tinymce/plugins/wpview/plugin.min.js
wp-includes/js/tinymce/skins/lightgray/content.inline.min.css
wp-includes/js/tinymce/skins/lightgray/content.min.css
wp-includes/js/tinymce/skins/lightgray/fonts/tinymce-small.eot
wp-includes/js/tinymce/skins/lightgray/fonts/tinymce-small.svg
wp-includes/js/tinymce/skins/lightgray/fonts/tinymce-small.ttf
wp-includes/js/tinymce/skins/lightgray/fonts/tinymce-small.woff
wp-includes/js/tinymce/skins/lightgray/fonts/tinymce.eot
wp-includes/js/tinymce/skins/lightgray/fonts/tinymce.svg
wp-includes/js/tinymce/skins/lightgray/fonts/tinymce.ttf
wp-includes/js/tinymce/skins/lightgray/fonts/tinymce.woff
wp-includes/js/tinymce/skins/lightgray/img/anchor.gif
wp-includes/js/tinymce/skins/lightgray/img/loader.gif
wp-includes/js/tinymce/skins/lightgray/img/object.gif
wp-includes/js/tinymce/skins/lightgray/img/trans.gif
wp-includes/js/tinymce/skins/lightgray/skin.min.css
wp-includes/js/tinymce/skins/wordpress/images/audio.png
wp-includes/js/tinymce/skins/wordpress/images/dashicon-edit.png
wp-includes/js/tinymce/skins/wordpress/images/dashicon-no.png
wp-includes/js/tinymce/skins/wordpress/images/embedded.png
wp-includes/js/tinymce/skins/wordpress/images/gallery-2x.png
wp-includes/js/tinymce/skins/wordpress/images/gallery.png
wp-includes/js/tinymce/skins/wordpress/images/more-2x.png
wp-includes/js/tinymce/skins/wordpress/images/more.png
wp-includes/js/tinymce/skins/wordpress/images/pagebreak-2x.png
wp-includes/js/tinymce/skins/wordpress/images/pagebreak.png
wp-includes/js/tinymce/skins/wordpress/images/playlist-audio.png
wp-includes/js/tinymce/skins/wordpress/images/playlist-video.png
wp-includes/js/tinymce/skins/wordpress/images/script.svg
wp-includes/js/tinymce/skins/wordpress/images/style.svg
wp-includes/js/tinymce/skins/wordpress/images/video.png
wp-includes/js/tinymce/skins/wordpress/wp-content.css
wp-includes/js/tinymce/themes/inlite/theme.js
wp-includes/js/tinymce/themes/inlite/theme.min.js
wp-includes/js/tinymce/themes/modern/theme.js
wp-includes/js/tinymce/themes/modern/theme.min.js
wp-includes/js/tinymce/tiny_mce_popup.js
wp-includes/js/tinymce/tinymce.min.js
wp-includes/js/tinymce/utils/editable_selects.js
wp-includes/js/tinymce/utils/form_utils.js
wp-includes/js/tinymce/utils/mctabs.js
wp-includes/js/tinymce/utils/validate.js
wp-includes/js/tinymce/wp-tinymce.js
wp-includes/js/tinymce/wp-tinymce.php
wp-includes/js/tw-sack.js
wp-includes/js/tw-sack.min.js
wp-includes/js/twemoji.js
wp-includes/js/twemoji.min.js
wp-includes/js/underscore.js
wp-includes/js/underscore.min.js
wp-includes/js/utils.js
wp-includes/js/utils.min.js
wp-includes/js/wp-ajax-response.js
wp-includes/js/wp-ajax-response.min.js
wp-includes/js/wp-api.js
wp-includes/js/wp-api.min.js
wp-includes/js/wp-auth-check.js
wp-includes/js/wp-auth-check.min.js
wp-includes/js/wp-backbone.js
wp-includes/js/wp-backbone.min.js
wp-includes/js/wp-custom-header.js
wp-includes/js/wp-custom-header.min.js
wp-includes/js/wp-embed-template.js
wp-includes/js/wp-embed-template.min.js
wp-includes/js/wp-embed.js
wp-includes/js/wp-embed.min.js
wp-includes/js/wp-emoji-loader.js
wp-includes/js/wp-emoji-loader.min.js
wp-includes/js/wp-emoji-release.min.js
wp-includes/js/wp-emoji.js
wp-includes/js/wp-emoji.min.js
wp-includes/js/wp-list-revisions.js
wp-includes/js/wp-list-revisions.min.js
wp-includes/js/wp-lists.js
wp-includes/js/wp-lists.min.js
wp-includes/js/wp-pointer.js
wp-includes/js/wp-pointer.min.js
wp-includes/js/wp-sanitize.js
wp-includes/js/wp-sanitize.min.js
wp-includes/js/wp-util.js
wp-includes/js/wp-util.min.js
wp-includes/js/wpdialog.js
wp-includes/js/wpdialog.min.js
wp-includes/js/wplink.js
wp-includes/js/wplink.min.js
wp-includes/js/zxcvbn-async.js
wp-includes/js/zxcvbn-async.min.js
wp-includes/js/zxcvbn.min.js
wp-includes/kses.php
wp-includes/l10n.php
wp-includes/l10n/class-wp-translation-controller.php
wp-includes/l10n/class-wp-translation-file-mo.php
wp-includes/l10n/class-wp-translation-file-php.php
wp-includes/l10n/class-wp-translation-file.php
wp-includes/l10n/class-wp-translations.php
wp-includes/link-template.php
wp-includes/load.php
wp-includes/locale.php
wp-includes/media-template.php
wp-includes/media.php
wp-includes/meta.php
wp-includes/ms-blogs.php
wp-includes/ms-default-constants.php
wp-includes/ms-default-filters.php
wp-includes/ms-deprecated.php
wp-includes/ms-files.php
wp-includes/ms-functions.php
wp-includes/ms-load.php
wp-includes/ms-network.php
wp-includes/ms-settings.php
wp-includes/ms-site.php
wp-includes/nav-menu-template.php
wp-includes/nav-menu.php
wp-includes/option.php
wp-includes/php-compat/readonly.php
wp-includes/pluggable-deprecated.php
wp-includes/pluggable.php
wp-includes/plugin.php
wp-includes/pomo/entry.php
wp-includes/pomo/mo.php
wp-includes/pomo/plural-forms.php
wp-includes/pomo/po.php
wp-includes/pomo/streams.php
wp-includes/pomo/translations.php
wp-includes/post-formats.php
wp-includes/post-template.php
wp-includes/post-thumbnail-template.php
wp-includes/post.php
wp-includes/query.php
wp-includes/registration-functions.php
wp-includes/registration.php
wp-includes/rest-api.php
wp-includes/rest-api/class-wp-rest-request.php
wp-includes/rest-api/class-wp-rest-response.php
wp-includes/rest-api/class-wp-rest-server.php
wp-includes/rest-api/endpoints/class-wp-rest-application-passwords-controller.php
wp-includes/rest-api/endpoints/class-wp-rest-attachments-controller.php
wp-includes/rest-api/endpoints/class-wp-rest-autosaves-controller.php
wp-includes/rest-api/endpoints/class-wp-rest-block-directory-controller.php
wp-includes/rest-api/endpoints/class-wp-rest-block-pattern-categories-controller.php
wp-includes/rest-api/endpoints/class-wp-rest-block-patterns-controller.php
wp-includes/rest-api/endpoints/class-wp-rest-block-renderer-controller.php
wp-includes/rest-api/endpoints/class-wp-rest-block-types-controller.php
wp-includes/rest-api/endpoints/class-wp-rest-blocks-controller.php
wp-includes/rest-api/endpoints/class-wp-rest-comments-controller.php
wp-includes/rest-api/endpoints/class-wp-rest-controller.php
wp-includes/rest-api/endpoints/class-wp-rest-edit-site-export-controller.php
wp-includes/rest-api/endpoints/class-wp-rest-font-collections-controller.php
wp-includes/rest-api/endpoints/class-wp-rest-font-faces-controller.php
wp-includes/rest-api/endpoints/class-wp-rest-font-families-controller.php
wp-includes/rest-api/endpoints/class-wp-rest-global-styles-controller.php
wp-includes/rest-api/endpoints/class-wp-rest-global-styles-revisions-controller.php
wp-includes/rest-api/endpoints/class-wp-rest-menu-items-controller.php
wp-includes/rest-api/endpoints/class-wp-rest-menu-locations-controller.php
wp-includes/rest-api/endpoints/class-wp-rest-menus-controller.php
wp-includes/rest-api/endpoints/class-wp-rest-navigation-fallback-controller.php
wp-includes/rest-api/endpoints/class-wp-rest-pattern-directory-controller.php
wp-includes/rest-api/endpoints/class-wp-rest-plugins-controller.php
wp-includes/rest-api/endpoints/class-wp-rest-post-statuses-controller.php
wp-includes/rest-api/endpoints/class-wp-rest-post-types-controller.php
wp-includes/rest-api/endpoints/class-wp-rest-posts-controller.php
wp-includes/rest-api/endpoints/class-wp-rest-revisions-controller.php
wp-includes/rest-api/endpoints/class-wp-rest-search-controller.php
wp-includes/rest-api/endpoints/class-wp-rest-settings-controller.php
wp-includes/rest-api/endpoints/class-wp-rest-sidebars-controller.php
wp-includes/rest-api/endpoints/class-wp-rest-site-health-controller.php
wp-includes/rest-api/endpoints/class-wp-rest-taxonomies-controller.php
wp-includes/rest-api/endpoints/class-wp-rest-template-autosaves-controller.php
wp-includes/rest-api/endpoints/class-wp-rest-template-revisions-controller.php
wp-includes/rest-api/endpoints/class-wp-rest-templates-controller.php
wp-includes/rest-api/endpoints/class-wp-rest-terms-controller.php
wp-includes/rest-api/endpoints/class-wp-rest-themes-controller.php
wp-includes/rest-api/endpoints/class-wp-rest-url-details-controller.php
wp-includes/rest-api/endpoints/class-wp-rest-users-controller.php
wp-includes/rest-api/endpoints/class-wp-rest-widget-types-controller.php
wp-includes/rest-api/endpoints/class-wp-rest-widgets-controller.php
wp-includes/rest-api/fields/class-wp-rest-comment-meta-fields.php
wp-includes/rest-api/fields/class-wp-rest-meta-fields.php
wp-includes/rest-api/fields/class-wp-rest-post-meta-fields.php
wp-includes/rest-api/fields/class-wp-rest-term-meta-fields.php
wp-includes/rest-api/fields/class-wp-rest-user-meta-fields.php
wp-includes/rest-api/search/class-wp-rest-post-format-search-handler.php
wp-includes/rest-api/search/class-wp-rest-post-search-handler.php
wp-includes/rest-api/search/class-wp-rest-search-handler.php
wp-includes/rest-api/search/class-wp-rest-term-search-handler.php
wp-includes/revision.php
wp-includes/rewrite.php
wp-includes/robots-template.php
wp-includes/rss-functions.php
wp-includes/rss.php
wp-includes/script-loader.php
wp-includes/script-modules.php
wp-includes/session.php
wp-includes/shortcodes.php
wp-includes/sitemaps.php
wp-includes/sitemaps/class-wp-sitemaps-index.php
wp-includes/sitemaps/class-wp-sitemaps-provider.php
wp-includes/sitemaps/class-wp-sitemaps-registry.php
wp-includes/sitemaps/class-wp-sitemaps-renderer.php
wp-includes/sitemaps/class-wp-sitemaps-stylesheet.php
wp-includes/sitemaps/class-wp-sitemaps.php
wp-includes/sitemaps/providers/class-wp-sitemaps-posts.php
wp-includes/sitemaps/providers/class-wp-sitemaps-taxonomies.php
wp-includes/sitemaps/providers/class-wp-sitemaps-users.php
wp-includes/sodium_compat/LICENSE
wp-includes/sodium_compat/autoload-php7.php
wp-includes/sodium_compat/autoload.php
wp-includes/sodium_compat/composer.json
wp-includes/sodium_compat/lib/constants.php
wp-includes/sodium_compat/lib/namespaced.php
wp-includes/sodium_compat/lib/php72compat.php
wp-includes/sodium_compat/lib/php72compat_const.php
wp-includes/sodium_compat/lib/php84compat.php
wp-includes/sodium_compat/lib/php84compat_const.php
wp-includes/sodium_compat/lib/ristretto255.php
wp-includes/sodium_compat/lib/sodium_compat.php
wp-includes/sodium_compat/lib/stream-xchacha20.php
wp-includes/sodium_compat/namespaced/Compat.php
wp-includes/sodium_compat/namespaced/Core/BLAKE2b.php
wp-includes/sodium_compat/namespaced/Core/ChaCha20.php
wp-includes/sodium_compat/namespaced/Core/ChaCha20/Ctx.php
wp-includes/sodium_compat/namespaced/Core/ChaCha20/IetfCtx.php
wp-includes/sodium_compat/namespaced/Core/Curve25519.php
wp-includes/sodium_compat/namespaced/Core/Curve25519/Fe.php
wp-includes/sodium_compat/namespaced/Core/Curve25519/Ge/Cached.php
wp-includes/sodium_compat/namespaced/Core/Curve25519/Ge/P1p1.php
wp-includes/sodium_compat/namespaced/Core/Curve25519/Ge/P2.php
wp-includes/sodium_compat/namespaced/Core/Curve25519/Ge/P3.php
wp-includes/sodium_compat/namespaced/Core/Curve25519/Ge/Precomp.php
wp-includes/sodium_compat/namespaced/Core/Curve25519/H.php
wp-includes/sodium_compat/namespaced/Core/Ed25519.php
wp-includes/sodium_compat/namespaced/Core/HChaCha20.php
wp-includes/sodium_compat/namespaced/Core/HSalsa20.php
wp-includes/sodium_compat/namespaced/Core/Poly1305.php
wp-includes/sodium_compat/namespaced/Core/Poly1305/State.php
wp-includes/sodium_compat/namespaced/Core/Salsa20.php
wp-includes/sodium_compat/namespaced/Core/SipHash.php
wp-includes/sodium_compat/namespaced/Core/Util.php
wp-includes/sodium_compat/namespaced/Core/X25519.php
wp-includes/sodium_compat/namespaced/Core/XChaCha20.php
wp-includes/sodium_compat/namespaced/Core/Xsalsa20.php
wp-includes/sodium_compat/namespaced/Crypto.php
wp-includes/sodium_compat/namespaced/File.php
wp-includes/sodium_compat/src/Compat.php
wp-includes/sodium_compat/src/Core/AEGIS/State128L.php
wp-includes/sodium_compat/src/Core/AEGIS/State256.php
wp-includes/sodium_compat/src/Core/AEGIS128L.php
wp-includes/sodium_compat/src/Core/AEGIS256.php
wp-includes/sodium_compat/src/Core/AES.php
wp-includes/sodium_compat/src/Core/AES/Block.php
wp-includes/sodium_compat/src/Core/AES/Expanded.php
wp-includes/sodium_compat/src/Core/AES/KeySchedule.php
wp-includes/sodium_compat/src/Core/BLAKE2b.php
wp-includes/sodium_compat/src/Core/Base64/Original.php
wp-includes/sodium_compat/src/Core/Base64/UrlSafe.php
wp-includes/sodium_compat/src/Core/ChaCha20.php
wp-includes/sodium_compat/src/Core/ChaCha20/Ctx.php
wp-includes/sodium_compat/src/Core/ChaCha20/IetfCtx.php
wp-includes/sodium_compat/src/Core/Curve25519.php
wp-includes/sodium_compat/src/Core/Curve25519/Fe.php
wp-includes/sodium_compat/src/Core/Curve25519/Ge/Cached.php
wp-includes/sodium_compat/src/Core/Curve25519/Ge/P1p1.php
wp-includes/sodium_compat/src/Core/Curve25519/Ge/P2.php
wp-includes/sodium_compat/src/Core/Curve25519/Ge/P3.php
wp-includes/sodium_compat/src/Core/Curve25519/Ge/Precomp.php
wp-includes/sodium_compat/src/Core/Curve25519/H.php
wp-includes/sodium_compat/src/Core/Curve25519/README.md
wp-includes/sodium_compat/src/Core/Ed25519.php
wp-includes/sodium_compat/src/Core/HChaCha20.php
wp-includes/sodium_compat/src/Core/HSalsa20.php
wp-includes/sodium_compat/src/Core/Poly1305.php
wp-includes/sodium_compat/src/Core/Poly1305/State.php
wp-includes/sodium_compat/src/Core/Ristretto255.php
wp-includes/sodium_compat/src/Core/Salsa20.php
wp-includes/sodium_compat/src/Core/SecretStream/State.php
wp-includes/sodium_compat/src/Core/SipHash.php
wp-includes/sodium_compat/src/Core/Util.php
wp-includes/sodium_compat/src/Core/X25519.php
wp-includes/sodium_compat/src/Core/XChaCha20.php
wp-includes/sodium_compat/src/Core/XSalsa20.php
wp-includes/sodium_compat/src/Core32/BLAKE2b.php
wp-includes/sodium_compat/src/Core32/ChaCha20.php
wp-includes/sodium_compat/src/Core32/ChaCha20/Ctx.php
wp-includes/sodium_compat/src/Core32/ChaCha20/IetfCtx.php
wp-includes/sodium_compat/src/Core32/Curve25519.php
wp-includes/sodium_compat/src/Core32/Curve25519/Fe.php
wp-includes/sodium_compat/src/Core32/Curve25519/Ge/Cached.php
wp-includes/sodium_compat/src/Core32/Curve25519/Ge/P1p1.php
wp-includes/sodium_compat/src/Core32/Curve25519/Ge/P2.php
wp-includes/sodium_compat/src/Core32/Curve25519/Ge/P3.php
wp-includes/sodium_compat/src/Core32/Curve25519/Ge/Precomp.php
wp-includes/sodium_compat/src/Core32/Curve25519/H.php
wp-includes/sodium_compat/src/Core32/Curve25519/README.md
wp-includes/sodium_compat/src/Core32/Ed25519.php
wp-includes/sodium_compat/src/Core32/HChaCha20.php
wp-includes/sodium_compat/src/Core32/HSalsa20.php
wp-includes/sodium_compat/src/Core32/Int32.php
wp-includes/sodium_compat/src/Core32/Int64.php
wp-includes/sodium_compat/src/Core32/Poly1305.php
wp-includes/sodium_compat/src/Core32/Poly1305/State.php
wp-includes/sodium_compat/src/Core32/Salsa20.php
wp-includes/sodium_compat/src/Core32/SecretStream/State.php
wp-includes/sodium_compat/src/Core32/SipHash.php
wp-includes/sodium_compat/src/Core32/Util.php
wp-includes/sodium_compat/src/Core32/X25519.php
wp-includes/sodium_compat/src/Core32/XChaCha20.php
wp-includes/sodium_compat/src/Core32/XSalsa20.php
wp-includes/sodium_compat/src/Crypto.php
wp-includes/sodium_compat/src/Crypto32.php
wp-includes/sodium_compat/src/File.php
wp-includes/sodium_compat/src/PHP52/SplFixedArray.php
wp-includes/sodium_compat/src/SodiumException.php
wp-includes/speculative-loading.php
wp-includes/spl-autoload-compat.php
wp-includes/style-engine.php
wp-includes/style-engine/class-wp-style-engine-css-declarations.php
wp-includes/style-engine/class-wp-style-engine-css-rule.php
wp-includes/style-engine/class-wp-style-engine-css-rules-store.php
wp-includes/style-engine/class-wp-style-engine-processor.php
wp-includes/style-engine/class-wp-style-engine.php
wp-includes/taxonomy.php
wp-includes/template-canvas.php
wp-includes/template-loader.php
wp-includes/template.php
wp-includes/theme-compat/comments.php
wp-includes/theme-compat/embed-404.php
wp-includes/theme-compat/embed-content.php
wp-includes/theme-compat/embed.php
wp-includes/theme-compat/footer-embed.php
wp-includes/theme-compat/footer.php
wp-includes/theme-compat/header-embed.php
wp-includes/theme-compat/header.php
wp-includes/theme-compat/sidebar.php
wp-includes/theme-i18n.json
wp-includes/theme-previews.php
wp-includes/theme-templates.php
wp-includes/theme.json
wp-includes/theme.php
wp-includes/update.php
wp-includes/user.php
wp-includes/vars.php
wp-includes/version.php
wp-includes/widgets.php
wp-includes/widgets/class-wp-nav-menu-widget.php
wp-includes/widgets/class-wp-widget-archives.php
wp-includes/widgets/class-wp-widget-block.php
wp-includes/widgets/class-wp-widget-calendar.php
wp-includes/widgets/class-wp-widget-categories.php
wp-includes/widgets/class-wp-widget-custom-html.php
wp-includes/widgets/class-wp-widget-links.php
wp-includes/widgets/class-wp-widget-media-audio.php
wp-includes/widgets/class-wp-widget-media-gallery.php
wp-includes/widgets/class-wp-widget-media-image.php
wp-includes/widgets/class-wp-widget-media-video.php
wp-includes/widgets/class-wp-widget-media.php
wp-includes/widgets/class-wp-widget-meta.php
wp-includes/widgets/class-wp-widget-pages.php
wp-includes/widgets/class-wp-widget-recent-comments.php
wp-includes/widgets/class-wp-widget-recent-posts.php
wp-includes/widgets/class-wp-widget-rss.php
wp-includes/widgets/class-wp-widget-search.php
wp-includes/widgets/class-wp-widget-tag-cloud.php
wp-includes/widgets/class-wp-widget-text.php
wp-includes/wp-db.php
wp-includes/wp-diff.php
wp-links-opml.php
wp-load.php
wp-login.php
wp-mail.php
wp-settings.php
wp-signup.php
wp-trackback.php
xmlrpc.php
